{"type":"FeatureCollection","name":"limite_bacia","crs":{"type":"name","properties":{"name":"urn:ogc:def:crs:OGC:1.3:CRS84"}},"xy_coordinate_resolution":1e-06,"features":[{"type":"Feature","properties":{"nome":"Bacia hidrográfica do rio Mearim","bacia":"Bacia Hidrográfica do Rio Mearim","area_km2":99121.2},"geometry":{"type":"Polygon","coordinates":[[[-44.688273,-2.671521,0.0],[-44.679345,-2.679059,0.0],[-44.673275,-2.678339,0.0],[-44.668635,-2.675466,0.0],[-44.663636,-2.675464,0.0],[-44.657566,-2.677976,0.0],[-44.64971,-2.679769,0.0],[-44.64471,-2.684076,0.0],[-44.636495,-2.694845,0.0],[-44.623695,-2.700331,0.0],[-44.626265,-2.701553,0.0],[-44.627121,-2.703205,0.0],[-44.627334,-2.709093,0.0],[-44.626976,-2.712971,0.0],[-44.62483,-2.722234,0.0],[-44.624683,-2.73717,0.0],[-44.62611,-2.742197,0.0],[-44.635458,-2.763169,0.0],[-44.635672,-2.76518,0.0],[-44.637599,-2.767047,0.0],[-44.639027,-2.770782,0.0],[-44.641168,-2.773224,0.0],[-44.643095,-2.777461,0.0],[-44.645737,-2.780047,0.0],[-44.64695,-2.782202,0.0],[-44.646948,-2.788665,0.0],[-44.648804,-2.793692,0.0],[-44.649443,-2.804248,0.0],[-44.651228,-2.806331,0.0],[-44.651012,-2.810855,0.0],[-44.646297,-2.817317,0.0],[-44.640865,-2.830097,0.0],[-44.637864,-2.835985,0.0],[-44.635721,-2.838857,0.0],[-44.634648,-2.842662,0.0],[-44.634575,-2.84891,0.0],[-44.6355,-2.860256,0.0],[-44.638997,-2.8683,0.0],[-44.645921,-2.879289,0.0],[-44.649347,-2.887404,0.0],[-44.654273,-2.894156,0.0],[-44.658343,-2.896168,0.0],[-44.661413,-2.898611,0.0],[-44.670411,-2.90285,0.0],[-44.674196,-2.905939,0.0],[-44.679622,-2.913193,0.0],[-44.68112,-2.91822,0.0],[-44.68169,-2.923535,0.0],[-44.682043,-2.940697,0.0],[-44.681685,-2.943498,0.0],[-44.678396,-2.953119,0.0],[-44.677681,-2.956782,0.0],[-44.677823,-2.960947,0.0],[-44.679892,-2.967338,0.0],[-44.680819,-2.973155,0.0],[-44.681174,-2.981557,0.0],[-44.676895,-3.000256,0.0],[-44.674959,-3.004145,0.0],[-44.667395,-3.013263,0.0],[-44.663679,-3.016469,0.0],[-44.65744,-3.020249,0.0],[-44.651653,-3.022837,0.0],[-44.639033,-3.026303,0.0],[-44.629628,-3.027318,0.0],[-44.621889,-3.029469,0.0],[-44.61534,-3.032698,0.0],[-44.613256,-3.034074,0.0],[-44.611112,-3.036527,0.0],[-44.610635,-3.038202,0.0],[-44.612716,-3.045144,0.0],[-44.620391,-3.057115,0.0],[-44.624794,-3.061425,0.0],[-44.632828,-3.067652,0.0],[-44.649552,-3.079087,0.0],[-44.661751,-3.0907,0.0],[-44.665381,-3.09501,0.0],[-44.672819,-3.106741,0.0],[-44.683317,-3.127507,0.0],[-44.691159,-3.140249,0.0],[-44.708657,-3.154359,0.0],[-44.723139,-3.162856,0.0],[-44.734292,-3.177584,0.0],[-44.742031,-3.178334,0.0],[-44.762571,-3.17789,0.0],[-44.767333,-3.178489,0.0],[-44.770756,-3.179687,0.0],[-44.776411,-3.182979,0.0],[-44.789061,-3.192706,0.0],[-44.802156,-3.206622,0.0],[-44.803197,-3.210811,0.0],[-44.803492,-3.221134,0.0],[-44.801258,-3.229661,0.0],[-44.801405,-3.241929,0.0],[-44.80066,-3.246267,0.0],[-44.798426,-3.251653,0.0],[-44.796341,-3.255991,0.0],[-44.788897,-3.265414,0.0],[-44.77788,-3.273341,0.0],[-44.774455,-3.279773,0.0],[-44.75803,-3.295592,0.0],[-44.757387,-3.297483,0.0],[-44.757367,-3.30368,0.0],[-44.761401,-3.304911,0.0],[-44.76807,-3.304918,0.0],[-44.776758,-3.301907,0.0],[-44.786576,-3.29741,0.0],[-44.791351,-3.290381,0.0],[-44.792686,-3.283152,0.0],[-44.793736,-3.271471,0.0],[-44.795833,-3.266972,0.0],[-44.798263,-3.264004,0.0],[-44.801502,-3.26142,0.0],[-44.805218,-3.259601,0.0],[-44.809695,-3.258405,0.0],[-44.816792,-3.259364,0.0],[-44.819745,-3.260753,0.0],[-44.822936,-3.26444,0.0],[-44.823649,-3.27028,0.0],[-44.822695,-3.278323,0.0],[-44.8236,-3.28043,0.0],[-44.833506,-3.284979,0.0],[-44.840391,-3.291595,0.0],[-44.844352,-3.290867,0.0],[-44.850321,-3.295592,0.0],[-44.851684,-3.296022,0.0],[-44.85232,-3.29585,0.0],[-44.851463,-3.291062,0.0],[-44.846758,-3.284797,0.0],[-44.83991,-3.280834,0.0],[-44.839182,-3.279629,0.0],[-44.839239,-3.27746,0.0],[-44.841238,-3.276372,0.0],[-44.842767,-3.276342,0.0],[-44.84773,-3.277337,0.0],[-44.85037,-3.274641,0.0],[-44.855705,-3.272919,0.0],[-44.856848,-3.270381,0.0],[-44.862041,-3.263536,0.0],[-44.865376,-3.261095,0.0],[-44.870806,-3.258367,0.0],[-44.87414,-3.257937,0.0],[-44.876569,-3.258559,0.0],[-44.879141,-3.260905,0.0],[-44.879665,-3.261719,0.0],[-44.879093,-3.26507,0.0],[-44.877712,-3.266746,0.0],[-44.87202,-3.270415,0.0],[-44.87113,-3.272284,0.0],[-44.871493,-3.27402,0.0],[-44.873213,-3.274929,0.0],[-44.873878,-3.276819,0.0],[-44.872321,-3.277841,0.0],[-44.870715,-3.277416,0.0],[-44.868362,-3.278098,0.0],[-44.871994,-3.282639,0.0],[-44.874098,-3.283763,0.0],[-44.882902,-3.277039,0.0],[-44.887094,-3.275891,0.0],[-44.888333,-3.274646,0.0],[-44.892619,-3.27503,0.0],[-44.893238,-3.277854,0.0],[-44.892381,-3.280535,0.0],[-44.889877,-3.281815,0.0],[-44.884962,-3.281522,0.0],[-44.885045,-3.282736,0.0],[-44.891713,-3.292695,0.0],[-44.894809,-3.291738,0.0],[-44.896714,-3.292121,0.0],[-44.89781,-3.293126,0.0],[-44.898095,-3.294611,0.0],[-44.896999,-3.297483,0.0],[-44.897856,-3.300068,0.0],[-44.899095,-3.30026,0.0],[-44.902286,-3.29892,0.0],[-44.90443,-3.298968,0.0],[-44.916385,-3.306724,0.0],[-44.920005,-3.306868,0.0],[-44.923054,-3.306342,0.0],[-44.927008,-3.3028,0.0],[-44.932081,-3.300694,0.0],[-44.931634,-3.29898,0.0],[-44.927989,-3.294222,0.0],[-44.928438,-3.290113,0.0],[-44.930486,-3.289491,0.0],[-44.933058,-3.289587,0.0],[-44.940141,-3.293125,0.0],[-44.939516,-3.294059,0.0],[-44.932794,-3.292051,0.0],[-44.930991,-3.292286,0.0],[-44.930102,-3.293019,0.0],[-44.929933,-3.294837,0.0],[-44.933076,-3.299087,0.0],[-44.933314,-3.301586,0.0],[-44.93153,-3.303489,0.0],[-44.927902,-3.304387,0.0],[-44.92203,-3.308395,0.0],[-44.919833,-3.308758,0.0],[-44.915112,-3.308248,0.0],[-44.908265,-3.302613,0.0],[-44.904275,-3.300633,0.0],[-44.901601,-3.300326,0.0],[-44.89638,-3.301618,0.0],[-44.895408,-3.299815,0.0],[-44.896795,-3.295828,0.0],[-44.896217,-3.294026,0.0],[-44.890543,-3.293429,0.0],[-44.888014,-3.290464,0.0],[-44.883851,-3.283507,0.0],[-44.883764,-3.280765,0.0],[-44.885335,-3.280146,0.0],[-44.889094,-3.280741,0.0],[-44.891042,-3.280233,0.0],[-44.89038,-3.276933,0.0],[-44.888462,-3.27625,0.0],[-44.886493,-3.276986,0.0],[-44.878471,-3.281821,0.0],[-44.874982,-3.284672,0.0],[-44.871422,-3.283711,0.0],[-44.868707,-3.281557,0.0],[-44.866945,-3.279259,0.0],[-44.865564,-3.27629,0.0],[-44.86647,-3.270976,0.0],[-44.875473,-3.264754,0.0],[-44.877807,-3.262169,0.0],[-44.876617,-3.260445,0.0],[-44.872711,-3.260397,0.0],[-44.869853,-3.261163,0.0],[-44.86509,-3.264274,0.0],[-44.864232,-3.266237,0.0],[-44.864041,-3.27088,0.0],[-44.862468,-3.273752,0.0],[-44.860658,-3.275476,0.0],[-44.852465,-3.279496,0.0],[-44.856084,-3.28955,0.0],[-44.85675,-3.293859,0.0],[-44.856654,-3.298933,0.0],[-44.854462,-3.304869,0.0],[-44.850174,-3.307071,0.0],[-44.844744,-3.306878,0.0],[-44.841505,-3.304867,0.0],[-44.83903,-3.298835,0.0],[-44.835791,-3.296249,0.0],[-44.831409,-3.294621,0.0],[-44.828647,-3.291748,0.0],[-44.827504,-3.289354,0.0],[-44.821693,-3.285236,0.0],[-44.810836,-3.272595,0.0],[-44.807883,-3.270297,0.0],[-44.805365,-3.271252,0.0],[-44.801021,-3.283891,0.0],[-44.798542,-3.293274,0.0],[-44.798447,-3.29538,0.0],[-44.812777,-3.332414,0.0],[-44.815777,-3.33792,0.0],[-44.821825,-3.346442,0.0],[-44.822587,-3.351708,0.0],[-44.820538,-3.355107,0.0],[-44.818013,-3.357548,0.0],[-44.813915,-3.360516,0.0],[-44.810914,-3.361329,0.0],[-44.804911,-3.367072,0.0],[-44.802576,-3.37071,0.0],[-44.802004,-3.372625,0.0],[-44.803099,-3.372961,0.0],[-44.808816,-3.371765,0.0],[-44.814628,-3.372149,0.0],[-44.817676,-3.373681,0.0],[-44.821629,-3.377847,0.0],[-44.825773,-3.379476,0.0],[-44.831347,-3.380386,0.0],[-44.832728,-3.381296,0.0],[-44.833776,-3.382876,0.0],[-44.833775,-3.385653,0.0],[-44.833203,-3.387424,0.0],[-44.831679,-3.389004,0.0],[-44.829678,-3.389865,0.0],[-44.827772,-3.389482,0.0],[-44.821818,-3.385794,0.0],[-44.818246,-3.384405,0.0],[-44.814482,-3.38474,0.0],[-44.81372,-3.385218,0.0],[-44.814196,-3.387133,0.0],[-44.821246,-3.390773,0.0],[-44.824816,-3.394133,0.0],[-44.825708,-3.396216,0.0],[-44.824814,-3.401314,0.0],[-44.823385,-3.402786,0.0],[-44.819705,-3.402606,0.0],[-44.818383,-3.4016,0.0],[-44.814704,-3.39607,0.0],[-44.812418,-3.393664,0.0],[-44.810346,-3.392515,0.0],[-44.808452,-3.394058,0.0],[-44.80184,-3.404649,0.0],[-44.79923,-3.412548,0.0],[-44.794441,-3.417681,0.0],[-44.793619,-3.419117,0.0],[-44.793691,-3.42041,0.0],[-44.807553,-3.422064,0.0],[-44.808946,-3.423716,0.0],[-44.809089,-3.425296,0.0],[-44.808267,-3.427486,0.0],[-44.804335,-3.433984,0.0],[-44.803299,-3.433374,0.0],[-44.807588,-3.424973,0.0],[-44.807231,-3.423752,0.0],[-44.800586,-3.42235,0.0],[-44.798192,-3.422062,0.0],[-44.795834,-3.422744,0.0],[-44.792368,-3.421953,0.0],[-44.791225,-3.420984,0.0],[-44.791047,-3.417824,0.0],[-44.791512,-3.416029,0.0],[-44.796979,-3.412296,0.0],[-44.802234,-3.399982,0.0],[-44.804914,-3.39614,0.0],[-44.806094,-3.393053,0.0],[-44.808238,-3.390396,0.0],[-44.809989,-3.389822,0.0],[-44.812704,-3.390648,0.0],[-44.815169,-3.3923,0.0],[-44.817884,-3.396789,0.0],[-44.820777,-3.400057,0.0],[-44.82167,-3.400165,0.0],[-44.823171,-3.398478,0.0],[-44.8231,-3.395785,0.0],[-44.820993,-3.393235,0.0],[-44.818623,-3.391559,0.0],[-44.813717,-3.389739,0.0],[-44.811669,-3.387776,0.0],[-44.811002,-3.385573,0.0],[-44.811241,-3.383754,0.0],[-44.813718,-3.381983,0.0],[-44.816195,-3.381553,0.0],[-44.820102,-3.382033,0.0],[-44.828533,-3.38596,0.0],[-44.829676,-3.385002,0.0],[-44.826008,-3.382847,0.0],[-44.819387,-3.380381,0.0],[-44.813315,-3.375113,0.0],[-44.812124,-3.375113,0.0],[-44.807121,-3.378224,0.0],[-44.804501,-3.378104,0.0],[-44.801405,-3.377265,0.0],[-44.799738,-3.374393,0.0],[-44.79962,-3.370204,0.0],[-44.800574,-3.366494,0.0],[-44.803552,-3.361946,0.0],[-44.810936,-3.3574,0.0],[-44.81451,-3.351536,0.0],[-44.81463,-3.346629,0.0],[-44.812607,-3.341362,0.0],[-44.80844,-3.33442,0.0],[-44.803203,-3.321134,0.0],[-44.798083,-3.315867,0.0],[-44.792845,-3.305932,0.0],[-44.791773,-3.30653,0.0],[-44.785995,-3.319694,0.0],[-44.77736,-3.327173,0.0],[-44.769618,-3.332557,0.0],[-44.761282,-3.332854,0.0],[-44.754435,-3.330758,0.0],[-44.745207,-3.326267,0.0],[-44.739254,-3.319683,0.0],[-44.732709,-3.304721,0.0],[-44.732711,-3.295445,0.0],[-44.735392,-3.288265,0.0],[-44.745815,-3.276898,0.0],[-44.754451,-3.264333,0.0],[-44.759812,-3.254461,0.0],[-44.762494,-3.243091,0.0],[-44.763092,-3.232918,0.0],[-44.759521,-3.227233,0.0],[-44.752676,-3.219451,0.0],[-44.73839,-3.208078,0.0],[-44.721127,-3.200294,0.0],[-44.705649,-3.195502,0.0],[-44.691063,-3.196396,0.0],[-44.679751,-3.196392,0.0],[-44.669928,-3.195791,0.0],[-44.662487,-3.193993,0.0],[-44.657726,-3.188905,0.0],[-44.65743,-3.182322,0.0],[-44.659814,-3.174543,0.0],[-44.661545,-3.160781,0.0],[-44.651547,-3.151203,0.0],[-44.628692,-3.134439,0.0],[-44.610125,-3.116719,0.0],[-44.598223,-3.106183,0.0],[-44.566801,-3.084628,0.0],[-44.499681,-3.026673,0.0],[-44.49362,-3.022377,0.0],[-44.496142,-3.026947,0.0],[-44.490011,-3.022209,0.0],[-44.4642,-2.998578,0.0],[-44.463547,-2.998137,0.0],[-44.46304,-2.998945,0.0],[-44.462235,-2.999535,0.0],[-44.461823,-2.999448,0.0],[-44.46206,-2.999944,0.0],[-44.461676,-2.999733,0.0],[-44.461788,-2.999314,0.0],[-44.462154,-2.999377,0.0],[-44.462236,-2.998794,0.0],[-44.463089,-2.998522,0.0],[-44.462959,-2.997581,0.0],[-44.454562,-2.989693,0.0],[-44.447028,-2.980087,0.0],[-44.446289,-2.98047,0.0],[-44.446305,-2.981921,0.0],[-44.445128,-2.98227,0.0],[-44.443198,-2.980762,0.0],[-44.442574,-2.98099,0.0],[-44.442362,-2.981935,0.0],[-44.444212,-2.982351,0.0],[-44.444492,-2.983187,0.0],[-44.443821,-2.983997,0.0],[-44.44185,-2.984673,0.0],[-44.442781,-2.98568,0.0],[-44.440723,-2.985301,0.0],[-44.440038,-2.986008,0.0],[-44.441557,-2.987258,0.0],[-44.440741,-2.988564,0.0],[-44.440832,-2.990291,0.0],[-44.441901,-2.990282,0.0],[-44.442345,-2.990903,0.0],[-44.442038,-2.991196,0.0],[-44.441083,-2.991201,0.0],[-44.441881,-2.99214,0.0],[-44.44165,-2.992447,0.0],[-44.441146,-2.992536,0.0],[-44.441026,-2.993357,0.0],[-44.441559,-2.993767,0.0],[-44.441824,-2.994735,0.0],[-44.441771,-2.995021,0.0],[-44.441077,-2.995289,0.0],[-44.44164,-2.996033,0.0],[-44.44105,-2.996753,0.0],[-44.441672,-2.997107,0.0],[-44.442197,-2.998191,0.0],[-44.44157,-2.999307,0.0],[-44.442087,-3.000423,0.0],[-44.441954,-3.00112,0.0],[-44.442114,-3.001377,0.0],[-44.442144,-3.001522,0.0],[-44.442066,-3.001617,0.0],[-44.44144,-2.999254,0.0],[-44.442086,-2.998228,0.0],[-44.440913,-2.996837,0.0],[-44.441572,-2.995957,0.0],[-44.440899,-2.995283,0.0],[-44.441708,-2.994811,0.0],[-44.44089,-2.993419,0.0],[-44.440977,-2.992505,0.0],[-44.441674,-2.992163,0.0],[-44.440846,-2.99118,0.0],[-44.442109,-2.990866,0.0],[-44.440705,-2.990535,0.0],[-44.440435,-2.988711,0.0],[-44.441283,-2.987222,0.0],[-44.439948,-2.986641,0.0],[-44.439797,-2.985888,0.0],[-44.440461,-2.984994,0.0],[-44.441404,-2.985233,0.0],[-44.441452,-2.984387,0.0],[-44.443984,-2.983419,0.0],[-44.443546,-2.982669,0.0],[-44.442118,-2.98257,0.0],[-44.442144,-2.980598,0.0],[-44.443409,-2.980306,0.0],[-44.44521,-2.981635,0.0],[-44.446311,-2.979275,0.0],[-44.439003,-2.966462,0.0],[-44.435545,-2.962235,0.0],[-44.432693,-2.95757,0.0],[-44.431441,-2.960044,0.0],[-44.430115,-2.960248,0.0],[-44.427274,-2.95767,0.0],[-44.429216,-2.957708,0.0],[-44.430033,-2.956544,0.0],[-44.429596,-2.955731,0.0],[-44.427941,-2.956866,0.0],[-44.428282,-2.956981,0.0],[-44.428232,-2.957206,0.0],[-44.424421,-2.958178,0.0],[-44.424203,-2.961654,0.0],[-44.424543,-2.96206,0.0],[-44.424624,-2.961534,0.0],[-44.425365,-2.961471,0.0],[-44.426505,-2.962782,0.0],[-44.426034,-2.963445,0.0],[-44.426343,-2.96274,0.0],[-44.424978,-2.96159,0.0],[-44.424743,-2.962144,0.0],[-44.424056,-2.961897,0.0],[-44.421169,-2.964224,0.0],[-44.418731,-2.963896,0.0],[-44.41725,-2.962902,0.0],[-44.416435,-2.96464,0.0],[-44.414712,-2.965067,0.0],[-44.413706,-2.964856,0.0],[-44.41308,-2.967012,0.0],[-44.411429,-2.966745,0.0],[-44.410607,-2.96754,0.0],[-44.41008,-2.967536,0.0],[-44.408902,-2.96653,0.0],[-44.408026,-2.967053,0.0],[-44.40702,-2.967106,0.0],[-44.407257,-2.968302,0.0],[-44.405765,-2.969566,0.0],[-44.404403,-2.969649,0.0],[-44.403978,-2.970144,0.0],[-44.401658,-2.971462,0.0],[-44.400133,-2.971186,0.0],[-44.399785,-2.971703,0.0],[-44.399128,-2.972045,0.0],[-44.398545,-2.972112,0.0],[-44.397867,-2.971309,0.0],[-44.397695,-2.971373,0.0],[-44.39735,-2.97211,0.0],[-44.397183,-2.972183,0.0],[-44.396997,-2.972128,0.0],[-44.396672,-2.971553,0.0],[-44.396513,-2.971796,0.0],[-44.395758,-2.971968,0.0],[-44.395815,-2.972512,0.0],[-44.395239,-2.972587,0.0],[-44.395671,-2.973328,0.0],[-44.395659,-2.973686,0.0],[-44.394893,-2.97375,0.0],[-44.394611,-2.973559,0.0],[-44.393638,-2.972273,0.0],[-44.394433,-2.972534,0.0],[-44.394895,-2.973638,0.0],[-44.395534,-2.973573,0.0],[-44.395062,-2.972627,0.0],[-44.395733,-2.972422,0.0],[-44.395704,-2.971722,0.0],[-44.39673,-2.971397,0.0],[-44.397184,-2.9721,0.0],[-44.397677,-2.971182,0.0],[-44.39813,-2.971305,0.0],[-44.398667,-2.972019,0.0],[-44.400112,-2.971022,0.0],[-44.401838,-2.971242,0.0],[-44.402851,-2.970301,0.0],[-44.407095,-2.968254,0.0],[-44.406738,-2.966953,0.0],[-44.409051,-2.966219,0.0],[-44.410532,-2.967368,0.0],[-44.411416,-2.966499,0.0],[-44.412702,-2.966876,0.0],[-44.413355,-2.964849,0.0],[-44.416283,-2.964425,0.0],[-44.416757,-2.962605,0.0],[-44.417596,-2.96256,0.0],[-44.41889,-2.963574,0.0],[-44.421336,-2.963764,0.0],[-44.423917,-2.96142,0.0],[-44.424043,-2.959707,0.0],[-44.423311,-2.959106,0.0],[-44.423114,-2.96029,0.0],[-44.422704,-2.96029,0.0],[-44.422213,-2.959967,0.0],[-44.422998,-2.960039,0.0],[-44.423079,-2.959106,0.0],[-44.423383,-2.958895,0.0],[-44.423927,-2.959353,0.0],[-44.423839,-2.957963,0.0],[-44.424517,-2.957667,0.0],[-44.424652,-2.956555,0.0],[-44.42483,-2.957641,0.0],[-44.425615,-2.957516,0.0],[-44.428714,-2.955508,0.0],[-44.430071,-2.955365,0.0],[-44.430651,-2.956119,0.0],[-44.429364,-2.959212,0.0],[-44.430176,-2.959616,0.0],[-44.431257,-2.959043,0.0],[-44.432124,-2.956523,0.0],[-44.429842,-2.952052,0.0],[-44.423855,-2.943474,0.0],[-44.423388,-2.943675,0.0],[-44.423078,-2.943419,0.0],[-44.423611,-2.943157,0.0],[-44.423242,-2.942032,0.0],[-44.419372,-2.944866,0.0],[-44.422972,-2.9415,0.0],[-44.4203,-2.933351,0.0],[-44.411565,-2.914464,0.0],[-44.407612,-2.90289,0.0],[-44.405304,-2.890727,0.0],[-44.403726,-2.892356,0.0],[-44.400571,-2.891985,0.0],[-44.39839,-2.894581,0.0],[-44.399036,-2.895078,0.0],[-44.398326,-2.894734,0.0],[-44.394448,-2.896374,0.0],[-44.394447,-2.897609,0.0],[-44.394043,-2.896425,0.0],[-44.390114,-2.897492,0.0],[-44.396611,-2.901343,0.0],[-44.389366,-2.897765,0.0],[-44.386819,-2.8984,0.0],[-44.386008,-2.898858,0.0],[-44.386578,-2.899304,0.0],[-44.385767,-2.898731,0.0],[-44.383727,-2.899315,0.0],[-44.385373,-2.901697,0.0],[-44.383245,-2.899519,0.0],[-44.366275,-2.904302,0.0],[-44.367023,-2.904443,0.0],[-44.369037,-2.905488,0.0],[-44.36587,-2.904404,0.0],[-44.363626,-2.90565,0.0],[-44.364044,-2.906261,0.0],[-44.362676,-2.905777,0.0],[-44.363004,-2.908355,0.0],[-44.363865,-2.909259,0.0],[-44.362775,-2.90894,0.0],[-44.361317,-2.910798,0.0],[-44.362763,-2.908698,0.0],[-44.362764,-2.907031,0.0],[-44.362105,-2.906139,0.0],[-44.362752,-2.905312,0.0],[-44.364121,-2.905186,0.0],[-44.363741,-2.904765,0.0],[-44.364311,-2.905198,0.0],[-44.365743,-2.904187,0.0],[-44.373284,-2.901951,0.0],[-44.372803,-2.901594,0.0],[-44.373727,-2.901938,0.0],[-44.38322,-2.899162,0.0],[-44.38284,-2.8985,0.0],[-44.383815,-2.89901,0.0],[-44.3891,-2.897472,0.0],[-44.38777,-2.896695,0.0],[-44.389379,-2.897269,0.0],[-44.392902,-2.896329,0.0],[-44.391344,-2.89508,0.0],[-44.393308,-2.896125,0.0],[-44.393992,-2.896011,0.0],[-44.393591,-2.895166,0.0],[-44.394242,-2.895941,0.0],[-44.397886,-2.894603,0.0],[-44.39817,-2.893721,0.0],[-44.397225,-2.892926,0.0],[-44.398349,-2.893386,0.0],[-44.398453,-2.894121,0.0],[-44.399395,-2.892297,0.0],[-44.401186,-2.89141,0.0],[-44.399724,-2.889507,0.0],[-44.399003,-2.889672,0.0],[-44.39954,-2.889267,0.0],[-44.399268,-2.887765,0.0],[-44.396652,-2.883419,0.0],[-44.399497,-2.887288,0.0],[-44.400242,-2.889908,0.0],[-44.401575,-2.890423,0.0],[-44.4016,-2.891263,0.0],[-44.403306,-2.891631,0.0],[-44.404408,-2.890549,0.0],[-44.404915,-2.889204,0.0],[-44.404495,-2.883466,0.0],[-44.405097,-2.870502,0.0],[-44.404356,-2.844034,0.0],[-44.407053,-2.825407,0.0],[-44.40454,-2.825426,0.0],[-44.400796,-2.827375,0.0],[-44.401475,-2.827671,0.0],[-44.401345,-2.828206,0.0],[-44.40034,-2.828338,0.0],[-44.399988,-2.829855,0.0],[-44.402084,-2.829488,0.0],[-44.403389,-2.830601,0.0],[-44.402765,-2.831934,0.0],[-44.403132,-2.830549,0.0],[-44.402106,-2.829672,0.0],[-44.400002,-2.830091,0.0],[-44.399782,-2.829796,0.0],[-44.400304,-2.82822,0.0],[-44.399688,-2.827859,0.0],[-44.39982,-2.828654,0.0],[-44.398792,-2.831018,0.0],[-44.398741,-2.829913,0.0],[-44.399519,-2.828559,0.0],[-44.398596,-2.828175,0.0],[-44.394534,-2.828718,0.0],[-44.3949,-2.8293,0.0],[-44.394263,-2.828696,0.0],[-44.392496,-2.828783,0.0],[-44.393866,-2.831156,0.0],[-44.394672,-2.831458,0.0],[-44.39358,-2.83106,0.0],[-44.392064,-2.828864,0.0],[-44.391528,-2.828945,0.0],[-44.391937,-2.832506,0.0],[-44.391184,-2.828916,0.0],[-44.389946,-2.829264,0.0],[-44.388751,-2.830633,0.0],[-44.388402,-2.833818,0.0],[-44.388792,-2.835809,0.0],[-44.390409,-2.836268,0.0],[-44.389225,-2.836496,0.0],[-44.391613,-2.839439,0.0],[-44.392702,-2.840062,0.0],[-44.393937,-2.838316,0.0],[-44.392992,-2.840267,0.0],[-44.393659,-2.840628,0.0],[-44.393902,-2.839953,0.0],[-44.395131,-2.839661,0.0],[-44.393853,-2.840718,0.0],[-44.395557,-2.841727,0.0],[-44.396534,-2.8412,0.0],[-44.397564,-2.841484,0.0],[-44.398372,-2.839787,0.0],[-44.398857,-2.839517,0.0],[-44.39788,-2.841163,0.0],[-44.398391,-2.841996,0.0],[-44.399247,-2.841414,0.0],[-44.399105,-2.841773,0.0],[-44.398647,-2.842117,0.0],[-44.398257,-2.842077,0.0],[-44.397873,-2.841657,0.0],[-44.397106,-2.842103,0.0],[-44.396231,-2.841825,0.0],[-44.395988,-2.842197,0.0],[-44.396869,-2.84398,0.0],[-44.395979,-2.846377,0.0],[-44.3989,-2.846893,0.0],[-44.399048,-2.848661,0.0],[-44.39997,-2.848324,0.0],[-44.400731,-2.848351,0.0],[-44.398943,-2.848769,0.0],[-44.398697,-2.848069,0.0],[-44.398161,-2.84865,0.0],[-44.399296,-2.850168,0.0],[-44.400926,-2.850489,0.0],[-44.399369,-2.850699,0.0],[-44.398361,-2.849851,0.0],[-44.397918,-2.848789,0.0],[-44.398496,-2.847187,0.0],[-44.397249,-2.847119,0.0],[-44.397235,-2.847658,0.0],[-44.397109,-2.847653,0.0],[-44.395678,-2.846765,0.0],[-44.393547,-2.848402,0.0],[-44.394317,-2.849636,0.0],[-44.393768,-2.849531,0.0],[-44.393776,-2.850393,0.0],[-44.393577,-2.850648,0.0],[-44.393785,-2.849153,0.0],[-44.39259,-2.850126,0.0],[-44.392937,-2.848694,0.0],[-44.390584,-2.849318,0.0],[-44.387163,-2.848714,0.0],[-44.387267,-2.849367,0.0],[-44.387045,-2.849772,0.0],[-44.386173,-2.849678,0.0],[-44.38697,-2.849362,0.0],[-44.386785,-2.848621,0.0],[-44.384448,-2.847172,0.0],[-44.383596,-2.847403,0.0],[-44.384151,-2.846841,0.0],[-44.383385,-2.845467,0.0],[-44.383293,-2.84625,0.0],[-44.382392,-2.846626,0.0],[-44.383185,-2.846049,0.0],[-44.382915,-2.845449,0.0],[-44.379007,-2.845145,0.0],[-44.383387,-2.844953,0.0],[-44.382827,-2.844711,0.0],[-44.38321,-2.843266,0.0],[-44.382593,-2.843094,0.0],[-44.383056,-2.842784,0.0],[-44.381965,-2.841878,0.0],[-44.379776,-2.84265,0.0],[-44.380144,-2.843409,0.0],[-44.379768,-2.84434,0.0],[-44.379321,-2.844419,0.0],[-44.379887,-2.843231,0.0],[-44.379276,-2.843112,0.0],[-44.376251,-2.846316,0.0],[-44.376059,-2.848967,0.0],[-44.376309,-2.849159,0.0],[-44.376815,-2.848723,0.0],[-44.376947,-2.84867,0.0],[-44.377269,-2.848737,0.0],[-44.376243,-2.849538,0.0],[-44.37684,-2.851176,0.0],[-44.37795,-2.852336,0.0],[-44.380532,-2.853585,0.0],[-44.381046,-2.852641,0.0],[-44.381111,-2.853652,0.0],[-44.382537,-2.853599,0.0],[-44.386975,-2.851089,0.0],[-44.388414,-2.85078,0.0],[-44.390287,-2.851157,0.0],[-44.39076,-2.851689,0.0],[-44.391555,-2.853624,0.0],[-44.391263,-2.858042,0.0],[-44.387817,-2.86256,0.0],[-44.388462,-2.860936,0.0],[-44.391158,-2.857999,0.0],[-44.391397,-2.853921,0.0],[-44.390649,-2.851758,0.0],[-44.389354,-2.851018,0.0],[-44.387021,-2.851334,0.0],[-44.385199,-2.852739,0.0],[-44.385356,-2.853501,0.0],[-44.38514,-2.854138,0.0],[-44.38467,-2.853021,0.0],[-44.381354,-2.853978,0.0],[-44.381517,-2.855167,0.0],[-44.381184,-2.854215,0.0],[-44.380955,-2.854517,0.0],[-44.380987,-2.854079,0.0],[-44.377139,-2.852028,0.0],[-44.376909,-2.852477,0.0],[-44.375692,-2.853407,0.0],[-44.375379,-2.853563,0.0],[-44.376899,-2.852007,0.0],[-44.376026,-2.850349,0.0],[-44.375539,-2.847041,0.0],[-44.376726,-2.844867,0.0],[-44.375904,-2.844501,0.0],[-44.376165,-2.843915,0.0],[-44.376778,-2.844658,0.0],[-44.380661,-2.841524,0.0],[-44.381826,-2.841274,0.0],[-44.383574,-2.842539,0.0],[-44.383864,-2.844991,0.0],[-44.384634,-2.84472,0.0],[-44.383978,-2.845493,0.0],[-44.38639,-2.847846,0.0],[-44.386547,-2.847114,0.0],[-44.387025,-2.847951,0.0],[-44.39025,-2.848465,0.0],[-44.390906,-2.847796,0.0],[-44.39128,-2.848476,0.0],[-44.393341,-2.847745,0.0],[-44.393102,-2.847013,0.0],[-44.393653,-2.847495,0.0],[-44.394402,-2.847061,0.0],[-44.395954,-2.844605,0.0],[-44.395788,-2.842985,0.0],[-44.393868,-2.841868,0.0],[-44.39247,-2.842688,0.0],[-44.393608,-2.841631,0.0],[-44.39278,-2.841691,0.0],[-44.390367,-2.839407,0.0],[-44.389821,-2.84007,0.0],[-44.390039,-2.839186,0.0],[-44.388902,-2.837951,0.0],[-44.388608,-2.838032,0.0],[-44.389095,-2.838981,0.0],[-44.38878,-2.839522,0.0],[-44.387518,-2.834496,0.0],[-44.385704,-2.83421,0.0],[-44.384802,-2.836123,0.0],[-44.384143,-2.836876,0.0],[-44.383717,-2.837079,0.0],[-44.383393,-2.836927,0.0],[-44.384579,-2.836077,0.0],[-44.385127,-2.834062,0.0],[-44.387082,-2.834216,0.0],[-44.387417,-2.833794,0.0],[-44.387032,-2.833254,0.0],[-44.385837,-2.833406,0.0],[-44.385746,-2.832744,0.0],[-44.38533,-2.832978,0.0],[-44.38455,-2.83254,0.0],[-44.383709,-2.832937,0.0],[-44.383581,-2.832655,0.0],[-44.384507,-2.832362,0.0],[-44.385353,-2.832847,0.0],[-44.38586,-2.83235,0.0],[-44.386034,-2.833201,0.0],[-44.386572,-2.832748,0.0],[-44.387379,-2.833043,0.0],[-44.388054,-2.829819,0.0],[-44.387464,-2.829743,0.0],[-44.387364,-2.828638,0.0],[-44.386284,-2.828681,0.0],[-44.386556,-2.827965,0.0],[-44.385703,-2.828446,0.0],[-44.383998,-2.827729,0.0],[-44.385796,-2.828284,0.0],[-44.3867,-2.827809,0.0],[-44.386735,-2.828578,0.0],[-44.387315,-2.827789,0.0],[-44.387978,-2.829415,0.0],[-44.389687,-2.828421,0.0],[-44.389431,-2.827893,0.0],[-44.388941,-2.828101,0.0],[-44.389269,-2.827772,0.0],[-44.391385,-2.827896,0.0],[-44.391616,-2.825817,0.0],[-44.392022,-2.825275,0.0],[-44.391958,-2.82507,0.0],[-44.391656,-2.824924,0.0],[-44.391543,-2.824664,0.0],[-44.392173,-2.825275,0.0],[-44.391698,-2.827749,0.0],[-44.395236,-2.827492,0.0],[-44.395848,-2.826025,0.0],[-44.395147,-2.826451,0.0],[-44.39491,-2.826322,0.0],[-44.395782,-2.825779,0.0],[-44.395999,-2.825873,0.0],[-44.396006,-2.826694,0.0],[-44.395669,-2.827527,0.0],[-44.397358,-2.827154,0.0],[-44.398471,-2.825806,0.0],[-44.397541,-2.82572,0.0],[-44.398587,-2.825689,0.0],[-44.397629,-2.826858,0.0],[-44.398001,-2.8271,0.0],[-44.400962,-2.825768,0.0],[-44.401497,-2.824246,0.0],[-44.400962,-2.824261,0.0],[-44.400789,-2.823945,0.0],[-44.401702,-2.824072,0.0],[-44.401449,-2.825487,0.0],[-44.407576,-2.822824,0.0],[-44.409081,-2.814155,0.0],[-44.405744,-2.813838,0.0],[-44.396694,-2.815244,0.0],[-44.393697,-2.81719,0.0],[-44.389427,-2.817761,0.0],[-44.387162,-2.81736,0.0],[-44.387389,-2.8182,0.0],[-44.387234,-2.818614,0.0],[-44.386718,-2.818807,0.0],[-44.38633,-2.818705,0.0],[-44.387193,-2.818383,0.0],[-44.387143,-2.817751,0.0],[-44.385757,-2.816091,0.0],[-44.383045,-2.816363,0.0],[-44.376615,-2.81995,0.0],[-44.371757,-2.824399,0.0],[-44.369134,-2.8276,0.0],[-44.366871,-2.831787,0.0],[-44.363536,-2.835017,0.0],[-44.362464,-2.83717,0.0],[-44.36258,-2.842915,0.0],[-44.363648,-2.849019,0.0],[-44.366262,-2.85668,0.0],[-44.366855,-2.860989,0.0],[-44.366851,-2.868169,0.0],[-44.366016,-2.870921,0.0],[-44.363277,-2.873194,0.0],[-44.359468,-2.873192,0.0],[-44.352566,-2.870196,0.0],[-44.350662,-2.870673,0.0],[-44.348637,-2.872228,0.0],[-44.339108,-2.88419,0.0],[-44.335179,-2.885983,0.0],[-44.332084,-2.885981,0.0],[-44.329584,-2.887536,0.0],[-44.327441,-2.887534,0.0],[-44.320421,-2.884179,0.0],[-44.313398,-2.883936,0.0],[-44.310186,-2.88178,0.0],[-44.301382,-2.883816,0.0],[-44.300739,-2.885288,0.0],[-44.301602,-2.887331,0.0],[-44.30166,-2.889245,0.0],[-44.305825,-2.891462,0.0],[-44.304929,-2.89571,0.0],[-44.306117,-2.89972,0.0],[-44.309806,-2.901697,0.0],[-44.310282,-2.902535,0.0],[-44.312186,-2.902716,0.0],[-44.314746,-2.90164,0.0],[-44.316471,-2.902479,0.0],[-44.317839,-2.904275,0.0],[-44.320457,-2.904935,0.0],[-44.322036,-2.90928,0.0],[-44.322224,-2.913397,0.0],[-44.324414,-2.916012,0.0],[-44.327568,-2.91727,0.0],[-44.328103,-2.918108,0.0],[-44.327626,-2.919424,0.0],[-44.325305,-2.920381,0.0],[-44.323875,-2.922354,0.0],[-44.322343,-2.927312,0.0],[-44.320974,-2.928628,0.0],[-44.320615,-2.930782,0.0],[-44.318532,-2.931498,0.0],[-44.315556,-2.931138,0.0],[-44.307342,-2.933227,0.0],[-44.306269,-2.936218,0.0],[-44.304423,-2.937174,0.0],[-44.303648,-2.939448,0.0],[-44.302278,-2.940763,0.0],[-44.303765,-2.94244,0.0],[-44.308903,-2.941378,0.0],[-44.311473,-2.943294,0.0],[-44.314236,-2.94186,0.0],[-44.315759,-2.941956,0.0],[-44.316995,-2.944925,0.0],[-44.320258,-2.947039,0.0],[-44.321017,-2.950391,0.0],[-44.323539,-2.953456,0.0],[-44.323301,-2.95427,0.0],[-44.319634,-2.955034,0.0],[-44.317586,-2.956325,0.0],[-44.31375,-2.960008,0.0],[-44.312749,-2.962354,0.0],[-44.31013,-2.963118,0.0],[-44.307033,-2.965653,0.0],[-44.307461,-2.966706,0.0],[-44.309317,-2.967952,0.0],[-44.308885,-2.973553,0.0],[-44.310694,-2.974655,0.0],[-44.313122,-2.974704,0.0],[-44.316407,-2.975951,0.0],[-44.316258,-2.977077,0.0],[-44.313734,-2.978368,0.0],[-44.313495,-2.979038,0.0],[-44.313858,-2.98482,0.0],[-44.313213,-2.986973,0.0],[-44.314498,-2.989057,0.0],[-44.314568,-2.990529,0.0],[-44.313674,-2.993113,0.0],[-44.314697,-2.995504,0.0],[-44.31422,-2.996964,0.0],[-44.31291,-2.997155,0.0],[-44.312529,-2.998136,0.0],[-44.314489,-3.003175,0.0],[-44.317173,-3.00536,0.0],[-44.316599,-3.008461,0.0],[-44.315342,-3.009552,0.0],[-44.315455,-3.010356,0.0],[-44.317454,-3.011794,0.0],[-44.316424,-3.015642,0.0],[-44.318193,-3.018458,0.0],[-44.319601,-3.023586,0.0],[-44.3196,-3.025137,0.0],[-44.318341,-3.026802,0.0],[-44.318111,-3.029214,0.0],[-44.319539,-3.031111,0.0],[-44.320165,-3.034328,0.0],[-44.318731,-3.042944,0.0],[-44.321302,-3.044209,0.0],[-44.321758,-3.045761,0.0],[-44.321195,-3.04808,0.0],[-44.321706,-3.054624,0.0],[-44.320633,-3.057436,0.0],[-44.32069,-3.061116,0.0],[-44.318726,-3.062132,0.0],[-44.317365,-3.064616,0.0],[-44.316246,-3.064783,0.0],[-44.313414,-3.062938,0.0],[-44.313717,-3.058455,0.0],[-44.31286,-3.057191,0.0],[-44.310632,-3.056672,0.0],[-44.308288,-3.058567,0.0],[-44.301774,-3.05839,0.0],[-44.300287,-3.059653,0.0],[-44.299421,-3.062915,0.0],[-44.294178,-3.066621,0.0],[-44.294557,-3.068728,0.0],[-44.294032,-3.070786,0.0],[-44.292269,-3.071838,0.0],[-44.289317,-3.072123,0.0],[-44.288888,-3.072698,0.0],[-44.289696,-3.074565,0.0],[-44.289081,-3.077371,0.0],[-44.290473,-3.078413,0.0],[-44.291115,-3.081142,0.0],[-44.292114,-3.082292,0.0],[-44.292106,-3.08491,0.0],[-44.295141,-3.086348,0.0],[-44.296175,-3.089185,0.0],[-44.29996,-3.09048,0.0],[-44.303245,-3.094219,0.0],[-44.310349,-3.098123,0.0],[-44.314777,-3.098509,0.0],[-44.316585,-3.100832,0.0],[-44.316131,-3.10369,0.0],[-44.314307,-3.108141,0.0],[-44.310734,-3.109216,0.0],[-44.308804,-3.111225,0.0],[-44.307664,-3.113669,0.0],[-44.304734,-3.115103,0.0],[-44.303233,-3.116574,0.0],[-44.3013,-3.12282,0.0],[-44.304229,-3.122032,0.0],[-44.305623,-3.120094,0.0],[-44.306159,-3.120023,0.0],[-44.30673,-3.121029,0.0],[-44.309933,-3.120121,0.0],[-44.313979,-3.123355,0.0],[-44.317074,-3.124075,0.0],[-44.317978,-3.130422,0.0],[-44.315723,-3.136667,0.0],[-44.317972,-3.139433,0.0],[-44.326393,-3.139562,0.0],[-44.3293,-3.136356,0.0],[-44.331967,-3.136837,0.0],[-44.33249,-3.137986,0.0],[-44.334347,-3.138562,0.0],[-44.336253,-3.137222,0.0],[-44.338444,-3.137032,0.0],[-44.341303,-3.134545,0.0],[-44.344453,-3.135231,0.0],[-44.346029,-3.137864,0.0],[-44.345971,-3.139915,0.0],[-44.345075,-3.141523,0.0],[-44.34553,-3.145276,0.0],[-44.348992,-3.146252,0.0],[-44.352801,-3.146195,0.0],[-44.354349,-3.147393,0.0],[-44.357088,-3.145898,0.0],[-44.358129,-3.147365,0.0],[-44.359557,-3.147905,0.0],[-44.358275,-3.151434,0.0],[-44.359325,-3.156311,0.0],[-44.358419,-3.158775,0.0],[-44.358656,-3.160116,0.0],[-44.360061,-3.160811,0.0],[-44.364919,-3.159162,0.0],[-44.367157,-3.159882,0.0],[-44.368801,-3.15871,0.0],[-44.37111,-3.158855,0.0],[-44.372181,-3.160483,0.0],[-44.370835,-3.163568,0.0],[-44.372381,-3.16674,0.0],[-44.371963,-3.168445,0.0],[-44.370801,-3.169881,0.0],[-44.371663,-3.171856,0.0],[-44.374134,-3.172867,0.0],[-44.377299,-3.175119,0.0],[-44.382781,-3.174577,0.0],[-44.384959,-3.176482,0.0],[-44.386315,-3.178852,0.0],[-44.387743,-3.179607,0.0],[-44.389315,-3.179464,0.0],[-44.392519,-3.182104,0.0],[-44.395703,-3.182674,0.0],[-44.395191,-3.18572,0.0],[-44.397929,-3.18754,0.0],[-44.396186,-3.190598,0.0],[-44.396791,-3.194907,0.0],[-44.398362,-3.195877,0.0],[-44.401934,-3.195413,0.0],[-44.403577,-3.196347,0.0],[-44.401573,-3.203024,0.0],[-44.401976,-3.206106,0.0],[-44.408696,-3.208426,0.0],[-44.409767,-3.209264,0.0],[-44.41129,-3.211659,0.0],[-44.412537,-3.212195,0.0],[-44.413702,-3.215763,0.0],[-44.416368,-3.218253,0.0],[-44.414322,-3.223288,0.0],[-44.410682,-3.225086,0.0],[-44.408968,-3.223649,0.0],[-44.408377,-3.223783,0.0],[-44.407118,-3.227363,0.0],[-44.406719,-3.230555,0.0],[-44.405683,-3.231811,0.0],[-44.404361,-3.232277,0.0],[-44.405216,-3.235186,0.0],[-44.402108,-3.236764,0.0],[-44.400963,-3.239025,0.0],[-44.401177,-3.239851,0.0],[-44.402463,-3.239887,0.0],[-44.403499,-3.240714,0.0],[-44.404337,-3.243401,0.0],[-44.405651,-3.244723,0.0],[-44.413248,-3.250875,0.0],[-44.412562,-3.251966,0.0],[-44.408615,-3.254687,0.0],[-44.409471,-3.257225,0.0],[-44.409182,-3.262395,0.0],[-44.407901,-3.268537,0.0],[-44.40772,-3.272965,0.0],[-44.406885,-3.27464,0.0],[-44.407242,-3.276316,0.0],[-44.408431,-3.277992,0.0],[-44.411347,-3.280267,0.0],[-44.415803,-3.282964,0.0],[-44.41832,-3.285898,0.0],[-44.42112,-3.286704,0.0],[-44.42535,-3.286534,0.0],[-44.42695,-3.287281,0.0],[-44.42764,-3.28876,0.0],[-44.430437,-3.290407,0.0],[-44.430316,-3.293788,0.0],[-44.430911,-3.294057,0.0],[-44.433115,-3.292742,0.0],[-44.434399,-3.293904,0.0],[-44.435397,-3.298608,0.0],[-44.43611,-3.299649,0.0],[-44.44054,-3.300514,0.0],[-44.441968,-3.301448,0.0],[-44.441216,-3.303925,0.0],[-44.44218,-3.306223,0.0],[-44.444676,-3.306138,0.0],[-44.447818,-3.30973,0.0],[-44.448997,-3.310197,0.0],[-44.449603,-3.31149,0.0],[-44.449184,-3.313168,0.0],[-44.447468,-3.314718,0.0],[-44.446609,-3.31736,0.0],[-44.443979,-3.319656,0.0],[-44.444344,-3.322454,0.0],[-44.443428,-3.32433,0.0],[-44.444379,-3.32541,0.0],[-44.44402,-3.328521,0.0],[-44.446519,-3.331694,0.0],[-44.451402,-3.331637,0.0],[-44.455747,-3.334512,0.0],[-44.458245,-3.33948,0.0],[-44.456636,-3.341095,0.0],[-44.45677,-3.343155,0.0],[-44.463616,-3.345403,0.0],[-44.464398,-3.349068,0.0],[-44.469375,-3.349551,0.0],[-44.472875,-3.352138,0.0],[-44.47473,-3.356519,0.0],[-44.476729,-3.358962,0.0],[-44.478587,-3.359753,0.0],[-44.482302,-3.360186,0.0],[-44.482982,-3.361873,0.0],[-44.481352,-3.364057,0.0],[-44.480397,-3.368557,0.0],[-44.482492,-3.369707,0.0],[-44.484326,-3.369827,0.0],[-44.487519,-3.373687,0.0],[-44.489125,-3.377131,0.0],[-44.489352,-3.380176,0.0],[-44.490266,-3.381038,0.0],[-44.493696,-3.379201,0.0],[-44.494095,-3.382361,0.0],[-44.495237,-3.384028,0.0],[-44.496952,-3.384431,0.0],[-44.500782,-3.383571,0.0],[-44.501525,-3.384835,0.0],[-44.503525,-3.385009,0.0],[-44.505983,-3.386216,0.0],[-44.509241,-3.385988,0.0],[-44.51107,-3.386506,0.0],[-44.51084,-3.39024,0.0],[-44.510096,-3.392078,0.0],[-44.508837,-3.393169,0.0],[-44.509465,-3.39495,0.0],[-44.50896,-3.397401,0.0],[-44.51021,-3.399556,0.0],[-44.511279,-3.403985,0.0],[-44.512231,-3.40572,0.0],[-44.5189,-3.406562,0.0],[-44.519315,-3.409673,0.0],[-44.520326,-3.411649,0.0],[-44.519193,-3.416196,0.0],[-44.519966,-3.417812,0.0],[-44.517404,-3.421042,0.0],[-44.515677,-3.421879,0.0],[-44.514425,-3.424451,0.0],[-44.514365,-3.426508,0.0],[-44.515376,-3.429082,0.0],[-44.513619,-3.429679,0.0],[-44.512815,-3.430995,0.0],[-44.510672,-3.431831,0.0],[-44.509957,-3.43298,0.0],[-44.510992,-3.436104,0.0],[-44.51149,-3.440879,0.0],[-44.510703,-3.442064,0.0],[-44.510444,-3.444688,0.0],[-44.511015,-3.445997,0.0],[-44.512361,-3.446673,0.0],[-44.516317,-3.44718,0.0],[-44.517698,-3.449,0.0],[-44.521222,-3.451108,0.0],[-44.521745,-3.453215,0.0],[-44.523555,-3.454939,0.0],[-44.523732,-3.459174,0.0],[-44.525876,-3.460109,0.0],[-44.526768,-3.461294,0.0],[-44.528483,-3.4623,0.0],[-44.532199,-3.462482,0.0],[-44.534021,-3.462016,0.0],[-44.535798,-3.462408,0.0],[-44.536722,-3.461182,0.0],[-44.537734,-3.461631,0.0],[-44.537942,-3.463097,0.0],[-44.53949,-3.464115,0.0],[-44.541038,-3.463937,0.0],[-44.54196,-3.465164,0.0],[-44.541692,-3.466929,0.0],[-44.542836,-3.469296,0.0],[-44.541478,-3.470588,0.0],[-44.541048,-3.472455,0.0],[-44.539618,-3.47425,0.0],[-44.540546,-3.476548,0.0],[-44.540544,-3.48021,0.0],[-44.539972,-3.480928,0.0],[-44.537972,-3.479563,0.0],[-44.534855,-3.480852,0.0],[-44.533246,-3.482707,0.0],[-44.533304,-3.484981,0.0],[-44.53378,-3.485878,0.0],[-44.541663,-3.488539,0.0],[-44.550596,-3.488663,0.0],[-44.551251,-3.48986,0.0],[-44.551642,-3.491309,0.0],[-44.55071,-3.497269,0.0],[-44.553032,-3.502429,0.0],[-44.55427,-3.5031,0.0],[-44.553792,-3.506738,0.0],[-44.554076,-3.511094,0.0],[-44.554885,-3.513728,0.0],[-44.551726,-3.518382,0.0],[-44.549081,-3.519745,0.0],[-44.548437,-3.521252,0.0],[-44.549008,-3.522796,0.0],[-44.55333,-3.523446,0.0],[-44.557867,-3.525638,0.0],[-44.560226,-3.525926,0.0],[-44.561476,-3.52564,0.0],[-44.563049,-3.523809,0.0],[-44.565158,-3.5232,0.0],[-44.566469,-3.521407,0.0],[-44.569661,-3.522366,0.0],[-44.572472,-3.521362,0.0],[-44.578713,-3.521748,0.0],[-44.577044,-3.525194,0.0],[-44.575471,-3.526964,0.0],[-44.575089,-3.528448,0.0],[-44.573686,-3.528852,0.0],[-44.571243,-3.532861,0.0],[-44.570883,-3.537289,0.0],[-44.571181,-3.538186,0.0],[-44.574872,-3.541659,0.0],[-44.579456,-3.545251,0.0],[-44.580526,-3.547885,0.0],[-44.584217,-3.552015,0.0],[-44.584573,-3.556204,0.0],[-44.587252,-3.557462,0.0],[-44.587905,-3.56225,0.0],[-44.586404,-3.564106,0.0],[-44.586546,-3.566309,0.0],[-44.584687,-3.568558,0.0],[-44.585067,-3.570712,0.0],[-44.586115,-3.572484,0.0],[-44.589116,-3.573873,0.0],[-44.592384,-3.573841,0.0],[-44.593406,-3.574913,0.0],[-44.59573,-3.573537,0.0],[-44.596381,-3.581018,0.0],[-44.594237,-3.582752,0.0],[-44.594831,-3.584428,0.0],[-44.594923,-3.58817,0.0],[-44.598679,-3.591508,0.0],[-44.599627,-3.593483,0.0],[-44.59888,-3.595559,0.0],[-44.596746,-3.59549,0.0],[-44.597206,-3.600029,0.0],[-44.596829,-3.6028,0.0],[-44.593755,-3.605696,0.0],[-44.593755,-3.606767,0.0],[-44.59645,-3.609969,0.0],[-44.595509,-3.614842,0.0],[-44.596891,-3.618161,0.0],[-44.593996,-3.62113,0.0],[-44.59346,-3.623564,0.0],[-44.595536,-3.624386,0.0],[-44.597014,-3.625714,0.0],[-44.600914,-3.626222,0.0],[-44.602015,-3.627739,0.0],[-44.60324,-3.631375,0.0],[-44.604466,-3.632576,0.0],[-44.604717,-3.634378,0.0],[-44.60593,-3.635113,0.0],[-44.605501,-3.638638,0.0],[-44.604216,-3.639928,0.0],[-44.602075,-3.644785,0.0],[-44.606695,-3.648141,0.0],[-44.608749,-3.648529,0.0],[-44.61427,-3.647241,0.0],[-44.615083,-3.651237,0.0],[-44.615083,-3.652341,0.0],[-44.614106,-3.653628,0.0],[-44.610748,-3.654975,0.0],[-44.608653,-3.656892,0.0],[-44.607336,-3.655303,0.0],[-44.604281,-3.655287,0.0],[-44.602167,-3.655893,0.0],[-44.598694,-3.658621,0.0],[-44.598713,-3.662316,0.0],[-44.596507,-3.66806,0.0],[-44.596565,-3.670633,0.0],[-44.59448,-3.673205,0.0],[-44.594715,-3.680625,0.0],[-44.597513,-3.682601,0.0],[-44.598601,-3.684802,0.0],[-44.594097,-3.686882,0.0],[-44.591952,-3.689107,0.0],[-44.59195,-3.692123,0.0],[-44.593449,-3.697509,0.0],[-44.59595,-3.699162,0.0],[-44.598165,-3.699666,0.0],[-44.598594,-3.700959,0.0],[-44.598164,-3.702466,0.0],[-44.597092,-3.70304,0.0],[-44.595662,-3.702896,0.0],[-44.591874,-3.70153,0.0],[-44.590802,-3.701817,0.0],[-44.589157,-3.703396,0.0],[-44.588227,-3.70555,0.0],[-44.583867,-3.70447,0.0],[-44.582711,-3.704929,0.0],[-44.581375,-3.708758,0.0],[-44.580135,-3.70938,0.0],[-44.57213,-3.708849,0.0],[-44.569794,-3.711242,0.0],[-44.569646,-3.72163,0.0],[-44.56874,-3.722491,0.0],[-44.565785,-3.723352,0.0],[-44.562754,-3.72624,0.0],[-44.565434,-3.728575,0.0],[-44.564181,-3.732943,0.0],[-44.563287,-3.733421,0.0],[-44.56275,-3.734738,0.0],[-44.562988,-3.735456,0.0],[-44.565132,-3.735876,0.0],[-44.566145,-3.735218,0.0],[-44.568171,-3.735219,0.0],[-44.568468,-3.736835,0.0],[-44.565784,-3.743476,0.0],[-44.563579,-3.745629,0.0],[-44.562744,-3.747483,0.0],[-44.562256,-3.753488,0.0],[-44.558537,-3.758082,0.0],[-44.555534,-3.758942,0.0],[-44.555105,-3.759516,0.0],[-44.559534,-3.764689,0.0],[-44.561965,-3.765264,0.0],[-44.565682,-3.764117,0.0],[-44.567684,-3.764549,0.0],[-44.567969,-3.765555,0.0],[-44.564964,-3.771298,0.0],[-44.563104,-3.77302,0.0],[-44.559386,-3.774598,0.0],[-44.558385,-3.776177,0.0],[-44.556238,-3.781203,0.0],[-44.554092,-3.784218,0.0],[-44.554117,-3.789183,0.0],[-44.552149,-3.792414,0.0],[-44.545893,-3.795223,0.0],[-44.545356,-3.796958,0.0],[-44.545355,-3.798753,0.0],[-44.547379,-3.801986,0.0],[-44.548568,-3.806354,0.0],[-44.548923,-3.810783,0.0],[-44.55041,-3.814972,0.0],[-44.552582,-3.818621,0.0],[-44.552581,-3.819866,0.0],[-44.551151,-3.820823,0.0],[-44.550674,-3.821971,0.0],[-44.552579,-3.823887,0.0],[-44.557725,-3.826092,0.0],[-44.558678,-3.827911,0.0],[-44.557818,-3.832124,0.0],[-44.555815,-3.833846,0.0],[-44.54876,-3.837193,0.0],[-44.544661,-3.836713,0.0],[-44.539132,-3.837284,0.0],[-44.537702,-3.839007,0.0],[-44.537701,-3.840922,0.0],[-44.540081,-3.845518,0.0],[-44.54027,-3.848393,0.0],[-44.506263,-3.848682,0.0],[-44.492698,-3.879663,0.0],[-44.488727,-3.878463,0.0],[-44.485294,-3.880184,0.0],[-44.482148,-3.880278,0.0],[-44.47986,-3.881138,0.0],[-44.478047,-3.884584,0.0],[-44.474994,-3.888603,0.0],[-44.470892,-3.893196,0.0],[-44.468126,-3.895396,0.0],[-44.467744,-3.897024,0.0],[-44.468124,-3.898747,0.0],[-44.470602,-3.900377,0.0],[-44.471935,-3.902196,0.0],[-44.471836,-3.908132,0.0],[-44.473169,-3.910144,0.0],[-44.476791,-3.911869,0.0],[-44.477074,-3.915891,0.0],[-44.480942,-3.918423,0.0],[-44.48096,-3.919463,0.0],[-44.474823,-3.919169,0.0],[-44.473952,-3.922332,0.0],[-44.477728,-3.92496,0.0],[-44.479586,-3.927471,0.0],[-44.480689,-3.928055,0.0],[-44.484525,-3.928408,0.0],[-44.488039,-3.927591,0.0],[-44.491714,-3.928641,0.0],[-44.493183,-3.930357,0.0],[-44.492353,-3.93088,0.0],[-44.487895,-3.930425,0.0],[-44.486536,-3.934347,0.0],[-44.488659,-3.937858,0.0],[-44.488716,-3.940139,0.0],[-44.488337,-3.940577,0.0],[-44.486503,-3.940196,0.0],[-44.48362,-3.94192,0.0],[-44.482191,-3.945223,0.0],[-44.480151,-3.947064,0.0],[-44.479327,-3.950548,0.0],[-44.473426,-3.950479,0.0],[-44.471262,-3.952848,0.0],[-44.467918,-3.952385,0.0],[-44.467327,-3.953899,0.0],[-44.46497,-3.955385,0.0],[-44.459309,-3.954925,0.0],[-44.459327,-3.958941,0.0],[-44.459847,-3.960035,0.0],[-44.459605,-3.967165,0.0],[-44.457474,-3.969588,0.0],[-44.45534,-3.973524,0.0],[-44.455835,-3.975085,0.0],[-44.459337,-3.977842,0.0],[-44.45927,-3.978838,0.0],[-44.458343,-3.980298,0.0],[-44.456228,-3.979766,0.0],[-44.454872,-3.980661,0.0],[-44.453548,-3.983781,0.0],[-44.453977,-3.985341,0.0],[-44.456653,-3.987368,0.0],[-44.458753,-3.98801,0.0],[-44.459905,-3.989684,0.0],[-44.459861,-3.992001,0.0],[-44.461055,-3.995519,0.0],[-44.461402,-4.000466,0.0],[-44.462525,-4.001904,0.0],[-44.467531,-4.001804,0.0],[-44.475806,-4.004477,0.0],[-44.479073,-4.008481,0.0],[-44.479991,-4.011252,0.0],[-44.479407,-4.012588,0.0],[-44.476256,-4.013659,0.0],[-44.473532,-4.013711,0.0],[-44.470649,-4.013012,0.0],[-44.467818,-4.014351,0.0],[-44.466855,-4.01746,0.0],[-44.466479,-4.021,0.0],[-44.467756,-4.026846,0.0],[-44.467433,-4.032101,0.0],[-44.469415,-4.036247,0.0],[-44.473372,-4.040334,0.0],[-44.4744,-4.043166,0.0],[-44.47733,-4.041589,0.0],[-44.477873,-4.040663,0.0],[-44.478744,-4.033965,0.0],[-44.479993,-4.031788,0.0],[-44.482271,-4.031136,0.0],[-44.484928,-4.0319,0.0],[-44.48764,-4.030377,0.0],[-44.489646,-4.032121,0.0],[-44.491595,-4.036696,0.0],[-44.4923,-4.037296,0.0],[-44.493927,-4.036698,0.0],[-44.494606,-4.036973,0.0],[-44.496144,-4.043206,0.0],[-44.499384,-4.044955,0.0],[-44.498314,-4.049004,0.0],[-44.49863,-4.050671,0.0],[-44.500886,-4.051987,0.0],[-44.503551,-4.051003,0.0],[-44.504522,-4.052072,0.0],[-44.504475,-4.053466,0.0],[-44.505446,-4.05421,0.0],[-44.508592,-4.05463,0.0],[-44.514469,-4.054262,0.0],[-44.517337,-4.055936,0.0],[-44.517958,-4.06787,0.0],[-44.517292,-4.070347,0.0],[-44.515298,-4.072633,0.0],[-44.512577,-4.074598,0.0],[-44.50909,-4.075073,0.0],[-44.502594,-4.074115,0.0],[-44.496438,-4.074231,0.0],[-44.493953,-4.077024,0.0],[-44.496133,-4.082657,0.0],[-44.496472,-4.087172,0.0],[-44.495797,-4.088942,0.0],[-44.493513,-4.090917,0.0],[-44.492989,-4.093018,0.0],[-44.496542,-4.099253,0.0],[-44.495495,-4.101179,0.0],[-44.49382,-4.102193,0.0],[-44.493233,-4.103481,0.0],[-44.496019,-4.110545,0.0],[-44.497588,-4.11075,0.0],[-44.501623,-4.10949,0.0],[-44.502692,-4.110349,0.0],[-44.502263,-4.112496,0.0],[-44.502619,-4.112997,0.0],[-44.505113,-4.113786,0.0],[-44.505823,-4.117364,0.0],[-44.505464,-4.1218,0.0],[-44.506818,-4.122803,0.0],[-44.511322,-4.123187,0.0],[-44.512583,-4.123892,0.0],[-44.512722,-4.125862,0.0],[-44.509777,-4.127831,0.0],[-44.509426,-4.128676,0.0],[-44.509425,-4.129802,0.0],[-44.511666,-4.132548,0.0],[-44.510472,-4.136418,0.0],[-44.512454,-4.1393,0.0],[-44.512667,-4.14088,0.0],[-44.512521,-4.146266,0.0],[-44.511373,-4.151794,0.0],[-44.51266,-4.153303,0.0],[-44.519094,-4.15661,0.0],[-44.521739,-4.15934,0.0],[-44.521802,-4.162446,0.0],[-44.518297,-4.164526,0.0],[-44.515291,-4.167612,0.0],[-44.51443,-4.171992,0.0],[-44.516432,-4.173788,0.0],[-44.52344,-4.174726,0.0],[-44.525084,-4.175589,0.0],[-44.525441,-4.17645,0.0],[-44.523509,-4.178675,0.0],[-44.520785,-4.179476,0.0],[-44.51964,-4.180408,0.0],[-44.518923,-4.183711,0.0],[-44.519063,-4.187876,0.0],[-44.522779,-4.193048,0.0],[-44.529499,-4.197361,0.0],[-44.530499,-4.200593,0.0],[-44.521823,-4.204948,0.0],[-44.52206,-4.206744,0.0],[-44.523728,-4.209258,0.0],[-44.523964,-4.21237,0.0],[-44.52258,-4.214092,0.0],[-44.518907,-4.216436,0.0],[-44.516331,-4.219689,0.0],[-44.513849,-4.221764,0.0],[-44.510129,-4.22327,0.0],[-44.496611,-4.223836,0.0],[-44.495824,-4.224481,0.0],[-44.495894,-4.226492,0.0],[-44.499182,-4.229654,0.0],[-44.499753,-4.23109,0.0],[-44.500393,-4.236763,0.0],[-44.502323,-4.239134,0.0],[-44.503037,-4.241361,0.0],[-44.502892,-4.243658,0.0],[-44.504391,-4.248686,0.0],[-44.507632,-4.253345,0.0],[-44.512058,-4.26359,0.0],[-44.51506,-4.265638,0.0],[-44.515274,-4.266715,0.0],[-44.511886,-4.27514,0.0],[-44.506517,-4.281868,0.0],[-44.502939,-4.285007,0.0],[-44.488032,-4.292477,0.0],[-44.485795,-4.295318,0.0],[-44.484451,-4.299506,0.0],[-44.486185,-4.304725,0.0],[-44.489542,-4.311836,0.0],[-44.490614,-4.31356,0.0],[-44.493688,-4.316075,0.0],[-44.494579,-4.320758,0.0],[-44.495786,-4.322882,0.0],[-44.506052,-4.333808,0.0],[-44.512396,-4.336845,0.0],[-44.513451,-4.338197,0.0],[-44.515592,-4.345666,0.0],[-44.51509,-4.347461,0.0],[-44.512131,-4.351361,0.0],[-44.511555,-4.356818,0.0],[-44.512239,-4.359052,0.0],[-44.514742,-4.360705,0.0],[-44.515383,-4.364296,0.0],[-44.519102,-4.365519,0.0],[-44.521175,-4.368608,0.0],[-44.522032,-4.371337,0.0],[-44.520813,-4.374855,0.0],[-44.521313,-4.376938,0.0],[-44.525544,-4.379802,0.0],[-44.527546,-4.382819,0.0],[-44.528559,-4.386252,0.0],[-44.528078,-4.392954,0.0],[-44.530754,-4.404253,0.0],[-44.530323,-4.406551,0.0],[-44.527171,-4.412868,0.0],[-44.518653,-4.420474,0.0],[-44.513143,-4.422122,0.0],[-44.511147,-4.4209,0.0],[-44.508953,-4.421185,0.0],[-44.505899,-4.423194,0.0],[-44.503796,-4.430086,0.0],[-44.50227,-4.429702,0.0],[-44.499598,-4.431232,0.0],[-44.498167,-4.430944,0.0],[-44.496357,-4.428166,0.0],[-44.493305,-4.427398,0.0],[-44.484434,-4.427057,0.0],[-44.480331,-4.428346,0.0],[-44.480331,-4.432176,0.0],[-44.481188,-4.434187,0.0],[-44.479826,-4.437777,0.0],[-44.480111,-4.440075,0.0],[-44.479393,-4.44309,0.0],[-44.478749,-4.444382,0.0],[-44.474813,-4.444954,0.0],[-44.474083,-4.448687,0.0],[-44.476084,-4.452135,0.0],[-44.47644,-4.45429,0.0],[-44.473936,-4.45436,0.0],[-44.472074,-4.456656,0.0],[-44.471359,-4.456799,0.0],[-44.468856,-4.454428,0.0],[-44.467661,-4.454768,0.0],[-44.466872,-4.457711,0.0],[-44.467357,-4.464578,0.0],[-44.46435,-4.466635,0.0],[-44.46187,-4.466298,0.0],[-44.460199,-4.468738,0.0],[-44.459102,-4.46912,0.0],[-44.453188,-4.468206,0.0],[-44.450135,-4.469592,0.0],[-44.44818,-4.468394,0.0],[-44.445509,-4.467913,0.0],[-44.443267,-4.468103,0.0],[-44.439737,-4.469632,0.0],[-44.4384,-4.471642,0.0],[-44.439304,-4.473749,0.0],[-44.438779,-4.474801,0.0],[-44.4308,-4.48081,0.0],[-44.430566,-4.478673,0.0],[-44.429459,-4.480654,0.0],[-44.429838,-4.484053,0.0],[-44.427977,-4.484674,0.0],[-44.423064,-4.484479,0.0],[-44.422443,-4.485484,0.0],[-44.422124,-4.489308,0.0],[-44.420514,-4.489989,0.0],[-44.416149,-4.49056,0.0],[-44.410069,-4.488652,0.0],[-44.408747,-4.487143,0.0],[-44.40689,-4.482726,0.0],[-44.405472,-4.481677,0.0],[-44.402229,-4.481817,0.0],[-44.399843,-4.48306,0.0],[-44.395169,-4.482386,0.0],[-44.393001,-4.482923,0.0],[-44.392035,-4.483927,0.0],[-44.392355,-4.485256,0.0],[-44.395359,-4.487448,0.0],[-44.396466,-4.489352,0.0],[-44.39668,-4.489963,0.0],[-44.395749,-4.491219,0.0],[-44.395461,-4.493157,0.0],[-44.394172,-4.494233,0.0],[-44.39167,-4.492472,0.0],[-44.389806,-4.496599,0.0],[-44.387266,-4.496597,0.0],[-44.385814,-4.498449,0.0],[-44.386347,-4.502039,0.0],[-44.382888,-4.503203,0.0],[-44.383775,-4.50708,0.0],[-44.383379,-4.509485,0.0],[-44.38513,-4.512359,0.0],[-44.384518,-4.516307,0.0],[-44.386842,-4.51893,0.0],[-44.387341,-4.520331,0.0],[-44.387133,-4.525702,0.0],[-44.384807,-4.527555,0.0],[-44.378753,-4.529524,0.0],[-44.377259,-4.533592,0.0],[-44.379566,-4.53884,0.0],[-44.379146,-4.541771,0.0],[-44.376818,-4.544642,0.0],[-44.375387,-4.54485,0.0],[-44.373897,-4.54428,0.0],[-44.370883,-4.546641,0.0],[-44.37326,-4.550093,0.0],[-44.370428,-4.556553,0.0],[-44.371607,-4.558529,0.0],[-44.374507,-4.55907,0.0],[-44.374218,-4.561762,0.0],[-44.375648,-4.563128,0.0],[-44.368364,-4.573887,0.0],[-44.372032,-4.57906,0.0],[-44.371983,-4.581454,0.0],[-44.369904,-4.585562,0.0],[-44.372096,-4.588149,0.0],[-44.372951,-4.592362,0.0],[-44.374142,-4.594086,0.0],[-44.374094,-4.5949,0.0],[-44.369319,-4.599395,0.0],[-44.367029,-4.599824,0.0],[-44.364785,-4.601928,0.0],[-44.362017,-4.603075,0.0],[-44.361587,-4.60408,0.0],[-44.362347,-4.607383,0.0],[-44.361296,-4.608986,0.0],[-44.361629,-4.610997,0.0],[-44.359,-4.615877,0.0],[-44.359762,-4.617649,0.0],[-44.361955,-4.619326,0.0],[-44.362764,-4.622151,0.0],[-44.364193,-4.624259,0.0],[-44.36537,-4.629502,0.0],[-44.364778,-4.630593,0.0],[-44.362544,-4.63174,0.0],[-44.358365,-4.631956,0.0],[-44.35698,-4.633917,0.0],[-44.356834,-4.636167,0.0],[-44.36065,-4.63775,0.0],[-44.364513,-4.638185,0.0],[-44.366516,-4.639,0.0],[-44.367802,-4.641347,0.0],[-44.367706,-4.6424,0.0],[-44.364364,-4.645796,0.0],[-44.363683,-4.649395,0.0],[-44.361247,-4.652025,0.0],[-44.357621,-4.652644,0.0],[-44.350414,-4.655606,0.0],[-44.347171,-4.655124,0.0],[-44.344354,-4.656845,0.0],[-44.341945,-4.657201,0.0],[-44.34039,-4.661628,0.0],[-44.335735,-4.664735,0.0],[-44.327389,-4.662573,0.0],[-44.324165,-4.665801,0.0],[-44.323686,-4.668194,0.0],[-44.325588,-4.674658,0.0],[-44.324507,-4.678148,0.0],[-44.324077,-4.678938,0.0],[-44.32193,-4.679367,0.0],[-44.321571,-4.680228,0.0],[-44.321782,-4.683962,0.0],[-44.32829,-4.68842,0.0],[-44.333512,-4.691225,0.0],[-44.335156,-4.693022,0.0],[-44.339157,-4.699919,0.0],[-44.339614,-4.702125,0.0],[-44.34164,-4.70452,0.0],[-44.341751,-4.712897,0.0],[-44.341212,-4.715589,0.0],[-44.341972,-4.720221,0.0],[-44.341613,-4.721584,0.0],[-44.331803,-4.726458,0.0],[-44.330299,-4.728108,0.0],[-44.330151,-4.732416,0.0],[-44.331713,-4.73623,0.0],[-44.328608,-4.740236,0.0],[-44.328067,-4.744304,0.0],[-44.32556,-4.746336,0.0],[-44.324839,-4.752438,0.0],[-44.327453,-4.757038,0.0],[-44.329742,-4.758361,0.0],[-44.332831,-4.762213,0.0],[-44.335406,-4.763135,0.0],[-44.336091,-4.766122,0.0],[-44.338093,-4.76802,0.0],[-44.337633,-4.769915,0.0],[-44.335913,-4.772211,0.0],[-44.337858,-4.775844,0.0],[-44.339289,-4.776468,0.0],[-44.341528,-4.779581,0.0],[-44.343914,-4.78011,0.0],[-44.345582,-4.781643,0.0],[-44.345915,-4.782888,0.0],[-44.344527,-4.787195,0.0],[-44.344527,-4.791304,0.0],[-44.342516,-4.798662,0.0],[-44.342656,-4.801642,0.0],[-44.343179,-4.804244,0.0],[-44.347289,-4.810243,0.0],[-44.346347,-4.81515,0.0],[-44.348369,-4.822033,0.0],[-44.347769,-4.825144,0.0],[-44.348544,-4.825624,0.0],[-44.352125,-4.823593,0.0],[-44.354928,-4.824553,0.0],[-44.360711,-4.827849,0.0],[-44.36448,-4.831806,0.0],[-44.366767,-4.835614,0.0],[-44.368126,-4.836189,0.0],[-44.371347,-4.836264,0.0],[-44.373565,-4.837415,0.0],[-44.371266,-4.846748,0.0],[-44.368258,-4.848755,0.0],[-44.36833,-4.851563,0.0],[-44.370162,-4.852542,0.0],[-44.370562,-4.853461,0.0],[-44.368324,-4.857882,0.0],[-44.366945,-4.863625,0.0],[-44.367971,-4.867877,0.0],[-44.368601,-4.86828,0.0],[-44.374215,-4.86593,0.0],[-44.375532,-4.86627,0.0],[-44.377361,-4.870063,0.0],[-44.378387,-4.87598,0.0],[-44.376438,-4.877529,0.0],[-44.375233,-4.879883,0.0],[-44.370021,-4.880568,0.0],[-44.37002,-4.882349,0.0],[-44.376967,-4.884669,0.0],[-44.378182,-4.887327,0.0],[-44.380078,-4.888334,0.0],[-44.380471,-4.889232,0.0],[-44.380111,-4.891601,0.0],[-44.382791,-4.895768,0.0],[-44.384474,-4.895662,0.0],[-44.386622,-4.894623,0.0],[-44.388554,-4.895774,0.0],[-44.389304,-4.897785,0.0],[-44.388247,-4.902954,0.0],[-44.391071,-4.906977,0.0],[-44.391725,-4.90906,0.0],[-44.39983,-4.918929,0.0],[-44.402502,-4.920271,0.0],[-44.403552,-4.919315,0.0],[-44.404988,-4.915008,0.0],[-44.407184,-4.914244,0.0],[-44.408902,-4.914246,0.0],[-44.414437,-4.916261,0.0],[-44.417587,-4.916647,0.0],[-44.418445,-4.917413,0.0],[-44.418481,-4.92668,0.0],[-44.426337,-4.934573,0.0],[-44.430267,-4.936244,0.0],[-44.431778,-4.937459,0.0],[-44.432081,-4.938565,0.0],[-44.430791,-4.940575,0.0],[-44.429502,-4.941004,0.0],[-44.426138,-4.940212,0.0],[-44.424202,-4.942651,0.0],[-44.424058,-4.943872,0.0],[-44.427422,-4.945455,0.0],[-44.430358,-4.94438,0.0],[-44.432076,-4.945243,0.0],[-44.432145,-4.947685,0.0],[-44.434436,-4.948189,0.0],[-44.438871,-4.95286,0.0],[-44.439012,-4.954512,0.0],[-44.436218,-4.956664,0.0],[-44.436431,-4.959177,0.0],[-44.439866,-4.960472,0.0],[-44.442576,-4.96275,0.0],[-44.441858,-4.965562,0.0],[-44.43917,-4.969928,0.0],[-44.439105,-4.97621,0.0],[-44.439997,-4.983363,0.0],[-44.443948,-4.984745,0.0],[-44.444689,-4.988824,0.0],[-44.445777,-4.990089,0.0],[-44.448871,-4.988598,0.0],[-44.453341,-4.98527,0.0],[-44.454601,-4.985673,0.0],[-44.454885,-4.98912,0.0],[-44.457003,-4.990213,0.0],[-44.457918,-4.992282,0.0],[-44.455643,-4.998158,0.0],[-44.456891,-5.004227,0.0],[-44.459181,-5.005485,0.0],[-44.462584,-5.002508,0.0],[-44.465341,-5.0019,0.0],[-44.466153,-5.002611,0.0],[-44.466895,-5.005483,0.0],[-44.470044,-5.007841,0.0],[-44.470214,-5.009852,0.0],[-44.468953,-5.011114,0.0],[-44.468207,-5.013124,0.0],[-44.465742,-5.014961,0.0],[-44.465396,-5.017833,0.0],[-44.468659,-5.019788,0.0],[-44.471524,-5.018814,0.0],[-44.477824,-5.0206,0.0],[-44.481433,-5.019569,0.0],[-44.483725,-5.0198,0.0],[-44.485564,-5.023718,0.0],[-44.48796,-5.026197,0.0],[-44.490502,-5.026127,0.0],[-44.497338,-5.029543,0.0],[-44.502351,-5.029116,0.0],[-44.504963,-5.030195,0.0],[-44.504998,-5.031416,0.0],[-44.502348,-5.032778,0.0],[-44.501344,-5.03407,0.0],[-44.501594,-5.035441,0.0],[-44.500208,-5.037067,0.0],[-44.500254,-5.039221,0.0],[-44.501972,-5.040563,0.0],[-44.506792,-5.042529,0.0],[-44.507889,-5.04387,0.0],[-44.507219,-5.04545,0.0],[-44.506121,-5.046071,0.0],[-44.501203,-5.046833,0.0],[-44.498718,-5.050805,0.0],[-44.49485,-5.052525,0.0],[-44.49127,-5.052474,0.0],[-44.488211,-5.053736,0.0],[-44.486397,-5.052873,0.0],[-44.484631,-5.052872,0.0],[-44.482816,-5.053732,0.0],[-44.480764,-5.053539,0.0],[-44.478998,-5.052484,0.0],[-44.477375,-5.053153,0.0],[-44.475127,-5.058225,0.0],[-44.474933,-5.062486,0.0],[-44.473738,-5.064304,0.0],[-44.473678,-5.067824,0.0],[-44.472061,-5.074884,0.0],[-44.468121,-5.076616,0.0],[-44.465014,-5.081101,0.0],[-44.462208,-5.083432,0.0],[-44.460954,-5.08391,0.0],[-44.459464,-5.082233,0.0],[-44.455944,-5.081213,0.0],[-44.452004,-5.082047,0.0],[-44.450097,-5.079952,0.0],[-44.448962,-5.08031,0.0],[-44.448305,-5.081087,0.0],[-44.447347,-5.085634,0.0],[-44.449406,-5.0896,0.0],[-44.449045,-5.09258,0.0],[-44.451655,-5.096459,0.0],[-44.451044,-5.100013,0.0],[-44.451274,-5.106088,0.0],[-44.449052,-5.10824,0.0],[-44.448193,-5.108383,0.0],[-44.44669,-5.107592,0.0],[-44.444979,-5.098759,0.0],[-44.439893,-5.100047,0.0],[-44.434806,-5.103058,0.0],[-44.432656,-5.10521,0.0],[-44.432726,-5.107652,0.0],[-44.433941,-5.110094,0.0],[-44.433582,-5.111027,0.0],[-44.427563,-5.114469,0.0],[-44.426201,-5.116909,0.0],[-44.419324,-5.119416,0.0],[-44.416531,-5.118767,0.0],[-44.413494,-5.114611,0.0],[-44.408482,-5.11353,0.0],[-44.407124,-5.110225,0.0],[-44.403546,-5.107637,0.0],[-44.400399,-5.104188,0.0],[-44.39947,-5.101817,0.0],[-44.398826,-5.101529,0.0],[-44.392953,-5.102529,0.0],[-44.390877,-5.10145,0.0],[-44.388729,-5.101592,0.0],[-44.387511,-5.102165,0.0],[-44.384856,-5.107404,0.0],[-44.38242,-5.108263,0.0],[-44.379342,-5.107542,0.0],[-44.376122,-5.104811,0.0],[-44.37426,-5.104881,0.0],[-44.371395,-5.105955,0.0],[-44.369515,-5.108726,0.0],[-44.369055,-5.111081,0.0],[-44.368309,-5.112114,0.0],[-44.367163,-5.112458,0.0],[-44.365731,-5.111767,0.0],[-44.364129,-5.109927,0.0],[-44.362296,-5.109408,0.0],[-44.357253,-5.111069,0.0],[-44.354046,-5.110319,0.0],[-44.351467,-5.111121,0.0],[-44.35118,-5.111867,0.0],[-44.35261,-5.114339,0.0],[-44.355574,-5.123293,0.0],[-44.359865,-5.129221,0.0],[-44.36219,-5.130959,0.0],[-44.365228,-5.136706,0.0],[-44.36242,-5.139755,0.0],[-44.361167,-5.140112,0.0],[-44.357381,-5.139635,0.0],[-44.353145,-5.137046,0.0],[-44.350738,-5.137043,0.0],[-44.348844,-5.140603,0.0],[-44.348671,-5.141809,0.0],[-44.349699,-5.145142,0.0],[-44.349239,-5.146233,0.0],[-44.347691,-5.14761,0.0],[-44.344368,-5.148123,0.0],[-44.342073,-5.150591,0.0],[-44.337489,-5.15185,0.0],[-44.336078,-5.153101,0.0],[-44.336936,-5.154825,0.0],[-44.340714,-5.157931,0.0],[-44.340942,-5.15908,0.0],[-44.338762,-5.161547,0.0],[-44.338819,-5.162294,0.0],[-44.342538,-5.166376,0.0],[-44.346372,-5.171608,0.0],[-44.346771,-5.173044,0.0],[-44.341031,-5.176305,0.0],[-44.340226,-5.179062,0.0],[-44.338162,-5.1813,0.0],[-44.338765,-5.184649,0.0],[-44.336758,-5.18637,0.0],[-44.334179,-5.18766,0.0],[-44.33203,-5.187945,0.0],[-44.330023,-5.189235,0.0],[-44.330021,-5.191389,0.0],[-44.330673,-5.192845,0.0],[-44.333345,-5.195242,0.0],[-44.33549,-5.19869,0.0],[-44.336635,-5.198979,0.0],[-44.339883,-5.198168,0.0],[-44.343466,-5.195874,0.0],[-44.345781,-5.19604,0.0],[-44.347546,-5.197478,0.0],[-44.352791,-5.204855,0.0],[-44.358756,-5.207446,0.0],[-44.3594,-5.208904,0.0],[-44.357893,-5.21199,0.0],[-44.358389,-5.216586,0.0],[-44.359892,-5.218382,0.0],[-44.362182,-5.219677,0.0],[-44.366045,-5.22442,0.0],[-44.370555,-5.227225,0.0],[-44.372261,-5.23074,0.0],[-44.371971,-5.233784,0.0],[-44.369733,-5.237171,0.0],[-44.364104,-5.250492,0.0],[-44.361007,-5.252844,0.0],[-44.358932,-5.255508,0.0],[-44.356484,-5.256583,0.0],[-44.355348,-5.258018,0.0],[-44.355704,-5.26089,0.0],[-44.354269,-5.262803,0.0],[-44.356176,-5.265558,0.0],[-44.356709,-5.270345,0.0],[-44.356529,-5.271243,0.0],[-44.353481,-5.274112,0.0],[-44.352584,-5.276325,0.0],[-44.352761,-5.27788,0.0],[-44.354119,-5.279282,0.0],[-44.354173,-5.282039,0.0],[-44.355146,-5.283419,0.0],[-44.349411,-5.287548,0.0],[-44.348378,-5.28973,0.0],[-44.348145,-5.293062,0.0],[-44.345908,-5.295242,0.0],[-44.34666,-5.297915,0.0],[-44.350495,-5.302571,0.0],[-44.349515,-5.307453,0.0],[-44.346991,-5.310265,0.0],[-44.345957,-5.312619,0.0],[-44.346987,-5.314401,0.0],[-44.349125,-5.315602,0.0],[-44.34981,-5.31767,0.0],[-44.350555,-5.318303,0.0],[-44.355081,-5.319571,0.0],[-44.356452,-5.323536,0.0],[-44.358684,-5.326813,0.0],[-44.359026,-5.327905,0.0],[-44.358624,-5.328938,0.0],[-44.356099,-5.332267,0.0],[-44.355294,-5.334621,0.0],[-44.357811,-5.33899,0.0],[-44.358236,-5.341407,0.0],[-44.36006,-5.344102,0.0],[-44.360844,-5.348088,0.0],[-44.363491,-5.351645,0.0],[-44.364097,-5.354266,0.0],[-44.369141,-5.357227,0.0],[-44.375253,-5.358526,0.0],[-44.378306,-5.362071,0.0],[-44.379306,-5.36504,0.0],[-44.380213,-5.365663,0.0],[-44.38389,-5.365859,0.0],[-44.38436,-5.366309,0.0],[-44.383208,-5.371908,0.0],[-44.379265,-5.374453,0.0],[-44.378869,-5.376571,0.0],[-44.383348,-5.379685,0.0],[-44.387585,-5.380945,0.0],[-44.389733,-5.382503,0.0],[-44.392956,-5.383404,0.0],[-44.397732,-5.383229,0.0],[-44.400477,-5.385386,0.0],[-44.402027,-5.387422,0.0],[-44.404235,-5.3888,0.0],[-44.404711,-5.389758,0.0],[-44.400888,-5.391669,0.0],[-44.399692,-5.393762,0.0],[-44.400884,-5.39804,0.0],[-44.402816,-5.399765,0.0],[-44.404246,-5.40271,0.0],[-44.403527,-5.405653,0.0],[-44.402307,-5.407232,0.0],[-44.400659,-5.407661,0.0],[-44.399941,-5.409025,0.0],[-44.400083,-5.410676,0.0],[-44.400799,-5.411467,0.0],[-44.405769,-5.413071,0.0],[-44.406698,-5.415369,0.0],[-44.407123,-5.42054,0.0],[-44.405689,-5.422046,0.0],[-44.404256,-5.422188,0.0],[-44.402105,-5.423622,0.0],[-44.395012,-5.423184,0.0],[-44.394438,-5.424117,0.0],[-44.39558,-5.428139,0.0],[-44.395147,-5.431226,0.0],[-44.398514,-5.431804,0.0],[-44.400834,-5.433463,0.0],[-44.40002,-5.435377,0.0],[-44.400065,-5.43844,0.0],[-44.399396,-5.439014,0.0],[-44.399965,-5.442318,0.0],[-44.40574,-5.447397,0.0],[-44.41101,-5.447633,0.0],[-44.414237,-5.449647,0.0],[-44.417752,-5.450244,0.0],[-44.421831,-5.450028,0.0],[-44.423064,-5.450631,0.0],[-44.422346,-5.45221,0.0],[-44.422267,-5.460108,0.0],[-44.425487,-5.464419,0.0],[-44.429069,-5.465572,0.0],[-44.429498,-5.466506,0.0],[-44.427988,-5.47153,0.0],[-44.429061,-5.473829,0.0],[-44.428545,-5.477575,0.0],[-44.428946,-5.478552,0.0],[-44.435531,-5.486313,0.0],[-44.43639,-5.486428,0.0],[-44.439602,-5.484306,0.0],[-44.441494,-5.484538,0.0],[-44.442524,-5.486606,0.0],[-44.44206,-5.492235,0.0],[-44.444236,-5.494937,0.0],[-44.449508,-5.496632,0.0],[-44.451179,-5.497711,0.0],[-44.455121,-5.497116,0.0],[-44.458827,-5.492572,0.0],[-44.46038,-5.491975,0.0],[-44.466471,-5.492339,0.0],[-44.467308,-5.491023,0.0],[-44.467669,-5.488152,0.0],[-44.471852,-5.484326,0.0],[-44.473763,-5.483729,0.0],[-44.476152,-5.48409,0.0],[-44.477105,-5.486006,0.0],[-44.478759,-5.494232,0.0],[-44.476513,-5.50141,0.0],[-44.476511,-5.503804,0.0],[-44.477405,-5.506497,0.0],[-44.482029,-5.510391,0.0],[-44.484712,-5.515479,0.0],[-44.485755,-5.518173,0.0],[-44.486105,-5.527567,0.0],[-44.493118,-5.531762,0.0],[-44.493564,-5.534006,0.0],[-44.492965,-5.536249,0.0],[-44.491321,-5.538492,0.0],[-44.487287,-5.542378,0.0],[-44.483104,-5.544618,0.0],[-44.479667,-5.548803,0.0],[-44.480853,-5.558677,0.0],[-44.479356,-5.562266,0.0],[-44.473082,-5.567048,0.0],[-44.470988,-5.570187,0.0],[-44.469495,-5.573963,0.0],[-44.469586,-5.577984,0.0],[-44.46767,-5.58411,0.0],[-44.464703,-5.589372,0.0],[-44.463455,-5.595881,0.0],[-44.462018,-5.599805,0.0],[-44.458766,-5.603057,0.0],[-44.452838,-5.606211,0.0],[-44.447977,-5.610176,0.0],[-44.448452,-5.613887,0.0],[-44.447131,-5.620467,0.0],[-44.449553,-5.630039,0.0],[-44.448176,-5.633329,0.0],[-44.450324,-5.635964,0.0],[-44.451397,-5.638717,0.0],[-44.450557,-5.642127,0.0],[-44.450672,-5.647513,0.0],[-44.447109,-5.656529,0.0],[-44.443999,-5.660954,0.0],[-44.440413,-5.663105,0.0],[-44.439037,-5.666798,0.0],[-44.439897,-5.667756,0.0],[-44.44133,-5.66814,0.0],[-44.44744,-5.674752,0.0],[-44.449349,-5.677626,0.0],[-44.450111,-5.679541,0.0],[-44.449819,-5.685381,0.0],[-44.450344,-5.688785,0.0],[-44.453722,-5.69459,0.0],[-44.454235,-5.697922,0.0],[-44.458647,-5.701545,0.0],[-44.458775,-5.704177,0.0],[-44.455965,-5.706328,0.0],[-44.454291,-5.7086,0.0],[-44.457812,-5.711536,0.0],[-44.461571,-5.716805,0.0],[-44.462404,-5.720515,0.0],[-44.462223,-5.722071,0.0],[-44.460188,-5.725839,0.0],[-44.460605,-5.726976,0.0],[-44.464569,-5.729089,0.0],[-44.464325,-5.733779,0.0],[-44.464755,-5.734642,0.0],[-44.466283,-5.735648,0.0],[-44.470221,-5.740335,0.0],[-44.473328,-5.740338,0.0],[-44.475959,-5.737947,0.0],[-44.479066,-5.737112,0.0],[-44.488114,-5.738313,0.0],[-44.49232,-5.737551,0.0],[-44.501199,-5.737492,0.0],[-44.502057,-5.740005,0.0],[-44.503848,-5.741802,0.0],[-44.506213,-5.741589,0.0],[-44.508005,-5.742165,0.0],[-44.509654,-5.741664,0.0],[-44.515877,-5.747755,0.0],[-44.516737,-5.748115,0.0],[-44.51982,-5.747543,0.0],[-44.521397,-5.748047,0.0],[-44.523904,-5.750419,0.0],[-44.527058,-5.751067,0.0],[-44.52942,-5.755306,0.0],[-44.525327,-5.762914,0.0],[-44.525183,-5.764206,0.0],[-44.525827,-5.765499,0.0],[-44.527618,-5.767726,0.0],[-44.532133,-5.769597,0.0],[-44.534745,-5.772322,0.0],[-44.543821,-5.778217,0.0],[-44.548071,-5.78272,0.0],[-44.547688,-5.784443,0.0],[-44.545966,-5.78516,0.0],[-44.544483,-5.786834,0.0],[-44.543857,-5.793008,0.0],[-44.54225,-5.796005,0.0],[-44.538806,-5.798204,0.0],[-44.538661,-5.800502,0.0],[-44.543248,-5.802612,0.0],[-44.545395,-5.807735,0.0],[-44.54678,-5.808981,0.0],[-44.549073,-5.809845,0.0],[-44.550984,-5.811713,0.0],[-44.551708,-5.817966,0.0],[-44.550988,-5.822083,0.0],[-44.551417,-5.82304,0.0],[-44.554523,-5.824766,0.0],[-44.556289,-5.826826,0.0],[-44.559254,-5.825727,0.0],[-44.561655,-5.826092,0.0],[-44.567851,-5.824431,0.0],[-44.57135,-5.824261,0.0],[-44.575536,-5.825873,0.0],[-44.581228,-5.825296,0.0],[-44.582662,-5.8258,0.0],[-44.585456,-5.828387,0.0],[-44.587894,-5.828532,0.0],[-44.592054,-5.826883,0.0],[-44.595709,-5.828681,0.0],[-44.597071,-5.828754,0.0],[-44.599295,-5.827391,0.0],[-44.598796,-5.823154,0.0],[-44.600589,-5.821504,0.0],[-44.603386,-5.821004,0.0],[-44.606671,-5.82226,0.0],[-44.611307,-5.822838,0.0],[-44.615611,-5.820638,0.0],[-44.616757,-5.821836,0.0],[-44.618713,-5.826911,0.0],[-44.62292,-5.826483,0.0],[-44.624159,-5.831367,0.0],[-44.626518,-5.834815,0.0],[-44.627113,-5.839483,0.0],[-44.630993,-5.844272,0.0],[-44.633084,-5.845052,0.0],[-44.634399,-5.844693,0.0],[-44.636969,-5.84308,0.0],[-44.638165,-5.841285,0.0],[-44.639062,-5.840867,0.0],[-44.639839,-5.841047,0.0],[-44.640555,-5.842124,0.0],[-44.640613,-5.845056,0.0],[-44.638197,-5.848348,0.0],[-44.637335,-5.850502,0.0],[-44.637406,-5.851866,0.0],[-44.639913,-5.85553,0.0],[-44.642207,-5.855962,0.0],[-44.644144,-5.855245,0.0],[-44.647444,-5.852447,0.0],[-44.650381,-5.856542,0.0],[-44.653965,-5.858914,0.0],[-44.653964,-5.859703,0.0],[-44.651883,-5.86279,0.0],[-44.653524,-5.869341,0.0],[-44.653103,-5.873589,0.0],[-44.65364,-5.875684,0.0],[-44.656864,-5.879276,0.0],[-44.657101,-5.882627,0.0],[-44.660168,-5.88969,0.0],[-44.660454,-5.8917,0.0],[-44.661959,-5.892599,0.0],[-44.665939,-5.892386,0.0],[-44.667625,-5.891346,0.0],[-44.668197,-5.893285,0.0],[-44.67024,-5.895548,0.0],[-44.672423,-5.901652,0.0],[-44.675768,-5.905041,0.0],[-44.677487,-5.90801,0.0],[-44.679064,-5.90825,0.0],[-44.681743,-5.905763,0.0],[-44.684564,-5.90519,0.0],[-44.688244,-5.906963,0.0],[-44.689678,-5.906629,0.0],[-44.695701,-5.908068,0.0],[-44.697708,-5.909218,0.0],[-44.698884,-5.911001,0.0],[-44.700355,-5.911513,0.0],[-44.703128,-5.91027,0.0],[-44.706428,-5.9074,0.0],[-44.709392,-5.907066,0.0],[-44.711497,-5.905727,0.0],[-44.713552,-5.906302,0.0],[-44.715989,-5.908171,0.0],[-44.716706,-5.908003,0.0],[-44.716493,-5.90348,0.0],[-44.716852,-5.90269,0.0],[-44.719793,-5.90104,0.0],[-44.724076,-5.901176,0.0],[-44.728393,-5.903834,0.0],[-44.732995,-5.902939,0.0],[-44.735385,-5.903179,0.0],[-44.739687,-5.905156,0.0],[-44.742855,-5.902644,0.0],[-44.74429,-5.902166,0.0],[-44.747032,-5.903256,0.0],[-44.750795,-5.906812,0.0],[-44.753162,-5.906778,0.0],[-44.757393,-5.905487,0.0],[-44.758971,-5.906134,0.0],[-44.759711,-5.911054,0.0],[-44.764224,-5.913942,0.0],[-44.766876,-5.917366,0.0],[-44.773029,-5.918246,0.0],[-44.773985,-5.918875,0.0],[-44.775029,-5.921388,0.0],[-44.777658,-5.924052,0.0],[-44.783304,-5.925879,0.0],[-44.785436,-5.92982,0.0],[-44.786044,-5.933877,0.0],[-44.788446,-5.934739,0.0],[-44.791707,-5.939408,0.0],[-44.793643,-5.940558,0.0],[-44.793714,-5.942101,0.0],[-44.79206,-5.94538,0.0],[-44.79424,-5.947334,0.0],[-44.795099,-5.94969,0.0],[-44.79573,-5.950379,0.0],[-44.798599,-5.950668,0.0],[-44.800721,-5.951702,0.0],[-44.803646,-5.954231,0.0],[-44.803761,-5.955667,0.0],[-44.801809,-5.956873,0.0],[-44.800804,-5.95869,0.0],[-44.802118,-5.962101,0.0],[-44.808093,-5.965215,0.0],[-44.810841,-5.969165,0.0],[-44.81377,-5.969285,0.0],[-44.816518,-5.970124,0.0],[-44.821829,-5.973565,0.0],[-44.825236,-5.972429,0.0],[-44.827686,-5.972549,0.0],[-44.82912,-5.973208,0.0],[-44.830136,-5.974106,0.0],[-44.831629,-5.977876,0.0],[-44.834258,-5.98033,0.0],[-44.833839,-5.983023,0.0],[-44.832284,-5.984219,0.0],[-44.831865,-5.987211,0.0],[-44.834302,-5.991254,0.0],[-44.835928,-5.992116,0.0],[-44.838031,-5.99226,0.0],[-44.840806,-5.989293,0.0],[-44.844248,-5.989821,0.0],[-44.847499,-5.991545,0.0],[-44.848885,-5.993221,0.0],[-44.849554,-5.995184,0.0],[-44.851514,-5.994897,0.0],[-44.853465,-5.996589,0.0],[-44.853847,-5.998504,0.0],[-44.852603,-6.000514,0.0],[-44.852603,-6.001567,0.0],[-44.854037,-6.002908,0.0],[-44.857671,-6.002718,0.0],[-44.858149,-6.003484,0.0],[-44.857096,-6.007121,0.0],[-44.857619,-6.01193,0.0],[-44.860846,-6.013965,0.0],[-44.864731,-6.014146,0.0],[-44.867002,-6.015104,0.0],[-44.870469,-6.015523,0.0],[-44.871604,-6.016421,0.0],[-44.873217,-6.018815,0.0],[-44.873516,-6.020371,0.0],[-44.873156,-6.026175,0.0],[-44.87471,-6.028509,0.0],[-44.879245,-6.030674,0.0],[-44.882017,-6.033451,0.0],[-44.881586,-6.036466,0.0],[-44.882208,-6.037328,0.0],[-44.885125,-6.038143,0.0],[-44.888998,-6.037665,0.0],[-44.892345,-6.039485,0.0],[-44.895404,-6.043506,0.0],[-44.895973,-6.045715,0.0],[-44.893276,-6.045484,0.0],[-44.891153,-6.047495,0.0],[-44.891955,-6.05232,0.0],[-44.893217,-6.054101,0.0],[-44.89293,-6.055767,0.0],[-44.891782,-6.056628,0.0],[-44.892011,-6.057318,0.0],[-44.894077,-6.058065,0.0],[-44.897405,-6.058008,0.0],[-44.89947,-6.062087,0.0],[-44.904158,-6.061546,0.0],[-44.905737,-6.059858,0.0],[-44.907458,-6.058997,0.0],[-44.911798,-6.059249,0.0],[-44.915779,-6.055983,0.0],[-44.917416,-6.052209,0.0],[-44.919299,-6.051342,0.0],[-44.920584,-6.051342,0.0],[-44.92169,-6.05206,0.0],[-44.922795,-6.055681,0.0],[-44.922823,-6.057745,0.0],[-44.924377,-6.058643,0.0],[-44.928203,-6.05631,0.0],[-44.933942,-6.057567,0.0],[-44.939023,-6.055234,0.0],[-44.94127,-6.055351,0.0],[-44.947296,-6.053341,0.0],[-44.950452,-6.053342,0.0],[-44.954397,-6.054563,0.0],[-44.956836,-6.057435,0.0],[-44.96078,-6.060379,0.0],[-44.963435,-6.05959,0.0],[-44.964726,-6.058585,0.0],[-44.966017,-6.058513,0.0],[-44.968599,-6.059375,0.0],[-44.9725,-6.059479,0.0],[-44.980055,-6.061107,0.0],[-44.983163,-6.063979,0.0],[-44.98498,-6.069341,0.0],[-44.991185,-6.074008,0.0],[-44.997928,-6.075875,0.0],[-45.001694,-6.07986,0.0],[-45.002842,-6.079717,0.0],[-45.004886,-6.077994,0.0],[-45.010372,-6.079806,0.0],[-45.013385,-6.080093,0.0],[-45.015178,-6.082247,0.0],[-45.017545,-6.082821,0.0],[-45.019984,-6.084257,0.0],[-45.022639,-6.088566,0.0],[-45.025436,-6.088422,0.0],[-45.030673,-6.084401,0.0],[-45.032538,-6.083323,0.0],[-45.03469,-6.083036,0.0],[-45.040544,-6.085054,0.0],[-45.042744,-6.087017,0.0],[-45.043509,-6.088501,0.0],[-45.046857,-6.090511,0.0],[-45.057617,-6.089983,0.0],[-45.058861,-6.090079,0.0],[-45.061156,-6.091371,0.0],[-45.062783,-6.093046,0.0],[-45.063726,-6.095059,0.0],[-45.063129,-6.101641,0.0],[-45.065043,-6.105471,0.0],[-45.066717,-6.107505,0.0],[-45.06875,-6.108821,0.0],[-45.073891,-6.110616,0.0],[-45.081305,-6.11588,0.0],[-45.087164,-6.121624,0.0],[-45.089676,-6.125094,0.0],[-45.093572,-6.128604,0.0],[-45.098116,-6.130278,0.0],[-45.101465,-6.134706,0.0],[-45.102362,-6.136919,0.0],[-45.102302,-6.139373,0.0],[-45.099015,-6.14051,0.0],[-45.092199,-6.14111,0.0],[-45.087955,-6.144282,0.0],[-45.087238,-6.145419,0.0],[-45.087735,-6.149448,0.0],[-45.090271,-6.154569,0.0],[-45.093763,-6.155191,0.0],[-45.095772,-6.158254,0.0],[-45.098193,-6.165073,0.0],[-45.100202,-6.166724,0.0],[-45.108341,-6.177553,0.0],[-45.111989,-6.181143,0.0],[-45.112767,-6.182399,0.0],[-45.112708,-6.185092,0.0],[-45.113844,-6.187844,0.0],[-45.118329,-6.19251,0.0],[-45.117893,-6.199431,0.0],[-45.123873,-6.206311,0.0],[-45.127463,-6.214389,0.0],[-45.131471,-6.219932,0.0],[-45.135837,-6.224778,0.0],[-45.137392,-6.225615,0.0],[-45.142355,-6.227229,0.0],[-45.146002,-6.22681,0.0],[-45.151801,-6.221662,0.0],[-45.158796,-6.220343,0.0],[-45.164236,-6.215674,0.0],[-45.167226,-6.215793,0.0],[-45.176356,-6.213595,0.0],[-45.178222,-6.213978,0.0],[-45.181187,-6.213259,0.0],[-45.190467,-6.213495,0.0],[-45.196398,-6.212152,0.0],[-45.201372,-6.209948,0.0],[-45.202089,-6.209948,0.0],[-45.203955,-6.211575,0.0],[-45.207639,-6.211765,0.0],[-45.209496,-6.213749,0.0],[-45.211505,-6.214754,0.0],[-45.215284,-6.214944,0.0],[-45.219734,-6.216713,0.0],[-45.223179,-6.219249,0.0],[-45.224758,-6.221498,0.0],[-45.22672,-6.223029,0.0],[-45.229351,-6.223842,0.0],[-45.234294,-6.227516,0.0],[-45.237117,-6.228467,0.0],[-45.245906,-6.226036,0.0],[-45.24833,-6.226187,0.0],[-45.25318,-6.227853,0.0],[-45.261514,-6.225726,0.0],[-45.263939,-6.226179,0.0],[-45.268182,-6.225722,0.0],[-45.270606,-6.224811,0.0],[-45.277729,-6.225111,0.0],[-45.284244,-6.224501,0.0],[-45.292426,-6.221615,0.0],[-45.294244,-6.221462,0.0],[-45.296669,-6.222219,0.0],[-45.301822,-6.222216,0.0],[-45.304853,-6.223276,0.0],[-45.308795,-6.226458,0.0],[-45.31319,-6.227214,0.0],[-45.316221,-6.226909,0.0],[-45.330158,-6.219469,0.0],[-45.333188,-6.219468,0.0],[-45.336219,-6.218404,0.0],[-45.339552,-6.218099,0.0],[-45.343644,-6.218096,0.0],[-45.347887,-6.219003,0.0],[-45.351829,-6.221579,0.0],[-45.358652,-6.227337,0.0],[-45.365666,-6.234667,0.0],[-45.365673,-6.243642,0.0],[-45.372253,-6.248424,0.0],[-45.374349,-6.252013,0.0],[-45.379444,-6.269362,0.0],[-45.388024,-6.281442,0.0],[-45.390421,-6.288621,0.0],[-45.397125,-6.297232,0.0],[-45.406699,-6.304884,0.0],[-45.417228,-6.309183,0.0],[-45.427755,-6.312047,0.0],[-45.438281,-6.312038,0.0],[-45.45885,-6.309627,0.0],[-45.480378,-6.30865,0.0],[-45.495685,-6.306721,0.0],[-45.507186,-6.301923,0.0],[-45.513569,-6.297322,0.0],[-45.515862,-6.294304,0.0],[-45.51744,-6.293872,0.0],[-45.520024,-6.294228,0.0],[-45.523041,-6.297959,0.0],[-45.524065,-6.302543,0.0],[-45.524831,-6.303165,0.0],[-45.526937,-6.303881,0.0],[-45.532056,-6.303636,0.0],[-45.535502,-6.306026,0.0],[-45.536937,-6.305211,0.0],[-45.539138,-6.305687,0.0],[-45.541531,-6.306738,0.0],[-45.542872,-6.308077,0.0],[-45.548901,-6.309267,0.0],[-45.549429,-6.311229,0.0],[-45.549342,-6.315009,0.0],[-45.550277,-6.316803,0.0],[-45.549275,-6.320035,0.0],[-45.549636,-6.321614,0.0],[-45.550785,-6.322762,0.0],[-45.554949,-6.323978,0.0],[-45.561979,-6.321314,0.0],[-45.565354,-6.324039,0.0],[-45.569667,-6.330137,0.0],[-45.573759,-6.331856,0.0],[-45.577994,-6.332569,0.0],[-45.579718,-6.333788,0.0],[-45.581301,-6.337448,0.0],[-45.582132,-6.34163,0.0],[-45.58466,-6.343695,0.0],[-45.587709,-6.348862,0.0],[-45.591501,-6.351327,0.0],[-45.591161,-6.355406,0.0],[-45.592023,-6.356094,0.0],[-45.598702,-6.35693,0.0],[-45.600738,-6.358986,0.0],[-45.602174,-6.35932,0.0],[-45.604566,-6.359006,0.0],[-45.61062,-6.360578,0.0],[-45.61349,-6.360546,0.0],[-45.616018,-6.361577,0.0],[-45.619035,-6.36475,0.0],[-45.620859,-6.368842,0.0],[-45.623135,-6.370963,0.0],[-45.626624,-6.37293,0.0],[-45.632538,-6.374591,0.0],[-45.636934,-6.37504,0.0],[-45.654208,-6.370469,0.0],[-45.665846,-6.370273,0.0],[-45.670999,-6.36966,0.0],[-45.675393,-6.368441,0.0],[-45.68327,-6.36464,0.0],[-45.687661,-6.361601,0.0],[-45.693111,-6.356438,0.0],[-45.701872,-6.350401,0.0],[-45.703522,-6.349968,0.0],[-45.706178,-6.350144,0.0],[-45.709014,-6.351181,0.0],[-45.710824,-6.350827,0.0],[-45.71265,-6.352081,0.0],[-45.712712,-6.353487,0.0],[-45.713639,-6.354054,0.0],[-45.718452,-6.35291,0.0],[-45.721141,-6.351231,0.0],[-45.724101,-6.351287,0.0],[-45.727815,-6.355171,0.0],[-45.734782,-6.357384,0.0],[-45.741431,-6.365152,0.0],[-45.744003,-6.365029,0.0],[-45.746931,-6.363768,0.0],[-45.755374,-6.366744,0.0],[-45.759202,-6.366834,0.0],[-45.76356,-6.369747,0.0],[-45.765808,-6.3696,0.0],[-45.767103,-6.371226,0.0],[-45.772999,-6.375187,0.0],[-45.780552,-6.374843,0.0],[-45.781317,-6.374268,0.0],[-45.786762,-6.368229,0.0],[-45.788002,-6.365546,0.0],[-45.790392,-6.364202,0.0],[-45.794306,-6.358453,0.0],[-45.795931,-6.357493,0.0],[-45.802723,-6.356046,0.0],[-45.805976,-6.356233,0.0],[-45.80703,-6.356901,0.0],[-45.807629,-6.360047,0.0],[-45.806128,-6.363927,0.0],[-45.803406,-6.367449,0.0],[-45.803052,-6.370034,0.0],[-45.801978,-6.371759,0.0],[-45.802123,-6.372692,0.0],[-45.804493,-6.374196,0.0],[-45.815425,-6.377625,0.0],[-45.818568,-6.379415,0.0],[-45.822377,-6.386076,0.0],[-45.826784,-6.389085,0.0],[-45.830083,-6.387979,0.0],[-45.833194,-6.388404,0.0],[-45.834679,-6.389551,0.0],[-45.835303,-6.390938,0.0],[-45.835451,-6.393714,0.0],[-45.839182,-6.392894,0.0],[-45.841882,-6.394191,0.0],[-45.843829,-6.399286,0.0],[-45.844483,-6.404526,0.0],[-45.842624,-6.408837,0.0],[-45.84336,-6.419964,0.0],[-45.842932,-6.42176,0.0],[-45.841713,-6.422049,0.0],[-45.839635,-6.424134,0.0],[-45.839278,-6.425571,0.0],[-45.839999,-6.427221,0.0],[-45.845884,-6.427139,0.0],[-45.848614,-6.42893,0.0],[-45.851199,-6.429644,0.0],[-45.856198,-6.429008,0.0],[-45.857579,-6.432177,0.0],[-45.858716,-6.432833,0.0],[-45.861475,-6.437196,0.0],[-45.866927,-6.442572,0.0],[-45.870457,-6.443284,0.0],[-45.877335,-6.442674,0.0],[-45.881099,-6.440454,0.0],[-45.881747,-6.434769,0.0],[-45.882284,-6.43381,0.0],[-45.883061,-6.433809,0.0],[-45.887554,-6.43775,0.0],[-45.892462,-6.439716,0.0],[-45.895481,-6.442476,0.0],[-45.896115,-6.444026,0.0],[-45.896232,-6.444945,0.0],[-45.89497,-6.445866,0.0],[-45.892731,-6.446329,0.0],[-45.891472,-6.448342,0.0],[-45.893488,-6.452129,0.0],[-45.892403,-6.45552,0.0],[-45.89252,-6.456726,0.0],[-45.89787,-6.462287,0.0],[-45.895406,-6.465106,0.0],[-45.895696,-6.466829,0.0],[-45.89811,-6.468088,0.0],[-45.898996,-6.470318,0.0],[-45.9024,-6.473997,0.0],[-45.902883,-6.47682,0.0],[-45.904081,-6.477871,0.0],[-45.904036,-6.479068,0.0],[-45.901507,-6.483332,0.0],[-45.901893,-6.485294,0.0],[-45.901322,-6.48697,0.0],[-45.901513,-6.489305,0.0],[-45.903774,-6.489445,0.0],[-45.907404,-6.492239,0.0],[-45.909997,-6.497044,0.0],[-45.909823,-6.500096,0.0],[-45.907101,-6.503403,0.0],[-45.907265,-6.506404,0.0],[-45.906292,-6.508301,0.0],[-45.906295,-6.509565,0.0],[-45.907737,-6.513238,0.0],[-45.910555,-6.515301,0.0],[-45.912464,-6.518758,0.0],[-45.908098,-6.518886,0.0],[-45.906484,-6.519786,0.0],[-45.906314,-6.525111,0.0],[-45.90518,-6.526489,0.0],[-45.903386,-6.526792,0.0],[-45.901475,-6.528351,0.0],[-45.897945,-6.528477,0.0],[-45.89509,-6.530911,0.0],[-45.89179,-6.531922,0.0],[-45.891648,-6.532927,0.0],[-45.897477,-6.541404,0.0],[-45.897575,-6.542744,0.0],[-45.899206,-6.544847,0.0],[-45.90017,-6.548483,0.0],[-45.902374,-6.550107,0.0],[-45.90258,-6.557764,0.0],[-45.901244,-6.560064,0.0],[-45.901342,-6.561213,0.0],[-45.90393,-6.56341,0.0],[-45.904507,-6.565132,0.0],[-45.904223,-6.566664,0.0],[-45.898294,-6.569642,0.0],[-45.89734,-6.571558,0.0],[-45.900918,-6.575148,0.0],[-45.902794,-6.580314,0.0],[-45.904808,-6.582751,0.0],[-45.906389,-6.583466,0.0],[-45.916007,-6.5823,0.0],[-45.918881,-6.5833,0.0],[-45.921038,-6.584875,0.0],[-45.922336,-6.588175,0.0],[-45.92184,-6.591784,0.0],[-45.923642,-6.595442,0.0],[-45.923579,-6.600324,0.0],[-45.924736,-6.604558,0.0],[-45.92367,-6.610591,0.0],[-45.923961,-6.612672,0.0],[-45.929919,-6.612015,0.0],[-45.933151,-6.612511,0.0],[-45.936171,-6.615019,0.0],[-45.936892,-6.616453,0.0],[-45.937113,-6.619683,0.0],[-45.937977,-6.620831,0.0],[-45.944473,-6.62345,0.0],[-45.942867,-6.628539,0.0],[-45.943053,-6.631709,0.0],[-45.944373,-6.633801,0.0],[-45.94581,-6.634396,0.0],[-45.94629,-6.635233,0.0],[-45.945757,-6.637687,0.0],[-45.947316,-6.639419,0.0],[-45.944738,-6.643644,0.0],[-45.946059,-6.645915,0.0],[-45.947856,-6.64675,0.0],[-45.952771,-6.651167,0.0],[-45.954574,-6.655352,0.0],[-45.954363,-6.669831,0.0],[-45.948152,-6.676663,0.0],[-45.946484,-6.680136,0.0],[-45.941341,-6.682061,0.0],[-45.940028,-6.683978,0.0],[-45.939901,-6.688509,0.0],[-45.942001,-6.691496,0.0],[-45.941826,-6.694129,0.0],[-45.940751,-6.695029,0.0],[-45.93764,-6.695753,0.0],[-45.934893,-6.69851,0.0],[-45.941241,-6.700891,0.0],[-45.947519,-6.698426,0.0],[-45.950092,-6.698002,0.0],[-45.953266,-6.699372,0.0],[-45.957103,-6.703134,0.0],[-45.961168,-6.704083,0.0],[-45.96513,-6.709962,0.0],[-45.965992,-6.710248,0.0],[-45.971443,-6.706934,0.0],[-45.972441,-6.703199,0.0],[-45.97552,-6.699029,0.0],[-45.97609,-6.696443,0.0],[-45.977882,-6.694789,0.0],[-45.982544,-6.69241,0.0],[-45.984843,-6.692908,0.0],[-45.991456,-6.696197,0.0],[-45.991825,-6.701078,0.0],[-45.993265,-6.702942,0.0],[-45.996063,-6.701644,0.0],[-46.004182,-6.703853,0.0],[-46.009924,-6.702334,0.0],[-46.012497,-6.696657,0.0],[-46.014431,-6.694356,0.0],[-46.018208,-6.694075,0.0],[-46.021436,-6.692417,0.0],[-46.023879,-6.693274,0.0],[-46.034146,-6.692606,0.0],[-46.036662,-6.693749,0.0],[-46.038534,-6.696258,0.0],[-46.041121,-6.697473,0.0],[-46.044708,-6.695671,0.0],[-46.048656,-6.695016,0.0],[-46.053246,-6.692565,0.0],[-46.05655,-6.692774,0.0],[-46.057347,-6.696003,0.0],[-46.058066,-6.696647,0.0],[-46.061154,-6.696569,0.0],[-46.062594,-6.698576,0.0],[-46.062815,-6.701088,0.0],[-46.0616,-6.703747,0.0],[-46.061532,-6.705398,0.0],[-46.061967,-6.707192,0.0],[-46.063695,-6.709486,0.0],[-46.063917,-6.7125,0.0],[-46.065788,-6.714363,0.0],[-46.066434,-6.716062,0.0],[-46.06314,-6.721292,0.0],[-46.062784,-6.722801,0.0],[-46.063291,-6.724882,0.0],[-46.067679,-6.728103,0.0],[-46.074936,-6.729882,0.0],[-46.079028,-6.729442,0.0],[-46.083835,-6.727708,0.0],[-46.085487,-6.727704,0.0],[-46.088938,-6.729492,0.0],[-46.089943,-6.729489,0.0],[-46.092742,-6.728622,0.0],[-46.095393,-6.725816,0.0],[-46.09844,-6.725019,0.0],[-46.104057,-6.731755,0.0],[-46.105782,-6.732684,0.0],[-46.11196,-6.733604,0.0],[-46.114548,-6.73489,0.0],[-46.115844,-6.735964,0.0],[-46.118222,-6.739907,0.0],[-46.1183,-6.742419,0.0],[-46.120462,-6.745573,0.0],[-46.120609,-6.747439,0.0],[-46.121721,-6.749011,0.0],[-46.125316,-6.750726,0.0],[-46.126108,-6.751657,0.0],[-46.126333,-6.755821,0.0],[-46.124115,-6.7592,0.0],[-46.124477,-6.76042,0.0],[-46.127787,-6.763571,0.0],[-46.131175,-6.768875,0.0],[-46.133618,-6.7693,0.0],[-46.138992,-6.764334,0.0],[-46.143943,-6.762241,0.0],[-46.14502,-6.762238,0.0],[-46.146809,-6.763384,0.0],[-46.148324,-6.766252,0.0],[-46.151846,-6.767608,0.0],[-46.158321,-6.772259,0.0],[-46.159685,-6.772327,0.0],[-46.163703,-6.770666,0.0],[-46.166994,-6.765562,0.0],[-46.172237,-6.765908,0.0],[-46.173824,-6.768488,0.0],[-46.17928,-6.767829,0.0],[-46.179571,-6.769336,0.0],[-46.178571,-6.77142,0.0],[-46.178645,-6.772497,0.0],[-46.182595,-6.78449,0.0],[-46.182455,-6.785998,0.0],[-46.179447,-6.789379,0.0],[-46.180037,-6.795982,0.0],[-46.179041,-6.799718,0.0],[-46.181789,-6.80732,0.0],[-46.181073,-6.808471,0.0],[-46.178062,-6.810704,0.0],[-46.177061,-6.812357,0.0],[-46.175893,-6.816254,0.0],[-46.175843,-6.819527,0.0],[-46.179478,-6.825721,0.0],[-46.180175,-6.828533,0.0],[-46.184269,-6.834496,0.0],[-46.185448,-6.837709,0.0],[-46.186816,-6.839213,0.0],[-46.192999,-6.841854,0.0],[-46.200038,-6.841836,0.0],[-46.208956,-6.846193,0.0],[-46.212986,-6.849485,0.0],[-46.226411,-6.84701,0.0],[-46.228207,-6.847006,0.0],[-46.231721,-6.848124,0.0],[-46.234878,-6.846852,0.0],[-46.236596,-6.844665,0.0],[-46.237457,-6.844434,0.0],[-46.238724,-6.845292,0.0],[-46.23909,-6.847938,0.0],[-46.240246,-6.848423,0.0],[-46.241888,-6.848437,0.0],[-46.244588,-6.84677,0.0],[-46.247289,-6.846935,0.0],[-46.248846,-6.848884,0.0],[-46.252585,-6.850597,0.0],[-46.253389,-6.850135,0.0],[-46.25579,-6.845764,0.0],[-46.258828,-6.843167,0.0],[-46.259741,-6.842958,0.0],[-46.261816,-6.844252,0.0],[-46.262958,-6.844233,0.0],[-46.266009,-6.842292,0.0],[-46.267619,-6.842632,0.0],[-46.270929,-6.845917,0.0],[-46.275006,-6.848587,0.0],[-46.278178,-6.853125,0.0],[-46.279805,-6.852833,0.0],[-46.282478,-6.84962,0.0],[-46.28396,-6.848658,0.0],[-46.289711,-6.850605,0.0],[-46.292205,-6.852034,0.0],[-46.294653,-6.854277,0.0],[-46.295284,-6.857577,0.0],[-46.294864,-6.862466,0.0],[-46.292106,-6.865309,0.0],[-46.292188,-6.869113,0.0],[-46.290974,-6.871593,0.0],[-46.29163,-6.875312,0.0],[-46.293706,-6.877079,0.0],[-46.293611,-6.882314,0.0],[-46.29511,-6.882814,0.0],[-46.298593,-6.882412,0.0],[-46.300213,-6.883783,0.0],[-46.300161,-6.886775,0.0],[-46.300642,-6.887551,0.0],[-46.302318,-6.887726,0.0],[-46.30495,-6.887001,0.0],[-46.306396,-6.890227,0.0],[-46.30646,-6.891296,0.0],[-46.302447,-6.894992,0.0],[-46.301929,-6.898008,0.0],[-46.298349,-6.902182,0.0],[-46.298401,-6.903665,0.0],[-46.301185,-6.906337,0.0],[-46.306697,-6.907949,0.0],[-46.308045,-6.910386,0.0],[-46.307862,-6.913593,0.0],[-46.309828,-6.914593,0.0],[-46.31325,-6.91517,0.0],[-46.314988,-6.919903,0.0],[-46.316139,-6.920617,0.0],[-46.319157,-6.920848,0.0],[-46.319112,-6.922236,0.0],[-46.317588,-6.92516,0.0],[-46.322329,-6.924955,0.0],[-46.323051,-6.926484,0.0],[-46.322674,-6.928447,0.0],[-46.323397,-6.93036,0.0],[-46.325316,-6.931503,0.0],[-46.329581,-6.932448,0.0],[-46.333285,-6.932054,0.0],[-46.336217,-6.927523,0.0],[-46.338354,-6.921201,0.0],[-46.338799,-6.917564,0.0],[-46.340476,-6.913611,0.0],[-46.346679,-6.910005,0.0],[-46.349339,-6.910751,0.0],[-46.351132,-6.909669,0.0],[-46.352857,-6.910202,0.0],[-46.356371,-6.908075,0.0],[-46.357664,-6.908286,0.0],[-46.35906,-6.90656,0.0],[-46.360309,-6.901936,0.0],[-46.361455,-6.900841,0.0],[-46.363124,-6.901698,0.0],[-46.363755,-6.901409,0.0],[-46.365356,-6.898705,0.0],[-46.366446,-6.897956,0.0],[-46.366384,-6.896176,0.0],[-46.363904,-6.893139,0.0],[-46.363607,-6.889694,0.0],[-46.365155,-6.888656,0.0],[-46.367911,-6.887902,0.0],[-46.368939,-6.885602,0.0],[-46.370945,-6.883759,0.0],[-46.371801,-6.881574,0.0],[-46.371792,-6.878492,0.0],[-46.371502,-6.877823,0.0],[-46.367285,-6.876591,0.0],[-46.365367,-6.875448,0.0],[-46.363162,-6.872052,0.0],[-46.363626,-6.867086,0.0],[-46.365656,-6.865106,0.0],[-46.369169,-6.858815,0.0],[-46.371539,-6.850374,0.0],[-46.372791,-6.848635,0.0],[-46.379061,-6.843653,0.0],[-46.37953,-6.842254,0.0],[-46.380915,-6.840958,0.0],[-46.383597,-6.841333,0.0],[-46.388142,-6.839884,0.0],[-46.38919,-6.838015,0.0],[-46.389848,-6.833897,0.0],[-46.394757,-6.826035,0.0],[-46.397101,-6.82531,0.0],[-46.399546,-6.826547,0.0],[-46.403522,-6.827206,0.0],[-46.406309,-6.830547,0.0],[-46.407602,-6.830687,0.0],[-46.408745,-6.828865,0.0],[-46.409214,-6.825371,0.0],[-46.410615,-6.824754,0.0],[-46.412403,-6.822165,0.0],[-46.414552,-6.820436,0.0],[-46.416489,-6.819569,0.0],[-46.417918,-6.817124,0.0],[-46.418125,-6.81418,0.0],[-46.420272,-6.811734,0.0],[-46.41969,-6.809295,0.0],[-46.420263,-6.808862,0.0],[-46.424934,-6.809638,0.0],[-46.427802,-6.808122,0.0],[-46.432027,-6.804234,0.0],[-46.436405,-6.803431,0.0],[-46.441849,-6.798749,0.0],[-46.444203,-6.793215,0.0],[-46.445278,-6.792638,0.0],[-46.45089,-6.796138,0.0],[-46.453345,-6.796878,0.0],[-46.457234,-6.800312,0.0],[-46.459463,-6.801526,0.0],[-46.462856,-6.807401,0.0],[-46.463947,-6.811777,0.0],[-46.466321,-6.813349,0.0],[-46.46783,-6.813344,0.0],[-46.472646,-6.815124,0.0],[-46.481752,-6.81043,0.0],[-46.4862,-6.808766,0.0],[-46.489072,-6.808757,0.0],[-46.493673,-6.810394,0.0],[-46.496329,-6.809883,0.0],[-46.497902,-6.80794,0.0],[-46.498828,-6.805353,0.0],[-46.497375,-6.799974,0.0],[-46.497166,-6.793761,0.0],[-46.497873,-6.790098,0.0],[-46.499513,-6.78636,0.0],[-46.499792,-6.783847,0.0],[-46.503015,-6.781253,0.0],[-46.504379,-6.781105,0.0],[-46.506537,-6.782103,0.0],[-46.508904,-6.78145,0.0],[-46.509821,-6.776136,0.0],[-46.512472,-6.774261,0.0],[-46.515765,-6.770949,0.0],[-46.516693,-6.769295,0.0],[-46.519665,-6.761963,0.0],[-46.519825,-6.755861,0.0],[-46.5188,-6.753412,0.0],[-46.52218,-6.743651,0.0],[-46.524992,-6.743523,0.0],[-46.526958,-6.740646,0.0],[-46.530303,-6.73902,0.0],[-46.53575,-6.739661,0.0],[-46.540576,-6.742455,0.0],[-46.549639,-6.734929,0.0],[-46.554422,-6.733861,0.0],[-46.555855,-6.732995,0.0],[-46.561959,-6.725893,0.0],[-46.564811,-6.719664,0.0],[-46.571209,-6.714762,0.0],[-46.574447,-6.709584,0.0],[-46.576357,-6.708142,0.0],[-46.57808,-6.707945,0.0],[-46.579806,-6.709088,0.0],[-46.5825,-6.713291,0.0],[-46.583843,-6.714148,0.0],[-46.587289,-6.714136,0.0],[-46.593611,-6.715169,0.0],[-46.594757,-6.714591,0.0],[-46.597617,-6.710945,0.0],[-46.60001,-6.71065,0.0],[-46.600677,-6.709786,0.0],[-46.601337,-6.706626,0.0],[-46.603241,-6.703653,0.0],[-46.605151,-6.702307,0.0],[-46.607065,-6.701918,0.0],[-46.618563,-6.705325,0.0],[-46.622976,-6.708277,0.0],[-46.629946,-6.709227,0.0],[-46.63498,-6.711902,0.0],[-46.638802,-6.709736,0.0],[-46.639939,-6.709852,0.0],[-46.644271,-6.717074,0.0],[-46.645126,-6.722395,0.0],[-46.64687,-6.724961,0.0],[-46.649097,-6.725506,0.0],[-46.651818,-6.7232,0.0],[-46.654687,-6.722473,0.0],[-46.658835,-6.717817,0.0],[-46.660269,-6.717143,0.0],[-46.663093,-6.717181,0.0],[-46.664957,-6.716361,0.0],[-46.666339,-6.714586,0.0],[-46.670351,-6.712132,0.0],[-46.673516,-6.707145,0.0],[-46.675306,-6.705703,0.0],[-46.677314,-6.705086,0.0],[-46.681969,-6.701841,0.0],[-46.684661,-6.70158,0.0],[-46.688277,-6.69884,0.0],[-46.69111,-6.698149,0.0],[-46.694558,-6.698406,0.0],[-46.695996,-6.699047,0.0],[-46.700085,-6.698315,0.0],[-46.703316,-6.69852,0.0],[-46.710344,-6.696198,0.0],[-46.716807,-6.696822,0.0],[-46.721818,-6.692785,0.0],[-46.725886,-6.686024,0.0],[-46.727388,-6.68444,0.0],[-46.730828,-6.682921,0.0],[-46.733842,-6.682767,0.0],[-46.74164,-6.67506,0.0],[-46.741781,-6.674485,0.0],[-46.740194,-6.672337,0.0],[-46.729555,-6.66719,0.0],[-46.728009,-6.658556,0.0],[-46.730877,-6.655059,0.0],[-46.735727,-6.654739,0.0],[-46.73966,-6.652451,0.0],[-46.739949,-6.648358,0.0],[-46.739018,-6.642146,0.0],[-46.739922,-6.640627,0.0],[-46.744007,-6.638188,0.0],[-46.749458,-6.636349,0.0],[-46.750815,-6.634526,0.0],[-46.751432,-6.631709,0.0],[-46.754099,-6.628255,0.0],[-46.755516,-6.622986,0.0],[-46.752053,-6.617736,0.0],[-46.751943,-6.613908,0.0],[-46.752781,-6.607302,0.0],[-46.753542,-6.605864,0.0],[-46.755165,-6.60471,0.0],[-46.758987,-6.603166,0.0],[-46.760084,-6.600677,0.0],[-46.760445,-6.594455,0.0],[-46.753904,-6.584909,0.0],[-46.7536,-6.580125,0.0],[-46.756404,-6.571652,0.0],[-46.755896,-6.570147,0.0],[-46.75467,-6.568357,0.0],[-46.749855,-6.56658,0.0],[-46.745164,-6.558917,0.0],[-46.739993,-6.557858,0.0],[-46.736287,-6.553887,0.0],[-46.734417,-6.549288,0.0],[-46.734345,-6.54564,0.0],[-46.735115,-6.543365,0.0],[-46.736844,-6.541923,0.0],[-46.740611,-6.54185,0.0],[-46.740067,-6.536206,0.0],[-46.735788,-6.533601,0.0],[-46.735163,-6.527831,0.0],[-46.732526,-6.528874,0.0],[-46.731032,-6.528477,0.0],[-46.730843,-6.523769,0.0],[-46.72814,-6.522401,0.0],[-46.724786,-6.51535,0.0],[-46.724379,-6.513686,0.0],[-46.726226,-6.510075,0.0],[-46.723201,-6.50688,0.0],[-46.721755,-6.503583,0.0],[-46.722891,-6.500134,0.0],[-46.722833,-6.497168,0.0],[-46.724069,-6.494915,0.0],[-46.723662,-6.491743,0.0],[-46.726142,-6.489677,0.0],[-46.726426,-6.488815,0.0],[-46.726079,-6.485228,0.0],[-46.726978,-6.482354,0.0],[-46.72724,-6.474984,0.0],[-46.729603,-6.469937,0.0],[-46.729128,-6.465115,0.0],[-46.730495,-6.462182,0.0],[-46.729343,-6.453977,0.0],[-46.725211,-6.451958,0.0],[-46.720845,-6.451613,0.0],[-46.718328,-6.450037,0.0],[-46.715996,-6.450045,0.0],[-46.713564,-6.446883,0.0],[-46.71054,-6.446014,0.0],[-46.708973,-6.438627,0.0],[-46.708142,-6.436871,0.0],[-46.706883,-6.43587,0.0],[-46.706808,-6.434938,0.0],[-46.70709,-6.433501,0.0],[-46.712586,-6.427631,0.0],[-46.714849,-6.428664,0.0],[-46.716389,-6.427618,0.0],[-46.716201,-6.425071,0.0],[-46.717652,-6.419396,0.0],[-46.717258,-6.415111,0.0],[-46.716509,-6.414253,0.0],[-46.713636,-6.413458,0.0],[-46.711161,-6.4114,0.0],[-46.710749,-6.4083,0.0],[-46.709653,-6.406639,0.0],[-46.708042,-6.405496,0.0],[-46.706361,-6.400506,0.0],[-46.70447,-6.401374,0.0],[-46.698959,-6.401162,0.0],[-46.697921,-6.39973,0.0],[-46.695008,-6.398003,0.0],[-46.693384,-6.395317,0.0],[-46.691767,-6.394485,0.0],[-46.690093,-6.394311,0.0],[-46.686513,-6.396715,0.0],[-46.682144,-6.395354,0.0],[-46.681541,-6.393801,0.0],[-46.681651,-6.39087,0.0],[-46.685581,-6.385892,0.0],[-46.687003,-6.38188,0.0],[-46.686337,-6.379311,0.0],[-46.684955,-6.377282,0.0],[-46.683517,-6.37621,0.0],[-46.680166,-6.375204,0.0],[-46.681412,-6.372448,0.0],[-46.684965,-6.36967,0.0],[-46.685242,-6.36297,0.0],[-46.686796,-6.362845,0.0],[-46.688288,-6.361943,0.0],[-46.688621,-6.353987,0.0],[-46.690352,-6.353324,0.0],[-46.693346,-6.35469,0.0],[-46.694296,-6.352593,0.0],[-46.694048,-6.350022,0.0],[-46.692708,-6.346652,0.0],[-46.690733,-6.346156,0.0],[-46.687868,-6.34735,0.0],[-46.684816,-6.346606,0.0],[-46.682451,-6.347331,0.0],[-46.681804,-6.34701,0.0],[-46.679591,-6.342819,0.0],[-46.678454,-6.342583,0.0],[-46.673917,-6.344632,0.0],[-46.673319,-6.344394,0.0],[-46.672035,-6.341485,0.0],[-46.669374,-6.33934,0.0],[-46.668648,-6.336543,0.0],[-46.670004,-6.334458,0.0],[-46.673302,-6.333657,0.0],[-46.673795,-6.331072,0.0],[-46.673212,-6.328275,0.0],[-46.675864,-6.327405,0.0],[-46.677503,-6.32417,0.0],[-46.678434,-6.323449,0.0],[-46.682591,-6.322502,0.0],[-46.683727,-6.318766,0.0],[-46.684025,-6.310545,0.0],[-46.686387,-6.308815,0.0],[-46.690183,-6.307152,0.0],[-46.691183,-6.305857,0.0],[-46.691391,-6.303559,0.0],[-46.68952,-6.301628,0.0],[-46.688719,-6.298185,0.0],[-46.68635,-6.297618,0.0],[-46.686055,-6.295036,0.0],[-46.68447,-6.292816,0.0],[-46.681314,-6.292826,0.0],[-46.678663,-6.293839,0.0],[-46.677586,-6.293484,0.0],[-46.674862,-6.29421,0.0],[-46.671337,-6.291063,0.0],[-46.669543,-6.290854,0.0],[-46.669819,-6.287264,0.0],[-46.669313,-6.286189,0.0],[-46.663716,-6.281325,0.0],[-46.658051,-6.28206,0.0],[-46.656902,-6.281633,0.0],[-46.655964,-6.27977,0.0],[-46.654454,-6.278555,0.0],[-46.647208,-6.278362,0.0],[-46.645843,-6.277505,0.0],[-46.64324,-6.271054,0.0],[-46.642295,-6.267037,0.0],[-46.640856,-6.265391,0.0],[-46.639833,-6.259509,0.0],[-46.637389,-6.257794,0.0],[-46.635946,-6.255142,0.0],[-46.629026,-6.254255,0.0],[-46.627302,-6.253255,0.0],[-46.627294,-6.250815,0.0],[-46.62528,-6.248955,0.0],[-46.623124,-6.247526,0.0],[-46.618098,-6.246106,0.0],[-46.617375,-6.244242,0.0],[-46.617789,-6.238929,0.0],[-46.615483,-6.235347,0.0],[-46.615607,-6.228887,0.0],[-46.614597,-6.226881,0.0],[-46.609868,-6.228618,0.0],[-46.608438,-6.230057,0.0],[-46.607584,-6.232357,0.0],[-46.604005,-6.234808,0.0],[-46.601855,-6.235245,0.0],[-46.599404,-6.231377,0.0],[-46.59595,-6.227655,0.0],[-46.594228,-6.22723,0.0],[-46.589215,-6.229972,0.0],[-46.587213,-6.231988,0.0],[-46.584773,-6.231708,0.0],[-46.583173,-6.224248,0.0],[-46.584603,-6.222665,0.0],[-46.587328,-6.222657,0.0],[-46.589047,-6.221647,0.0],[-46.589946,-6.220243,0.0],[-46.589365,-6.217661,0.0],[-46.5893,-6.212206,0.0],[-46.592021,-6.210571,0.0],[-46.592924,-6.208702,0.0],[-46.59301,-6.205639,0.0],[-46.590553,-6.198725,0.0],[-46.592343,-6.197595,0.0],[-46.592767,-6.19544,0.0],[-46.596022,-6.196531,0.0],[-46.597455,-6.196096,0.0],[-46.598803,-6.191267,0.0],[-46.601374,-6.187526,0.0],[-46.603951,-6.186011,0.0],[-46.604012,-6.182494,0.0],[-46.602639,-6.179125,0.0],[-46.603066,-6.177903,0.0],[-46.608076,-6.174586,0.0],[-46.60963,-6.166614,0.0],[-46.611494,-6.166393,0.0],[-46.612554,-6.161366,0.0],[-46.614138,-6.158483,0.0],[-46.616185,-6.155701,0.0],[-46.618715,-6.154401,0.0],[-46.619087,-6.150859,0.0],[-46.618014,-6.143876,0.0],[-46.621203,-6.139225,0.0],[-46.620592,-6.134944,0.0],[-46.621424,-6.133386,0.0],[-46.624168,-6.131464,0.0],[-46.625589,-6.127273,0.0],[-46.626542,-6.126313,0.0],[-46.628574,-6.126187,0.0],[-46.63013,-6.12702,0.0],[-46.633127,-6.130121,0.0],[-46.634442,-6.130237,0.0],[-46.639552,-6.125293,0.0],[-46.645709,-6.121972,0.0],[-46.647638,-6.119598,0.0],[-46.648491,-6.117298,0.0],[-46.648478,-6.112992,0.0],[-46.649467,-6.10818,0.0],[-46.648818,-6.106746,0.0],[-46.645869,-6.103812,0.0],[-46.645793,-6.102449,0.0],[-46.64765,-6.100146,0.0],[-46.652593,-6.098696,0.0],[-46.655667,-6.0956,0.0],[-46.661913,-6.097949,0.0],[-46.664955,-6.100127,0.0],[-46.667475,-6.103492,0.0],[-46.670132,-6.104561,0.0],[-46.66699,-6.108877,0.0],[-46.665201,-6.110103,0.0],[-46.665203,-6.11082,0.0],[-46.668864,-6.111814,0.0],[-46.671021,-6.113817,0.0],[-46.6726,-6.114171,0.0],[-46.678547,-6.112717,0.0],[-46.679409,-6.11336,0.0],[-46.681072,-6.117733,0.0],[-46.682367,-6.118878,0.0],[-46.683802,-6.119232,0.0],[-46.685236,-6.119156,0.0],[-46.6887,-6.115238,0.0],[-46.696213,-6.11031,0.0],[-46.699261,-6.11024,0.0],[-46.703333,-6.112919,0.0],[-46.706681,-6.113626,0.0],[-46.708598,-6.114996,0.0],[-46.709791,-6.114573,0.0],[-46.711221,-6.113013,0.0],[-46.711813,-6.111337,0.0],[-46.712154,-6.105893,0.0],[-46.713565,-6.102025,0.0],[-46.713375,-6.098736,0.0],[-46.714683,-6.096698,0.0],[-46.715449,-6.093286,0.0],[-46.717354,-6.091067,0.0],[-46.723862,-6.089432,0.0],[-46.725531,-6.08829,0.0],[-46.725942,-6.085836,0.0],[-46.727429,-6.083858,0.0],[-46.728085,-6.081536,0.0],[-46.727647,-6.079169,0.0],[-46.726641,-6.078311,0.0],[-46.725419,-6.077525,0.0],[-46.722765,-6.077031,0.0],[-46.719748,-6.075318,0.0],[-46.717591,-6.073387,0.0],[-46.713641,-6.071534,0.0],[-46.713423,-6.07053,0.0],[-46.713993,-6.069308,0.0],[-46.716425,-6.067362,0.0],[-46.721023,-6.06541,0.0],[-46.721922,-6.062584,0.0],[-46.721056,-6.060625,0.0],[-46.7209,-6.056606,0.0],[-46.72195,-6.056268,0.0],[-46.724775,-6.057646,0.0],[-46.731137,-6.059109,0.0],[-46.733715,-6.058335,0.0],[-46.734092,-6.056564,0.0],[-46.732221,-6.054321,0.0],[-46.732449,-6.051067,0.0],[-46.734967,-6.046082,0.0],[-46.738276,-6.042146,0.0],[-46.738841,-6.03956,0.0],[-46.742986,-6.035384,0.0],[-46.742082,-6.032803,0.0],[-46.740178,-6.031445,0.0],[-46.73799,-6.031093,0.0],[-46.737065,-6.029416,0.0],[-46.73733,-6.022621,0.0],[-46.738132,-6.019317,0.0],[-46.737117,-6.015635,0.0],[-46.736808,-6.008603,0.0],[-46.738393,-6.003588,0.0],[-46.73882,-6.002773,0.0],[-46.742451,-6.002092,0.0],[-46.746226,-5.999927,0.0],[-46.747056,-5.99807,0.0],[-46.746091,-5.995023,0.0],[-46.746563,-5.993227,0.0],[-46.747457,-5.992746,0.0],[-46.751999,-5.99327,0.0],[-46.752833,-5.99231,0.0],[-46.754616,-5.989374,0.0],[-46.754967,-5.98716,0.0],[-46.758,-5.982844,0.0],[-46.757995,-5.981289,0.0],[-46.755956,-5.978783,0.0],[-46.756129,-5.976809,0.0],[-46.758516,-5.976024,0.0],[-46.760186,-5.973823,0.0],[-46.762575,-5.973576,0.0],[-46.766162,-5.974522,0.0],[-46.767664,-5.977268,0.0],[-46.771614,-5.979229,0.0],[-46.775079,-5.979457,0.0],[-46.778797,-5.978766,0.0],[-46.782203,-5.967989,0.0],[-46.786407,-5.960153,0.0],[-46.78669,-5.959004,0.0],[-46.785021,-5.953539,0.0],[-46.785659,-5.943967,0.0],[-46.784409,-5.941866,0.0],[-46.786024,-5.938798,0.0],[-46.786347,-5.936979,0.0],[-46.785885,-5.932495,0.0],[-46.790342,-5.925602,0.0],[-46.790631,-5.923945,0.0],[-46.788965,-5.921923,0.0],[-46.787775,-5.921774,0.0],[-46.784652,-5.922993,0.0],[-46.781648,-5.922131,0.0],[-46.779477,-5.91987,0.0],[-46.776146,-5.917937,0.0],[-46.77567,-5.916063,0.0],[-46.776452,-5.913454,0.0],[-46.782401,-5.906209,0.0],[-46.783529,-5.903754,0.0],[-46.784045,-5.898676,0.0],[-46.79169,-5.898133,0.0],[-46.795656,-5.895652,0.0],[-46.801493,-5.893432,0.0],[-46.802436,-5.892103,0.0],[-46.803471,-5.891674,0.0],[-46.830397,-5.892502,0.0],[-46.831742,-5.893989,0.0],[-46.833684,-5.89446,0.0],[-46.836508,-5.896523,0.0],[-46.83736,-5.898374,0.0],[-46.842257,-5.903167,0.0],[-46.850002,-5.90646,0.0],[-46.854131,-5.906138,0.0],[-46.859758,-5.90394,0.0],[-46.867527,-5.905742,0.0],[-46.873336,-5.911228,0.0],[-46.880159,-5.913418,0.0],[-46.883835,-5.915243,0.0],[-46.886811,-5.913625,0.0],[-46.891051,-5.912692,0.0],[-46.894376,-5.912509,0.0],[-46.897532,-5.913187,0.0],[-46.900053,-5.912604,0.0],[-46.901025,-5.911854,0.0],[-46.905155,-5.904147,0.0],[-46.903315,-5.902488,0.0],[-46.903131,-5.898929,0.0],[-46.901516,-5.896121,0.0],[-46.901394,-5.893998,0.0],[-46.903108,-5.892384,0.0],[-46.906715,-5.890592,0.0],[-46.910097,-5.890523,0.0],[-46.911582,-5.888968,0.0],[-46.911695,-5.888221,0.0],[-46.910484,-5.886273,0.0],[-46.910477,-5.884321,0.0],[-46.911972,-5.881272,0.0],[-46.912905,-5.874667,0.0],[-46.916041,-5.869776,0.0],[-46.915448,-5.86375,0.0],[-46.913894,-5.856578,0.0],[-46.912935,-5.855433,0.0],[-46.907484,-5.854112,0.0],[-46.906621,-5.85335,0.0],[-46.906036,-5.849811,0.0],[-46.904125,-5.849722,0.0],[-46.902592,-5.848675,0.0],[-46.902397,-5.847431,0.0],[-46.904584,-5.844362,0.0],[-46.900638,-5.83069,0.0],[-46.901349,-5.828821,0.0],[-46.904891,-5.824906,0.0],[-46.905364,-5.823589,0.0],[-46.90512,-5.821915,0.0],[-46.903077,-5.818334,0.0],[-46.902946,-5.814985,0.0],[-46.903658,-5.813428,0.0],[-46.911716,-5.807938,0.0],[-46.912724,-5.805722,0.0],[-46.912175,-5.802315,0.0],[-46.91253,-5.801536,0.0],[-46.916349,-5.800566,0.0],[-46.919383,-5.797267,0.0],[-46.922369,-5.797197,0.0],[-46.922904,-5.796478,0.0],[-46.923145,-5.79549,0.0],[-46.922133,-5.79291,0.0],[-46.922626,-5.790325,0.0],[-46.920967,-5.787101,0.0],[-46.923169,-5.781424,0.0],[-46.925884,-5.778903,0.0],[-46.927745,-5.778394,0.0],[-46.935061,-5.78045,0.0],[-46.937639,-5.780011,0.0],[-46.943247,-5.775853,0.0],[-46.947025,-5.774348,0.0],[-46.952342,-5.770483,0.0],[-46.956524,-5.769665,0.0],[-46.958928,-5.768508,0.0],[-46.961957,-5.766029,0.0],[-46.962696,-5.764304,0.0],[-46.961017,-5.759258,0.0],[-46.957775,-5.755537,0.0],[-46.959074,-5.751227,0.0],[-46.963652,-5.744497,0.0],[-46.965799,-5.743581,0.0],[-46.968323,-5.741515,0.0],[-46.972094,-5.740832,0.0],[-46.97352,-5.738866,0.0],[-46.977525,-5.736747,0.0],[-46.980382,-5.733783,0.0],[-46.983878,-5.733656,0.0],[-46.986108,-5.732213,0.0],[-46.989721,-5.732545,0.0],[-46.99304,-5.730984,0.0],[-46.99757,-5.731829,0.0],[-46.999573,-5.730731,0.0],[-47.000308,-5.727973,0.0],[-46.998137,-5.722976,0.0],[-46.997979,-5.718528,0.0],[-47.000831,-5.714714,0.0],[-47.001682,-5.712128,0.0],[-47.003109,-5.7104,0.0],[-47.003529,-5.7076,0.0],[-47.006449,-5.70271,0.0],[-47.006721,-5.698547,0.0],[-47.008151,-5.697753,0.0],[-47.010016,-5.698392,0.0],[-47.011309,-5.699177,0.0],[-47.013757,-5.702828,0.0],[-47.014546,-5.703184,0.0],[-47.015765,-5.703324,0.0],[-47.018339,-5.702023,0.0],[-47.020631,-5.701871,0.0],[-47.022934,-5.704734,0.0],[-47.026868,-5.707154,0.0],[-47.029165,-5.706973,0.0],[-47.031682,-5.705587,0.0],[-47.034202,-5.705118,0.0],[-47.036611,-5.705684,0.0],[-47.038672,-5.705045,0.0],[-47.044758,-5.708181,0.0],[-47.050052,-5.705831,0.0],[-47.054656,-5.707699,0.0],[-47.057609,-5.707299,0.0],[-47.05961,-5.705277,0.0],[-47.063028,-5.699524,0.0],[-47.063524,-5.693954,0.0],[-47.065406,-5.691478,0.0],[-47.065445,-5.686369,0.0],[-47.066819,-5.685962,0.0],[-47.069295,-5.686513,0.0],[-47.073841,-5.688937,0.0],[-47.077088,-5.689021,0.0],[-47.077851,-5.688492,0.0],[-47.080314,-5.682934,0.0],[-47.082551,-5.680821,0.0],[-47.082547,-5.679625,0.0],[-47.080671,-5.675996,0.0],[-47.082332,-5.673024,0.0],[-47.082895,-5.670265,0.0],[-47.085326,-5.670918,0.0],[-47.08602,-5.672311,0.0],[-47.085861,-5.671058,0.0],[-47.091784,-5.667804,0.0],[-47.095351,-5.667056,0.0],[-47.09798,-5.667716,0.0],[-47.10156,-5.667416,0.0],[-47.105082,-5.664198,0.0],[-47.105694,-5.661756,0.0],[-47.107168,-5.659933,0.0],[-47.106879,-5.654476,0.0],[-47.110561,-5.651835,0.0],[-47.111063,-5.650243,0.0],[-47.110697,-5.647743,0.0],[-47.111806,-5.644317,0.0],[-47.111649,-5.642939,0.0],[-47.109174,-5.635238,0.0],[-47.106603,-5.631425,0.0],[-47.107568,-5.625801,0.0],[-47.111261,-5.623874,0.0],[-47.111546,-5.619896,0.0],[-47.110942,-5.618105,0.0],[-47.111322,-5.615831,0.0],[-47.109914,-5.614251,0.0],[-47.108361,-5.614048,0.0],[-47.107759,-5.612555,0.0],[-47.102919,-5.611047,0.0],[-47.101031,-5.608991,0.0],[-47.099297,-5.608011,0.0],[-47.100332,-5.604767,0.0],[-47.100295,-5.603845,0.0],[-47.09957,-5.603156,0.0],[-47.09717,-5.603263,0.0],[-47.090325,-5.601312,0.0],[-47.08792,-5.599706,0.0],[-47.085649,-5.599056,0.0],[-47.085021,-5.598234,0.0],[-47.087479,-5.596019,0.0],[-47.088492,-5.594138,0.0],[-47.094997,-5.592962,0.0],[-47.098603,-5.589685,0.0],[-47.099581,-5.586351,0.0],[-47.101664,-5.583891,0.0],[-47.099021,-5.579236,0.0],[-47.095606,-5.57554,0.0],[-47.098939,-5.568631,0.0],[-47.100718,-5.563231,0.0],[-47.104867,-5.562971,0.0],[-47.107393,-5.560218,0.0],[-47.111246,-5.559933,0.0],[-47.110393,-5.557667,0.0],[-47.110988,-5.553837,0.0],[-47.110005,-5.553298,0.0],[-47.10819,-5.553657,0.0],[-47.106446,-5.552756,0.0],[-47.105908,-5.550956,0.0],[-47.103263,-5.548467,0.0],[-47.104298,-5.546416,0.0],[-47.104189,-5.544348,0.0],[-47.105614,-5.54291,0.0],[-47.104995,-5.54109,0.0],[-47.103889,-5.54048,0.0],[-47.103985,-5.539408,0.0],[-47.107952,-5.535991,0.0],[-47.110454,-5.535294,0.0],[-47.110478,-5.532373,0.0],[-47.110235,-5.531652,0.0],[-47.107554,-5.530115,0.0],[-47.107577,-5.526987,0.0],[-47.105272,-5.526611,0.0],[-47.103014,-5.523097,0.0],[-47.102678,-5.520098,0.0],[-47.101728,-5.518178,0.0],[-47.102112,-5.516383,0.0],[-47.101269,-5.51353,0.0],[-47.098541,-5.508992,0.0],[-47.101141,-5.50808,0.0],[-47.10247,-5.506823,0.0],[-47.102152,-5.50162,0.0],[-47.100476,-5.499221,0.0],[-47.100272,-5.498019,0.0],[-47.101,-5.496346,0.0],[-47.103801,-5.49667,0.0],[-47.1068,-5.496259,0.0],[-47.112032,-5.493058,0.0],[-47.117208,-5.49415,0.0],[-47.120006,-5.491549,0.0],[-47.123147,-5.491834,0.0],[-47.124323,-5.490238,0.0],[-47.124385,-5.486795,0.0],[-47.125449,-5.484793,0.0],[-47.125366,-5.482054,0.0],[-47.126542,-5.480458,0.0],[-47.124609,-5.477022,0.0],[-47.126046,-5.47587,0.0],[-47.126446,-5.474202,0.0],[-47.124463,-5.467065,0.0],[-47.124747,-5.463622,0.0],[-47.127359,-5.460688,0.0],[-47.127943,-5.458687,0.0],[-47.130299,-5.456495,0.0],[-47.132335,-5.45586,0.0],[-47.133848,-5.454559,0.0],[-47.13445,-5.452872,0.0],[-47.131864,-5.445585,0.0],[-47.127365,-5.442348,0.0],[-47.124019,-5.441116,0.0],[-47.12057,-5.437492,0.0],[-47.121323,-5.434524,0.0],[-47.125134,-5.432214,0.0],[-47.127983,-5.42809,0.0],[-47.130464,-5.427699,0.0],[-47.13484,-5.429549,0.0],[-47.137049,-5.42975,0.0],[-47.139874,-5.427229,0.0],[-47.14602,-5.425066,0.0],[-47.152594,-5.417855,0.0],[-47.157862,-5.416368,0.0],[-47.160368,-5.412455,0.0],[-47.164193,-5.408768,0.0],[-47.167154,-5.40405,0.0],[-47.168985,-5.403297,0.0],[-47.170068,-5.396462,0.0],[-47.169767,-5.392445,0.0],[-47.17101,-5.387733,0.0],[-47.17203,-5.384687,0.0],[-47.175218,-5.379222,0.0],[-47.179026,-5.370828,0.0],[-47.181024,-5.369041,0.0],[-47.183348,-5.368522,0.0],[-47.193251,-5.375136,0.0],[-47.19645,-5.375364,0.0],[-47.197733,-5.373829,0.0],[-47.196606,-5.365796,0.0],[-47.196602,-5.364505,0.0],[-47.197425,-5.363019,0.0],[-47.203069,-5.359734,0.0],[-47.207825,-5.358604,0.0],[-47.208895,-5.35756,0.0],[-47.20964,-5.355584,0.0],[-47.210925,-5.354647,0.0],[-47.217532,-5.352902,0.0],[-47.223473,-5.35245,0.0],[-47.22976,-5.349054,0.0],[-47.232873,-5.348577,0.0],[-47.23488,-5.349499,0.0],[-47.238291,-5.352357,0.0],[-47.241239,-5.35597,0.0],[-47.242079,-5.360559,0.0],[-47.248097,-5.361541,0.0],[-47.254484,-5.365787,0.0],[-47.262182,-5.367351,0.0],[-47.267051,-5.367677,0.0],[-47.27031,-5.366345,0.0],[-47.273115,-5.366048,0.0],[-47.274029,-5.365241,0.0],[-47.273097,-5.360997,0.0],[-47.274222,-5.355482,0.0],[-47.275763,-5.354099,0.0],[-47.274951,-5.351404,0.0],[-47.277173,-5.349866,0.0],[-47.278223,-5.343548,0.0],[-47.276799,-5.340893,0.0],[-47.275218,-5.332838,0.0],[-47.272081,-5.329741,0.0],[-47.270167,-5.324004,0.0],[-47.263546,-5.314449,0.0],[-47.258449,-5.310378,0.0],[-47.254902,-5.309243,0.0],[-47.243254,-5.308441,0.0],[-47.237789,-5.311546,0.0],[-47.23482,-5.311952,0.0],[-47.232167,-5.310562,0.0],[-47.228508,-5.307496,0.0],[-47.226062,-5.304108,0.0],[-47.227419,-5.296689,0.0],[-47.226548,-5.293152,0.0],[-47.228628,-5.287787,0.0],[-47.228983,-5.276668,0.0],[-47.23045,-5.275319,0.0],[-47.232737,-5.274354,0.0],[-47.238554,-5.272898,0.0],[-47.240072,-5.2705,0.0],[-47.238817,-5.266295,0.0],[-47.235553,-5.261026,0.0],[-47.235374,-5.258903,0.0],[-47.237697,-5.252179,0.0],[-47.236829,-5.249484,0.0],[-47.234186,-5.247082,0.0],[-47.234118,-5.24404,0.0],[-47.237938,-5.239377,0.0],[-47.23666,-5.235598,0.0],[-47.236751,-5.234378,0.0],[-47.238703,-5.233055,0.0],[-47.241494,-5.233093,0.0],[-47.242876,-5.232514,0.0],[-47.243703,-5.230095,0.0],[-47.245609,-5.228084,0.0],[-47.246211,-5.226336,0.0],[-47.246182,-5.224817,0.0],[-47.242949,-5.221504,0.0],[-47.240034,-5.220367,0.0],[-47.239547,-5.217594,0.0],[-47.237393,-5.215641,0.0],[-47.237438,-5.214732,0.0],[-47.241241,-5.210843,0.0],[-47.239698,-5.198137,0.0],[-47.237363,-5.196327,0.0],[-47.235397,-5.196124,0.0],[-47.232976,-5.197165,0.0],[-47.228637,-5.200682,0.0],[-47.227315,-5.20067,0.0],[-47.223892,-5.193527,0.0],[-47.220731,-5.183254,0.0],[-47.220193,-5.178155,0.0],[-47.218755,-5.176103,0.0],[-47.217063,-5.175619,0.0],[-47.215719,-5.171999,0.0],[-47.213921,-5.169493,0.0],[-47.212666,-5.16878,0.0],[-47.207572,-5.170654,0.0],[-47.20084,-5.169755,0.0],[-47.199788,-5.168154,0.0],[-47.19497,-5.165607,0.0],[-47.194199,-5.163543,0.0],[-47.194654,-5.160589,0.0],[-47.198498,-5.157342,0.0],[-47.20066,-5.154194,0.0],[-47.20115,-5.15082,0.0],[-47.20462,-5.148447,0.0],[-47.209623,-5.146492,0.0],[-47.211371,-5.145123,0.0],[-47.2124,-5.142572,0.0],[-47.21195,-5.136654,0.0],[-47.213084,-5.133493,0.0],[-47.212073,-5.130877,0.0],[-47.212523,-5.126248,0.0],[-47.211582,-5.123094,0.0],[-47.209387,-5.119585,0.0],[-47.20876,-5.112015,0.0],[-47.211259,-5.110547,0.0],[-47.211081,-5.107367,0.0],[-47.212347,-5.104029,0.0],[-47.212834,-5.097535,0.0],[-47.221668,-5.088895,0.0],[-47.223263,-5.080159,0.0],[-47.225548,-5.078824,0.0],[-47.227219,-5.075625,0.0],[-47.228506,-5.075226,0.0],[-47.229075,-5.074327,0.0],[-47.231043,-5.059147,0.0],[-47.232413,-5.055124,0.0],[-47.233744,-5.05378,0.0],[-47.23746,-5.052476,0.0],[-47.243653,-5.048888,0.0],[-47.247586,-5.048253,0.0],[-47.250633,-5.043084,0.0],[-47.260039,-5.041063,0.0],[-47.262561,-5.037467,0.0],[-47.26373,-5.030885,0.0],[-47.26371,-5.024906,0.0],[-47.263392,-5.019227,0.0],[-47.261734,-5.014001,0.0],[-47.261271,-5.009368,0.0],[-47.263069,-5.003881,0.0],[-47.267195,-4.996436,0.0],[-47.270659,-4.994774,0.0],[-47.273116,-4.991864,0.0],[-47.272671,-4.984174,0.0],[-47.274605,-4.980723,0.0],[-47.275726,-4.973659,0.0],[-47.278579,-4.971296,0.0],[-47.286005,-4.96708,0.0],[-47.288684,-4.963799,0.0],[-47.289648,-4.96127,0.0],[-47.289753,-4.958342,0.0],[-47.287621,-4.954216,0.0],[-47.287324,-4.951003,0.0],[-47.289204,-4.948528,0.0],[-47.289251,-4.945658,0.0],[-47.291365,-4.944618,0.0],[-47.292161,-4.943008,0.0],[-47.291976,-4.939105,0.0],[-47.292482,-4.936405,0.0],[-47.291149,-4.931703,0.0],[-47.291072,-4.925963,0.0],[-47.289579,-4.924246,0.0],[-47.282836,-4.924196,0.0],[-47.277767,-4.92074,0.0],[-47.274874,-4.911336,0.0],[-47.274432,-4.907606,0.0],[-47.276695,-4.899993,0.0],[-47.276237,-4.891241,0.0],[-47.276944,-4.888799,0.0],[-47.279833,-4.886337,0.0],[-47.282374,-4.879991,0.0],[-47.284273,-4.877293,0.0],[-47.286652,-4.875791,0.0],[-47.288739,-4.875903,0.0],[-47.291359,-4.875117,0.0],[-47.29344,-4.873555,0.0],[-47.293699,-4.872457,0.0],[-47.293059,-4.866576,0.0],[-47.290553,-4.858739,0.0],[-47.287,-4.851768,0.0],[-47.282448,-4.84523,0.0],[-47.280713,-4.839782,0.0],[-47.280022,-4.832801,0.0],[-47.281483,-4.829352,0.0],[-47.285823,-4.822521,0.0],[-47.289229,-4.814258,0.0],[-47.294511,-4.811155,0.0],[-47.296792,-4.80878,0.0],[-47.299842,-4.80102,0.0],[-47.298689,-4.798513,0.0],[-47.293528,-4.79523,0.0],[-47.291447,-4.793156,0.0],[-47.289141,-4.787854,0.0],[-47.287256,-4.780111,0.0],[-47.285459,-4.777462,0.0],[-47.281343,-4.774376,0.0],[-47.279775,-4.767436,0.0],[-47.278451,-4.764857,0.0],[-47.278074,-4.754813,0.0],[-47.275352,-4.744605,0.0],[-47.276277,-4.738823,0.0],[-47.278886,-4.734797,0.0],[-47.2804,-4.731108,0.0],[-47.281725,-4.717196,0.0],[-47.283496,-4.711928,0.0],[-47.286163,-4.707435,0.0],[-47.287104,-4.703605,0.0],[-47.285292,-4.700331,0.0],[-47.27937,-4.693498,0.0],[-47.278495,-4.688334,0.0],[-47.275628,-4.686514,0.0],[-47.267935,-4.684961,0.0],[-47.264569,-4.683465,0.0],[-47.262883,-4.681712,0.0],[-47.257868,-4.67881,0.0],[-47.256289,-4.676998,0.0],[-47.253972,-4.668156,0.0],[-47.253426,-4.661269,0.0],[-47.252514,-4.659311,0.0],[-47.251268,-4.657306,0.0],[-47.248018,-4.654733,0.0],[-47.245719,-4.651583,0.0],[-47.242947,-4.649487,0.0],[-47.238937,-4.64773,0.0],[-47.231305,-4.634989,0.0],[-47.229918,-4.629851,0.0],[-47.230656,-4.621884,0.0],[-47.229775,-4.614567,0.0],[-47.227466,-4.60783,0.0],[-47.227481,-4.604756,0.0],[-47.230319,-4.597644,0.0],[-47.233446,-4.591535,0.0],[-47.23708,-4.58729,0.0],[-47.237503,-4.585351,0.0],[-47.237565,-4.582409,0.0],[-47.236771,-4.579828,0.0],[-47.233757,-4.576322,0.0],[-47.231167,-4.571235,0.0],[-47.230366,-4.566717,0.0],[-47.231935,-4.565205,0.0],[-47.237222,-4.564041,0.0],[-47.240422,-4.558147,0.0],[-47.240166,-4.545017,0.0],[-47.240944,-4.542073,0.0],[-47.241583,-4.540707,0.0],[-47.246835,-4.536119,0.0],[-47.247826,-4.532887,0.0],[-47.246449,-4.526864,0.0],[-47.247007,-4.52227,0.0],[-47.250548,-4.511496,0.0],[-47.254332,-4.509619,0.0],[-47.254901,-4.508756,0.0],[-47.25631,-4.501935,0.0],[-47.259299,-4.497405,0.0],[-47.259359,-4.493817,0.0],[-47.254638,-4.485276,0.0],[-47.24753,-4.467694,0.0],[-47.248272,-4.460899,0.0],[-47.253196,-4.450265,0.0],[-47.254503,-4.441291,0.0],[-47.253974,-4.436832,0.0],[-47.252919,-4.43497,0.0],[-47.248668,-4.431826,0.0],[-47.244564,-4.430182,0.0],[-47.241417,-4.429689,0.0],[-47.238762,-4.426325,0.0],[-47.236111,-4.424252,0.0],[-47.222245,-4.425298,0.0],[-47.220171,-4.425089,0.0],[-47.21788,-4.423876,0.0],[-47.215151,-4.419794,0.0],[-47.214976,-4.409103,0.0],[-47.21282,-4.405378,0.0],[-47.211458,-4.404163,0.0],[-47.206451,-4.403101,0.0],[-47.199018,-4.403697,0.0],[-47.196658,-4.403489,0.0],[-47.194868,-4.402633,0.0],[-47.193791,-4.400771,0.0],[-47.192121,-4.392021,0.0],[-47.187247,-4.387659,0.0],[-47.180374,-4.384306,0.0],[-47.177062,-4.381749,0.0],[-47.176409,-4.37845,0.0],[-47.178456,-4.36933,0.0],[-47.178867,-4.362943,0.0],[-47.17168,-4.350498,0.0],[-47.167602,-4.344424,0.0],[-47.163644,-4.340245,0.0],[-47.158888,-4.336814,0.0],[-47.150355,-4.329274,0.0],[-47.142549,-4.32413,0.0],[-47.13839,-4.319549,0.0],[-47.137383,-4.317327,0.0],[-47.137155,-4.312663,0.0],[-47.130975,-4.301056,0.0],[-47.130531,-4.295316,0.0],[-47.128942,-4.28958,0.0],[-47.126243,-4.285655,0.0],[-47.124007,-4.283537,0.0],[-47.114969,-4.282299,0.0],[-47.1094,-4.274564,0.0],[-47.102759,-4.271712,0.0],[-47.098803,-4.267877,0.0],[-47.090096,-4.263266,0.0],[-47.089802,-4.260205,0.0],[-47.092634,-4.250342,0.0],[-47.092723,-4.248045,0.0],[-47.092242,-4.246133,0.0],[-47.091477,-4.245369,0.0],[-47.076212,-4.239478,0.0],[-47.067076,-4.230738,0.0],[-47.064857,-4.22938,0.0],[-47.050686,-4.228238,0.0],[-47.043294,-4.226104,0.0],[-47.040729,-4.224676,0.0],[-47.035417,-4.220623,0.0],[-47.030096,-4.213042,0.0],[-47.027708,-4.210776,0.0],[-47.022758,-4.208486,0.0],[-47.015897,-4.204318,0.0],[-47.01291,-4.200887,0.0],[-47.008125,-4.193274,0.0],[-47.005876,-4.1873,0.0],[-47.004343,-4.16996,0.0],[-47.003288,-4.164879,0.0],[-47.001339,-4.159652,0.0],[-46.999992,-4.156964,0.0],[-46.994164,-4.148905,0.0],[-46.991617,-4.142482,0.0],[-46.988777,-4.138154,0.0],[-46.980266,-4.128756,0.0],[-46.977276,-4.123979,0.0],[-46.976524,-4.12099,0.0],[-46.976655,-4.113813,0.0],[-46.97975,-4.100947,0.0],[-46.979149,-4.098706,0.0],[-46.978102,-4.096915,0.0],[-46.970358,-4.090041,0.0],[-46.966948,-4.084069,0.0],[-46.956043,-4.076799,0.0],[-46.95218,-4.07523,0.0],[-46.950467,-4.075999,0.0],[-46.946329,-4.080392,0.0],[-46.942443,-4.081492,0.0],[-46.932154,-4.082436,0.0],[-46.927013,-4.08463,0.0],[-46.922268,-4.084929,0.0],[-46.906252,-4.082555,0.0],[-46.904478,-4.081698,0.0],[-46.901094,-4.077171,0.0],[-46.900221,-4.070914,0.0],[-46.900464,-4.064695,0.0],[-46.899656,-4.061367,0.0],[-46.892259,-4.052255,0.0],[-46.891276,-4.047721,0.0],[-46.888978,-4.043133,0.0],[-46.885237,-4.040416,0.0],[-46.882664,-4.037239,0.0],[-46.878583,-4.034975,0.0],[-46.868624,-4.03621,0.0],[-46.864243,-4.034856,0.0],[-46.848241,-4.033983,0.0],[-46.83102,-4.028262,0.0],[-46.828601,-4.026297,0.0],[-46.82754,-4.024632,0.0],[-46.824501,-4.015392,0.0],[-46.82238,-4.012062,0.0],[-46.819772,-3.998009,0.0],[-46.814626,-3.997561,0.0],[-46.811933,-3.995041,0.0],[-46.810327,-3.992633,0.0],[-46.807921,-3.990801,0.0],[-46.805576,-3.990346,0.0],[-46.802148,-3.991445,0.0],[-46.799117,-3.991337,0.0],[-46.793273,-3.985435,0.0],[-46.786468,-3.984818,0.0],[-46.785436,-3.983615,0.0],[-46.784343,-3.980631,0.0],[-46.782223,-3.978741,0.0],[-46.774725,-3.974623,0.0],[-46.77032,-3.973369,0.0],[-46.767742,-3.971193,0.0],[-46.765535,-3.954948,0.0],[-46.76249,-3.947891,0.0],[-46.76173,-3.944802,0.0],[-46.762536,-3.931353,0.0],[-46.762227,-3.925851,0.0],[-46.76023,-3.921051,0.0],[-46.759868,-3.918719,0.0],[-46.758016,-3.915971,0.0],[-46.759139,-3.91226,0.0],[-46.761815,-3.910401,0.0],[-46.761806,-3.905855,0.0],[-46.759299,-3.903168,0.0],[-46.755712,-3.896238,0.0],[-46.751108,-3.890589,0.0],[-46.745386,-3.888148,0.0],[-46.740384,-3.888099,0.0],[-46.73449,-3.889128,0.0],[-46.72356,-3.887272,0.0],[-46.722987,-3.886555,0.0],[-46.722622,-3.882752,0.0],[-46.721116,-3.880314,0.0],[-46.720042,-3.879455,0.0],[-46.714464,-3.877672,0.0],[-46.711601,-3.875166,0.0],[-46.70867,-3.874813,0.0],[-46.707313,-3.875246,0.0],[-46.704818,-3.878194,0.0],[-46.702461,-3.87906,0.0],[-46.698745,-3.878996,0.0],[-46.696669,-3.878025,0.0],[-46.694729,-3.872501,0.0],[-46.694937,-3.86963,0.0],[-46.695934,-3.867546,0.0],[-46.696356,-3.864603,0.0],[-46.695635,-3.861015,0.0],[-46.696533,-3.858549,0.0],[-46.694615,-3.852141,0.0],[-46.694897,-3.849939,0.0],[-46.696414,-3.846204,0.0],[-46.696778,-3.837877,0.0],[-46.69601,-3.834528,0.0],[-46.693427,-3.829461,0.0],[-46.694946,-3.826587,0.0],[-46.698749,-3.82256,0.0],[-46.703322,-3.822359,0.0],[-46.70656,-3.821587,0.0],[-46.711705,-3.821577,0.0],[-46.713417,-3.820234,0.0],[-46.721224,-3.816964,0.0],[-46.723314,-3.814089,0.0],[-46.725977,-3.811978,0.0],[-46.728639,-3.808719,0.0],[-46.730342,-3.802782,0.0],[-46.732813,-3.799906,0.0],[-46.736252,-3.792566,0.0],[-46.73625,-3.791597,0.0],[-46.738138,-3.788542,0.0],[-46.739341,-3.782845,0.0],[-46.73898,-3.780813,0.0],[-46.739475,-3.778156,0.0],[-46.738276,-3.77424,0.0],[-46.736604,-3.77209,0.0],[-46.728854,-3.766962,0.0],[-46.728133,-3.763793,0.0],[-46.727297,-3.762838,0.0],[-46.726813,-3.758891,0.0],[-46.723534,-3.756624,0.0],[-46.721803,-3.754415,0.0],[-46.720074,-3.753521,0.0],[-46.718935,-3.749755,0.0],[-46.714822,-3.747191,0.0],[-46.713449,-3.745339,0.0],[-46.713562,-3.742408,0.0],[-46.711767,-3.737567,0.0],[-46.708842,-3.734163,0.0],[-46.705686,-3.727711,0.0],[-46.703109,-3.724916,0.0],[-46.700742,-3.720147,0.0],[-46.70198,-3.713577,0.0],[-46.699398,-3.708809,0.0],[-46.701075,-3.707657,0.0],[-46.701609,-3.706651,0.0],[-46.701428,-3.705324,0.0],[-46.699031,-3.703785,0.0],[-46.696918,-3.70099,0.0],[-46.689964,-3.7008,0.0],[-46.688867,-3.70006,0.0],[-46.687976,-3.694798,0.0],[-46.689446,-3.685225,0.0],[-46.691866,-3.68059,0.0],[-46.692679,-3.675529,0.0],[-46.692709,-3.672765,0.0],[-46.691812,-3.670685,0.0],[-46.69038,-3.669037,0.0],[-46.685912,-3.66743,0.0],[-46.684659,-3.666069,0.0],[-46.682335,-3.665212,0.0],[-46.673501,-3.659845,0.0],[-46.670852,-3.656728,0.0],[-46.671058,-3.653648,0.0],[-46.670027,-3.649917,0.0],[-46.669565,-3.644702,0.0],[-46.667251,-3.642625,0.0],[-46.668533,-3.637073,0.0],[-46.667316,-3.635808,0.0],[-46.661906,-3.633545,0.0],[-46.65782,-3.628432,0.0],[-46.65969,-3.625397,0.0],[-46.66022,-3.622059,0.0],[-46.661823,-3.619866,0.0],[-46.662767,-3.618898,0.0],[-46.666222,-3.617734,0.0],[-46.667256,-3.616548,0.0],[-46.669647,-3.615287,0.0],[-46.669681,-3.614498,0.0],[-46.67118,-3.613669,0.0],[-46.67371,-3.610147,0.0],[-46.673918,-3.606989,0.0],[-46.676105,-3.603514,0.0],[-46.676907,-3.599397,0.0],[-46.678815,-3.594441,0.0],[-46.67899,-3.592323,0.0],[-46.67767,-3.589722,0.0],[-46.679594,-3.587386,0.0],[-46.679544,-3.585903,0.0],[-46.676645,-3.582929,0.0],[-46.676281,-3.578874,0.0],[-46.67119,-3.575162,0.0],[-46.670089,-3.572388,0.0],[-46.658413,-3.568294,0.0],[-46.657695,-3.566142,0.0],[-46.65531,-3.563897,0.0],[-46.654926,-3.562606,0.0],[-46.653306,-3.562082,0.0],[-46.650429,-3.556556,0.0],[-46.648427,-3.55565,0.0],[-46.647236,-3.555413,0.0],[-46.645049,-3.557427,0.0],[-46.641002,-3.558391,0.0],[-46.638625,-3.56074,0.0],[-46.636008,-3.561893,0.0],[-46.632625,-3.561421,0.0],[-46.627571,-3.558271,0.0],[-46.625943,-3.553154,0.0],[-46.619176,-3.551012,0.0],[-46.613721,-3.55109,0.0],[-46.606638,-3.545072,0.0],[-46.603137,-3.544911,0.0],[-46.599516,-3.543912,0.0],[-46.597137,-3.545496,0.0],[-46.595432,-3.550643,0.0],[-46.594701,-3.555143,0.0],[-46.592128,-3.558181,0.0],[-46.587603,-3.557758,0.0],[-46.58489,-3.559055,0.0],[-46.580771,-3.559212,0.0],[-46.578534,-3.556907,0.0],[-46.573604,-3.556269,0.0],[-46.570243,-3.554624,0.0],[-46.567103,-3.556495,0.0],[-46.565388,-3.556283,0.0],[-46.564457,-3.555136,0.0],[-46.563268,-3.549144,0.0],[-46.562941,-3.546094,0.0],[-46.563625,-3.541692,0.0],[-46.562666,-3.538056,0.0],[-46.561207,-3.535955,0.0],[-46.557272,-3.532522,0.0],[-46.557032,-3.531625,0.0],[-46.557861,-3.529261,0.0],[-46.560122,-3.52815,0.0],[-46.562097,-3.525088,0.0],[-46.561904,-3.523581,0.0],[-46.562971,-3.520851,0.0],[-46.563014,-3.518363,0.0],[-46.561887,-3.513483,0.0],[-46.557593,-3.509136,0.0],[-46.556002,-3.50247,0.0],[-46.554568,-3.499242,0.0],[-46.55272,-3.497271,0.0],[-46.552001,-3.494999,0.0],[-46.545209,-3.49166,0.0],[-46.544728,-3.48843,0.0],[-46.541807,-3.486042,0.0],[-46.541624,-3.483291,0.0],[-46.540031,-3.480068,0.0],[-46.529487,-3.475778,0.0],[-46.522229,-3.475152,0.0],[-46.511895,-3.479945,0.0],[-46.506006,-3.481192,0.0],[-46.504753,-3.483318,0.0],[-46.503725,-3.483952,0.0],[-46.495723,-3.483678,0.0],[-46.491892,-3.48219,0.0],[-46.48966,-3.480414,0.0],[-46.487827,-3.47789,0.0],[-46.48868,-3.474845,0.0],[-46.49546,-3.467574,0.0],[-46.496459,-3.467333,0.0],[-46.498292,-3.46533,0.0],[-46.500089,-3.464513,0.0],[-46.503417,-3.464362,0.0],[-46.505607,-3.463401,0.0],[-46.508458,-3.459377,0.0],[-46.509026,-3.457079,0.0],[-46.507402,-3.454497,0.0],[-46.506922,-3.452296,0.0],[-46.508631,-3.448465,0.0],[-46.508054,-3.445212,0.0],[-46.507194,-3.443203,0.0],[-46.504619,-3.441293,0.0],[-46.504141,-3.439762,0.0],[-46.504552,-3.436232,0.0],[-46.503726,-3.433505,0.0],[-46.504686,-3.430561,0.0],[-46.503899,-3.429916,0.0],[-46.496396,-3.428121,0.0],[-46.494115,-3.426601,0.0],[-46.493883,-3.424821,0.0],[-46.494453,-3.423614,0.0],[-46.496566,-3.42252,0.0],[-46.505903,-3.42216,0.0],[-46.510686,-3.419855,0.0],[-46.511398,-3.418777,0.0],[-46.515144,-3.41608,0.0],[-46.516435,-3.413734,0.0],[-46.52076,-3.408654,0.0],[-46.526663,-3.407257,0.0],[-46.52828,-3.405675,0.0],[-46.530369,-3.401795,0.0],[-46.531364,-3.398587,0.0],[-46.531124,-3.397487,0.0],[-46.528599,-3.39604,0.0],[-46.526407,-3.393261,0.0],[-46.525805,-3.390542,0.0],[-46.527968,-3.384681,0.0],[-46.527509,-3.383533,0.0],[-46.520589,-3.380213,0.0],[-46.518533,-3.380963,0.0],[-46.517052,-3.383952,0.0],[-46.515738,-3.384356,0.0],[-46.51391,-3.384473,0.0],[-46.511165,-3.383329,0.0],[-46.506596,-3.385002,0.0],[-46.501489,-3.384539,0.0],[-46.50016,-3.380954,0.0],[-46.501165,-3.375033,0.0],[-46.497878,-3.373985,0.0],[-46.494579,-3.374717,0.0],[-46.491104,-3.370396,0.0],[-46.488578,-3.369204,0.0],[-46.48729,-3.367818,0.0],[-46.48681,-3.364995,0.0],[-46.487613,-3.360639,0.0],[-46.486991,-3.359108,0.0],[-46.486563,-3.353108,0.0],[-46.484269,-3.347541,0.0],[-46.484782,-3.346851,0.0],[-46.488382,-3.346501,0.0],[-46.488834,-3.343399,0.0],[-46.491291,-3.34328,0.0],[-46.491689,-3.341901,0.0],[-46.490201,-3.340181,0.0],[-46.49048,-3.336218,0.0],[-46.486902,-3.331341,0.0],[-46.48647,-3.32938,0.0],[-46.485184,-3.328903,0.0],[-46.483324,-3.32704,0.0],[-46.480655,-3.325895,0.0],[-46.478513,-3.326233,0.0],[-46.477467,-3.327527,0.0],[-46.475789,-3.327422,0.0],[-46.472323,-3.326422,0.0],[-46.463959,-3.321984,0.0],[-46.458959,-3.321884,0.0],[-46.455803,-3.320811,0.0],[-46.4536,-3.320695,0.0],[-46.448865,-3.318505,0.0],[-46.448005,-3.316712,0.0],[-46.444669,-3.314718,0.0],[-46.44276,-3.31173,0.0],[-46.440793,-3.310118,0.0],[-46.442158,-3.307424,0.0],[-46.44174,-3.306048,0.0],[-46.439537,-3.305633,0.0],[-46.437747,-3.302764,0.0],[-46.43322,-3.300258,0.0],[-46.431731,-3.299722,0.0],[-46.429945,-3.299963,0.0],[-46.430583,-3.295642,0.0],[-46.429867,-3.29425,0.0],[-46.430096,-3.292643,0.0],[-46.428543,-3.289145,0.0],[-46.428868,-3.28741,0.0],[-46.426386,-3.283304,0.0],[-46.426807,-3.278278,0.0],[-46.428518,-3.275643,0.0],[-46.424848,-3.273638,0.0],[-46.424275,-3.271936,0.0],[-46.424985,-3.26892,0.0],[-46.423054,-3.267499,0.0],[-46.422517,-3.266423,0.0],[-46.420375,-3.266857,0.0],[-46.41995,-3.269478,0.0],[-46.418953,-3.27131,0.0],[-46.417487,-3.270235,0.0],[-46.415308,-3.270346,0.0],[-46.412988,-3.271282,0.0],[-46.407208,-3.274772,0.0],[-46.406959,-3.275957,0.0],[-46.402172,-3.278996,0.0],[-46.400118,-3.281353,0.0],[-46.396633,-3.282105,0.0],[-46.38978,-3.284986,0.0],[-46.390262,-3.289197,0.0],[-46.384461,-3.295427,0.0],[-46.382271,-3.295669,0.0],[-46.380557,-3.295432,0.0],[-46.378507,-3.293616,0.0],[-46.376076,-3.292471,0.0],[-46.373028,-3.292045,0.0],[-46.368505,-3.292673,0.0],[-46.364423,-3.291799,0.0],[-46.358647,-3.288418,0.0],[-46.357561,-3.28842,0.0],[-46.353794,-3.285638,0.0],[-46.351169,-3.281669,0.0],[-46.350073,-3.280905,0.0],[-46.3494,-3.276263,0.0],[-46.348637,-3.27545,0.0],[-46.347161,-3.275213,0.0],[-46.34437,-3.276128,0.0],[-46.344057,-3.273448,0.0],[-46.343036,-3.271612,0.0],[-46.344152,-3.269361,0.0],[-46.346746,-3.268544,0.0],[-46.349222,-3.268708,0.0],[-46.34965,-3.26775,0.0],[-46.348925,-3.26197,0.0],[-46.347607,-3.258928,0.0],[-46.345721,-3.258988,0.0],[-46.34281,-3.261346,0.0],[-46.339784,-3.262786,0.0],[-46.332116,-3.261205,0.0],[-46.327771,-3.261749,0.0],[-46.326049,-3.264623,0.0],[-46.3262,-3.266418,0.0],[-46.325635,-3.266957,0.0],[-46.322628,-3.266064,0.0],[-46.321496,-3.264988,0.0],[-46.318016,-3.267051,0.0],[-46.316897,-3.2671,0.0],[-46.315585,-3.265187,0.0],[-46.311584,-3.264152,0.0],[-46.312152,-3.261459,0.0],[-46.312925,-3.26068,0.0],[-46.312077,-3.257225,0.0],[-46.310418,-3.256021,0.0],[-46.308571,-3.256674,0.0],[-46.307256,-3.256312,0.0],[-46.308148,-3.253458,0.0],[-46.30787,-3.252899,0.0],[-46.304083,-3.251683,0.0],[-46.301109,-3.255514,0.0],[-46.302031,-3.261577,0.0],[-46.301177,-3.263624,0.0],[-46.299428,-3.264488,0.0],[-46.301145,-3.267034,0.0],[-46.299396,-3.267539,0.0],[-46.298255,-3.268761,0.0],[-46.297723,-3.271633,0.0],[-46.294793,-3.27117,0.0],[-46.292403,-3.273399,0.0],[-46.293799,-3.275695,0.0],[-46.293304,-3.277555,0.0],[-46.290912,-3.278383,0.0],[-46.290235,-3.27982,0.0],[-46.287306,-3.27925,0.0],[-46.284452,-3.282089,0.0],[-46.279577,-3.282461,0.0],[-46.277466,-3.285221,0.0],[-46.272268,-3.286951,0.0],[-46.268268,-3.287588,0.0],[-46.267416,-3.291667,0.0],[-46.266104,-3.29417,0.0],[-46.264795,-3.295129,0.0],[-46.260986,-3.295134,0.0],[-46.260808,-3.295673,0.0],[-46.261168,-3.297766,0.0],[-46.263431,-3.29884,0.0],[-46.265935,-3.301828,0.0],[-46.264508,-3.303027,0.0],[-46.264808,-3.304881,0.0],[-46.26431,-3.306653,0.0],[-46.263501,-3.30718,0.0],[-46.259763,-3.307424,0.0],[-46.259194,-3.311488,0.0],[-46.258566,-3.311834,0.0],[-46.25588,-3.311952,0.0],[-46.25365,-3.310232,0.0],[-46.251134,-3.309488,0.0],[-46.247249,-3.309838,0.0],[-46.247538,-3.312422,0.0],[-46.246911,-3.314031,0.0],[-46.245598,-3.314837,0.0],[-46.245831,-3.318627,0.0],[-46.245205,-3.320638,0.0],[-46.244806,-3.321558,0.0],[-46.243806,-3.321834,0.0],[-46.242858,-3.325066,0.0],[-46.240896,-3.327043,0.0],[-46.239824,-3.326745,0.0],[-46.236312,-3.327468,0.0],[-46.235538,-3.326691,0.0],[-46.234975,-3.324502,0.0],[-46.231022,-3.324435,0.0],[-46.227925,-3.322524,0.0],[-46.224891,-3.321847,0.0],[-46.220829,-3.318176,0.0],[-46.220029,-3.318177,0.0],[-46.217745,-3.320017,0.0],[-46.216776,-3.321703,0.0],[-46.217017,-3.323899,0.0],[-46.211867,-3.323367,0.0],[-46.210944,-3.323757,0.0],[-46.205823,-3.322537,0.0],[-46.202773,-3.325123,0.0],[-46.198821,-3.326037,0.0],[-46.196817,-3.322881,0.0],[-46.195056,-3.323984,0.0],[-46.19205,-3.324303,0.0],[-46.19062,-3.322467,0.0],[-46.189056,-3.321588,0.0],[-46.188217,-3.320268,0.0],[-46.188215,-3.318545,0.0],[-46.187585,-3.318086,0.0],[-46.185013,-3.317285,0.0],[-46.181867,-3.314762,0.0],[-46.176493,-3.31339,0.0],[-46.171371,-3.309644,0.0],[-46.169263,-3.309359,0.0],[-46.168478,-3.309827,0.0],[-46.167446,-3.313095,0.0],[-46.17056,-3.318296,0.0],[-46.170455,-3.320773,0.0],[-46.169031,-3.324293,0.0],[-46.170321,-3.327702,0.0],[-46.169324,-3.330431,0.0],[-46.176204,-3.335275,0.0],[-46.176064,-3.337836,0.0],[-46.174612,-3.337766,0.0],[-46.174304,-3.339346,0.0],[-46.174519,-3.340351,0.0],[-46.176069,-3.341976,0.0],[-46.172688,-3.342411,0.0],[-46.169524,-3.344593,0.0],[-46.169001,-3.345575,0.0],[-46.169152,-3.352036,0.0],[-46.170132,-3.355601,0.0],[-46.169387,-3.359479,0.0],[-46.170282,-3.361057,0.0],[-46.173641,-3.362704,0.0],[-46.172113,-3.369491,0.0],[-46.170368,-3.373908,0.0],[-46.17067,-3.377378,0.0],[-46.1727,-3.382341,0.0],[-46.172642,-3.383538,0.0],[-46.171751,-3.385334,0.0],[-46.170443,-3.386472,0.0],[-46.169897,-3.386014,0.0],[-46.168379,-3.386165,0.0],[-46.165671,-3.387604,0.0],[-46.164305,-3.389879,0.0],[-46.162936,-3.390031,0.0],[-46.161414,-3.387041,0.0],[-46.160223,-3.386324,0.0],[-46.158198,-3.386267,0.0],[-46.153729,-3.383161,0.0],[-46.153401,-3.382473,0.0],[-46.154226,-3.379256,0.0],[-46.153364,-3.374758,0.0],[-46.152077,-3.374376,0.0],[-46.150887,-3.375192,0.0],[-46.148839,-3.374524,0.0],[-46.147311,-3.371606,0.0],[-46.145567,-3.369767,0.0],[-46.146217,-3.366057,0.0],[-46.144285,-3.363907,0.0],[-46.140712,-3.363372,0.0],[-46.137137,-3.360744,0.0],[-46.134457,-3.360089,0.0],[-46.125819,-3.355181,0.0],[-46.123482,-3.352025,0.0],[-46.118638,-3.348967,0.0],[-46.113401,-3.350576,0.0],[-46.112377,-3.35041,0.0],[-46.110208,-3.348474,0.0],[-46.10465,-3.348456,0.0],[-46.10289,-3.346466,0.0],[-46.101313,-3.346707,0.0],[-46.098811,-3.345753,0.0],[-46.096192,-3.345546,0.0],[-46.094049,-3.345758,0.0],[-46.092621,-3.346597,0.0],[-46.088941,-3.346344,0.0],[-46.087915,-3.344646,0.0],[-46.087225,-3.344671,0.0],[-46.08625,-3.345844,0.0],[-46.08363,-3.345799,0.0],[-46.084015,-3.349341,0.0],[-46.083286,-3.35353,0.0],[-46.082034,-3.353613,0.0],[-46.080833,-3.352753,0.0],[-46.078489,-3.352813,0.0],[-46.076301,-3.355352,0.0],[-46.07235,-3.357175,0.0],[-46.071397,-3.356506,0.0],[-46.070631,-3.352965,0.0],[-46.06721,-3.349415,0.0],[-46.066704,-3.344389,0.0],[-46.065775,-3.343636,0.0],[-46.06431,-3.343638,0.0],[-46.061415,-3.341523,0.0],[-46.060372,-3.33535,0.0],[-46.057708,-3.333228,0.0],[-46.052758,-3.332325,0.0],[-46.052265,-3.329807,0.0],[-46.050685,-3.327565,0.0],[-46.046725,-3.326552,0.0],[-46.043925,-3.32461,0.0],[-46.042703,-3.322936,0.0],[-46.040767,-3.32225,0.0],[-46.039397,-3.320965,0.0],[-46.035347,-3.320012,0.0],[-46.034721,-3.318876,0.0],[-46.027839,-3.319017,0.0],[-46.026114,-3.320395,0.0],[-46.02284,-3.320578,0.0],[-46.021173,-3.321298,0.0],[-46.016528,-3.319269,0.0],[-46.015633,-3.319664,0.0],[-46.014892,-3.321676,0.0],[-46.011921,-3.32231,0.0],[-46.006546,-3.319214,0.0],[-46.000946,-3.321001,0.0],[-45.996753,-3.319827,0.0],[-45.993326,-3.321898,0.0],[-45.99201,-3.320693,0.0],[-45.99075,-3.31765,0.0],[-45.988292,-3.317193,0.0],[-45.984861,-3.315186,0.0],[-45.984517,-3.31398,0.0],[-45.982343,-3.311857,0.0],[-45.978868,-3.309506,0.0],[-45.978523,-3.307419,0.0],[-45.97652,-3.305564,0.0],[-45.972863,-3.305682,0.0],[-45.970121,-3.303606,0.0],[-45.968311,-3.303895,0.0],[-45.965313,-3.306004,0.0],[-45.964265,-3.30567,0.0],[-45.963357,-3.302942,0.0],[-45.959379,-3.300864,0.0],[-45.958162,-3.298855,0.0],[-45.957018,-3.29821,0.0],[-45.957299,-3.292753,0.0],[-45.95644,-3.290528,0.0],[-45.952994,-3.28977,0.0],[-45.951278,-3.288097,0.0],[-45.948944,-3.288038,0.0],[-45.948124,-3.286526,0.0],[-45.946694,-3.285666,0.0],[-45.942599,-3.285784,0.0],[-45.943808,-3.280637,0.0],[-45.943541,-3.279776,0.0],[-45.940835,-3.279338,0.0],[-45.936948,-3.28066,0.0],[-45.936032,-3.281546,0.0],[-45.932208,-3.279771,0.0],[-45.930708,-3.27988,0.0],[-45.928781,-3.281426,0.0],[-45.924673,-3.280999,0.0],[-45.920491,-3.278238,0.0],[-45.919432,-3.27601,0.0],[-45.916715,-3.272901,0.0],[-45.914096,-3.273621,0.0],[-45.911431,-3.275395,0.0],[-45.908053,-3.274979,0.0],[-45.907366,-3.273773,0.0],[-45.907306,-3.270614,0.0],[-45.906219,-3.269294,0.0],[-45.903075,-3.269009,0.0],[-45.900633,-3.269796,0.0],[-45.895632,-3.269442,0.0],[-45.893704,-3.271239,0.0],[-45.892137,-3.276087,0.0],[-45.890099,-3.274078,0.0],[-45.888134,-3.273649,0.0],[-45.886956,-3.274727,0.0],[-45.8856,-3.277678,0.0],[-45.882742,-3.277621,0.0],[-45.881284,-3.27837,0.0],[-45.877682,-3.277267,0.0],[-45.876611,-3.278165,0.0],[-45.875212,-3.278256,0.0],[-45.874797,-3.280799,0.0],[-45.873845,-3.281488,0.0],[-45.872297,-3.28131,0.0],[-45.871018,-3.28197,0.0],[-45.870634,-3.285769,0.0],[-45.867778,-3.287058,0.0],[-45.8662,-3.286641,0.0],[-45.862985,-3.286973,0.0],[-45.859379,-3.290524,0.0],[-45.855735,-3.290072,0.0],[-45.853066,-3.288255,0.0],[-45.852067,-3.288615,0.0],[-45.851211,-3.290603,0.0],[-45.848663,-3.290844,0.0],[-45.845071,-3.292196,0.0],[-45.842392,-3.292198,0.0],[-45.839831,-3.291093,0.0],[-45.838433,-3.292381,0.0],[-45.838152,-3.294197,0.0],[-45.841584,-3.297245,0.0],[-45.840229,-3.300837,0.0],[-45.83648,-3.302527,0.0],[-45.830734,-3.29999,0.0],[-45.828218,-3.298269,0.0],[-45.826617,-3.297811,0.0],[-45.82497,-3.298365,0.0],[-45.823035,-3.298067,0.0],[-45.820741,-3.296005,0.0],[-45.820538,-3.295154,0.0],[-45.818918,-3.29506,0.0],[-45.816821,-3.293434,0.0],[-45.816125,-3.293496,0.0],[-45.81368,-3.296022,0.0],[-45.807391,-3.294112,0.0],[-45.806914,-3.293155,0.0],[-45.808147,-3.28674,0.0],[-45.804526,-3.284636,0.0],[-45.803953,-3.283201,0.0],[-45.804332,-3.280041,0.0],[-45.806999,-3.280039,0.0],[-45.807284,-3.279273,0.0],[-45.805948,-3.275731,0.0],[-45.804232,-3.274488,0.0],[-45.803372,-3.271042,0.0],[-45.800323,-3.269896,0.0],[-45.797558,-3.266452,0.0],[-45.797271,-3.264824,0.0],[-45.793351,-3.262088,0.0],[-45.792072,-3.262358,0.0],[-45.79091,-3.261761,0.0],[-45.787285,-3.262434,0.0],[-45.786213,-3.261358,0.0],[-45.784213,-3.261646,0.0],[-45.779854,-3.260214,0.0],[-45.778258,-3.260215,0.0],[-45.775996,-3.261054,0.0],[-45.774212,-3.26321,0.0],[-45.770402,-3.263333,0.0],[-45.767545,-3.264292,0.0],[-45.766473,-3.263934,0.0],[-45.764566,-3.261901,0.0],[-45.764207,-3.25867,0.0],[-45.762301,-3.257116,0.0],[-45.760324,-3.25677,0.0],[-45.756753,-3.257922,0.0],[-45.756254,-3.260112,0.0],[-45.75261,-3.259792,0.0],[-45.750756,-3.264066,0.0],[-45.748255,-3.263062,0.0],[-45.748361,-3.261446,0.0],[-45.746323,-3.259545,0.0],[-45.737429,-3.259767,0.0],[-45.735605,-3.258945,0.0],[-45.732926,-3.258911,0.0],[-45.73196,-3.257476,0.0],[-45.729315,-3.255755,0.0],[-45.727024,-3.255305,0.0],[-45.724909,-3.2541,0.0],[-45.724337,-3.254388,0.0],[-45.723882,-3.257433,0.0],[-45.722397,-3.258927,0.0],[-45.72257,-3.260306,0.0],[-45.721428,-3.261571,0.0],[-45.721373,-3.264615,0.0],[-45.719945,-3.265937,0.0],[-45.717659,-3.266399,0.0],[-45.71686,-3.268122,0.0],[-45.716117,-3.268123,0.0],[-45.714344,-3.26686,0.0],[-45.711433,-3.260706,0.0],[-45.709432,-3.260076,0.0],[-45.708058,-3.257607,0.0],[-45.704743,-3.256403,0.0],[-45.702398,-3.253705,0.0],[-45.702103,-3.251037,0.0],[-45.699197,-3.250608,0.0],[-45.697672,-3.249268,0.0],[-45.695863,-3.249365,0.0],[-45.693099,-3.247883,0.0],[-45.693192,-3.244868,0.0],[-45.691048,-3.242667,0.0],[-45.693371,-3.234073,0.0],[-45.694418,-3.232708,0.0],[-45.694429,-3.230545,0.0],[-45.693018,-3.228056,0.0],[-45.694046,-3.226869,0.0],[-45.690563,-3.224515,0.0],[-45.688214,-3.216959,0.0],[-45.685546,-3.214711,0.0],[-45.685639,-3.212222,0.0],[-45.687398,-3.207386,0.0],[-45.686063,-3.205185,0.0],[-45.685824,-3.202648,0.0],[-45.683442,-3.201788,0.0],[-45.680061,-3.203035,0.0],[-45.677251,-3.20318,0.0],[-45.674154,-3.20031,0.0],[-45.675343,-3.198777,0.0],[-45.674485,-3.196384,0.0],[-45.673216,-3.1952,0.0],[-45.672649,-3.192777,0.0],[-45.67357,-3.191191,0.0],[-45.673718,-3.189605,0.0],[-45.670531,-3.185957,0.0],[-45.668405,-3.185073,0.0],[-45.667452,-3.184056,0.0],[-45.666465,-3.176906,0.0],[-45.661282,-3.173463,0.0],[-45.662186,-3.171571,0.0],[-45.6639,-3.171068,0.0],[-45.663552,-3.168643,0.0],[-45.662579,-3.166762,0.0],[-45.659307,-3.165529,0.0],[-45.659185,-3.163487,0.0],[-45.658661,-3.162949,0.0],[-45.655958,-3.162855,0.0],[-45.655291,-3.161611,0.0],[-45.653504,-3.160583,0.0],[-45.652008,-3.158837,0.0],[-45.650679,-3.156537,0.0],[-45.65006,-3.156513,0.0],[-45.648132,-3.158238,0.0],[-45.645418,-3.157976,0.0],[-45.644797,-3.155631,0.0],[-45.643177,-3.154818,0.0],[-45.641939,-3.154938,0.0],[-45.640964,-3.15616,0.0],[-45.639607,-3.156639,0.0],[-45.638582,-3.155778,0.0],[-45.638319,-3.154031,0.0],[-45.636557,-3.153625,0.0],[-45.635223,-3.152381,0.0],[-45.634151,-3.152645,0.0],[-45.632962,-3.154729,0.0],[-45.632128,-3.154538,0.0],[-45.630523,-3.150836,0.0],[-45.631306,-3.147174,0.0],[-45.63016,-3.14204,0.0],[-45.627939,-3.143076,0.0],[-45.625964,-3.146429,0.0],[-45.622417,-3.146933,0.0],[-45.620795,-3.142746,0.0],[-45.61889,-3.140156,0.0],[-45.61499,-3.13926,0.0],[-45.610883,-3.140789,0.0],[-45.609513,-3.139653,0.0],[-45.607778,-3.139298,0.0],[-45.606118,-3.137593,0.0],[-45.604213,-3.137019,0.0],[-45.600546,-3.138266,0.0],[-45.598633,-3.136215,0.0],[-45.599916,-3.131511,0.0],[-45.597736,-3.128712,0.0],[-45.59634,-3.123471,0.0],[-45.593874,-3.121785,0.0],[-45.593051,-3.119057,0.0],[-45.593384,-3.118249,0.0],[-45.595527,-3.11732,0.0],[-45.596059,-3.110647,0.0],[-45.597606,-3.10933,0.0],[-45.597753,-3.106697,0.0],[-45.596537,-3.104035,0.0],[-45.5935,-3.1026,0.0],[-45.593391,-3.09919,0.0],[-45.591247,-3.096642,0.0],[-45.591139,-3.095421,0.0],[-45.591924,-3.093661,0.0],[-45.589271,-3.08824,0.0],[-45.586485,-3.087931,0.0],[-45.582579,-3.085779,0.0],[-45.581086,-3.084328,0.0],[-45.580989,-3.082839,0.0],[-45.57913,-3.080362,0.0],[-45.577344,-3.080184,0.0],[-45.576477,-3.078873,0.0],[-45.574895,-3.078453,0.0],[-45.574761,-3.076098,0.0],[-45.573483,-3.07426,0.0],[-45.568885,-3.073995,0.0],[-45.567426,-3.078379,0.0],[-45.562664,-3.078591,0.0],[-45.561179,-3.077333,0.0],[-45.557179,-3.076991,0.0],[-45.555006,-3.075383,0.0],[-45.55119,-3.075354,0.0],[-45.549046,-3.074063,0.0],[-45.546759,-3.071144,0.0],[-45.545258,-3.070486,0.0],[-45.541782,-3.070871,0.0],[-45.540448,-3.069292,0.0],[-45.535744,-3.066683,0.0],[-45.535171,-3.063739,0.0],[-45.534385,-3.062554,0.0],[-45.529965,-3.060945,0.0],[-45.527131,-3.061453,0.0],[-45.52563,-3.060664,0.0],[-45.524844,-3.058905,0.0],[-45.520645,-3.058213,0.0],[-45.519549,-3.057328,0.0],[-45.517239,-3.057377,0.0],[-45.514409,-3.055787,0.0],[-45.511374,-3.056363,0.0],[-45.509124,-3.057872,0.0],[-45.506231,-3.057047,0.0],[-45.505588,-3.056222,0.0],[-45.501801,-3.056166,0.0],[-45.498887,-3.056914,0.0],[-45.496841,-3.055285,0.0],[-45.491478,-3.054341,0.0],[-45.49062,-3.05394,0.0],[-45.490726,-3.051806,0.0],[-45.491963,-3.048981,0.0],[-45.491819,-3.04812,0.0],[-45.489771,-3.045583,0.0],[-45.486197,-3.043466,0.0],[-45.479053,-3.041171,0.0],[-45.47548,-3.038732,0.0],[-45.474409,-3.038588,0.0],[-45.472623,-3.037081,0.0],[-45.472169,-3.035159,0.0],[-45.467164,-3.034489,0.0],[-45.466152,-3.034609,0.0],[-45.464293,-3.036014,0.0],[-45.460762,-3.035696,0.0],[-45.45858,-3.0382,0.0],[-45.456035,-3.039341,0.0],[-45.455444,-3.049035,0.0],[-45.452825,-3.050293,0.0],[-45.450444,-3.050653,0.0],[-45.447947,-3.048246,0.0],[-45.446216,-3.047663,0.0],[-45.442321,-3.044448,0.0],[-45.437679,-3.044531,0.0],[-45.432293,-3.04546,0.0],[-45.429822,-3.045102,0.0],[-45.426476,-3.042216,0.0],[-45.417904,-3.042506,0.0],[-45.414762,-3.045322,0.0],[-45.406769,-3.050432,0.0],[-45.406198,-3.051366,0.0],[-45.405771,-3.056034,0.0],[-45.404979,-3.057356,0.0],[-45.403015,-3.058105,0.0],[-45.400873,-3.06035,0.0],[-45.398522,-3.060889,0.0],[-45.394192,-3.06313,0.0],[-45.392079,-3.064912,0.0],[-45.390308,-3.067555,0.0],[-45.385928,-3.069043,0.0],[-45.384642,-3.069043,0.0],[-45.381784,-3.066675,0.0],[-45.37614,-3.066246,0.0],[-45.373497,-3.063734,0.0],[-45.368588,-3.060837,0.0],[-45.367158,-3.057845,0.0],[-45.36561,-3.057666,0.0],[-45.36166,-3.062945,0.0],[-45.360303,-3.065747,0.0],[-45.35559,-3.070559,0.0],[-45.349711,-3.071966,0.0],[-45.347091,-3.071788,0.0],[-45.345901,-3.07107,0.0],[-45.343697,-3.067241,0.0],[-45.341643,-3.066553,0.0],[-45.341316,-3.067661,0.0],[-45.342865,-3.072088,0.0],[-45.34623,-3.077024,0.0],[-45.346052,-3.078969,0.0],[-45.344832,-3.079987,0.0],[-45.340094,-3.080836,0.0],[-45.333337,-3.080598,0.0],[-45.331938,-3.08024,0.0],[-45.329367,-3.078386,0.0],[-45.324738,-3.078139,0.0],[-45.323004,-3.075286,0.0],[-45.320508,-3.074384,0.0],[-45.314527,-3.074386,0.0],[-45.30887,-3.076552,0.0],[-45.305956,-3.076572,0.0],[-45.304694,-3.07704,0.0],[-45.302313,-3.079315,0.0],[-45.299695,-3.082816,0.0],[-45.293504,-3.084404,0.0],[-45.291809,-3.086648,0.0],[-45.290289,-3.08243,0.0],[-45.288831,-3.08237,0.0],[-45.286047,-3.084383,0.0],[-45.284976,-3.087375,0.0],[-45.282953,-3.090099,0.0],[-45.280602,-3.091356,0.0],[-45.275578,-3.092393,0.0],[-45.274709,-3.093661,0.0],[-45.270072,-3.093293,0.0],[-45.263643,-3.09454,0.0],[-45.262263,-3.09904,0.0],[-45.256977,-3.099903,0.0],[-45.253645,-3.105984,0.0],[-45.252597,-3.106942,0.0],[-45.241452,-3.103019,0.0],[-45.233213,-3.09876,0.0],[-45.228926,-3.09809,0.0],[-45.222326,-3.099662,0.0],[-45.216849,-3.096743,0.0],[-45.215325,-3.09648,0.0],[-45.212848,-3.096959,0.0],[-45.212611,-3.099855,0.0],[-45.213302,-3.102441,0.0],[-45.211659,-3.103518,0.0],[-45.208611,-3.103471,0.0],[-45.206831,-3.102636,0.0],[-45.202891,-3.103078,0.0],[-45.200747,-3.102504,0.0],[-45.192699,-3.097773,0.0],[-45.191298,-3.095736,0.0],[-45.186726,-3.093367,0.0],[-45.185618,-3.091285,0.0],[-45.185261,-3.088341,0.0],[-45.183618,-3.088126,0.0],[-45.181653,-3.088737,0.0],[-45.180403,-3.08827,0.0],[-45.179545,-3.084716,0.0],[-45.176318,-3.083552,0.0],[-45.173003,-3.079761,0.0],[-45.170374,-3.079474,0.0],[-45.162906,-3.082548,0.0],[-45.160048,-3.082189,0.0],[-45.156833,-3.080275,0.0],[-45.156059,-3.076804,0.0],[-45.154035,-3.075009,0.0],[-45.1496,-3.073406,0.0],[-45.148168,-3.072009,0.0],[-45.142691,-3.07183,0.0],[-45.14156,-3.071112,0.0],[-45.141024,-3.068419,0.0],[-45.14144,-3.066325,0.0],[-45.14013,-3.063213,0.0],[-45.141559,-3.061238,0.0],[-45.138842,-3.056982,0.0],[-45.136428,-3.056072,0.0],[-45.131449,-3.056073,0.0],[-45.12994,-3.053647,0.0],[-45.128009,-3.052897,0.0],[-45.126009,-3.052825,0.0],[-45.122223,-3.054046,0.0],[-45.118652,-3.054119,0.0],[-45.115937,-3.051965,0.0],[-45.115365,-3.050241,0.0],[-45.113579,-3.048015,0.0],[-45.108722,-3.047657,0.0],[-45.106793,-3.044094,0.0],[-45.104594,-3.044094,0.0],[-45.102639,-3.043221,0.0],[-45.100647,-3.04048,0.0],[-45.098212,-3.038592,0.0],[-45.097879,-3.037635,0.0],[-45.09864,-3.033087,0.0],[-45.097164,-3.029736,0.0],[-45.099544,-3.027438,0.0],[-45.098687,-3.025283,0.0],[-45.097258,-3.023464,0.0],[-45.093258,-3.024326,0.0],[-45.092163,-3.023034,0.0],[-45.091972,-3.021741,0.0],[-45.094162,-3.01523,0.0],[-45.093734,-3.014321,0.0],[-45.09159,-3.012502,0.0],[-45.089733,-3.008768,0.0],[-45.087808,-3.007254,0.0],[-45.083465,-3.007599,0.0],[-45.077808,-3.004153,0.0],[-45.075293,-3.000132,0.0],[-45.075464,-2.997087,0.0],[-45.07175,-2.993181,0.0],[-45.06855,-2.991342,0.0],[-45.06335,-2.9914,0.0],[-45.061921,-2.987723,0.0],[-45.059978,-2.985598,0.0],[-45.056721,-2.986402,0.0],[-45.051578,-2.984794,0.0],[-45.040592,-2.984751,0.0],[-45.035354,-2.977331,0.0],[-45.031425,-2.976613,0.0],[-45.026473,-2.974118,0.0],[-45.028858,-2.968044,0.0],[-45.029953,-2.966871,0.0],[-45.031739,-2.96656,0.0],[-45.032253,-2.965842,0.0],[-45.031479,-2.964765,0.0],[-45.032372,-2.96291,0.0],[-45.032729,-2.95884,0.0],[-45.031062,-2.957225,0.0],[-45.027193,-2.957165,0.0],[-45.025705,-2.955489,0.0],[-45.025467,-2.953335,0.0],[-45.025705,-2.951719,0.0],[-45.027907,-2.949984,0.0],[-45.028086,-2.948428,0.0],[-45.027523,-2.943838,0.0],[-45.026737,-2.943407,0.0],[-45.026487,-2.941647,0.0],[-45.030058,-2.937339,0.0],[-45.031094,-2.934179,0.0],[-45.028987,-2.932204,0.0],[-45.02713,-2.931342,0.0],[-45.026951,-2.930624,0.0],[-45.027773,-2.925669,0.0],[-45.02938,-2.923192,0.0],[-45.027523,-2.921827,0.0],[-45.02738,-2.921073,0.0],[-45.024201,-2.920319,0.0],[-45.022023,-2.918452,0.0],[-45.02275,-2.917051,0.0],[-45.023214,-2.912527,0.0],[-45.019393,-2.907572,0.0],[-45.017096,-2.90806,0.0],[-45.015251,-2.909167,0.0],[-45.014447,-2.908779,0.0],[-45.011539,-2.905577,0.0],[-45.01091,-2.903222,0.0],[-45.009825,-2.903509,0.0],[-45.009483,-2.904417,0.0],[-45.006131,-2.903613,0.0],[-45.00514,-2.902406,0.0],[-45.004435,-2.899342,0.0],[-45.002169,-2.89871,0.0],[-45.001274,-2.897274,0.0],[-44.999152,-2.896886,0.0],[-44.99889,-2.895809,0.0],[-44.998033,-2.895522,0.0],[-44.994342,-2.896503,0.0],[-44.99166,-2.895131,0.0],[-44.987756,-2.896567,0.0],[-44.986518,-2.895992,0.0],[-44.985994,-2.89403,0.0],[-44.984327,-2.892833,0.0],[-44.980709,-2.894604,0.0],[-44.977923,-2.896959,0.0],[-44.977,-2.896989,0.0],[-44.974887,-2.895074,0.0],[-44.974768,-2.892351,0.0],[-44.97325,-2.892291,0.0],[-44.968578,-2.894475,0.0],[-44.96837,-2.896929,0.0],[-44.967209,-2.898874,0.0],[-44.966643,-2.902225,0.0],[-44.96238,-2.904549,0.0],[-44.960952,-2.906075,0.0],[-44.959017,-2.905955,0.0],[-44.957976,-2.906583,0.0],[-44.955268,-2.905087,0.0],[-44.952262,-2.904788,0.0],[-44.947441,-2.908199,0.0],[-44.945982,-2.910323,0.0],[-44.944733,-2.908917,0.0],[-44.942917,-2.908109,0.0],[-44.94009,-2.909469,0.0],[-44.938036,-2.909439,0.0],[-44.937144,-2.911354,0.0],[-44.931876,-2.917038,0.0],[-44.931221,-2.921138,0.0],[-44.927395,-2.92374,0.0],[-44.926395,-2.927187,0.0],[-44.924859,-2.927259,0.0],[-44.922931,-2.928228,0.0],[-44.922145,-2.930059,0.0],[-44.920752,-2.931352,0.0],[-44.919752,-2.931567,0.0],[-44.91661,-2.929915,0.0],[-44.915502,-2.930166,0.0],[-44.913145,-2.932931,0.0],[-44.911145,-2.934008,0.0],[-44.909217,-2.933649,0.0],[-44.907729,-2.932309,0.0],[-44.906419,-2.93195,0.0],[-44.897164,-2.933445,0.0],[-44.893176,-2.932697,0.0],[-44.890616,-2.934462,0.0],[-44.885698,-2.933856,0.0],[-44.881026,-2.93595,0.0],[-44.878586,-2.935771,0.0],[-44.876889,-2.934873,0.0],[-44.875044,-2.934962,0.0],[-44.867281,-2.938648,0.0],[-44.864019,-2.938025,0.0],[-44.860376,-2.938886,0.0],[-44.858781,-2.938431,0.0],[-44.857587,-2.937113,0.0],[-44.857516,-2.935389,0.0],[-44.855908,-2.936323,0.0],[-44.852302,-2.933486,0.0],[-44.852731,-2.928208,0.0],[-44.851389,-2.92867,0.0],[-44.848032,-2.927521,0.0],[-44.847294,-2.923619,0.0],[-44.843143,-2.920854,0.0],[-44.841943,-2.918326,0.0],[-44.841144,-2.915453,0.0],[-44.839544,-2.91304,0.0],[-44.839773,-2.91011,0.0],[-44.838116,-2.909018,0.0],[-44.838403,-2.903446,0.0],[-44.836403,-2.902986,0.0],[-44.833946,-2.90333,0.0],[-44.832369,-2.902416,0.0],[-44.831055,-2.90052,0.0],[-44.831856,-2.897188,0.0],[-44.830999,-2.896154,0.0],[-44.827285,-2.892879,0.0],[-44.8262,-2.892591,0.0],[-44.824372,-2.890523,0.0],[-44.821972,-2.889546,0.0],[-44.81963,-2.887707,0.0],[-44.816431,-2.882766,0.0],[-44.815232,-2.878629,0.0],[-44.811233,-2.875354,0.0],[-44.81089,-2.870816,0.0],[-44.809576,-2.871562,0.0],[-44.805708,-2.871344,0.0],[-44.804508,-2.869448,0.0],[-44.801309,-2.869505,0.0],[-44.800566,-2.867265,0.0],[-44.798567,-2.86646,0.0],[-44.794338,-2.868872,0.0],[-44.790281,-2.868929,0.0],[-44.788687,-2.869749,0.0],[-44.787901,-2.870754,0.0],[-44.786543,-2.877432,0.0],[-44.785043,-2.878868,0.0],[-44.782686,-2.878652,0.0],[-44.782186,-2.878078,0.0],[-44.781759,-2.874415,0.0],[-44.77983,-2.873194,0.0],[-44.775974,-2.873337,0.0],[-44.774455,-2.869688,0.0],[-44.769884,-2.868203,0.0],[-44.768123,-2.866048,0.0],[-44.767409,-2.866909,0.0],[-44.764409,-2.866047,0.0],[-44.764219,-2.863462,0.0],[-44.763696,-2.862792,0.0],[-44.762553,-2.861738,0.0],[-44.759506,-2.861115,0.0],[-44.75784,-2.859966,0.0],[-44.755031,-2.856311,0.0],[-44.754517,-2.852408,0.0],[-44.752792,-2.850014,0.0],[-44.751662,-2.846364,0.0],[-44.7494,-2.844089,0.0],[-44.752199,-2.84008,0.0],[-44.751544,-2.839123,0.0],[-44.750235,-2.838943,0.0],[-44.749521,-2.837447,0.0],[-44.749819,-2.834395,0.0],[-44.751486,-2.832121,0.0],[-44.750965,-2.829581,0.0],[-44.748061,-2.828575,0.0],[-44.746204,-2.826324,0.0],[-44.742776,-2.826658,0.0],[-44.741682,-2.824791,0.0],[-44.740921,-2.819908,0.0],[-44.738493,-2.820099,0.0],[-44.736112,-2.818614,0.0],[-44.736065,-2.817705,0.0],[-44.737113,-2.817035,0.0],[-44.73797,-2.814785,0.0],[-44.73759,-2.812582,0.0],[-44.735431,-2.808742,0.0],[-44.733717,-2.807478,0.0],[-44.734061,-2.802422,0.0],[-44.733204,-2.801618,0.0],[-44.730234,-2.800755,0.0],[-44.729663,-2.797825,0.0],[-44.726629,-2.792149,0.0],[-44.726023,-2.791627,0.0],[-44.723862,-2.792598,0.0],[-44.722969,-2.792418,0.0],[-44.722049,-2.791282,0.0],[-44.723446,-2.788528,0.0],[-44.723,-2.787032,0.0],[-44.719935,-2.786463,0.0],[-44.716424,-2.786971,0.0],[-44.714579,-2.788017,0.0],[-44.71315,-2.787897,0.0],[-44.712615,-2.787299,0.0],[-44.713056,-2.785213,0.0],[-44.714949,-2.783346,0.0],[-44.714771,-2.781551,0.0],[-44.713557,-2.780402,0.0],[-44.711879,-2.780078,0.0],[-44.711415,-2.779324,0.0],[-44.706881,-2.777492,0.0],[-44.705763,-2.775488,0.0],[-44.699367,-2.77025,0.0],[-44.698623,-2.766959,0.0],[-44.699667,-2.757384,0.0],[-44.701305,-2.753944,0.0],[-44.704132,-2.750653,0.0],[-44.707704,-2.747662,0.0],[-44.712465,-2.744821,0.0],[-44.71931,-2.738539,0.0],[-44.724578,-2.735841,0.0],[-44.728388,-2.730097,0.0],[-44.731722,-2.72148,0.0],[-44.732677,-2.711427,0.0],[-44.732679,-2.699937,0.0],[-44.731254,-2.68366,0.0],[-44.722192,-2.673684,0.0],[-44.71648,-2.670092,0.0],[-44.699343,-2.665061,0.0],[-44.688273,-2.671521,0.0]]]}}]}