{"type":"FeatureCollection","name":"municipios_bacia","crs":{"type":"name","properties":{"name":"urn:ogc:def:crs:OGC:1.3:CRS84"}},"xy_coordinate_resolution":1e-06,"features":[{"type":"Feature","properties":{"codigo":"2100055","nome":"Açailândia","area_km2":5810.3,"regiao":null,"bioma":"Amazônia","pop_2022":10655.0,"pop_2025":110611.0},"geometry":{"type":"Polygon","coordinates":[[[-47.07274,-4.23663,0.0],[-47.06926,-4.263454,0.0],[-47.072842,-4.274017,0.0],[-47.08062,-4.280214,0.0],[-47.084258,-4.287926,0.0],[-47.084882,-4.299294,0.0],[-47.085146,-4.300939,0.0],[-47.088388,-4.303533,0.0],[-47.087462,-4.309222,0.0],[-47.084987,-4.312638,0.0],[-47.079979,-4.315675,0.0],[-47.07818,-4.321692,0.0],[-47.073716,-4.322262,0.0],[-47.069907,-4.333389,0.0],[-47.068527,-4.337803,0.0],[-47.067053,-4.342409,0.0],[-47.062658,-4.344812,0.0],[-47.062742,-4.353313,0.0],[-47.061093,-4.357606,0.0],[-47.060455,-4.361041,0.0],[-47.059881,-4.366231,0.0],[-47.053838,-4.367505,0.0],[-47.048948,-4.371924,0.0],[-47.047112,-4.372927,0.0],[-47.042817,-4.374697,0.0],[-47.042316,-4.380986,0.0],[-47.037246,-4.386571,0.0],[-47.028373,-4.398533,0.0],[-47.020494,-4.411638,0.0],[-47.01591,-4.414641,0.0],[-47.013502,-4.420053,0.0],[-47.006177,-4.422328,0.0],[-46.99984,-4.427401,0.0],[-46.995417,-4.426314,0.0],[-46.989706,-4.423184,0.0],[-46.984759,-4.4246,0.0],[-46.96525,-4.425265,0.0],[-46.955875,-4.431364,0.0],[-46.951303,-4.432654,0.0],[-46.946866,-4.433985,0.0],[-46.942011,-4.433403,0.0],[-46.936513,-4.432871,0.0],[-46.935593,-4.440563,0.0],[-46.931127,-4.441939,0.0],[-46.923354,-4.439963,0.0],[-46.915783,-4.438904,0.0],[-46.910652,-4.433726,0.0],[-46.901162,-4.431296,0.0],[-46.896583,-4.43031,0.0],[-46.8923,-4.428082,0.0],[-46.88582,-4.426953,0.0],[-46.881418,-4.427062,0.0],[-46.876763,-4.429215,0.0],[-46.874906,-4.432573,0.0],[-46.873082,-4.428513,0.0],[-46.869589,-4.428083,0.0],[-46.865162,-4.423596,0.0],[-46.862043,-4.41891,0.0],[-46.85752,-4.41653,0.0],[-46.856179,-4.409067,0.0],[-46.849658,-4.396344,0.0],[-46.844412,-4.392533,0.0],[-46.841182,-4.394796,0.0],[-46.838896,-4.39879,0.0],[-46.841737,-4.402465,0.0],[-46.841876,-4.408446,0.0],[-46.843048,-4.41283,0.0],[-46.844745,-4.41678,0.0],[-46.848135,-4.419433,0.0],[-46.84776,-4.423984,0.0],[-46.850703,-4.42719,0.0],[-46.854804,-4.428534,0.0],[-46.857646,-4.436688,0.0],[-46.859215,-4.44002,0.0],[-46.860075,-4.443249,0.0],[-46.859806,-4.451896,0.0],[-46.858418,-4.456444,0.0],[-46.866003,-4.463304,0.0],[-46.868632,-4.469294,0.0],[-46.871589,-4.470431,0.0],[-46.873406,-4.472178,0.0],[-46.876979,-4.473768,0.0],[-46.884061,-4.475416,0.0],[-46.890807,-4.479614,0.0],[-46.891967,-4.482754,0.0],[-46.898189,-4.486456,0.0],[-46.897306,-4.492133,0.0],[-46.899241,-4.49386,0.0],[-46.901944,-4.496743,0.0],[-46.903722,-4.508065,0.0],[-46.902407,-4.509765,0.0],[-46.897901,-4.510896,0.0],[-46.89769,-4.516359,0.0],[-46.899847,-4.5182,0.0],[-46.902862,-4.527148,0.0],[-46.904353,-4.529607,0.0],[-46.908386,-4.536613,0.0],[-46.908923,-4.540695,0.0],[-46.912261,-4.542918,0.0],[-46.915705,-4.547228,0.0],[-46.915891,-4.550913,0.0],[-46.919071,-4.554755,0.0],[-46.921454,-4.559089,0.0],[-46.924578,-4.563947,0.0],[-46.929267,-4.571888,0.0],[-46.928088,-4.574649,0.0],[-46.932739,-4.57955,0.0],[-46.936611,-4.582386,0.0],[-46.939273,-4.591345,0.0],[-46.939264,-4.594051,0.0],[-46.937319,-4.598608,0.0],[-46.935829,-4.600711,0.0],[-46.935534,-4.604266,0.0],[-46.934211,-4.606484,0.0],[-46.945205,-4.61763,0.0],[-46.942491,-4.623145,0.0],[-46.941314,-4.626519,0.0],[-46.941073,-4.629067,0.0],[-46.942363,-4.633129,0.0],[-46.940909,-4.636499,0.0],[-46.938983,-4.639013,0.0],[-46.940596,-4.644,0.0],[-46.939043,-4.645406,0.0],[-46.935533,-4.648939,0.0],[-46.936463,-4.653504,0.0],[-46.937876,-4.657385,0.0],[-46.935661,-4.664292,0.0],[-46.934104,-4.671502,0.0],[-46.930067,-4.678401,0.0],[-46.927316,-4.680846,0.0],[-46.926635,-4.687031,0.0],[-46.927688,-4.692385,0.0],[-46.932683,-4.692428,0.0],[-46.933611,-4.692974,0.0],[-46.933907,-4.69536,0.0],[-46.933714,-4.704854,0.0],[-46.933869,-4.713737,0.0],[-46.932007,-4.719255,0.0],[-46.934602,-4.722454,0.0],[-46.935454,-4.724876,0.0],[-46.939508,-4.738606,0.0],[-46.936423,-4.744762,0.0],[-46.933155,-4.756554,0.0],[-46.933308,-4.761698,0.0],[-46.927051,-4.764766,0.0],[-46.92509,-4.768113,0.0],[-46.927387,-4.777339,0.0],[-46.928135,-4.785808,0.0],[-46.92459,-4.794201,0.0],[-46.923703,-4.797644,0.0],[-46.921278,-4.80195,0.0],[-46.91928,-4.806721,0.0],[-46.920539,-4.813715,0.0],[-46.918402,-4.816108,0.0],[-46.920763,-4.817688,0.0],[-46.920894,-4.823209,0.0],[-46.920262,-4.829565,0.0],[-46.923483,-4.837991,0.0],[-46.925488,-4.839441,0.0],[-46.925871,-4.841917,0.0],[-46.926093,-4.845607,0.0],[-46.929454,-4.852306,0.0],[-46.92802,-4.860281,0.0],[-46.929758,-4.866481,0.0],[-46.927585,-4.869893,0.0],[-46.925745,-4.873768,0.0],[-46.926337,-4.878217,0.0],[-46.923234,-4.883008,0.0],[-46.924695,-4.884782,0.0],[-46.930591,-4.893959,0.0],[-46.930246,-4.895706,0.0],[-46.929016,-4.902036,0.0],[-46.926816,-4.90488,0.0],[-46.920669,-4.906337,0.0],[-46.917989,-4.909594,0.0],[-46.925153,-4.912496,0.0],[-46.922459,-4.925558,0.0],[-46.920454,-4.92929,0.0],[-46.915848,-4.933874,0.0],[-46.912577,-4.938624,0.0],[-46.912436,-4.943095,0.0],[-46.919098,-4.948577,0.0],[-46.919154,-4.95693,0.0],[-46.915992,-4.961834,0.0],[-46.914927,-4.967573,0.0],[-46.91083,-4.970618,0.0],[-46.909675,-4.978082,0.0],[-46.910451,-4.985492,0.0],[-46.907933,-4.990632,0.0],[-46.907218,-4.994384,0.0],[-46.90889,-5.002229,0.0],[-46.915117,-5.00847,0.0],[-46.926505,-5.015486,0.0],[-46.938539,-5.024994,0.0],[-46.958654,-5.037625,0.0],[-46.995509,-5.049101,0.0],[-47.025435,-5.049454,0.0],[-47.036941,-5.057609,0.0],[-47.05687,-5.056673,0.0],[-47.074678,-5.057777,0.0],[-47.087644,-5.05991,0.0],[-47.100798,-5.073491,0.0],[-47.09729,-5.080002,0.0],[-47.10426,-5.083289,0.0],[-47.111068,-5.089483,0.0],[-47.114602,-5.086175,0.0],[-47.120519,-5.088819,0.0],[-47.115638,-5.098749,0.0],[-47.121781,-5.099148,0.0],[-47.122861,-5.104965,0.0],[-47.1266,-5.117841,0.0],[-47.13125,-5.126203,0.0],[-47.137584,-5.133643,0.0],[-47.134402,-5.138951,0.0],[-47.194352,-5.161449,0.0],[-47.20115,-5.15082,0.0],[-47.2124,-5.142572,0.0],[-47.209387,-5.119585,0.0],[-47.211259,-5.110547,0.0],[-47.221668,-5.088895,0.0],[-47.229075,-5.074327,0.0],[-47.243653,-5.048888,0.0],[-47.250633,-5.043084,0.0],[-47.262561,-5.037467,0.0],[-47.261271,-5.009368,0.0],[-47.267195,-4.996436,0.0],[-47.273116,-4.991864,0.0],[-47.274605,-4.980723,0.0],[-47.28709,-4.966215,0.0],[-47.289753,-4.958342,0.0],[-47.287324,-4.951003,0.0],[-47.289251,-4.945658,0.0],[-47.292482,-4.936405,0.0],[-47.291072,-4.925963,0.0],[-47.282836,-4.924196,0.0],[-47.274432,-4.907606,0.0],[-47.276944,-4.888799,0.0],[-47.284273,-4.877293,0.0],[-47.291359,-4.875117,0.0],[-47.293059,-4.866576,0.0],[-47.282448,-4.84523,0.0],[-47.289229,-4.814258,0.0],[-47.299842,-4.80102,0.0],[-47.291447,-4.793156,0.0],[-47.281343,-4.774376,0.0],[-47.278074,-4.754813,0.0],[-47.276277,-4.738823,0.0],[-47.281725,-4.717196,0.0],[-47.27937,-4.693498,0.0],[-47.275547,-4.686491,0.0],[-47.256767,-4.67757,0.0],[-47.253529,-4.663864,0.0],[-47.238937,-4.64773,0.0],[-47.229987,-4.636555,0.0],[-47.231161,-4.57122,0.0],[-47.23247,-4.565043,0.0],[-47.237156,-4.554406,0.0],[-47.24565,-4.534359,0.0],[-47.250548,-4.511496,0.0],[-47.253723,-4.507312,0.0],[-47.251407,-4.496638,0.0],[-47.248785,-4.471512,0.0],[-47.247685,-4.463382,0.0],[-47.241826,-4.44068,0.0],[-47.244015,-4.432004,0.0],[-47.215655,-4.421085,0.0],[-47.210303,-4.406658,0.0],[-47.199018,-4.403697,0.0],[-47.192121,-4.392021,0.0],[-47.177062,-4.381749,0.0],[-47.13839,-4.319549,0.0],[-47.130975,-4.301056,0.0],[-47.127055,-4.28675,0.0],[-47.114969,-4.282299,0.0],[-47.102759,-4.271712,0.0],[-47.090096,-4.263266,0.0],[-47.092634,-4.250342,0.0],[-47.076212,-4.239478,0.0],[-47.07274,-4.23663,0.0]]]}},{"type":"Feature","properties":{"codigo":"2100402","nome":"Altamira do Maranhão","area_km2":524.0,"regiao":null,"bioma":"Amazônia","pop_2022":6447.0,"pop_2025":6549.0},"geometry":{"type":"Polygon","coordinates":[[[-45.422347,-4.067389,0.0],[-45.426736,-4.079021,0.0],[-45.426325,-4.088423,0.0],[-45.440375,-4.101054,0.0],[-45.447779,-4.132282,0.0],[-45.436235,-4.139705,0.0],[-45.427291,-4.133018,0.0],[-45.412886,-4.12855,0.0],[-45.405629,-4.119832,0.0],[-45.402469,-4.114931,0.0],[-45.38926,-4.119263,0.0],[-45.376696,-4.116674,0.0],[-45.362414,-4.1298,0.0],[-45.364299,-4.168907,0.0],[-45.36947,-4.170965,0.0],[-45.374264,-4.168489,0.0],[-45.387666,-4.171497,0.0],[-45.393765,-4.180674,0.0],[-45.401341,-4.185259,0.0],[-45.401125,-4.199838,0.0],[-45.408034,-4.213154,0.0],[-45.424061,-4.263811,0.0],[-45.426254,-4.252297,0.0],[-45.438153,-4.264805,0.0],[-45.453037,-4.277323,0.0],[-45.457274,-4.281115,0.0],[-45.468886,-4.276567,0.0],[-45.491202,-4.279887,0.0],[-45.501448,-4.286835,0.0],[-45.511766,-4.285783,0.0],[-45.517612,-4.280351,0.0],[-45.517241,-4.274851,0.0],[-45.518024,-4.272469,0.0],[-45.518808,-4.270171,0.0],[-45.531317,-4.28016,0.0],[-45.547262,-4.28263,0.0],[-45.560148,-4.283902,0.0],[-45.572423,-4.280556,0.0],[-45.575934,-4.280086,0.0],[-45.579104,-4.282346,0.0],[-45.581192,-4.283299,0.0],[-45.586557,-4.2806,0.0],[-45.592606,-4.28391,0.0],[-45.598134,-4.282873,0.0],[-45.619362,-4.278219,0.0],[-45.624663,-4.270214,0.0],[-45.626066,-4.262408,0.0],[-45.62417,-4.250121,0.0],[-45.620685,-4.240467,0.0],[-45.611647,-4.241915,0.0],[-45.614385,-4.237024,0.0],[-45.618801,-4.2339,0.0],[-45.61036,-4.227662,0.0],[-45.604007,-4.223323,0.0],[-45.60087,-4.226538,0.0],[-45.595162,-4.221252,0.0],[-45.591963,-4.206506,0.0],[-45.594686,-4.190185,0.0],[-45.59099,-4.181854,0.0],[-45.587257,-4.180606,0.0],[-45.588209,-4.174263,0.0],[-45.591353,-4.158594,0.0],[-45.578052,-4.150243,0.0],[-45.581202,-4.141687,0.0],[-45.57995,-4.130443,0.0],[-45.579467,-4.122849,0.0],[-45.581089,-4.117754,0.0],[-45.576782,-4.114394,0.0],[-45.580798,-4.11266,0.0],[-45.569025,-4.100656,0.0],[-45.570453,-4.092676,0.0],[-45.568252,-4.088162,0.0],[-45.563847,-4.08009,0.0],[-45.560872,-4.066541,0.0],[-45.551302,-4.057513,0.0],[-45.55532,-4.060395,0.0],[-45.560099,-4.056354,0.0],[-45.564967,-4.041836,0.0],[-45.568313,-4.039816,0.0],[-45.570983,-4.028281,0.0],[-45.570692,-4.023188,0.0],[-45.573368,-4.019919,0.0],[-45.567906,-4.004062,0.0],[-45.564744,-3.995704,0.0],[-45.564646,-3.991955,0.0],[-45.561361,-3.987208,0.0],[-45.487648,-4.063595,0.0],[-45.467483,-4.069595,0.0],[-45.45378,-4.070315,0.0],[-45.44728,-4.075192,0.0],[-45.433382,-4.071333,0.0],[-45.427993,-4.068733,0.0],[-45.427856,-4.06781,0.0],[-45.422347,-4.067389,0.0]]]}},{"type":"Feature","properties":{"codigo":"2100477","nome":"Alto Alegre do Pindaré","area_km2":1875.0,"regiao":null,"bioma":"Amazônia","pop_2022":2571.0,"pop_2025":26321.0},"geometry":{"type":"Polygon","coordinates":[[[-45.641811,-3.625674,0.0],[-45.670253,-3.746637,0.0],[-45.674741,-3.755389,0.0],[-45.678551,-3.762439,0.0],[-45.683405,-3.770989,0.0],[-45.685727,-3.784511,0.0],[-45.68793,-3.790008,0.0],[-45.695262,-3.794082,0.0],[-45.704347,-3.802858,0.0],[-45.718164,-3.807777,0.0],[-45.72544,-3.811683,0.0],[-45.745624,-3.812345,0.0],[-45.750027,-3.817103,0.0],[-45.748043,-3.804807,0.0],[-45.749558,-3.796359,0.0],[-45.756999,-3.792046,0.0],[-45.766597,-3.79565,0.0],[-45.76874,-3.809265,0.0],[-45.7688,-3.815329,0.0],[-45.772415,-3.823145,0.0],[-45.786746,-3.833109,0.0],[-45.799424,-3.8259,0.0],[-45.80455,-3.821758,0.0],[-45.80726,-3.825155,0.0],[-45.807538,-3.822604,0.0],[-45.818925,-3.820438,0.0],[-45.844971,-3.817863,0.0],[-45.843904,-3.823297,0.0],[-45.846314,-3.834907,0.0],[-45.841787,-3.846309,0.0],[-45.84434,-3.860651,0.0],[-45.844971,-3.87329,0.0],[-45.846386,-3.88003,0.0],[-45.853229,-3.887421,0.0],[-45.865001,-3.888629,0.0],[-45.875775,-3.892525,0.0],[-45.880452,-3.891217,0.0],[-45.884628,-3.893935,0.0],[-45.898447,-3.899759,0.0],[-45.904494,-3.911711,0.0],[-45.902978,-3.917208,0.0],[-45.906027,-3.920264,0.0],[-45.908687,-3.929614,0.0],[-45.905368,-3.938062,0.0],[-45.912758,-3.941511,0.0],[-45.923194,-3.945295,0.0],[-45.93218,-3.953852,0.0],[-45.950848,-3.966799,0.0],[-45.967374,-3.97035,0.0],[-45.98425,-3.984329,0.0],[-46.042719,-3.997688,0.0],[-46.082945,-4.022704,0.0],[-46.088754,-4.024,0.0],[-46.086172,-4.031938,0.0],[-46.089388,-4.033123,0.0],[-46.273788,-4.301691,0.0],[-46.280286,-4.295688,0.0],[-46.283097,-4.288343,0.0],[-46.290175,-4.27957,0.0],[-46.292712,-4.273868,0.0],[-46.297736,-4.251517,0.0],[-46.299114,-4.243772,0.0],[-46.284282,-4.22756,0.0],[-46.282395,-4.215862,0.0],[-46.288186,-4.206405,0.0],[-46.284498,-4.171992,0.0],[-46.275964,-4.165423,0.0],[-46.276188,-4.157406,0.0],[-46.271722,-4.145714,0.0],[-46.267484,-4.129006,0.0],[-46.260858,-4.125638,0.0],[-46.259934,-4.120556,0.0],[-46.253168,-4.114392,0.0],[-46.247482,-4.104886,0.0],[-46.238835,-4.089753,0.0],[-46.23186,-4.080383,0.0],[-46.228216,-4.073395,0.0],[-46.212835,-4.04954,0.0],[-46.212279,-4.040875,0.0],[-46.217358,-4.032272,0.0],[-46.219724,-4.024696,0.0],[-46.22586,-4.018784,0.0],[-46.225745,-4.010103,0.0],[-46.245082,-3.999949,0.0],[-46.246743,-3.989358,0.0],[-46.251709,-3.988407,0.0],[-46.262313,-3.988895,0.0],[-46.269294,-3.989658,0.0],[-46.261806,-3.977812,0.0],[-46.259001,-3.971701,0.0],[-46.258274,-3.965778,0.0],[-46.255719,-3.960575,0.0],[-46.252889,-3.959859,0.0],[-46.250533,-3.953725,0.0],[-46.241388,-3.946703,0.0],[-46.224833,-3.943099,0.0],[-46.214277,-3.935869,0.0],[-46.20828,-3.931011,0.0],[-46.203059,-3.913487,0.0],[-46.205078,-3.905378,0.0],[-46.20389,-3.875177,0.0],[-46.199498,-3.872091,0.0],[-46.197304,-3.865897,0.0],[-46.196254,-3.858655,0.0],[-46.190448,-3.852715,0.0],[-46.186272,-3.844531,0.0],[-46.182609,-3.84053,0.0],[-46.182919,-3.837986,0.0],[-46.182642,-3.833862,0.0],[-46.180053,-3.83054,0.0],[-46.178133,-3.814843,0.0],[-46.172494,-3.813133,0.0],[-46.170972,-3.812225,0.0],[-46.169245,-3.805228,0.0],[-46.167747,-3.802598,0.0],[-46.163332,-3.791081,0.0],[-46.166272,-3.786538,0.0],[-46.157698,-3.777975,0.0],[-46.155413,-3.773879,0.0],[-46.149779,-3.769456,0.0],[-46.144608,-3.767168,0.0],[-46.13897,-3.764242,0.0],[-46.136326,-3.756765,0.0],[-46.13186,-3.755865,0.0],[-46.12339,-3.746846,0.0],[-46.119237,-3.738349,0.0],[-46.110778,-3.736725,0.0],[-46.105141,-3.728855,0.0],[-46.103606,-3.730347,0.0],[-46.103859,-3.720252,0.0],[-46.1005,-3.717409,0.0],[-46.087335,-3.719891,0.0],[-46.084053,-3.720372,0.0],[-46.0793,-3.714318,0.0],[-46.072501,-3.714472,0.0],[-46.068835,-3.716902,0.0],[-46.06105,-3.706621,0.0],[-46.055531,-3.701744,0.0],[-46.049837,-3.701174,0.0],[-46.045551,-3.702237,0.0],[-46.034414,-3.702415,0.0],[-46.026441,-3.701108,0.0],[-46.01897,-3.70502,0.0],[-46.020077,-3.706883,0.0],[-46.014999,-3.707044,0.0],[-46.011498,-3.702058,0.0],[-46.006307,-3.700607,0.0],[-46.001525,-3.693783,0.0],[-45.993997,-3.690546,0.0],[-45.993813,-3.683772,0.0],[-45.991819,-3.683317,0.0],[-45.984034,-3.68268,0.0],[-45.971551,-3.690092,0.0],[-45.970456,-3.695683,0.0],[-45.960704,-3.70009,0.0],[-45.954638,-3.698316,0.0],[-45.947783,-3.70533,0.0],[-45.942695,-3.705004,0.0],[-45.93787,-3.704912,0.0],[-45.939259,-3.70029,0.0],[-45.925321,-3.692125,0.0],[-45.922461,-3.692198,0.0],[-45.918252,-3.691215,0.0],[-45.912428,-3.690437,0.0],[-45.903091,-3.68038,0.0],[-45.902809,-3.676904,0.0],[-45.89801,-3.673835,0.0],[-45.891898,-3.663319,0.0],[-45.889125,-3.662106,0.0],[-45.881924,-3.658235,0.0],[-45.864589,-3.661513,0.0],[-45.860996,-3.661559,0.0],[-45.85476,-3.659891,0.0],[-45.843614,-3.658872,0.0],[-45.842795,-3.663907,0.0],[-45.834428,-3.657736,0.0],[-45.83473,-3.649484,0.0],[-45.825189,-3.641341,0.0],[-45.813509,-3.636318,0.0],[-45.803372,-3.637857,0.0],[-45.794527,-3.636363,0.0],[-45.783004,-3.641779,0.0],[-45.777472,-3.641196,0.0],[-45.76643,-3.642452,0.0],[-45.756396,-3.641972,0.0],[-45.746363,-3.640522,0.0],[-45.745454,-3.641839,0.0],[-45.740184,-3.638656,0.0],[-45.73141,-3.635829,0.0],[-45.713945,-3.639405,0.0],[-45.703047,-3.640887,0.0],[-45.699657,-3.637729,0.0],[-45.688307,-3.636017,0.0],[-45.683479,-3.639243,0.0],[-45.670391,-3.634648,0.0],[-45.662483,-3.632866,0.0],[-45.662026,-3.627473,0.0],[-45.652475,-3.624979,0.0],[-45.644346,-3.621266,0.0],[-45.642898,-3.625285,0.0],[-45.641811,-3.625674,0.0]]]}},{"type":"Feature","properties":{"codigo":"2100600","nome":"Amarante do Maranhão","area_km2":7439.5,"regiao":null,"bioma":"Amazônia","pop_2022":37085.0,"pop_2025":38335.0},"geometry":{"type":"Polygon","coordinates":[[[-46.464982,-4.850967,0.0],[-46.017372,-4.853706,0.0],[-46.015096,-4.858645,0.0],[-46.011367,-4.86333,0.0],[-46.01586,-4.871856,0.0],[-46.014292,-4.880597,0.0],[-46.017932,-4.889243,0.0],[-46.022514,-4.898345,0.0],[-46.022119,-4.907822,0.0],[-46.027994,-4.924422,0.0],[-46.026009,-4.933701,0.0],[-46.040474,-4.946317,0.0],[-46.043645,-4.959328,0.0],[-46.054584,-4.967303,0.0],[-46.05748,-4.975024,0.0],[-46.066024,-4.987873,0.0],[-46.079225,-5.009558,0.0],[-46.094052,-5.022886,0.0],[-46.107946,-5.039468,0.0],[-46.113997,-5.046072,0.0],[-46.123887,-5.050356,0.0],[-46.140472,-5.054553,0.0],[-46.151247,-5.053239,0.0],[-46.177999,-5.060458,0.0],[-46.194114,-5.080144,0.0],[-46.201302,-5.096901,0.0],[-46.211362,-5.116246,0.0],[-46.220085,-5.135287,0.0],[-46.2368,-5.142571,0.0],[-46.259586,-5.16396,0.0],[-46.284442,-5.18493,0.0],[-46.292245,-5.205682,0.0],[-46.30633,-5.215005,0.0],[-46.321276,-5.264301,0.0],[-46.338752,-5.27792,0.0],[-46.347977,-5.296293,0.0],[-46.329973,-5.655328,0.0],[-46.33286,-5.663762,0.0],[-46.332222,-5.666304,0.0],[-46.335916,-5.666671,0.0],[-46.343364,-5.668016,0.0],[-46.345782,-5.675748,0.0],[-46.349031,-5.678372,0.0],[-46.357362,-5.675119,0.0],[-46.369587,-5.674319,0.0],[-46.371388,-5.676039,0.0],[-46.375031,-5.677134,0.0],[-46.375469,-5.684843,0.0],[-46.381273,-5.691151,0.0],[-46.385414,-5.700892,0.0],[-46.389746,-5.707065,0.0],[-46.397887,-5.716135,0.0],[-46.405028,-5.723036,0.0],[-46.409,-5.722406,0.0],[-46.415527,-5.722412,0.0],[-46.424227,-5.723422,0.0],[-46.427636,-5.723691,0.0],[-46.432442,-5.72397,0.0],[-46.441498,-5.728051,0.0],[-46.442665,-5.731498,0.0],[-46.448001,-5.737128,0.0],[-46.45036,-5.741571,0.0],[-46.457423,-5.738676,0.0],[-46.460582,-5.747558,0.0],[-46.466109,-5.749411,0.0],[-46.47536,-5.751463,0.0],[-46.484378,-5.748334,0.0],[-46.495563,-5.752659,0.0],[-46.507254,-5.741268,0.0],[-46.528559,-5.738076,0.0],[-46.538019,-5.742535,0.0],[-46.542444,-5.736603,0.0],[-46.554539,-5.736119,0.0],[-46.55974,-5.735151,0.0],[-46.568368,-5.739374,0.0],[-46.582846,-5.735112,0.0],[-46.588867,-5.734565,0.0],[-46.595192,-5.740573,0.0],[-46.606228,-5.74179,0.0],[-46.609276,-5.746589,0.0],[-46.61042,-5.750432,0.0],[-46.619534,-5.752929,0.0],[-46.624222,-5.754324,0.0],[-46.632273,-5.752204,0.0],[-46.644466,-5.755727,0.0],[-46.651789,-5.757511,0.0],[-46.65785,-5.760865,0.0],[-46.661554,-5.762925,0.0],[-46.666054,-5.765381,0.0],[-46.673369,-5.767322,0.0],[-46.67859,-5.765132,0.0],[-46.682634,-5.761189,0.0],[-46.682472,-5.757049,0.0],[-46.700871,-5.745073,0.0],[-46.707667,-5.746808,0.0],[-46.715441,-5.750049,0.0],[-46.730934,-5.747665,0.0],[-46.734672,-5.750363,0.0],[-46.737074,-5.754579,0.0],[-46.741987,-5.771764,0.0],[-46.741059,-5.780608,0.0],[-46.751296,-5.788671,0.0],[-46.755506,-5.798536,0.0],[-46.759598,-5.805797,0.0],[-46.761206,-5.809861,0.0],[-46.766868,-5.82072,0.0],[-46.770557,-5.82506,0.0],[-46.778198,-5.82764,0.0],[-46.780234,-5.82819,0.0],[-46.782291,-5.834823,0.0],[-46.786003,-5.838419,0.0],[-46.782949,-5.847817,0.0],[-46.786182,-5.860735,0.0],[-46.794713,-5.871775,0.0],[-46.792729,-5.879138,0.0],[-46.782447,-5.898789,0.0],[-46.803471,-5.891674,0.0],[-46.836508,-5.896523,0.0],[-46.846868,-5.905431,0.0],[-46.854131,-5.906138,0.0],[-46.867527,-5.905742,0.0],[-46.877461,-5.909505,0.0],[-46.885911,-5.899722,0.0],[-46.891554,-5.893101,0.0],[-46.889933,-5.885837,0.0],[-46.888786,-5.861086,0.0],[-46.886047,-5.847227,0.0],[-46.883581,-5.839747,0.0],[-46.87827,-5.83311,0.0],[-46.879307,-5.823821,0.0],[-46.882583,-5.822519,0.0],[-46.887086,-5.823497,0.0],[-46.890756,-5.816766,0.0],[-46.894592,-5.808942,0.0],[-46.894892,-5.803227,0.0],[-46.894448,-5.791781,0.0],[-46.904232,-5.782155,0.0],[-46.906923,-5.777573,0.0],[-46.900475,-5.773372,0.0],[-46.903482,-5.767618,0.0],[-46.902013,-5.759604,0.0],[-46.907642,-5.762071,0.0],[-46.915921,-5.760671,0.0],[-46.916365,-5.756138,0.0],[-46.916143,-5.753139,0.0],[-46.919087,-5.745749,0.0],[-46.914474,-5.735422,0.0],[-46.918039,-5.723141,0.0],[-46.921173,-5.720109,0.0],[-46.922618,-5.715693,0.0],[-46.914732,-5.705747,0.0],[-46.911697,-5.696353,0.0],[-46.917647,-5.698441,0.0],[-46.923556,-5.6922,0.0],[-46.927084,-5.682732,0.0],[-46.927918,-5.675216,0.0],[-46.934174,-5.67079,0.0],[-46.933691,-5.656996,0.0],[-46.933562,-5.649185,0.0],[-46.932644,-5.639269,0.0],[-46.934452,-5.634589,0.0],[-46.942281,-5.636543,0.0],[-46.94667,-5.634982,0.0],[-46.945175,-5.631779,0.0],[-46.946309,-5.629069,0.0],[-46.944478,-5.619971,0.0],[-46.946043,-5.614595,0.0],[-46.939868,-5.613994,0.0],[-46.947205,-5.610217,0.0],[-46.943281,-5.600897,0.0],[-46.951452,-5.588967,0.0],[-46.956308,-5.586604,0.0],[-46.95084,-5.582511,0.0],[-46.953559,-5.577204,0.0],[-46.949785,-5.571338,0.0],[-46.951064,-5.564734,0.0],[-46.952338,-5.560038,0.0],[-46.946203,-5.553215,0.0],[-46.948143,-5.545448,0.0],[-46.946449,-5.52871,0.0],[-46.94723,-5.521292,0.0],[-46.946198,-5.511735,0.0],[-46.940981,-5.510467,0.0],[-46.937421,-5.50596,0.0],[-46.932063,-5.499772,0.0],[-46.930727,-5.492127,0.0],[-46.936117,-5.485363,0.0],[-46.930962,-5.482234,0.0],[-46.926604,-5.473668,0.0],[-46.927667,-5.467226,0.0],[-46.930604,-5.454853,0.0],[-46.924793,-5.450991,0.0],[-46.924183,-5.453165,0.0],[-46.919806,-5.451744,0.0],[-46.92521,-5.448466,0.0],[-46.918809,-5.441466,0.0],[-46.916474,-5.431958,0.0],[-46.910281,-5.431188,0.0],[-46.909216,-5.423981,0.0],[-46.910052,-5.419708,0.0],[-46.907342,-5.417624,0.0],[-46.901381,-5.415857,0.0],[-46.899519,-5.40209,0.0],[-46.901366,-5.399092,0.0],[-46.89897,-5.386727,0.0],[-46.903657,-5.377205,0.0],[-46.90519,-5.372543,0.0],[-46.90583,-5.367305,0.0],[-46.905889,-5.355006,0.0],[-46.901371,-5.350528,0.0],[-46.902061,-5.336904,0.0],[-46.904848,-5.32503,0.0],[-46.904203,-5.316217,0.0],[-46.906264,-5.307087,0.0],[-46.907971,-5.297139,0.0],[-46.910737,-5.291496,0.0],[-46.909892,-5.280441,0.0],[-46.903676,-5.269752,0.0],[-46.901975,-5.257806,0.0],[-46.900717,-5.25095,0.0],[-46.89963,-5.249168,0.0],[-46.897453,-5.245142,0.0],[-46.896142,-5.233194,0.0],[-46.892727,-5.228468,0.0],[-46.88842,-5.223245,0.0],[-46.885252,-5.223171,0.0],[-46.887617,-5.19972,0.0],[-46.890426,-5.192018,0.0],[-46.888274,-5.18817,0.0],[-46.887329,-5.184322,0.0],[-46.886077,-5.181416,0.0],[-46.880745,-5.176745,0.0],[-46.876551,-5.170758,0.0],[-46.876089,-5.155341,0.0],[-46.869854,-5.136853,0.0],[-46.873981,-5.131225,0.0],[-46.87864,-5.130206,0.0],[-46.879798,-5.124933,0.0],[-46.879509,-5.120962,0.0],[-46.875167,-5.111509,0.0],[-46.870289,-5.09596,0.0],[-46.874281,-5.079819,0.0],[-46.885582,-5.076271,0.0],[-46.889295,-5.063301,0.0],[-46.890233,-5.05311,0.0],[-46.8935,-5.048346,0.0],[-46.900675,-5.032484,0.0],[-46.898816,-5.022368,0.0],[-46.900234,-5.011514,0.0],[-46.906957,-4.997553,0.0],[-46.908593,-4.993246,0.0],[-46.91166,-4.987731,0.0],[-46.910904,-4.982084,0.0],[-46.911694,-4.972241,0.0],[-46.913446,-4.969621,0.0],[-46.914661,-4.962646,0.0],[-46.915854,-4.959634,0.0],[-46.919098,-4.948577,0.0],[-46.912436,-4.943095,0.0],[-46.912577,-4.938624,0.0],[-46.915848,-4.933874,0.0],[-46.920454,-4.92929,0.0],[-46.922459,-4.925558,0.0],[-46.925153,-4.912496,0.0],[-46.922626,-4.913013,0.0],[-46.919361,-4.913105,0.0],[-46.917829,-4.910647,0.0],[-46.920207,-4.909264,0.0],[-46.923023,-4.907062,0.0],[-46.929016,-4.902036,0.0],[-46.930246,-4.895706,0.0],[-46.930592,-4.893945,0.0],[-46.929667,-4.888599,0.0],[-46.924695,-4.884782,0.0],[-46.923234,-4.883008,0.0],[-46.926337,-4.878217,0.0],[-46.925745,-4.873768,0.0],[-46.927585,-4.869893,0.0],[-46.929758,-4.866481,0.0],[-46.92802,-4.860281,0.0],[-46.929454,-4.852306,0.0],[-46.930318,-4.850575,0.0],[-46.464982,-4.850967,0.0]]]}},{"type":"Feature","properties":{"codigo":"2100709","nome":"Anajatuba","area_km2":939.79,"regiao":null,"bioma":"Amazônia","pop_2022":25322.0,"pop_2025":2625.0},"geometry":{"type":"Polygon","coordinates":[[[-44.437851,-3.215522,0.0],[-44.442034,-3.224288,0.0],[-44.429133,-3.236122,0.0],[-44.425221,-3.241672,0.0],[-44.444222,-3.271599,0.0],[-44.463487,-3.263037,0.0],[-44.468944,-3.266652,0.0],[-44.461537,-3.270903,0.0],[-44.45772,-3.282566,0.0],[-44.478549,-3.315594,0.0],[-44.483652,-3.312583,0.0],[-44.489775,-3.304373,0.0],[-44.492666,-3.308498,0.0],[-44.493584,-3.315784,0.0],[-44.497864,-3.325452,0.0],[-44.493371,-3.334644,0.0],[-44.535739,-3.399567,0.0],[-44.584428,-3.451244,0.0],[-44.594065,-3.445855,0.0],[-44.691932,-3.379309,0.0],[-44.732709,-3.304721,0.0],[-44.735392,-3.288265,0.0],[-44.754451,-3.264333,0.0],[-44.762494,-3.243091,0.0],[-44.759521,-3.227233,0.0],[-44.73839,-3.208078,0.0],[-44.705649,-3.195502,0.0],[-44.669928,-3.195791,0.0],[-44.657726,-3.188905,0.0],[-44.659814,-3.174543,0.0],[-44.651547,-3.151203,0.0],[-44.598223,-3.106183,0.0],[-44.542139,-3.063333,0.0],[-44.540579,-3.070382,0.0],[-44.54938,-3.086275,0.0],[-44.471026,-3.188138,0.0],[-44.460963,-3.194926,0.0],[-44.450106,-3.194064,0.0],[-44.439098,-3.196469,0.0],[-44.444218,-3.208146,0.0],[-44.437851,-3.215522,0.0]]]}},{"type":"Feature","properties":{"codigo":"2100956","nome":"Arame","area_km2":2974.5,"regiao":null,"bioma":"Amazônia","pop_2022":25517.0,"pop_2025":26089.0},"geometry":{"type":"Polygon","coordinates":[[[-45.571445,-4.944028,0.0],[-45.576114,-4.946781,0.0],[-45.576598,-4.95221,0.0],[-45.579964,-4.957653,0.0],[-45.58321,-4.957826,0.0],[-45.587092,-4.96533,0.0],[-45.587598,-4.969059,0.0],[-45.587305,-4.978011,0.0],[-45.588875,-4.97644,0.0],[-45.592026,-4.976951,0.0],[-45.595158,-4.978209,0.0],[-45.601127,-4.978222,0.0],[-45.605545,-4.982285,0.0],[-45.606141,-4.984915,0.0],[-45.604953,-4.991446,0.0],[-45.608714,-4.992882,0.0],[-45.619934,-4.98778,0.0],[-45.63004,-5.002233,0.0],[-45.634127,-5.004094,0.0],[-45.637338,-5.002278,0.0],[-45.63963,-5.003526,0.0],[-45.644169,-5.00328,0.0],[-45.644415,-5.00549,0.0],[-45.647344,-5.005896,0.0],[-45.649077,-5.009805,0.0],[-45.652777,-5.013349,0.0],[-45.654385,-5.015566,0.0],[-45.654308,-5.01859,0.0],[-45.660302,-5.026284,0.0],[-45.670431,-5.030468,0.0],[-45.674408,-5.029254,0.0],[-45.677181,-5.031267,0.0],[-45.680037,-5.033281,0.0],[-45.68394,-5.038962,0.0],[-45.690127,-5.039359,0.0],[-45.695634,-5.04149,0.0],[-45.703913,-5.043578,0.0],[-45.708536,-5.046032,0.0],[-45.712753,-5.044215,0.0],[-45.715811,-5.046952,0.0],[-45.714239,-5.043723,0.0],[-45.719661,-5.042391,0.0],[-45.722918,-5.044927,0.0],[-45.724689,-5.047506,0.0],[-45.722561,-5.048677,0.0],[-45.725499,-5.050972,0.0],[-45.727471,-5.056455,0.0],[-45.729007,-5.063549,0.0],[-45.732702,-5.063868,0.0],[-45.732708,-5.067696,0.0],[-45.73649,-5.072975,0.0],[-45.740312,-5.078212,0.0],[-45.739264,-5.074948,0.0],[-45.743647,-5.078088,0.0],[-45.747583,-5.076188,0.0],[-45.746213,-5.073125,0.0],[-45.749509,-5.073888,0.0],[-45.752649,-5.080738,0.0],[-45.752978,-5.085294,0.0],[-45.755595,-5.089928,0.0],[-45.754506,-5.092786,0.0],[-45.758009,-5.096377,0.0],[-45.768837,-5.112976,0.0],[-45.774182,-5.112848,0.0],[-45.776554,-5.115183,0.0],[-45.777766,-5.119536,0.0],[-45.779172,-5.119253,0.0],[-45.782586,-5.118362,0.0],[-45.78295,-5.120255,0.0],[-45.784601,-5.123602,0.0],[-45.790294,-5.1186,0.0],[-45.795735,-5.126167,0.0],[-45.799433,-5.12822,0.0],[-45.797571,-5.135605,0.0],[-45.797836,-5.138616,0.0],[-45.795326,-5.139534,0.0],[-45.794974,-5.143509,0.0],[-45.795698,-5.149705,0.0],[-45.793519,-5.153271,0.0],[-45.795086,-5.154055,0.0],[-45.797174,-5.156586,0.0],[-45.801416,-5.161501,0.0],[-45.804121,-5.161792,0.0],[-45.805324,-5.160091,0.0],[-45.807054,-5.161854,0.0],[-45.813248,-5.163694,0.0],[-45.814261,-5.167355,0.0],[-45.814919,-5.171016,0.0],[-45.815055,-5.175308,0.0],[-45.819681,-5.174583,0.0],[-45.820149,-5.183993,0.0],[-45.821654,-5.187914,0.0],[-45.82423,-5.190036,0.0],[-45.830945,-5.190437,0.0],[-45.833002,-5.193735,0.0],[-45.835159,-5.197742,0.0],[-45.83672,-5.200548,0.0],[-45.841978,-5.201108,0.0],[-45.83966,-5.205922,0.0],[-45.844355,-5.206996,0.0],[-45.848628,-5.211387,0.0],[-45.852732,-5.205724,0.0],[-45.859584,-5.215754,0.0],[-45.865509,-5.234176,0.0],[-45.870069,-5.232617,0.0],[-45.871246,-5.235819,0.0],[-45.874795,-5.231989,0.0],[-45.87816,-5.238132,0.0],[-45.87946,-5.236184,0.0],[-45.88067,-5.238406,0.0],[-45.883799,-5.239644,0.0],[-45.885786,-5.238496,0.0],[-45.88762,-5.242221,0.0],[-45.890005,-5.248479,0.0],[-45.895869,-5.247686,0.0],[-45.905574,-5.254798,0.0],[-45.905059,-5.257967,0.0],[-45.908418,-5.263205,0.0],[-45.909435,-5.26585,0.0],[-45.907873,-5.26999,0.0],[-45.914206,-5.278328,0.0],[-45.915924,-5.281983,0.0],[-45.918942,-5.281712,0.0],[-45.923156,-5.283289,0.0],[-45.925864,-5.285929,0.0],[-45.93151,-5.286847,0.0],[-45.930009,-5.288344,0.0],[-45.930759,-5.289789,0.0],[-45.928805,-5.293724,0.0],[-45.931011,-5.303585,0.0],[-45.932461,-5.312698,0.0],[-45.934214,-5.306945,0.0],[-45.942546,-5.311948,0.0],[-45.948689,-5.311204,0.0],[-45.954277,-5.303514,0.0],[-45.965021,-5.303071,0.0],[-45.982064,-5.294281,0.0],[-45.990827,-5.293403,0.0],[-45.998717,-5.293668,0.0],[-45.999883,-5.294845,0.0],[-45.997014,-5.30533,0.0],[-46.010626,-5.304786,0.0],[-46.027415,-5.299802,0.0],[-46.037778,-5.302892,0.0],[-46.046412,-5.303263,0.0],[-46.056832,-5.301339,0.0],[-46.064555,-5.293772,0.0],[-46.073007,-5.295768,0.0],[-46.076997,-5.293399,0.0],[-46.085006,-5.293105,0.0],[-46.09745,-5.292252,0.0],[-46.101232,-5.285807,0.0],[-46.117194,-5.280183,0.0],[-46.127861,-5.281916,0.0],[-46.135168,-5.281132,0.0],[-46.141899,-5.284379,0.0],[-46.146062,-5.277832,0.0],[-46.159149,-5.278658,0.0],[-46.177305,-5.277946,0.0],[-46.187154,-5.270757,0.0],[-46.196764,-5.303441,0.0],[-46.210957,-5.327926,0.0],[-46.224346,-5.340419,0.0],[-46.236507,-5.346266,0.0],[-46.27672,-5.351058,0.0],[-46.307867,-5.361507,0.0],[-46.309783,-5.350321,0.0],[-46.313078,-5.345905,0.0],[-46.326515,-5.335433,0.0],[-46.329969,-5.334049,0.0],[-46.344876,-5.295716,0.0],[-46.330611,-5.269667,0.0],[-46.31322,-5.220977,0.0],[-46.300284,-5.20786,0.0],[-46.286805,-5.200725,0.0],[-46.277937,-5.178324,0.0],[-46.244584,-5.148642,0.0],[-46.228865,-5.140835,0.0],[-46.214052,-5.1257,0.0],[-46.20336,-5.10518,0.0],[-46.196309,-5.091682,0.0],[-46.190778,-5.071767,0.0],[-46.167057,-5.053982,0.0],[-46.14381,-5.056044,0.0],[-46.137577,-5.055333,0.0],[-46.120058,-5.046872,0.0],[-46.111446,-5.042224,0.0],[-46.104336,-5.032348,0.0],[-46.090699,-5.01759,0.0],[-46.069196,-5.000085,0.0],[-46.062892,-4.981313,0.0],[-46.056438,-4.969529,0.0],[-46.047541,-4.96434,0.0],[-46.041971,-4.955242,0.0],[-46.034721,-4.938709,0.0],[-46.025532,-4.929199,0.0],[-46.026792,-4.915345,0.0],[-46.021106,-4.901367,0.0],[-46.019468,-4.890252,0.0],[-46.017119,-4.884118,0.0],[-46.015645,-4.877953,0.0],[-46.014995,-4.868295,0.0],[-46.013166,-4.85977,0.0],[-46.015912,-4.854882,0.0],[-46.02263,-4.84355,0.0],[-46.026187,-4.825013,0.0],[-46.028354,-4.805499,0.0],[-46.036454,-4.805094,0.0],[-46.040425,-4.792127,0.0],[-46.036859,-4.789209,0.0],[-46.029565,-4.773568,0.0],[-46.029241,-4.767489,0.0],[-46.022595,-4.76214,0.0],[-46.017165,-4.751928,0.0],[-46.013356,-4.743581,0.0],[-46.005737,-4.741717,0.0],[-45.989137,-4.733036,0.0],[-45.978973,-4.727457,0.0],[-45.97048,-4.710367,0.0],[-45.966275,-4.704499,0.0],[-45.962651,-4.70306,0.0],[-45.958173,-4.693829,0.0],[-45.959394,-4.681247,0.0],[-45.948411,-4.670839,0.0],[-45.935653,-4.664628,0.0],[-45.926906,-4.655621,0.0],[-45.924755,-4.632849,0.0],[-45.922131,-4.615674,0.0],[-45.91428,-4.63996,0.0],[-45.885319,-4.629936,0.0],[-45.872138,-4.630678,0.0],[-45.867497,-4.627522,0.0],[-45.712249,-4.775166,0.0],[-45.662659,-4.857206,0.0],[-45.593731,-4.893599,0.0],[-45.583131,-4.905859,0.0],[-45.581719,-4.909943,0.0],[-45.574511,-4.917978,0.0],[-45.571901,-4.920864,0.0],[-45.578668,-4.93477,0.0],[-45.57996,-4.938207,0.0],[-45.57588,-4.944278,0.0],[-45.571445,-4.944028,0.0]]]}},{"type":"Feature","properties":{"codigo":"2101004","nome":"Arari","area_km2":1099.4,"regiao":null,"bioma":"Amazônia","pop_2022":2472.0,"pop_2025":30555.0},"geometry":{"type":"MultiPolygon","coordinates":[[[[-44.785171,-3.297898,0.0],[-44.785553,-3.298016,0.0],[-44.785577,-3.297722,0.0],[-44.785171,-3.297898,0.0]]],[[[-44.850174,-3.307071,0.0],[-44.841505,-3.304867,0.0],[-44.835791,-3.296249,0.0],[-44.827504,-3.289354,0.0],[-44.810836,-3.272595,0.0],[-44.805365,-3.271252,0.0],[-44.798447,-3.29538,0.0],[-44.821825,-3.346442,0.0],[-44.818013,-3.357548,0.0],[-44.810914,-3.361329,0.0],[-44.802004,-3.372625,0.0],[-44.817676,-3.373681,0.0],[-44.832728,-3.381296,0.0],[-44.831679,-3.389004,0.0],[-44.818246,-3.384405,0.0],[-44.81372,-3.385218,0.0],[-44.821246,-3.390773,0.0],[-44.825708,-3.396216,0.0],[-44.823385,-3.402786,0.0],[-44.814704,-3.39607,0.0],[-44.80184,-3.404649,0.0],[-44.794441,-3.417681,0.0],[-44.807553,-3.422064,0.0],[-44.808267,-3.427486,0.0],[-44.803299,-3.433374,0.0],[-44.807231,-3.423752,0.0],[-44.791225,-3.420984,0.0],[-44.796979,-3.412296,0.0],[-44.808238,-3.390396,0.0],[-44.815169,-3.3923,0.0],[-44.823171,-3.398478,0.0],[-44.820993,-3.393235,0.0],[-44.811241,-3.383754,0.0],[-44.820102,-3.382033,0.0],[-44.829676,-3.385002,0.0],[-44.813315,-3.375113,0.0],[-44.804501,-3.378104,0.0],[-44.799738,-3.374393,0.0],[-44.803552,-3.361946,0.0],[-44.81451,-3.351536,0.0],[-44.803203,-3.321134,0.0],[-44.792845,-3.305932,0.0],[-44.785995,-3.319694,0.0],[-44.761282,-3.332854,0.0],[-44.739254,-3.319683,0.0],[-44.691932,-3.379309,0.0],[-44.594065,-3.445855,0.0],[-44.611062,-3.482676,0.0],[-44.625771,-3.490272,0.0],[-44.611623,-3.647768,0.0],[-44.615083,-3.652341,0.0],[-44.610847,-3.654944,0.0],[-44.609929,-3.839024,0.0],[-44.622326,-3.835822,0.0],[-44.627405,-3.833305,0.0],[-44.634433,-3.832891,0.0],[-44.638407,-3.818565,0.0],[-44.642297,-3.816044,0.0],[-44.6461,-3.818156,0.0],[-44.649603,-3.822345,0.0],[-44.657214,-3.817946,0.0],[-44.652462,-3.811103,0.0],[-44.657434,-3.810861,0.0],[-44.662514,-3.806436,0.0],[-44.659268,-3.803784,0.0],[-44.65288,-3.800753,0.0],[-44.651354,-3.798666,0.0],[-44.657629,-3.792067,0.0],[-44.661178,-3.785187,0.0],[-44.668069,-3.78168,0.0],[-44.669517,-3.779055,0.0],[-44.674854,-3.77945,0.0],[-44.675875,-3.775007,0.0],[-44.677153,-3.769113,0.0],[-44.684043,-3.764794,0.0],[-44.688457,-3.77108,0.0],[-44.690103,-3.76791,0.0],[-44.69479,-3.767387,0.0],[-44.697688,-3.766679,0.0],[-44.702101,-3.768242,0.0],[-44.706988,-3.753021,0.0],[-44.712432,-3.747329,0.0],[-44.71191,-3.743146,0.0],[-44.708295,-3.741036,0.0],[-44.714737,-3.736355,0.0],[-44.724408,-3.737035,0.0],[-44.726097,-3.728147,0.0],[-44.724739,-3.72524,0.0],[-44.730321,-3.728628,0.0],[-44.739987,-3.731584,0.0],[-44.741354,-3.727323,0.0],[-44.7449,-3.726157,0.0],[-44.749488,-3.730362,0.0],[-44.748713,-3.723543,0.0],[-44.754014,-3.719401,0.0],[-44.746018,-3.716175,0.0],[-44.744236,-3.710176,0.0],[-44.739628,-3.710887,0.0],[-44.738853,-3.708513,0.0],[-44.741851,-3.702544,0.0],[-44.740709,-3.696365,0.0],[-44.7286,-3.697025,0.0],[-44.737014,-3.693076,0.0],[-44.750241,-3.689419,0.0],[-44.755206,-3.685542,0.0],[-44.751353,-3.681252,0.0],[-44.758708,-3.675035,0.0],[-44.764127,-3.676055,0.0],[-44.775236,-3.677658,0.0],[-44.777158,-3.691919,0.0],[-44.78124,-3.704648,0.0],[-44.792095,-3.700439,0.0],[-44.79324,-3.690727,0.0],[-44.799098,-3.695295,0.0],[-44.793909,-3.700904,0.0],[-44.804826,-3.705498,0.0],[-44.812374,-3.694549,0.0],[-44.807711,-3.688535,0.0],[-44.818545,-3.673332,0.0],[-44.813577,-3.672399,0.0],[-44.80685,-3.681357,0.0],[-44.804356,-3.675448,0.0],[-44.808379,-3.664844,0.0],[-44.802571,-3.670347,0.0],[-44.795765,-3.671135,0.0],[-44.794317,-3.654515,0.0],[-44.805467,-3.650484,0.0],[-44.813905,-3.639542,0.0],[-44.805431,-3.616892,0.0],[-44.803406,-3.6088,0.0],[-44.808186,-3.59467,0.0],[-44.813604,-3.591973,0.0],[-44.81877,-3.592174,0.0],[-44.829463,-3.584058,0.0],[-44.837404,-3.58728,0.0],[-44.844572,-3.578965,0.0],[-44.852928,-3.567841,0.0],[-44.842158,-3.57387,0.0],[-44.834295,-3.558942,0.0],[-44.83146,-3.547037,0.0],[-44.823097,-3.537275,0.0],[-44.825852,-3.531839,0.0],[-44.83018,-3.532774,0.0],[-44.836911,-3.540162,0.0],[-44.840016,-3.535728,0.0],[-44.837516,-3.525728,0.0],[-44.845658,-3.527585,0.0],[-44.853521,-3.500452,0.0],[-44.85146,-3.492763,0.0],[-44.844657,-3.484773,0.0],[-44.831155,-3.46757,0.0],[-44.819349,-3.473549,0.0],[-44.863712,-3.346361,0.0],[-44.875189,-3.302873,0.0],[-44.874173,-3.293617,0.0],[-44.872692,-3.284314,0.0],[-44.865564,-3.27629,0.0],[-44.875533,-3.2647,0.0],[-44.871124,-3.262129,0.0],[-44.864041,-3.27088,0.0],[-44.852465,-3.279496,0.0],[-44.856654,-3.298933,0.0],[-44.854462,-3.304869,0.0],[-44.850174,-3.307071,0.0]]]]}},{"type":"Feature","properties":{"codigo":"2101202","nome":"Bacabal","area_km2":1655.4,"regiao":null,"bioma":"Amazônia","pop_2022":103711.0,"pop_2025":107755.0},"geometry":{"type":"Polygon","coordinates":[[[-44.624323,-3.859136,0.0],[-44.625498,-3.866012,0.0],[-44.620214,-3.865788,0.0],[-44.616418,-3.871535,0.0],[-44.613478,-3.873494,0.0],[-44.613698,-3.883961,0.0],[-44.610861,-3.895092,0.0],[-44.609716,-3.899742,0.0],[-44.613945,-3.900568,0.0],[-44.616751,-3.90297,0.0],[-44.625328,-3.906682,0.0],[-44.626965,-3.910227,0.0],[-44.623084,-3.909774,0.0],[-44.622255,-3.916625,0.0],[-44.620325,-3.920022,0.0],[-44.623906,-3.923481,0.0],[-44.623164,-3.927044,0.0],[-44.622081,-3.930924,0.0],[-44.638371,-3.94219,0.0],[-44.638073,-3.949306,0.0],[-44.634503,-3.956893,0.0],[-44.630527,-3.977333,0.0],[-44.629953,-3.982963,0.0],[-44.635736,-3.981383,0.0],[-44.638272,-3.985225,0.0],[-44.637777,-3.990256,0.0],[-44.632625,-3.993915,0.0],[-44.636805,-3.995466,0.0],[-44.636509,-3.999079,0.0],[-44.631651,-4.004533,0.0],[-44.635935,-4.009753,0.0],[-44.631693,-4.013308,0.0],[-44.617707,-4.02226,0.0],[-44.620303,-4.025905,0.0],[-44.620722,-4.029581,0.0],[-44.627565,-4.030991,0.0],[-44.628831,-4.028575,0.0],[-44.63517,-4.026994,0.0],[-44.639309,-4.02546,0.0],[-44.641322,-4.020035,0.0],[-44.650383,-4.014768,0.0],[-44.659304,-4.014771,0.0],[-44.681259,-4.018217,0.0],[-44.694163,-4.024072,0.0],[-44.704525,-4.026753,0.0],[-44.714027,-4.026832,0.0],[-44.719323,-4.030325,0.0],[-44.72918,-4.036329,0.0],[-44.735338,-4.029347,0.0],[-44.736449,-4.025298,0.0],[-44.736713,-4.031542,0.0],[-44.737208,-4.043699,0.0],[-44.734167,-4.048639,0.0],[-44.733532,-4.054387,0.0],[-44.744794,-4.058457,0.0],[-44.74597,-4.063019,0.0],[-44.74253,-4.066997,0.0],[-44.73796,-4.066446,0.0],[-44.742319,-4.072924,0.0],[-44.747719,-4.073927,0.0],[-44.754421,-4.071766,0.0],[-44.75622,-4.079148,0.0],[-44.754812,-4.090782,0.0],[-44.758484,-4.091167,0.0],[-44.753415,-4.095384,0.0],[-44.685257,-4.082896,0.0],[-44.683718,-4.075737,0.0],[-44.629405,-4.093503,0.0],[-44.629584,-4.10248,0.0],[-44.626881,-4.106656,0.0],[-44.628836,-4.112283,0.0],[-44.63396,-4.110232,0.0],[-44.633114,-4.114583,0.0],[-44.577949,-4.092725,0.0],[-44.493198,-4.093824,0.0],[-44.493233,-4.103481,0.0],[-44.497588,-4.11075,0.0],[-44.502692,-4.110349,0.0],[-44.505113,-4.113786,0.0],[-44.512583,-4.123892,0.0],[-44.509426,-4.128676,0.0],[-44.510472,-4.136418,0.0],[-44.511373,-4.151794,0.0],[-44.521802,-4.162446,0.0],[-44.51443,-4.171992,0.0],[-44.525084,-4.175589,0.0],[-44.523509,-4.178675,0.0],[-44.519063,-4.187876,0.0],[-44.529499,-4.197361,0.0],[-44.530141,-4.201095,0.0],[-44.523964,-4.21237,0.0],[-44.510129,-4.22327,0.0],[-44.495894,-4.226492,0.0],[-44.500393,-4.236763,0.0],[-44.504391,-4.248686,0.0],[-44.512058,-4.26359,0.0],[-44.513229,-4.272597,0.0],[-44.739912,-4.28067,0.0],[-44.872745,-4.375846,0.0],[-45.078743,-4.299339,0.0],[-45.083146,-4.288584,0.0],[-45.077735,-4.259336,0.0],[-45.078404,-4.249866,0.0],[-45.063818,-4.244136,0.0],[-44.985918,-4.151441,0.0],[-45.006128,-4.114241,0.0],[-44.842047,-4.113057,0.0],[-44.840008,-4.104035,0.0],[-44.848484,-4.096759,0.0],[-44.854708,-4.090668,0.0],[-44.845486,-4.073482,0.0],[-44.831654,-4.067438,0.0],[-44.831183,-4.074005,0.0],[-44.823027,-4.07894,0.0],[-44.823294,-4.071682,0.0],[-44.811357,-4.067299,0.0],[-44.808266,-4.057764,0.0],[-44.805594,-4.039919,0.0],[-44.809033,-4.03819,0.0],[-44.803385,-4.031487,0.0],[-44.802159,-4.023216,0.0],[-44.80339,-4.003369,0.0],[-44.790907,-3.994962,0.0],[-44.78078,-3.970749,0.0],[-44.773295,-3.973728,0.0],[-44.769814,-3.971458,0.0],[-44.757821,-3.9498,0.0],[-44.744019,-3.938579,0.0],[-44.732046,-3.937104,0.0],[-44.710305,-3.931002,0.0],[-44.711251,-3.92542,0.0],[-44.712096,-3.921668,0.0],[-44.71428,-3.91655,0.0],[-44.71404,-3.91159,0.0],[-44.70898,-3.911398,0.0],[-44.700468,-3.905723,0.0],[-44.693505,-3.890222,0.0],[-44.681902,-3.890068,0.0],[-44.681814,-3.88429,0.0],[-44.678329,-3.884075,0.0],[-44.674396,-3.881911,0.0],[-44.671933,-3.881889,0.0],[-44.667786,-3.885118,0.0],[-44.662273,-3.892262,0.0],[-44.658391,-3.890133,0.0],[-44.66056,-3.884763,0.0],[-44.651865,-3.88042,0.0],[-44.648554,-3.881501,0.0],[-44.647441,-3.876559,0.0],[-44.641488,-3.86999,0.0],[-44.640753,-3.859138,0.0],[-44.641534,-3.855485,0.0],[-44.638923,-3.856359,0.0],[-44.63425,-3.854945,0.0],[-44.630107,-3.855162,0.0],[-44.624323,-3.859136,0.0]]]}},{"type":"Feature","properties":{"codigo":"2101251","nome":"Bacabeira","area_km2":542.6,"regiao":null,"bioma":"Amazônia","pop_2022":16966.0,"pop_2025":17459.0},"geometry":{"type":"Polygon","coordinates":[[[-44.320553,-3.059235,0.0],[-44.320916,-3.086971,0.0],[-44.468091,-3.040175,0.0],[-44.480961,-3.039712,0.0],[-44.488007,-3.038693,0.0],[-44.494016,-3.034993,0.0],[-44.496142,-3.026947,0.0],[-44.461676,-2.999733,0.0],[-44.454562,-2.989693,0.0],[-44.445128,-2.98227,0.0],[-44.442362,-2.981935,0.0],[-44.444492,-2.983187,0.0],[-44.442781,-2.98568,0.0],[-44.441557,-2.987258,0.0],[-44.441901,-2.990282,0.0],[-44.442038,-2.991196,0.0],[-44.441881,-2.99214,0.0],[-44.441559,-2.993767,0.0],[-44.441771,-2.995021,0.0],[-44.44164,-2.996033,0.0],[-44.441672,-2.997107,0.0],[-44.44157,-2.999307,0.0],[-44.441954,-3.00112,0.0],[-44.442144,-3.001522,0.0],[-44.44144,-2.999254,0.0],[-44.440913,-2.996837,0.0],[-44.441708,-2.994811,0.0],[-44.440977,-2.992505,0.0],[-44.440846,-2.99118,0.0],[-44.440705,-2.990535,0.0],[-44.439797,-2.985888,0.0],[-44.443984,-2.983419,0.0],[-44.442144,-2.980598,0.0],[-44.44521,-2.981635,0.0],[-44.432693,-2.95757,0.0],[-44.430115,-2.960248,0.0],[-44.429216,-2.957708,0.0],[-44.424201,-2.958472,0.0],[-44.425365,-2.961471,0.0],[-44.426034,-2.963445,0.0],[-44.421169,-2.964224,0.0],[-44.41725,-2.962902,0.0],[-44.414712,-2.965067,0.0],[-44.41308,-2.967012,0.0],[-44.408902,-2.96653,0.0],[-44.40702,-2.967106,0.0],[-44.405765,-2.969566,0.0],[-44.400133,-2.971186,0.0],[-44.399128,-2.972045,0.0],[-44.397867,-2.971309,0.0],[-44.39735,-2.97211,0.0],[-44.396997,-2.972128,0.0],[-44.395815,-2.972512,0.0],[-44.395671,-2.973328,0.0],[-44.394893,-2.97375,0.0],[-44.393638,-2.972273,0.0],[-44.395062,-2.972627,0.0],[-44.39673,-2.971397,0.0],[-44.397677,-2.971182,0.0],[-44.398667,-2.972019,0.0],[-44.401838,-2.971242,0.0],[-44.406738,-2.966953,0.0],[-44.410532,-2.967368,0.0],[-44.413355,-2.964849,0.0],[-44.416757,-2.962605,0.0],[-44.423917,-2.96142,0.0],[-44.423311,-2.959106,0.0],[-44.422704,-2.96029,0.0],[-44.423383,-2.958895,0.0],[-44.424652,-2.956555,0.0],[-44.430071,-2.955365,0.0],[-44.429364,-2.959212,0.0],[-44.432124,-2.956523,0.0],[-44.423242,-2.942032,0.0],[-44.422972,-2.9415,0.0],[-44.411565,-2.914464,0.0],[-44.405304,-2.890727,0.0],[-44.400571,-2.891985,0.0],[-44.399036,-2.895078,0.0],[-44.394447,-2.897609,0.0],[-44.390114,-2.897492,0.0],[-44.389366,-2.897765,0.0],[-44.386578,-2.899304,0.0],[-44.385373,-2.901697,0.0],[-44.366275,-2.904302,0.0],[-44.369037,-2.905488,0.0],[-44.363626,-2.90565,0.0],[-44.362676,-2.905777,0.0],[-44.362775,-2.90894,0.0],[-44.362763,-2.908698,0.0],[-44.363741,-2.904765,0.0],[-44.38284,-2.8985,0.0],[-44.38777,-2.896695,0.0],[-44.392902,-2.896329,0.0],[-44.393308,-2.896125,0.0],[-44.394242,-2.895941,0.0],[-44.397225,-2.892926,0.0],[-44.399395,-2.892297,0.0],[-44.399003,-2.889672,0.0],[-44.396652,-2.883419,0.0],[-44.403306,-2.891631,0.0],[-44.405097,-2.870502,0.0],[-44.407053,-2.825407,0.0],[-44.400796,-2.827375,0.0],[-44.40034,-2.828338,0.0],[-44.402084,-2.829488,0.0],[-44.402765,-2.831934,0.0],[-44.402106,-2.829672,0.0],[-44.399782,-2.829796,0.0],[-44.399688,-2.827859,0.0],[-44.398792,-2.831018,0.0],[-44.398596,-2.828175,0.0],[-44.3949,-2.8293,0.0],[-44.394672,-2.831458,0.0],[-44.391937,-2.832506,0.0],[-44.388751,-2.830633,0.0],[-44.390409,-2.836268,0.0],[-44.391613,-2.839439,0.0],[-44.393937,-2.838316,0.0],[-44.395131,-2.839661,0.0],[-44.395557,-2.841727,0.0],[-44.398372,-2.839787,0.0],[-44.39788,-2.841163,0.0],[-44.395988,-2.842197,0.0],[-44.395979,-2.846377,0.0],[-44.399048,-2.848661,0.0],[-44.400731,-2.848351,0.0],[-44.398697,-2.848069,0.0],[-44.400926,-2.850489,0.0],[-44.397918,-2.848789,0.0],[-44.395678,-2.846765,0.0],[-44.394317,-2.849636,0.0],[-44.393785,-2.849153,0.0],[-44.392937,-2.848694,0.0],[-44.387267,-2.849367,0.0],[-44.386173,-2.849678,0.0],[-44.383596,-2.847403,0.0],[-44.383293,-2.84625,0.0],[-44.382915,-2.845449,0.0],[-44.383387,-2.844953,0.0],[-44.379776,-2.84265,0.0],[-44.379768,-2.84434,0.0],[-44.376251,-2.846316,0.0],[-44.376309,-2.849159,0.0],[-44.376947,-2.84867,0.0],[-44.376243,-2.849538,0.0],[-44.380532,-2.853585,0.0],[-44.381111,-2.853652,0.0],[-44.386975,-2.851089,0.0],[-44.390287,-2.851157,0.0],[-44.391555,-2.853624,0.0],[-44.387817,-2.86256,0.0],[-44.390649,-2.851758,0.0],[-44.385199,-2.852739,0.0],[-44.38514,-2.854138,0.0],[-44.381354,-2.853978,0.0],[-44.377139,-2.852028,0.0],[-44.375692,-2.853407,0.0],[-44.376899,-2.852007,0.0],[-44.375539,-2.847041,0.0],[-44.375904,-2.844501,0.0],[-44.376778,-2.844658,0.0],[-44.383574,-2.842539,0.0],[-44.384634,-2.84472,0.0],[-44.38639,-2.847846,0.0],[-44.39128,-2.848476,0.0],[-44.395954,-2.844605,0.0],[-44.393868,-2.841868,0.0],[-44.393608,-2.841631,0.0],[-44.389821,-2.84007,0.0],[-44.388608,-2.838032,0.0],[-44.38878,-2.839522,0.0],[-44.385704,-2.83421,0.0],[-44.384143,-2.836876,0.0],[-44.383393,-2.836927,0.0],[-44.387417,-2.833794,0.0],[-44.387379,-2.833043,0.0],[-44.386284,-2.828681,0.0],[-44.385703,-2.828446,0.0],[-44.3867,-2.827809,0.0],[-44.387315,-2.827789,0.0],[-44.389687,-2.828421,0.0],[-44.391385,-2.827896,0.0],[-44.391698,-2.827749,0.0],[-44.395782,-2.825779,0.0],[-44.398471,-2.825806,0.0],[-44.398587,-2.825689,0.0],[-44.400962,-2.825768,0.0],[-44.400962,-2.824261,0.0],[-44.401702,-2.824072,0.0],[-44.407576,-2.822824,0.0],[-44.396694,-2.815244,0.0],[-44.387162,-2.81736,0.0],[-44.387234,-2.818614,0.0],[-44.387143,-2.817751,0.0],[-44.383045,-2.816363,0.0],[-44.369134,-2.8276,0.0],[-44.363648,-2.849019,0.0],[-44.366851,-2.868169,0.0],[-44.363277,-2.873194,0.0],[-44.352566,-2.870196,0.0],[-44.339108,-2.88419,0.0],[-44.327441,-2.887534,0.0],[-44.313398,-2.883936,0.0],[-44.300846,-2.884678,0.0],[-44.305825,-2.891462,0.0],[-44.306117,-2.89972,0.0],[-44.314746,-2.90164,0.0],[-44.320457,-2.904935,0.0],[-44.328103,-2.918108,0.0],[-44.320615,-2.930782,0.0],[-44.306269,-2.936218,0.0],[-44.302278,-2.940763,0.0],[-44.308903,-2.941378,0.0],[-44.315759,-2.941956,0.0],[-44.320258,-2.947039,0.0],[-44.323539,-2.953456,0.0],[-44.31375,-2.960008,0.0],[-44.307033,-2.965653,0.0],[-44.308885,-2.973553,0.0],[-44.313495,-2.979038,0.0],[-44.314498,-2.989057,0.0],[-44.314697,-2.995504,0.0],[-44.314489,-3.003175,0.0],[-44.316599,-3.008461,0.0],[-44.317454,-3.011794,0.0],[-44.319601,-3.023586,0.0],[-44.320165,-3.034328,0.0],[-44.321302,-3.044209,0.0],[-44.321706,-3.054624,0.0],[-44.320553,-3.059235,0.0]]]}},{"type":"Feature","properties":{"codigo":"2101350","nome":"Bacurituba","area_km2":413.33,"regiao":null,"bioma":"Amazônia","pop_2022":5252.0,"pop_2025":5375.0},"geometry":{"type":"Polygon","coordinates":[[[-44.650114,-2.804984,0.0],[-44.656241,-2.804843,0.0],[-44.669745,-2.791513,0.0],[-44.680477,-2.790378,0.0],[-44.714268,-2.790292,0.0],[-44.723446,-2.788528,0.0],[-44.71315,-2.787897,0.0],[-44.714949,-2.783346,0.0],[-44.706881,-2.777492,0.0],[-44.698623,-2.766959,0.0],[-44.701305,-2.753944,0.0],[-44.724578,-2.735841,0.0],[-44.731722,-2.72148,0.0],[-44.731254,-2.68366,0.0],[-44.71648,-2.670092,0.0],[-44.688273,-2.671521,0.0],[-44.673275,-2.678339,0.0],[-44.663636,-2.675464,0.0],[-44.64471,-2.684076,0.0],[-44.623957,-2.700222,0.0],[-44.627334,-2.709093,0.0],[-44.624683,-2.73717,0.0],[-44.64695,-2.782202,0.0],[-44.648804,-2.793692,0.0],[-44.648873,-2.80073,0.0],[-44.650114,-2.804984,0.0]]]}},{"type":"Feature","properties":{"codigo":"2101608","nome":"Barra do Corda","area_km2":5183.6,"regiao":null,"bioma":"Cerrado","pop_2022":84532.0,"pop_2025":87757.0},"geometry":{"type":"Polygon","coordinates":[[[-44.934817,-5.022021,0.0],[-44.936211,-5.027435,0.0],[-44.917362,-5.039076,0.0],[-44.913977,-5.038111,0.0],[-44.905557,-5.039107,0.0],[-44.9002,-5.0327,0.0],[-44.880574,-5.036548,0.0],[-44.869154,-5.045033,0.0],[-44.869448,-5.058409,0.0],[-44.857081,-5.062158,0.0],[-44.85711,-5.068292,0.0],[-44.863655,-5.078663,0.0],[-44.862562,-5.097777,0.0],[-44.855401,-5.109555,0.0],[-44.858449,-5.120469,0.0],[-44.854866,-5.124723,0.0],[-44.834817,-5.113174,0.0],[-44.82546,-5.117557,0.0],[-44.820033,-5.133798,0.0],[-44.763114,-5.181434,0.0],[-44.766328,-5.183597,0.0],[-44.769423,-5.191062,0.0],[-44.76781,-5.196656,0.0],[-44.768447,-5.201032,0.0],[-44.770676,-5.203353,0.0],[-44.776394,-5.201006,0.0],[-44.774772,-5.20785,0.0],[-44.771977,-5.211469,0.0],[-44.782755,-5.210703,0.0],[-44.792763,-5.214867,0.0],[-44.791346,-5.208804,0.0],[-44.799222,-5.210037,0.0],[-44.797409,-5.215354,0.0],[-44.809566,-5.219833,0.0],[-44.807051,-5.224861,0.0],[-44.811777,-5.223111,0.0],[-44.815023,-5.223896,0.0],[-44.818666,-5.228717,0.0],[-44.810534,-5.230847,0.0],[-44.81241,-5.235056,0.0],[-44.815588,-5.238974,0.0],[-44.812602,-5.242099,0.0],[-44.807505,-5.240085,0.0],[-44.806216,-5.243701,0.0],[-44.803669,-5.253056,0.0],[-44.803966,-5.258041,0.0],[-44.800327,-5.265267,0.0],[-44.803986,-5.267151,0.0],[-44.809196,-5.261354,0.0],[-44.811398,-5.257246,0.0],[-44.819786,-5.256863,0.0],[-44.815584,-5.259195,0.0],[-44.818204,-5.267121,0.0],[-44.821991,-5.270863,0.0],[-44.821501,-5.273541,0.0],[-44.825197,-5.274511,0.0],[-44.830321,-5.277714,0.0],[-44.830013,-5.282546,0.0],[-44.83753,-5.288986,0.0],[-44.838341,-5.294692,0.0],[-44.837377,-5.300408,0.0],[-44.840089,-5.298571,0.0],[-44.847738,-5.303876,0.0],[-44.852507,-5.316329,0.0],[-44.867203,-5.321598,0.0],[-44.863888,-5.330615,0.0],[-44.865653,-5.333956,0.0],[-44.866203,-5.334632,0.0],[-44.866589,-5.339727,0.0],[-44.869977,-5.343714,0.0],[-44.877802,-5.345808,0.0],[-44.880333,-5.34841,0.0],[-44.887006,-5.349933,0.0],[-44.894218,-5.359172,0.0],[-44.890826,-5.364233,0.0],[-44.891577,-5.368349,0.0],[-44.897215,-5.371108,0.0],[-44.906571,-5.36809,0.0],[-44.908796,-5.373278,0.0],[-44.912807,-5.374903,0.0],[-44.918404,-5.37163,0.0],[-44.924543,-5.383192,0.0],[-44.926053,-5.387605,0.0],[-44.924196,-5.391833,0.0],[-44.921394,-5.39572,0.0],[-44.922318,-5.400434,0.0],[-44.922265,-5.405041,0.0],[-44.923211,-5.410372,0.0],[-44.925562,-5.405157,0.0],[-44.929266,-5.412559,0.0],[-44.92967,-5.417586,0.0],[-44.928051,-5.419199,0.0],[-44.930639,-5.419516,0.0],[-44.932465,-5.423595,0.0],[-44.930782,-5.427016,0.0],[-44.936813,-5.438066,0.0],[-44.939165,-5.443784,0.0],[-44.936392,-5.44441,0.0],[-44.934085,-5.449691,0.0],[-44.939951,-5.449639,0.0],[-44.93819,-5.459927,0.0],[-44.939501,-5.460976,0.0],[-44.941619,-5.463839,0.0],[-44.942168,-5.466796,0.0],[-44.941775,-5.470785,0.0],[-44.947735,-5.480698,0.0],[-44.951614,-5.485734,0.0],[-44.952876,-5.49399,0.0],[-44.95604,-5.493767,0.0],[-44.961578,-5.501845,0.0],[-44.96539,-5.507018,0.0],[-44.960896,-5.515859,0.0],[-44.96537,-5.528819,0.0],[-44.9586,-5.540924,0.0],[-44.956939,-5.556928,0.0],[-44.956845,-5.569652,0.0],[-44.958617,-5.572869,0.0],[-44.959608,-5.581102,0.0],[-44.962564,-5.59419,0.0],[-44.965868,-5.605774,0.0],[-44.969038,-5.620851,0.0],[-44.968233,-5.626258,0.0],[-44.957379,-5.641601,0.0],[-44.941244,-5.651396,0.0],[-44.934431,-5.663738,0.0],[-44.923264,-5.680775,0.0],[-44.919136,-5.702122,0.0],[-44.921434,-5.727358,0.0],[-44.922653,-5.753398,0.0],[-44.922098,-5.76835,0.0],[-44.924154,-5.778531,0.0],[-45.089706,-5.852578,0.0],[-45.09308,-5.853064,0.0],[-45.098814,-5.85168,0.0],[-45.101237,-5.854415,0.0],[-45.106389,-5.854058,0.0],[-45.272277,-5.997083,0.0],[-45.276324,-5.994088,0.0],[-45.281905,-5.985234,0.0],[-45.29138,-5.970509,0.0],[-45.289119,-5.961203,0.0],[-45.289014,-5.957505,0.0],[-45.294193,-5.951362,0.0],[-45.298952,-5.935483,0.0],[-45.294279,-5.930276,0.0],[-45.293859,-5.924005,0.0],[-45.299835,-5.918441,0.0],[-45.375844,-5.932592,0.0],[-45.501801,-5.806165,0.0],[-45.558502,-5.717176,0.0],[-45.548976,-5.711325,0.0],[-45.552934,-5.706679,0.0],[-45.551269,-5.697822,0.0],[-45.552967,-5.692109,0.0],[-45.546438,-5.690475,0.0],[-45.53916,-5.68382,0.0],[-45.532301,-5.679858,0.0],[-45.526659,-5.676913,0.0],[-45.520159,-5.669573,0.0],[-45.522912,-5.662869,0.0],[-45.517858,-5.662052,0.0],[-45.518077,-5.658223,0.0],[-45.514442,-5.660689,0.0],[-45.508662,-5.660322,0.0],[-45.503129,-5.656719,0.0],[-45.507661,-5.651267,0.0],[-45.504188,-5.646151,0.0],[-45.498584,-5.642319,0.0],[-45.490314,-5.63661,0.0],[-45.488078,-5.632993,0.0],[-45.48308,-5.62349,0.0],[-45.480843,-5.621086,0.0],[-45.471215,-5.619991,0.0],[-45.463026,-5.620856,0.0],[-45.454463,-5.617896,0.0],[-45.445719,-5.613468,0.0],[-45.446246,-5.609471,0.0],[-45.440356,-5.60481,0.0],[-45.431774,-5.609653,0.0],[-45.427221,-5.60387,0.0],[-45.465016,-5.472304,0.0],[-45.424406,-5.445154,0.0],[-45.428616,-5.440372,0.0],[-45.438584,-5.423213,0.0],[-45.441341,-5.402542,0.0],[-45.449872,-5.391533,0.0],[-45.457187,-5.387229,0.0],[-45.451858,-5.379121,0.0],[-45.476687,-5.31833,0.0],[-45.473964,-5.285017,0.0],[-45.461644,-5.269482,0.0],[-45.447717,-5.276867,0.0],[-45.433641,-5.291515,0.0],[-45.422955,-5.285738,0.0],[-45.423725,-5.278127,0.0],[-45.406467,-5.283419,0.0],[-45.397719,-5.281988,0.0],[-45.382784,-5.283551,0.0],[-45.369931,-5.279676,0.0],[-45.362415,-5.266441,0.0],[-45.347858,-5.256627,0.0],[-45.3412,-5.253757,0.0],[-45.344828,-5.235624,0.0],[-45.353417,-5.230418,0.0],[-45.360409,-5.222377,0.0],[-45.351037,-5.211356,0.0],[-45.343099,-5.205809,0.0],[-45.334662,-5.205348,0.0],[-45.325443,-5.190754,0.0],[-45.314096,-5.163671,0.0],[-45.317123,-5.131752,0.0],[-45.330693,-5.121759,0.0],[-45.123236,-5.120931,0.0],[-45.020564,-5.205974,0.0],[-45.020546,-5.204143,0.0],[-45.017823,-5.201796,0.0],[-45.015958,-5.19596,0.0],[-45.012251,-5.194436,0.0],[-45.011022,-5.192844,0.0],[-45.008535,-5.190354,0.0],[-45.007883,-5.188396,0.0],[-45.010267,-5.180191,0.0],[-45.007881,-5.182338,0.0],[-45.004409,-5.172694,0.0],[-45.000008,-5.163039,0.0],[-44.998873,-5.160456,0.0],[-45.000462,-5.155115,0.0],[-44.997201,-5.153307,0.0],[-45.000059,-5.153353,0.0],[-44.997504,-5.149467,0.0],[-44.995314,-5.146665,0.0],[-44.992586,-5.143795,0.0],[-44.991888,-5.14074,0.0],[-44.99431,-5.137534,0.0],[-44.990148,-5.138199,0.0],[-44.992996,-5.136654,0.0],[-44.991472,-5.13211,0.0],[-44.986455,-5.131265,0.0],[-44.983912,-5.129653,0.0],[-44.981943,-5.127264,0.0],[-44.979381,-5.128592,0.0],[-44.977934,-5.131458,0.0],[-44.976984,-5.12855,0.0],[-44.975816,-5.131051,0.0],[-44.973989,-5.129552,0.0],[-44.970005,-5.129898,0.0],[-44.968536,-5.127251,0.0],[-44.968865,-5.122975,0.0],[-44.968462,-5.115522,0.0],[-44.969912,-5.112163,0.0],[-44.966728,-5.108444,0.0],[-44.964736,-5.110291,0.0],[-44.964282,-5.105615,0.0],[-44.964342,-5.102412,0.0],[-44.961145,-5.101494,0.0],[-44.966999,-5.096643,0.0],[-44.963704,-5.085841,0.0],[-44.967455,-5.082094,0.0],[-44.970468,-5.078751,0.0],[-44.965578,-5.074908,0.0],[-44.963728,-5.071503,0.0],[-44.964504,-5.068985,0.0],[-44.959788,-5.071199,0.0],[-44.957524,-5.066137,0.0],[-44.960601,-5.064835,0.0],[-44.960413,-5.060052,0.0],[-44.956885,-5.059385,0.0],[-44.955428,-5.054415,0.0],[-44.955453,-5.0516,0.0],[-44.951708,-5.048918,0.0],[-44.948171,-5.047444,0.0],[-44.945675,-5.044119,0.0],[-44.944928,-5.042035,0.0],[-44.942896,-5.039225,0.0],[-44.944857,-5.037758,0.0],[-44.949015,-5.038712,0.0],[-44.955325,-5.032683,0.0],[-44.949885,-5.02787,0.0],[-44.950915,-5.022396,0.0],[-44.946536,-5.022281,0.0],[-44.942431,-5.025729,0.0],[-44.937855,-5.023699,0.0],[-44.937181,-5.021355,0.0],[-44.934817,-5.022021,0.0]]]}},{"type":"Feature","properties":{"codigo":"2101772","nome":"Bela Vista do Maranhão","area_km2":147.84,"regiao":null,"bioma":"Amazônia","pop_2022":11175.0,"pop_2025":12104.0},"geometry":{"type":"Polygon","coordinates":[[[-45.342935,-3.68407,0.0],[-45.152525,-3.728993,0.0],[-45.146475,-3.731577,0.0],[-45.155273,-3.731056,0.0],[-45.155711,-3.736504,0.0],[-45.163052,-3.742804,0.0],[-45.169907,-3.750622,0.0],[-45.175692,-3.755503,0.0],[-45.181042,-3.757112,0.0],[-45.179339,-3.758487,0.0],[-45.178464,-3.761899,0.0],[-45.183959,-3.76981,0.0],[-45.18819,-3.777534,0.0],[-45.195821,-3.772651,0.0],[-45.2018,-3.776299,0.0],[-45.199077,-3.778668,0.0],[-45.203892,-3.784969,0.0],[-45.210017,-3.784494,0.0],[-45.21964,-3.77236,0.0],[-45.225668,-3.777003,0.0],[-45.231259,-3.781786,0.0],[-45.241321,-3.783728,0.0],[-45.247399,-3.788133,0.0],[-45.249636,-3.793153,0.0],[-45.256103,-3.798981,0.0],[-45.265581,-3.795614,0.0],[-45.27506,-3.79651,0.0],[-45.283471,-3.798547,0.0],[-45.284397,-3.802953,0.0],[-45.287994,-3.802951,0.0],[-45.299124,-3.799772,0.0],[-45.307929,-3.819244,0.0],[-45.312597,-3.824645,0.0],[-45.313329,-3.830284,0.0],[-45.317121,-3.831988,0.0],[-45.321741,-3.836107,0.0],[-45.328101,-3.841189,0.0],[-45.324767,-3.844484,0.0],[-45.328368,-3.843976,0.0],[-45.340398,-3.849119,0.0],[-45.343255,-3.844776,0.0],[-45.338227,-3.825587,0.0],[-45.333797,-3.819846,0.0],[-45.32643,-3.810767,0.0],[-45.326477,-3.793962,0.0],[-45.317922,-3.781322,0.0],[-45.324513,-3.754527,0.0],[-45.322547,-3.747531,0.0],[-45.342935,-3.68407,0.0]]]}},{"type":"Feature","properties":{"codigo":"2101939","nome":"Bernardo do Mearim","area_km2":246.99,"regiao":null,"bioma":"Cerrado","pop_2022":5584.0,"pop_2025":5989.0},"geometry":{"type":"Polygon","coordinates":[[[-44.747614,-4.566406,0.0],[-44.725266,-4.650745,0.0],[-44.664183,-4.657101,0.0],[-44.593582,-4.659178,0.0],[-44.593639,-4.66448,0.0],[-44.595037,-4.669861,0.0],[-44.587016,-4.67435,0.0],[-44.578568,-4.683379,0.0],[-44.582394,-4.680639,0.0],[-44.590949,-4.690348,0.0],[-44.589144,-4.699282,0.0],[-44.584086,-4.701149,0.0],[-44.575936,-4.708562,0.0],[-44.582348,-4.713302,0.0],[-44.585833,-4.716741,0.0],[-44.583296,-4.721229,0.0],[-44.583808,-4.725474,0.0],[-44.588436,-4.727608,0.0],[-44.586251,-4.729304,0.0],[-44.582839,-4.730911,0.0],[-44.578622,-4.737088,0.0],[-44.575454,-4.741832,0.0],[-44.569509,-4.745875,0.0],[-44.571852,-4.74981,0.0],[-44.569535,-4.76624,0.0],[-44.573967,-4.771693,0.0],[-44.576353,-4.766667,0.0],[-44.755348,-4.711329,0.0],[-44.794992,-4.593385,0.0],[-44.797051,-4.583706,0.0],[-44.801994,-4.569144,0.0],[-44.788635,-4.571204,0.0],[-44.774584,-4.570826,0.0],[-44.759796,-4.566033,0.0],[-44.75615,-4.569594,0.0],[-44.747614,-4.566406,0.0]]]}},{"type":"Feature","properties":{"codigo":"2102002","nome":"Bom Jardim","area_km2":6587.5,"regiao":null,"bioma":"Amazônia","pop_2022":33100.0,"pop_2025":33936.0},"geometry":{"type":"Polygon","coordinates":[[[-45.543226,-3.489882,0.0],[-45.544399,-3.497284,0.0],[-45.540688,-3.499506,0.0],[-45.54146,-3.503246,0.0],[-45.540483,-3.508646,0.0],[-45.536698,-3.511715,0.0],[-45.535102,-3.514849,0.0],[-45.533346,-3.517124,0.0],[-45.533329,-3.523,0.0],[-45.535221,-3.525905,0.0],[-45.530048,-3.528659,0.0],[-45.52874,-3.531799,0.0],[-45.527401,-3.532763,0.0],[-45.52427,-3.540795,0.0],[-45.520306,-3.54152,0.0],[-45.519455,-3.544587,0.0],[-45.519681,-3.54867,0.0],[-45.520092,-3.552837,0.0],[-45.523321,-3.55444,0.0],[-45.523587,-3.557178,0.0],[-45.526735,-3.561717,0.0],[-45.524367,-3.569519,0.0],[-45.521567,-3.57021,0.0],[-45.520756,-3.572259,0.0],[-45.520652,-3.574332,0.0],[-45.520474,-3.576556,0.0],[-45.518865,-3.582357,0.0],[-45.514941,-3.578636,0.0],[-45.509965,-3.57565,0.0],[-45.506755,-3.579656,0.0],[-45.504755,-3.584142,0.0],[-45.504338,-3.588052,0.0],[-45.502324,-3.592508,0.0],[-45.495618,-3.600404,0.0],[-45.493058,-3.605831,0.0],[-45.488069,-3.609754,0.0],[-45.484746,-3.608313,0.0],[-45.481818,-3.610175,0.0],[-45.476153,-3.60772,0.0],[-45.468842,-3.604086,0.0],[-45.467341,-3.59632,0.0],[-45.464858,-3.593562,0.0],[-45.462867,-3.591939,0.0],[-45.458168,-3.593189,0.0],[-45.443538,-3.595262,0.0],[-45.43782,-3.587054,0.0],[-45.429295,-3.583595,0.0],[-45.415725,-3.577291,0.0],[-45.399062,-3.584326,0.0],[-45.400296,-3.591279,0.0],[-45.398616,-3.596408,0.0],[-45.40826,-3.601003,0.0],[-45.404342,-3.601791,0.0],[-45.398726,-3.610735,0.0],[-45.40467,-3.607315,0.0],[-45.416165,-3.61308,0.0],[-45.41917,-3.6234,0.0],[-45.42896,-3.624844,0.0],[-45.434182,-3.618048,0.0],[-45.440267,-3.621063,0.0],[-45.448404,-3.62928,0.0],[-45.456986,-3.632512,0.0],[-45.463733,-3.637805,0.0],[-45.460735,-3.646458,0.0],[-45.466537,-3.647462,0.0],[-45.461555,-3.654268,0.0],[-45.47392,-3.663755,0.0],[-45.481062,-3.669127,0.0],[-45.477578,-3.670646,0.0],[-45.473152,-3.677846,0.0],[-45.481251,-3.683008,0.0],[-45.492945,-3.687419,0.0],[-45.49522,-3.694685,0.0],[-45.49957,-3.697869,0.0],[-45.504261,-3.691431,0.0],[-45.504882,-3.685069,0.0],[-45.505666,-3.678631,0.0],[-45.510637,-3.674042,0.0],[-45.507462,-3.66959,0.0],[-45.512987,-3.671969,0.0],[-45.520579,-3.668723,0.0],[-45.52198,-3.660298,0.0],[-45.534183,-3.658869,0.0],[-45.545223,-3.65844,0.0],[-45.551561,-3.658437,0.0],[-45.556442,-3.66204,0.0],[-45.564044,-3.664837,0.0],[-45.567987,-3.669135,0.0],[-45.573949,-3.67112,0.0],[-45.579529,-3.674926,0.0],[-45.586589,-3.680296,0.0],[-45.592823,-3.680081,0.0],[-45.598777,-3.680552,0.0],[-45.608027,-3.681433,0.0],[-45.619177,-3.676403,0.0],[-45.616622,-3.669237,0.0],[-45.622498,-3.667731,0.0],[-45.618116,-3.661495,0.0],[-45.617365,-3.655543,0.0],[-45.621841,-3.654118,0.0],[-45.618391,-3.651213,0.0],[-45.622121,-3.64576,0.0],[-45.626098,-3.635548,0.0],[-45.63208,-3.63164,0.0],[-45.638586,-3.626145,0.0],[-45.643115,-3.621725,0.0],[-45.648179,-3.626538,0.0],[-45.661702,-3.626473,0.0],[-45.65974,-3.629906,0.0],[-45.669687,-3.63293,0.0],[-45.67419,-3.633715,0.0],[-45.688042,-3.638424,0.0],[-45.693097,-3.63363,0.0],[-45.703173,-3.638022,0.0],[-45.704043,-3.641245,0.0],[-45.720056,-3.636186,0.0],[-45.735152,-3.636127,0.0],[-45.743709,-3.6432,0.0],[-45.744397,-3.64081,0.0],[-45.75389,-3.644364,0.0],[-45.766007,-3.645039,0.0],[-45.76643,-3.642452,0.0],[-45.777472,-3.641196,0.0],[-45.783004,-3.641779,0.0],[-45.794527,-3.636363,0.0],[-45.803372,-3.637857,0.0],[-45.813509,-3.636318,0.0],[-45.825189,-3.641341,0.0],[-45.83473,-3.649484,0.0],[-45.834428,-3.657736,0.0],[-45.842795,-3.663907,0.0],[-45.843614,-3.658872,0.0],[-45.85476,-3.659891,0.0],[-45.860996,-3.661559,0.0],[-45.864589,-3.661513,0.0],[-45.881924,-3.658235,0.0],[-45.889125,-3.662106,0.0],[-45.891898,-3.663319,0.0],[-45.89801,-3.673835,0.0],[-45.902809,-3.676904,0.0],[-45.903091,-3.68038,0.0],[-45.912428,-3.690437,0.0],[-45.918252,-3.691215,0.0],[-45.922461,-3.692198,0.0],[-45.925321,-3.692125,0.0],[-45.939259,-3.70029,0.0],[-45.93787,-3.704912,0.0],[-45.942695,-3.705004,0.0],[-45.947783,-3.70533,0.0],[-45.954638,-3.698316,0.0],[-45.960704,-3.70009,0.0],[-45.970456,-3.695683,0.0],[-45.971827,-3.690765,0.0],[-45.977981,-3.684038,0.0],[-45.98968,-3.684689,0.0],[-45.995177,-3.684756,0.0],[-45.993997,-3.690546,0.0],[-46.001525,-3.693783,0.0],[-46.006307,-3.700607,0.0],[-46.011498,-3.702058,0.0],[-46.014999,-3.707044,0.0],[-46.020077,-3.706883,0.0],[-46.01897,-3.70502,0.0],[-46.026441,-3.701108,0.0],[-46.034414,-3.702415,0.0],[-46.045551,-3.702237,0.0],[-46.049837,-3.701174,0.0],[-46.055531,-3.701744,0.0],[-46.06105,-3.706621,0.0],[-46.068835,-3.716902,0.0],[-46.072501,-3.714472,0.0],[-46.0793,-3.714318,0.0],[-46.083833,-3.715881,0.0],[-46.086363,-3.720831,0.0],[-46.093033,-3.720003,0.0],[-46.103859,-3.720252,0.0],[-46.103606,-3.730347,0.0],[-46.105141,-3.728855,0.0],[-46.110778,-3.736725,0.0],[-46.119237,-3.738349,0.0],[-46.12339,-3.746846,0.0],[-46.13186,-3.755865,0.0],[-46.136326,-3.756765,0.0],[-46.13897,-3.764242,0.0],[-46.144608,-3.767168,0.0],[-46.149779,-3.769456,0.0],[-46.155413,-3.773879,0.0],[-46.157698,-3.777975,0.0],[-46.166272,-3.786538,0.0],[-46.163332,-3.791081,0.0],[-46.167747,-3.802598,0.0],[-46.169245,-3.805228,0.0],[-46.170972,-3.812225,0.0],[-46.172494,-3.813133,0.0],[-46.178133,-3.814843,0.0],[-46.180415,-3.824263,0.0],[-46.182079,-3.831499,0.0],[-46.181884,-3.835084,0.0],[-46.18164,-3.839113,0.0],[-46.182776,-3.844976,0.0],[-46.189169,-3.846744,0.0],[-46.19514,-3.85636,0.0],[-46.195671,-3.861213,0.0],[-46.197273,-3.87009,0.0],[-46.201387,-3.872305,0.0],[-46.203202,-3.887771,0.0],[-46.204639,-3.910957,0.0],[-46.205307,-3.922498,0.0],[-46.20828,-3.931011,0.0],[-46.214486,-3.934237,0.0],[-46.221883,-3.937921,0.0],[-46.233748,-3.947038,0.0],[-46.251606,-3.951601,0.0],[-46.250774,-3.956853,0.0],[-46.254608,-3.958962,0.0],[-46.258274,-3.965778,0.0],[-46.259001,-3.971701,0.0],[-46.261806,-3.977812,0.0],[-46.269294,-3.989658,0.0],[-46.273614,-3.99305,0.0],[-46.279916,-4.007794,0.0],[-46.302429,-4.026889,0.0],[-46.319721,-4.04043,0.0],[-46.335818,-4.046397,0.0],[-46.350794,-4.057976,0.0],[-46.374493,-4.0786,0.0],[-46.38141,-4.095081,0.0],[-46.400873,-4.112741,0.0],[-46.426731,-4.127604,0.0],[-46.438509,-4.138369,0.0],[-46.44312,-4.157589,0.0],[-46.45988,-4.174337,0.0],[-46.479053,-4.192087,0.0],[-46.48002,-4.200201,0.0],[-46.483797,-4.201787,0.0],[-46.487119,-4.201889,0.0],[-46.491921,-4.204825,0.0],[-46.495505,-4.208241,0.0],[-46.495269,-4.212969,0.0],[-46.498622,-4.214757,0.0],[-46.502214,-4.21896,0.0],[-46.505079,-4.219053,0.0],[-46.508266,-4.222315,0.0],[-46.510544,-4.22506,0.0],[-46.515927,-4.227569,0.0],[-46.517372,-4.228298,0.0],[-46.520856,-4.231637,0.0],[-46.523453,-4.230296,0.0],[-46.526972,-4.236245,0.0],[-46.531542,-4.23949,0.0],[-46.533698,-4.244573,0.0],[-46.532946,-4.250589,0.0],[-46.535303,-4.258864,0.0],[-46.537455,-4.266147,0.0],[-46.542822,-4.270976,0.0],[-46.547423,-4.273322,0.0],[-46.550467,-4.275327,0.0],[-46.555572,-4.272193,0.0],[-46.559019,-4.272887,0.0],[-46.567349,-4.283312,0.0],[-46.569624,-4.285347,0.0],[-46.572293,-4.286817,0.0],[-46.5752,-4.291888,0.0],[-46.580029,-4.293451,0.0],[-46.584166,-4.295957,0.0],[-46.589025,-4.298276,0.0],[-46.58999,-4.302567,0.0],[-46.592068,-4.302574,0.0],[-46.590508,-4.305082,0.0],[-46.594714,-4.309161,0.0],[-46.60076,-4.314296,0.0],[-46.607299,-4.316843,0.0],[-46.613884,-4.319525,0.0],[-46.619724,-4.322044,0.0],[-46.624261,-4.326592,0.0],[-46.629867,-4.330381,0.0],[-46.638862,-4.334269,0.0],[-46.646914,-4.338134,0.0],[-46.652631,-4.34088,0.0],[-46.655517,-4.33963,0.0],[-46.662691,-4.340977,0.0],[-46.665229,-4.341876,0.0],[-46.668155,-4.34173,0.0],[-46.673485,-4.343586,0.0],[-46.678052,-4.341771,0.0],[-46.681054,-4.347451,0.0],[-46.682601,-4.351804,0.0],[-46.687139,-4.354936,0.0],[-46.688199,-4.355803,0.0],[-46.699293,-4.355695,0.0],[-46.705673,-4.36266,0.0],[-46.708744,-4.366041,0.0],[-46.71417,-4.368305,0.0],[-46.718696,-4.370947,0.0],[-46.721188,-4.374859,0.0],[-46.727845,-4.375681,0.0],[-46.729633,-4.372383,0.0],[-46.732836,-4.374021,0.0],[-46.731081,-4.377327,0.0],[-46.736499,-4.378606,0.0],[-46.738925,-4.382945,0.0],[-46.742783,-4.383158,0.0],[-46.7464,-4.380415,0.0],[-46.747481,-4.378547,0.0],[-46.751579,-4.376404,0.0],[-46.75798,-4.377332,0.0],[-46.767765,-4.372183,0.0],[-46.773163,-4.37254,0.0],[-46.780152,-4.375632,0.0],[-46.786906,-4.376288,0.0],[-46.795213,-4.374751,0.0],[-46.800389,-4.373723,0.0],[-46.806052,-4.376741,0.0],[-46.813657,-4.375711,0.0],[-46.815842,-4.378751,0.0],[-46.820556,-4.376667,0.0],[-46.822722,-4.377228,0.0],[-46.828801,-4.380916,0.0],[-46.836069,-4.38393,0.0],[-46.839772,-4.386699,0.0],[-46.841873,-4.390534,0.0],[-46.843079,-4.394553,0.0],[-46.849265,-4.395399,0.0],[-46.856179,-4.409067,0.0],[-46.85752,-4.41653,0.0],[-46.862043,-4.41891,0.0],[-46.865162,-4.423596,0.0],[-46.869589,-4.428083,0.0],[-46.873082,-4.428513,0.0],[-46.874906,-4.432573,0.0],[-46.876763,-4.429215,0.0],[-46.881418,-4.427062,0.0],[-46.88582,-4.426953,0.0],[-46.8923,-4.428082,0.0],[-46.896583,-4.43031,0.0],[-46.901162,-4.431296,0.0],[-46.910652,-4.433726,0.0],[-46.915783,-4.438904,0.0],[-46.923354,-4.439963,0.0],[-46.931127,-4.441939,0.0],[-46.935593,-4.440563,0.0],[-46.936513,-4.432871,0.0],[-46.942011,-4.433403,0.0],[-46.946866,-4.433985,0.0],[-46.951303,-4.432654,0.0],[-46.955875,-4.431364,0.0],[-46.96525,-4.425265,0.0],[-46.984759,-4.4246,0.0],[-46.989706,-4.423184,0.0],[-46.995417,-4.426314,0.0],[-46.99984,-4.427401,0.0],[-47.006177,-4.422328,0.0],[-47.013502,-4.420053,0.0],[-47.01591,-4.414641,0.0],[-47.020494,-4.411638,0.0],[-47.028373,-4.398533,0.0],[-47.037246,-4.386571,0.0],[-47.042316,-4.380986,0.0],[-47.042817,-4.374697,0.0],[-47.047112,-4.372927,0.0],[-47.048948,-4.371924,0.0],[-47.053838,-4.367505,0.0],[-47.059881,-4.366231,0.0],[-47.060455,-4.361041,0.0],[-47.061093,-4.357606,0.0],[-47.062742,-4.353313,0.0],[-47.062658,-4.344812,0.0],[-47.067053,-4.342409,0.0],[-47.068508,-4.337964,0.0],[-47.069907,-4.333389,0.0],[-47.073041,-4.3237,0.0],[-47.076458,-4.320988,0.0],[-47.079297,-4.320279,0.0],[-47.082246,-4.312663,0.0],[-47.085102,-4.310436,0.0],[-47.087156,-4.306074,0.0],[-47.087611,-4.301778,0.0],[-47.085903,-4.299471,0.0],[-47.08398,-4.296247,0.0],[-47.081844,-4.293339,0.0],[-47.083342,-4.284352,0.0],[-47.077856,-4.279029,0.0],[-47.071771,-4.267807,0.0],[-47.068835,-4.252083,0.0],[-47.029686,-4.220461,0.0],[-47.025438,-4.213798,0.0],[-47.015897,-4.204318,0.0],[-47.005876,-4.1873,0.0],[-46.97228,-4.122774,0.0],[-46.964381,-4.112722,0.0],[-46.963413,-4.094472,0.0],[-46.948485,-4.080655,0.0],[-46.914951,-4.086988,0.0],[-46.900317,-4.076096,0.0],[-46.894504,-4.055237,0.0],[-46.890299,-4.045369,0.0],[-46.875639,-4.035118,0.0],[-46.864243,-4.034856,0.0],[-46.83102,-4.028262,0.0],[-46.824501,-4.015392,0.0],[-46.820696,-4.001882,0.0],[-46.804837,-3.998739,0.0],[-46.797009,-3.992801,0.0],[-46.780243,-3.986777,0.0],[-46.761087,-3.975633,0.0],[-46.761044,-3.954857,0.0],[-46.75687,-3.919439,0.0],[-46.757386,-3.905053,0.0],[-46.738785,-3.896035,0.0],[-46.709463,-3.877989,0.0],[-46.703819,-3.87877,0.0],[-46.696669,-3.878025,0.0],[-46.696533,-3.858549,0.0],[-46.696414,-3.846204,0.0],[-46.693427,-3.829461,0.0],[-46.711705,-3.821577,0.0],[-46.725977,-3.811978,0.0],[-46.729348,-3.806024,0.0],[-46.732813,-3.799906,0.0],[-46.735121,-3.791138,0.0],[-46.738649,-3.785125,0.0],[-46.737452,-3.776308,0.0],[-46.72721,-3.767159,0.0],[-46.711508,-3.744118,0.0],[-46.705355,-3.727258,0.0],[-46.701763,-3.712609,0.0],[-46.684551,-3.702511,0.0],[-46.659789,-3.696147,0.0],[-46.646661,-3.706352,0.0],[-46.641243,-3.705041,0.0],[-46.631764,-3.702797,0.0],[-46.627214,-3.699129,0.0],[-46.621212,-3.69537,0.0],[-46.616929,-3.679208,0.0],[-46.614993,-3.677705,0.0],[-46.607007,-3.675569,0.0],[-46.600192,-3.66832,0.0],[-46.590953,-3.663125,0.0],[-46.583499,-3.659103,0.0],[-46.578655,-3.654224,0.0],[-46.576213,-3.651687,0.0],[-46.572592,-3.648825,0.0],[-46.57024,-3.650797,0.0],[-46.563755,-3.644658,0.0],[-46.563323,-3.637854,0.0],[-46.560467,-3.640155,0.0],[-46.553481,-3.635821,0.0],[-46.548175,-3.631157,0.0],[-46.54507,-3.635344,0.0],[-46.542208,-3.633216,0.0],[-46.539591,-3.626743,0.0],[-46.530675,-3.625449,0.0],[-46.530683,-3.630532,0.0],[-46.522614,-3.632348,0.0],[-46.513101,-3.626052,0.0],[-46.511583,-3.623594,0.0],[-46.505443,-3.622375,0.0],[-46.504174,-3.618031,0.0],[-46.502834,-3.62,0.0],[-46.500574,-3.61891,0.0],[-46.49417,-3.617932,0.0],[-46.486411,-3.614056,0.0],[-46.488554,-3.609814,0.0],[-46.477914,-3.606508,0.0],[-46.474386,-3.609761,0.0],[-46.46917,-3.608219,0.0],[-46.473803,-3.595292,0.0],[-46.46567,-3.590473,0.0],[-46.460856,-3.594639,0.0],[-46.449944,-3.585081,0.0],[-46.451752,-3.576631,0.0],[-46.43491,-3.577144,0.0],[-46.437629,-3.579669,0.0],[-46.434427,-3.585513,0.0],[-46.437013,-3.591255,0.0],[-46.432269,-3.588265,0.0],[-46.428015,-3.586147,0.0],[-46.424465,-3.576863,0.0],[-46.422205,-3.581459,0.0],[-46.421462,-3.586425,0.0],[-46.417303,-3.591884,0.0],[-46.403034,-3.591628,0.0],[-46.406312,-3.583908,0.0],[-46.403691,-3.570432,0.0],[-46.398832,-3.572412,0.0],[-46.394918,-3.571904,0.0],[-46.396162,-3.579124,0.0],[-46.387976,-3.581465,0.0],[-46.384003,-3.580356,0.0],[-46.380729,-3.580775,0.0],[-46.376305,-3.572404,0.0],[-46.36485,-3.570775,0.0],[-46.368873,-3.567262,0.0],[-46.369289,-3.557089,0.0],[-46.366851,-3.554539,0.0],[-46.359893,-3.556956,0.0],[-46.357189,-3.560539,0.0],[-46.358904,-3.566523,0.0],[-46.355716,-3.564717,0.0],[-46.351449,-3.562123,0.0],[-46.354023,-3.555426,0.0],[-46.341671,-3.552354,0.0],[-46.336595,-3.551894,0.0],[-46.33223,-3.544416,0.0],[-46.326009,-3.550203,0.0],[-46.323584,-3.546555,0.0],[-46.327404,-3.53847,0.0],[-46.323003,-3.541836,0.0],[-46.313997,-3.545225,0.0],[-46.30701,-3.543532,0.0],[-46.306806,-3.541482,0.0],[-46.296772,-3.539939,0.0],[-46.300319,-3.545946,0.0],[-46.300401,-3.555093,0.0],[-46.30256,-3.558707,0.0],[-46.298406,-3.559217,0.0],[-46.29837,-3.55751,0.0],[-46.294701,-3.554054,0.0],[-46.291495,-3.550116,0.0],[-46.285828,-3.549699,0.0],[-46.281772,-3.551308,0.0],[-46.278502,-3.555703,0.0],[-46.27995,-3.560813,0.0],[-46.273439,-3.560587,0.0],[-46.270014,-3.555845,0.0],[-46.257457,-3.557588,0.0],[-46.259487,-3.566011,0.0],[-46.254904,-3.57327,0.0],[-46.247485,-3.575022,0.0],[-46.240692,-3.575604,0.0],[-46.245198,-3.577445,0.0],[-46.246121,-3.579678,0.0],[-46.242881,-3.584913,0.0],[-46.236007,-3.586182,0.0],[-46.228206,-3.588413,0.0],[-46.219298,-3.584484,0.0],[-46.213525,-3.58255,0.0],[-46.211307,-3.592158,0.0],[-46.202519,-3.592544,0.0],[-46.203914,-3.588372,0.0],[-46.194379,-3.579587,0.0],[-46.189038,-3.573127,0.0],[-46.181917,-3.578237,0.0],[-46.175025,-3.579777,0.0],[-46.169535,-3.579253,0.0],[-46.163528,-3.579472,0.0],[-46.156441,-3.588463,0.0],[-46.149449,-3.588,0.0],[-46.146313,-3.587297,0.0],[-46.140388,-3.59066,0.0],[-46.138364,-3.599613,0.0],[-46.137095,-3.602995,0.0],[-46.135932,-3.601898,0.0],[-46.13006,-3.60632,0.0],[-46.122939,-3.603618,0.0],[-46.120713,-3.598073,0.0],[-46.1117,-3.60533,0.0],[-46.109821,-3.602014,0.0],[-46.103666,-3.593896,0.0],[-46.10824,-3.591316,0.0],[-46.113488,-3.591221,0.0],[-46.115742,-3.589361,0.0],[-46.114708,-3.585494,0.0],[-46.117714,-3.580545,0.0],[-46.11985,-3.580045,0.0],[-46.119598,-3.577122,0.0],[-46.120907,-3.573059,0.0],[-46.123751,-3.570537,0.0],[-46.128318,-3.562703,0.0],[-46.12603,-3.560878,0.0],[-46.126836,-3.55595,0.0],[-46.1233,-3.551059,0.0],[-46.121583,-3.548265,0.0],[-46.122393,-3.541076,0.0],[-46.122844,-3.538848,0.0],[-46.122151,-3.53687,0.0],[-46.11954,-3.530234,0.0],[-46.119,-3.526934,0.0],[-46.118382,-3.522605,0.0],[-46.113112,-3.518018,0.0],[-46.109661,-3.521805,0.0],[-46.103781,-3.517931,0.0],[-46.105188,-3.510511,0.0],[-46.108794,-3.500982,0.0],[-46.107636,-3.486614,0.0],[-45.923653,-3.485737,0.0],[-45.687544,-3.487298,0.0],[-45.543226,-3.489882,0.0]]]}},{"type":"Feature","properties":{"codigo":"2102036","nome":"Bom Jesus das Selvas","area_km2":2677.2,"regiao":null,"bioma":"Amazônia","pop_2022":2859.0,"pop_2025":29606.0},"geometry":{"type":"Polygon","coordinates":[[[-46.464982,-4.850967,0.0],[-46.926093,-4.845607,0.0],[-46.925871,-4.841917,0.0],[-46.925488,-4.839441,0.0],[-46.923483,-4.837991,0.0],[-46.920262,-4.829565,0.0],[-46.920894,-4.823209,0.0],[-46.920763,-4.817688,0.0],[-46.918409,-4.815988,0.0],[-46.920539,-4.813715,0.0],[-46.91928,-4.806721,0.0],[-46.921278,-4.80195,0.0],[-46.923703,-4.797644,0.0],[-46.92459,-4.794201,0.0],[-46.928135,-4.785808,0.0],[-46.927387,-4.777339,0.0],[-46.92509,-4.768113,0.0],[-46.927051,-4.764766,0.0],[-46.933308,-4.761698,0.0],[-46.933155,-4.756554,0.0],[-46.936423,-4.744762,0.0],[-46.939508,-4.738606,0.0],[-46.935454,-4.724876,0.0],[-46.934602,-4.722454,0.0],[-46.932007,-4.719255,0.0],[-46.933869,-4.713737,0.0],[-46.933714,-4.704854,0.0],[-46.933907,-4.69536,0.0],[-46.933611,-4.692974,0.0],[-46.932683,-4.692428,0.0],[-46.927688,-4.692385,0.0],[-46.926635,-4.687031,0.0],[-46.927316,-4.680846,0.0],[-46.930067,-4.678401,0.0],[-46.934104,-4.671502,0.0],[-46.935661,-4.664292,0.0],[-46.937876,-4.657385,0.0],[-46.936463,-4.653504,0.0],[-46.935533,-4.648939,0.0],[-46.939043,-4.645406,0.0],[-46.940596,-4.644,0.0],[-46.938983,-4.639013,0.0],[-46.940909,-4.636499,0.0],[-46.942363,-4.633129,0.0],[-46.941073,-4.629067,0.0],[-46.941314,-4.626519,0.0],[-46.942491,-4.623145,0.0],[-46.945205,-4.61763,0.0],[-46.934211,-4.606484,0.0],[-46.935534,-4.604266,0.0],[-46.935829,-4.600711,0.0],[-46.937319,-4.598608,0.0],[-46.939264,-4.594051,0.0],[-46.939273,-4.591345,0.0],[-46.936611,-4.582386,0.0],[-46.932739,-4.57955,0.0],[-46.928088,-4.574649,0.0],[-46.929267,-4.571888,0.0],[-46.924578,-4.563947,0.0],[-46.921454,-4.559089,0.0],[-46.919071,-4.554755,0.0],[-46.915891,-4.550913,0.0],[-46.915705,-4.547228,0.0],[-46.912261,-4.542918,0.0],[-46.908923,-4.540695,0.0],[-46.908386,-4.536613,0.0],[-46.904353,-4.529607,0.0],[-46.902862,-4.527148,0.0],[-46.899847,-4.5182,0.0],[-46.89769,-4.516359,0.0],[-46.897901,-4.510896,0.0],[-46.902407,-4.509765,0.0],[-46.903722,-4.508065,0.0],[-46.901944,-4.496743,0.0],[-46.899241,-4.49386,0.0],[-46.897306,-4.492133,0.0],[-46.898189,-4.486456,0.0],[-46.891967,-4.482754,0.0],[-46.890807,-4.479614,0.0],[-46.884061,-4.475416,0.0],[-46.876979,-4.473768,0.0],[-46.873406,-4.472178,0.0],[-46.871589,-4.470431,0.0],[-46.868632,-4.469294,0.0],[-46.866003,-4.463304,0.0],[-46.858418,-4.456444,0.0],[-46.859806,-4.451896,0.0],[-46.860075,-4.443249,0.0],[-46.859215,-4.44002,0.0],[-46.857646,-4.436688,0.0],[-46.854804,-4.428534,0.0],[-46.850703,-4.42719,0.0],[-46.84777,-4.423998,0.0],[-46.848037,-4.419179,0.0],[-46.844745,-4.41678,0.0],[-46.843048,-4.41283,0.0],[-46.841876,-4.408446,0.0],[-46.841737,-4.402465,0.0],[-46.838892,-4.398826,0.0],[-46.841873,-4.390534,0.0],[-46.839772,-4.386699,0.0],[-46.836069,-4.38393,0.0],[-46.83191,-4.383527,0.0],[-46.818011,-4.378686,0.0],[-46.815146,-4.37659,0.0],[-46.806052,-4.376741,0.0],[-46.800143,-4.373729,0.0],[-46.795213,-4.374751,0.0],[-46.786906,-4.376288,0.0],[-46.780152,-4.375632,0.0],[-46.773163,-4.37254,0.0],[-46.767765,-4.372183,0.0],[-46.75798,-4.377332,0.0],[-46.751579,-4.376404,0.0],[-46.747481,-4.378547,0.0],[-46.7464,-4.380415,0.0],[-46.742783,-4.383158,0.0],[-46.738925,-4.382945,0.0],[-46.736499,-4.378606,0.0],[-46.731081,-4.377327,0.0],[-46.732836,-4.374021,0.0],[-46.729633,-4.372383,0.0],[-46.727845,-4.375681,0.0],[-46.721188,-4.374859,0.0],[-46.718696,-4.370947,0.0],[-46.71417,-4.368305,0.0],[-46.708744,-4.366041,0.0],[-46.705673,-4.36266,0.0],[-46.699293,-4.355695,0.0],[-46.688199,-4.355803,0.0],[-46.687139,-4.354936,0.0],[-46.682601,-4.351804,0.0],[-46.681054,-4.347451,0.0],[-46.678052,-4.341771,0.0],[-46.673485,-4.343586,0.0],[-46.668155,-4.34173,0.0],[-46.665229,-4.341876,0.0],[-46.662691,-4.340977,0.0],[-46.655517,-4.33963,0.0],[-46.652631,-4.34088,0.0],[-46.646914,-4.338134,0.0],[-46.638862,-4.334269,0.0],[-46.629867,-4.330381,0.0],[-46.624261,-4.326592,0.0],[-46.619724,-4.322044,0.0],[-46.613884,-4.319525,0.0],[-46.607299,-4.316843,0.0],[-46.60076,-4.314296,0.0],[-46.594714,-4.309161,0.0],[-46.590508,-4.305082,0.0],[-46.592068,-4.302574,0.0],[-46.58999,-4.302567,0.0],[-46.589025,-4.298276,0.0],[-46.584166,-4.295957,0.0],[-46.580029,-4.293451,0.0],[-46.5752,-4.291888,0.0],[-46.572293,-4.286817,0.0],[-46.569624,-4.285347,0.0],[-46.567349,-4.283312,0.0],[-46.559019,-4.272887,0.0],[-46.555572,-4.272193,0.0],[-46.550467,-4.275327,0.0],[-46.547423,-4.273322,0.0],[-46.542822,-4.270976,0.0],[-46.537455,-4.266147,0.0],[-46.535303,-4.258864,0.0],[-46.532946,-4.250589,0.0],[-46.533698,-4.244573,0.0],[-46.531542,-4.23949,0.0],[-46.526972,-4.236245,0.0],[-46.523453,-4.230296,0.0],[-46.520856,-4.231637,0.0],[-46.517372,-4.228298,0.0],[-46.515927,-4.227569,0.0],[-46.510544,-4.22506,0.0],[-46.508266,-4.222315,0.0],[-46.505079,-4.219053,0.0],[-46.502214,-4.21896,0.0],[-46.498622,-4.214757,0.0],[-46.495269,-4.212969,0.0],[-46.495505,-4.208241,0.0],[-46.491921,-4.204825,0.0],[-46.487119,-4.201889,0.0],[-46.483797,-4.201787,0.0],[-46.48002,-4.200201,0.0],[-46.477016,-4.203986,0.0],[-46.480256,-4.211279,0.0],[-46.477609,-4.217087,0.0],[-46.478381,-4.231281,0.0],[-46.485358,-4.247585,0.0],[-46.480665,-4.258807,0.0],[-46.475348,-4.27701,0.0],[-46.48234,-4.282159,0.0],[-46.489325,-4.283963,0.0],[-46.493224,-4.295134,0.0],[-46.493286,-4.303216,0.0],[-46.48838,-4.30789,0.0],[-46.490328,-4.325189,0.0],[-46.497981,-4.34059,0.0],[-46.494037,-4.354981,0.0],[-46.500631,-4.372947,0.0],[-46.5055,-4.378669,0.0],[-46.501202,-4.392351,0.0],[-46.501694,-4.40867,0.0],[-46.492825,-4.417861,0.0],[-46.494774,-4.428644,0.0],[-46.500581,-4.439501,0.0],[-46.506848,-4.444518,0.0],[-46.50031,-4.450919,0.0],[-46.495079,-4.468195,0.0],[-46.491217,-4.478301,0.0],[-46.498099,-4.495718,0.0],[-46.493448,-4.507729,0.0],[-46.491596,-4.52854,0.0],[-46.480999,-4.547775,0.0],[-46.481895,-4.552898,0.0],[-46.495817,-4.55965,0.0],[-46.492302,-4.574943,0.0],[-46.49132,-4.587558,0.0],[-46.489112,-4.597612,0.0],[-46.489707,-4.62043,0.0],[-46.479602,-4.641567,0.0],[-46.476047,-4.65161,0.0],[-46.492159,-4.667168,0.0],[-46.490813,-4.681622,0.0],[-46.487617,-4.688169,0.0],[-46.480889,-4.692428,0.0],[-46.486063,-4.718893,0.0],[-46.478222,-4.726736,0.0],[-46.473562,-4.734571,0.0],[-46.467187,-4.74278,0.0],[-46.466264,-4.753921,0.0],[-46.461729,-4.763537,0.0],[-46.471451,-4.777418,0.0],[-46.479691,-4.784553,0.0],[-46.482831,-4.797033,0.0],[-46.484352,-4.808766,0.0],[-46.474229,-4.820477,0.0],[-46.470606,-4.832315,0.0],[-46.463844,-4.841671,0.0],[-46.461907,-4.84448,0.0],[-46.464982,-4.850967,0.0]]]}},{"type":"Feature","properties":{"codigo":"2102077","nome":"Bom Lugar","area_km2":444.82,"regiao":null,"bioma":"Amazônia","pop_2022":12212.0,"pop_2025":12371.0},"geometry":{"type":"Polygon","coordinates":[[[-44.873286,-4.384279,0.0],[-45.035013,-4.480662,0.0],[-45.046046,-4.480482,0.0],[-45.056627,-4.465068,0.0],[-45.060996,-4.455664,0.0],[-45.079422,-4.45221,0.0],[-45.084265,-4.455085,0.0],[-45.088995,-4.450253,0.0],[-45.090071,-4.432648,0.0],[-45.101581,-4.421253,0.0],[-45.111728,-4.418337,0.0],[-45.13041,-4.411254,0.0],[-45.132536,-4.403267,0.0],[-45.131603,-4.390332,0.0],[-45.123232,-4.37382,0.0],[-45.125952,-4.369505,0.0],[-45.123438,-4.361304,0.0],[-45.121342,-4.351413,0.0],[-45.11747,-4.342193,0.0],[-45.105404,-4.326846,0.0],[-45.105918,-4.316257,0.0],[-45.107074,-4.307388,0.0],[-45.109036,-4.30103,0.0],[-45.110887,-4.290785,0.0],[-45.101255,-4.283167,0.0],[-45.09453,-4.277269,0.0],[-45.089715,-4.266918,0.0],[-45.086806,-4.258136,0.0],[-45.09105,-4.252333,0.0],[-45.097008,-4.244667,0.0],[-45.095289,-4.229528,0.0],[-45.086944,-4.222421,0.0],[-45.084573,-4.219798,0.0],[-45.087135,-4.205609,0.0],[-45.087037,-4.202916,0.0],[-45.077266,-4.198689,0.0],[-45.069114,-4.195768,0.0],[-45.0643,-4.193953,0.0],[-45.058055,-4.193536,0.0],[-45.053765,-4.189815,0.0],[-45.044372,-4.18504,0.0],[-45.042131,-4.181555,0.0],[-45.040416,-4.179975,0.0],[-45.033698,-4.181136,0.0],[-45.035458,-4.175703,0.0],[-45.035413,-4.171106,0.0],[-45.03684,-4.167482,0.0],[-45.034124,-4.167253,0.0],[-45.029977,-4.161166,0.0],[-45.025545,-4.156289,0.0],[-45.026497,-4.151459,0.0],[-45.027116,-4.147883,0.0],[-45.022492,-4.141245,0.0],[-45.017629,-4.136876,0.0],[-45.012054,-4.128751,0.0],[-45.008385,-4.130559,0.0],[-45.004,-4.131113,0.0],[-45.00681,-4.125593,0.0],[-45.014296,-4.117648,0.0],[-45.013582,-4.114167,0.0],[-45.002448,-4.116648,0.0],[-44.962591,-4.171816,0.0],[-45.070199,-4.245887,0.0],[-45.079145,-4.256279,0.0],[-45.077663,-4.272407,0.0],[-45.080851,-4.296973,0.0],[-45.021108,-4.314315,0.0],[-44.872745,-4.375846,0.0],[-44.873286,-4.384279,0.0]]]}},{"type":"Feature","properties":{"codigo":"2102150","nome":"Brejo de Areia","area_km2":985.38,"regiao":null,"bioma":"Amazônia","pop_2022":9218.0,"pop_2025":9363.0},"geometry":{"type":"Polygon","coordinates":[[[-45.594973,-4.195969,0.0],[-45.591963,-4.206506,0.0],[-45.595162,-4.221252,0.0],[-45.60087,-4.226538,0.0],[-45.604007,-4.223323,0.0],[-45.61036,-4.227662,0.0],[-45.619268,-4.234497,0.0],[-45.613368,-4.237664,0.0],[-45.611536,-4.241611,0.0],[-45.618639,-4.240444,0.0],[-45.624223,-4.249053,0.0],[-45.621032,-4.258454,0.0],[-45.62422,-4.266597,0.0],[-45.622117,-4.272386,0.0],[-45.615975,-4.280107,0.0],[-45.609353,-4.284509,0.0],[-45.60124,-4.28565,0.0],[-45.595447,-4.284252,0.0],[-45.588772,-4.280985,0.0],[-45.583026,-4.284501,0.0],[-45.57949,-4.284015,0.0],[-45.576679,-4.282121,0.0],[-45.57392,-4.281575,0.0],[-45.570583,-4.281834,0.0],[-45.552778,-4.282523,0.0],[-45.530426,-4.279708,0.0],[-45.518808,-4.270171,0.0],[-45.518024,-4.272469,0.0],[-45.517241,-4.274851,0.0],[-45.51719,-4.281528,0.0],[-45.511766,-4.285783,0.0],[-45.501448,-4.286835,0.0],[-45.491202,-4.279887,0.0],[-45.467741,-4.276454,0.0],[-45.457274,-4.281115,0.0],[-45.453037,-4.277323,0.0],[-45.438153,-4.264805,0.0],[-45.427734,-4.251591,0.0],[-45.426022,-4.265344,0.0],[-45.448204,-4.291548,0.0],[-45.447691,-4.307541,0.0],[-45.418711,-4.326959,0.0],[-45.42486,-4.330673,0.0],[-45.433265,-4.336426,0.0],[-45.434783,-4.333667,0.0],[-45.438061,-4.332268,0.0],[-45.446186,-4.336288,0.0],[-45.44984,-4.345065,0.0],[-45.454033,-4.346856,0.0],[-45.461456,-4.343565,0.0],[-45.469678,-4.34681,0.0],[-45.476314,-4.354025,0.0],[-45.476031,-4.361464,0.0],[-45.478744,-4.367525,0.0],[-45.485751,-4.370427,0.0],[-45.495131,-4.383328,0.0],[-45.502385,-4.382541,0.0],[-45.504197,-4.39026,0.0],[-45.490106,-4.411225,0.0],[-45.422825,-4.417098,0.0],[-45.452424,-4.43859,0.0],[-45.588377,-4.469815,0.0],[-45.591629,-4.523248,0.0],[-45.593755,-4.531876,0.0],[-45.637926,-4.485938,0.0],[-45.712238,-4.553195,0.0],[-45.724212,-4.543378,0.0],[-45.741974,-4.535337,0.0],[-45.746929,-4.531747,0.0],[-45.760587,-4.528683,0.0],[-45.758036,-4.517513,0.0],[-45.762712,-4.513949,0.0],[-45.770248,-4.513088,0.0],[-45.775899,-4.506892,0.0],[-45.779852,-4.49378,0.0],[-45.786417,-4.48598,0.0],[-45.789056,-4.473029,0.0],[-45.789506,-4.459069,0.0],[-45.789979,-4.453377,0.0],[-45.793743,-4.44589,0.0],[-45.799159,-4.437943,0.0],[-45.80352,-4.433444,0.0],[-45.806137,-4.429907,0.0],[-45.811667,-4.425937,0.0],[-45.820427,-4.42553,0.0],[-45.826361,-4.421835,0.0],[-45.82453,-4.415782,0.0],[-45.821339,-4.413448,0.0],[-45.816412,-4.407636,0.0],[-45.817482,-4.390696,0.0],[-45.806207,-4.38357,0.0],[-45.803768,-4.379034,0.0],[-45.803987,-4.37013,0.0],[-45.798159,-4.362546,0.0],[-45.798843,-4.353151,0.0],[-45.801284,-4.345659,0.0],[-45.796137,-4.342868,0.0],[-45.791229,-4.336347,0.0],[-45.793221,-4.321925,0.0],[-45.79553,-4.311553,0.0],[-45.796086,-4.302382,0.0],[-45.797028,-4.297284,0.0],[-45.801127,-4.294483,0.0],[-45.798315,-4.288291,0.0],[-45.800953,-4.281597,0.0],[-45.792846,-4.263888,0.0],[-45.786881,-4.254401,0.0],[-45.782421,-4.25032,0.0],[-45.77892,-4.248698,0.0],[-45.769147,-4.245421,0.0],[-45.761045,-4.246009,0.0],[-45.756402,-4.241356,0.0],[-45.748839,-4.240153,0.0],[-45.738362,-4.238463,0.0],[-45.672093,-4.209242,0.0],[-45.664474,-4.198817,0.0],[-45.65884,-4.197635,0.0],[-45.651631,-4.189797,0.0],[-45.647057,-4.185003,0.0],[-45.641535,-4.185743,0.0],[-45.639464,-4.192527,0.0],[-45.638724,-4.196656,0.0],[-45.630331,-4.19419,0.0],[-45.620745,-4.192875,0.0],[-45.61164,-4.193241,0.0],[-45.603284,-4.197925,0.0],[-45.594973,-4.195969,0.0]]]}},{"type":"Feature","properties":{"codigo":"2102325","nome":"Buriticupu","area_km2":2544.2,"regiao":null,"bioma":"Amazônia","pop_2022":55499.0,"pop_2025":56733.0},"geometry":{"type":"Polygon","coordinates":[[[-46.279202,-4.297669,0.0],[-46.240938,-4.373777,0.0],[-46.225987,-4.385617,0.0],[-46.225311,-4.396737,0.0],[-46.229971,-4.402583,0.0],[-46.229844,-4.422295,0.0],[-46.232929,-4.445331,0.0],[-46.203081,-4.471643,0.0],[-46.159105,-4.560496,0.0],[-46.178051,-4.600263,0.0],[-46.228043,-4.623489,0.0],[-46.22111,-4.665877,0.0],[-46.201789,-4.752489,0.0],[-46.131983,-4.790203,0.0],[-46.13066,-4.798208,0.0],[-46.119156,-4.798496,0.0],[-46.110455,-4.80952,0.0],[-46.104093,-4.813882,0.0],[-46.102678,-4.831985,0.0],[-46.094827,-4.84,0.0],[-46.089384,-4.850322,0.0],[-46.464982,-4.850967,0.0],[-46.462302,-4.842396,0.0],[-46.472264,-4.842311,0.0],[-46.475131,-4.826623,0.0],[-46.480772,-4.81821,0.0],[-46.484352,-4.808766,0.0],[-46.482831,-4.797033,0.0],[-46.479691,-4.784553,0.0],[-46.471451,-4.777418,0.0],[-46.461729,-4.763537,0.0],[-46.466264,-4.753921,0.0],[-46.467187,-4.74278,0.0],[-46.472279,-4.735863,0.0],[-46.4861,-4.722667,0.0],[-46.479836,-4.709177,0.0],[-46.484506,-4.691613,0.0],[-46.488494,-4.683717,0.0],[-46.492967,-4.673119,0.0],[-46.490717,-4.665545,0.0],[-46.476047,-4.65161,0.0],[-46.479602,-4.641567,0.0],[-46.489707,-4.62043,0.0],[-46.489112,-4.597612,0.0],[-46.49132,-4.587558,0.0],[-46.492302,-4.574943,0.0],[-46.495817,-4.55965,0.0],[-46.481895,-4.552898,0.0],[-46.480999,-4.547775,0.0],[-46.491596,-4.52854,0.0],[-46.493448,-4.507729,0.0],[-46.498099,-4.495718,0.0],[-46.491217,-4.478301,0.0],[-46.495079,-4.468195,0.0],[-46.50031,-4.450919,0.0],[-46.506848,-4.444518,0.0],[-46.500581,-4.439501,0.0],[-46.494774,-4.428644,0.0],[-46.492825,-4.417861,0.0],[-46.501694,-4.40867,0.0],[-46.501202,-4.392351,0.0],[-46.5055,-4.378669,0.0],[-46.500631,-4.372947,0.0],[-46.494037,-4.354981,0.0],[-46.497981,-4.34059,0.0],[-46.490328,-4.325189,0.0],[-46.48838,-4.30789,0.0],[-46.493286,-4.303216,0.0],[-46.493224,-4.295134,0.0],[-46.489325,-4.283963,0.0],[-46.48234,-4.282159,0.0],[-46.475348,-4.27701,0.0],[-46.480665,-4.258807,0.0],[-46.485358,-4.247585,0.0],[-46.478381,-4.231281,0.0],[-46.477609,-4.217087,0.0],[-46.480256,-4.211279,0.0],[-46.477016,-4.203986,0.0],[-46.477033,-4.190415,0.0],[-46.45988,-4.174337,0.0],[-46.441096,-4.153324,0.0],[-46.433329,-4.130278,0.0],[-46.423331,-4.124686,0.0],[-46.385307,-4.101643,0.0],[-46.378985,-4.087175,0.0],[-46.362219,-4.065532,0.0],[-46.34217,-4.050078,0.0],[-46.327992,-4.044253,0.0],[-46.306959,-4.028512,0.0],[-46.295683,-4.02196,0.0],[-46.273828,-3.997993,0.0],[-46.273614,-3.99305,0.0],[-46.269121,-3.989587,0.0],[-46.262313,-3.988895,0.0],[-46.256022,-3.992291,0.0],[-46.248621,-3.988277,0.0],[-46.244667,-3.99253,0.0],[-46.243606,-4.001841,0.0],[-46.224933,-4.011808,0.0],[-46.221313,-4.019473,0.0],[-46.217687,-4.025242,0.0],[-46.213869,-4.036608,0.0],[-46.213438,-4.044013,0.0],[-46.224749,-4.070125,0.0],[-46.229347,-4.078477,0.0],[-46.232991,-4.087033,0.0],[-46.245572,-4.099566,0.0],[-46.250914,-4.10696,0.0],[-46.257215,-4.119334,0.0],[-46.261942,-4.123725,0.0],[-46.261201,-4.127957,0.0],[-46.266511,-4.135726,0.0],[-46.272309,-4.152363,0.0],[-46.275146,-4.163854,0.0],[-46.281502,-4.168041,0.0],[-46.283182,-4.177759,0.0],[-46.287851,-4.208998,0.0],[-46.28292,-4.225311,0.0],[-46.292067,-4.233311,0.0],[-46.299393,-4.24766,0.0],[-46.295219,-4.270181,0.0],[-46.292007,-4.278817,0.0],[-46.286755,-4.285478,0.0],[-46.283097,-4.288343,0.0],[-46.279202,-4.297669,0.0]]]}},{"type":"Feature","properties":{"codigo":"2102358","nome":"Buritirana","area_km2":821.37,"regiao":null,"bioma":"Cerrado","pop_2022":12918.0,"pop_2025":13125.0},"geometry":{"type":"Polygon","coordinates":[[[-46.905889,-5.355006,0.0],[-46.90583,-5.367305,0.0],[-46.90519,-5.372543,0.0],[-46.903657,-5.377205,0.0],[-46.89897,-5.386727,0.0],[-46.901366,-5.399092,0.0],[-46.899519,-5.40209,0.0],[-46.901381,-5.415857,0.0],[-46.907342,-5.417624,0.0],[-46.910052,-5.419708,0.0],[-46.909216,-5.423981,0.0],[-46.910281,-5.431188,0.0],[-46.916474,-5.431958,0.0],[-46.918809,-5.441466,0.0],[-46.92521,-5.448466,0.0],[-46.919806,-5.451744,0.0],[-46.924183,-5.453165,0.0],[-46.924793,-5.450991,0.0],[-46.930604,-5.454853,0.0],[-46.927667,-5.467226,0.0],[-46.926604,-5.473668,0.0],[-46.930962,-5.482234,0.0],[-46.936117,-5.485363,0.0],[-46.930727,-5.492127,0.0],[-46.932063,-5.499772,0.0],[-46.937421,-5.50596,0.0],[-46.940981,-5.510467,0.0],[-46.946198,-5.511735,0.0],[-46.94723,-5.521292,0.0],[-46.946449,-5.52871,0.0],[-46.948143,-5.545448,0.0],[-46.946203,-5.553215,0.0],[-46.952338,-5.560038,0.0],[-46.951064,-5.564734,0.0],[-46.949785,-5.571338,0.0],[-46.953559,-5.577204,0.0],[-46.95084,-5.582511,0.0],[-46.956308,-5.586604,0.0],[-46.951452,-5.588967,0.0],[-46.943281,-5.600897,0.0],[-46.947205,-5.610217,0.0],[-46.939868,-5.613994,0.0],[-46.946043,-5.614595,0.0],[-46.944478,-5.619971,0.0],[-46.954589,-5.630246,0.0],[-46.967104,-5.636876,0.0],[-47.085326,-5.670918,0.0],[-47.085861,-5.671058,0.0],[-47.106687,-5.655061,0.0],[-47.111806,-5.644317,0.0],[-47.107568,-5.625801,0.0],[-47.111322,-5.615831,0.0],[-47.107759,-5.612555,0.0],[-47.099297,-5.608011,0.0],[-47.09957,-5.603156,0.0],[-47.085021,-5.598234,0.0],[-47.094997,-5.592962,0.0],[-47.099581,-5.586351,0.0],[-47.095606,-5.57554,0.0],[-47.104867,-5.562971,0.0],[-47.111246,-5.559933,0.0],[-47.110988,-5.553837,0.0],[-47.103263,-5.548467,0.0],[-47.105614,-5.54291,0.0],[-47.107952,-5.535991,0.0],[-47.110478,-5.532373,0.0],[-47.107577,-5.526987,0.0],[-47.103014,-5.523097,0.0],[-47.098541,-5.508992,0.0],[-47.102152,-5.50162,0.0],[-47.101,-5.496346,0.0],[-47.112032,-5.493058,0.0],[-47.120006,-5.491549,0.0],[-47.124323,-5.490238,0.0],[-47.126542,-5.480458,0.0],[-47.126446,-5.474202,0.0],[-47.124747,-5.463622,0.0],[-47.133848,-5.454559,0.0],[-47.131864,-5.445585,0.0],[-47.12057,-5.437492,0.0],[-47.124598,-5.4327,0.0],[-47.037955,-5.398462,0.0],[-47.033203,-5.39442,0.0],[-47.028349,-5.39432,0.0],[-47.018557,-5.386409,0.0],[-46.99617,-5.379117,0.0],[-46.967178,-5.366974,0.0],[-46.954226,-5.364465,0.0],[-46.94538,-5.363044,0.0],[-46.935535,-5.356463,0.0],[-46.919286,-5.352861,0.0],[-46.907047,-5.356844,0.0],[-46.905889,-5.355006,0.0]]]}},{"type":"Feature","properties":{"codigo":"2102408","nome":"Cajapió","area_km2":544.84,"regiao":null,"bioma":"Amazônia","pop_2022":10121.0,"pop_2025":10336.0},"geometry":{"type":"Polygon","coordinates":[[[-44.650114,-2.804984,0.0],[-44.651012,-2.810855,0.0],[-44.640865,-2.830097,0.0],[-44.634575,-2.84891,0.0],[-44.638997,-2.8683,0.0],[-44.655379,-2.89163,0.0],[-44.655249,-2.886777,0.0],[-44.660157,-2.890079,0.0],[-44.670241,-2.887299,0.0],[-44.677668,-2.890277,0.0],[-44.681518,-2.885683,0.0],[-44.686823,-2.887626,0.0],[-44.69291,-2.888343,0.0],[-44.715706,-2.888282,0.0],[-44.725769,-2.886347,0.0],[-44.735461,-2.884825,0.0],[-44.738597,-2.875182,0.0],[-44.747046,-2.882527,0.0],[-44.762433,-2.888355,0.0],[-44.782045,-2.895889,0.0],[-44.791554,-2.889266,0.0],[-44.788687,-2.869749,0.0],[-44.785043,-2.878868,0.0],[-44.781759,-2.874415,0.0],[-44.775974,-2.873337,0.0],[-44.769884,-2.868203,0.0],[-44.767409,-2.866909,0.0],[-44.764219,-2.863462,0.0],[-44.75784,-2.859966,0.0],[-44.754517,-2.852408,0.0],[-44.7494,-2.844089,0.0],[-44.749521,-2.837447,0.0],[-44.751486,-2.832121,0.0],[-44.748061,-2.828575,0.0],[-44.742776,-2.826658,0.0],[-44.738493,-2.820099,0.0],[-44.73797,-2.814785,0.0],[-44.733717,-2.807478,0.0],[-44.730234,-2.800755,0.0],[-44.726023,-2.791627,0.0],[-44.722335,-2.790662,0.0],[-44.691446,-2.795387,0.0],[-44.672707,-2.790619,0.0],[-44.663353,-2.796251,0.0],[-44.65249,-2.802408,0.0],[-44.650114,-2.804984,0.0]]]}},{"type":"Feature","properties":{"codigo":"2102507","nome":"Cajari","area_km2":661.53,"regiao":null,"bioma":"Amazônia","pop_2022":16412.0,"pop_2025":16.8},"geometry":{"type":"Polygon","coordinates":[[[-44.939272,-3.287164,0.0],[-44.930991,-3.292286,0.0],[-44.933076,-3.299087,0.0],[-44.923195,-3.307886,0.0],[-44.915112,-3.308248,0.0],[-44.89638,-3.301618,0.0],[-44.896795,-3.295828,0.0],[-44.890543,-3.293429,0.0],[-44.883764,-3.280765,0.0],[-44.89038,-3.276933,0.0],[-44.886493,-3.276986,0.0],[-44.872692,-3.284314,0.0],[-44.874173,-3.293617,0.0],[-44.875189,-3.302873,0.0],[-44.863712,-3.346361,0.0],[-44.892177,-3.351922,0.0],[-44.893729,-3.374458,0.0],[-44.887086,-3.376446,0.0],[-44.878805,-3.379798,0.0],[-44.899077,-3.400764,0.0],[-44.902026,-3.418851,0.0],[-44.900216,-3.424786,0.0],[-44.926191,-3.440096,0.0],[-44.925245,-3.450346,0.0],[-44.928766,-3.455704,0.0],[-44.92943,-3.462214,0.0],[-44.940189,-3.461737,0.0],[-44.96332,-3.443834,0.0],[-44.973599,-3.428427,0.0],[-45.002915,-3.430073,0.0],[-45.011412,-3.429884,0.0],[-45.012464,-3.458111,0.0],[-45.024495,-3.460898,0.0],[-45.030797,-3.470978,0.0],[-45.034427,-3.483557,0.0],[-45.044357,-3.489894,0.0],[-45.04579,-3.495944,0.0],[-45.041399,-3.500666,0.0],[-45.015524,-3.535709,0.0],[-45.038199,-3.571192,0.0],[-45.05808,-3.572297,0.0],[-45.065167,-3.571008,0.0],[-45.077501,-3.56705,0.0],[-45.083637,-3.564757,0.0],[-45.090845,-3.563993,0.0],[-45.099549,-3.558944,0.0],[-45.112596,-3.562924,0.0],[-45.124346,-3.563274,0.0],[-45.123038,-3.557133,0.0],[-45.122546,-3.542851,0.0],[-45.118451,-3.528489,0.0],[-45.123851,-3.525611,0.0],[-45.124507,-3.513167,0.0],[-45.129741,-3.508618,0.0],[-45.117465,-3.494497,0.0],[-45.103223,-3.48237,0.0],[-45.105937,-3.475343,0.0],[-45.100242,-3.473285,0.0],[-45.094157,-3.470508,0.0],[-45.097744,-3.460394,0.0],[-45.093182,-3.462804,0.0],[-45.090796,-3.469101,0.0],[-45.086297,-3.459191,0.0],[-45.088799,-3.453374,0.0],[-45.084626,-3.451233,0.0],[-45.081517,-3.45931,0.0],[-45.073892,-3.451339,0.0],[-45.078349,-3.444253,0.0],[-45.084967,-3.437814,0.0],[-45.081139,-3.434612,0.0],[-45.078396,-3.428639,0.0],[-45.082113,-3.422244,0.0],[-45.271705,-3.392452,0.0],[-45.262276,-3.379969,0.0],[-45.261109,-3.363266,0.0],[-45.258235,-3.347282,0.0],[-45.255811,-3.336865,0.0],[-45.243628,-3.321721,0.0],[-45.231119,-3.330793,0.0],[-45.221156,-3.330415,0.0],[-45.200115,-3.329882,0.0],[-45.187154,-3.332581,0.0],[-45.1505,-3.332225,0.0],[-45.129958,-3.326522,0.0],[-45.117836,-3.313902,0.0],[-45.105922,-3.301084,0.0],[-45.090103,-3.280252,0.0],[-45.082917,-3.269639,0.0],[-45.067002,-3.260124,0.0],[-45.019327,-3.279203,0.0],[-45.023883,-3.283849,0.0],[-45.01905,-3.291327,0.0],[-45.017988,-3.293899,0.0],[-45.018206,-3.298849,0.0],[-45.020658,-3.308511,0.0],[-45.022689,-3.312851,0.0],[-45.019828,-3.31481,0.0],[-45.01396,-3.319591,0.0],[-45.009862,-3.319773,0.0],[-45.002828,-3.325736,0.0],[-44.99349,-3.335117,0.0],[-44.970214,-3.330069,0.0],[-44.951463,-3.340233,0.0],[-44.950213,-3.33463,0.0],[-44.944967,-3.336303,0.0],[-44.935686,-3.328262,0.0],[-44.937352,-3.325007,0.0],[-44.941938,-3.325192,0.0],[-44.946376,-3.313478,0.0],[-44.941466,-3.316996,0.0],[-44.939324,-3.310462,0.0],[-44.944186,-3.295986,0.0],[-44.945817,-3.290561,0.0],[-44.941968,-3.285991,0.0],[-44.939272,-3.287164,0.0]]]}},{"type":"Feature","properties":{"codigo":"2102754","nome":"Capinzal do Norte","area_km2":589.89,"regiao":null,"bioma":"Cerrado","pop_2022":11374.0,"pop_2025":11681.0},"geometry":{"type":"Polygon","coordinates":[[[-44.347002,-4.811848,0.0],[-44.349321,-4.799348,0.0],[-44.350094,-4.79281,0.0],[-44.354311,-4.782751,0.0],[-44.362901,-4.773789,0.0],[-44.36875,-4.767437,0.0],[-44.377214,-4.761359,0.0],[-44.382171,-4.761089,0.0],[-44.390404,-4.754916,0.0],[-44.398077,-4.749057,0.0],[-44.406103,-4.744401,0.0],[-44.409075,-4.739015,0.0],[-44.412884,-4.731357,0.0],[-44.415189,-4.725987,0.0],[-44.418639,-4.720533,0.0],[-44.433028,-4.712998,0.0],[-44.436217,-4.710264,0.0],[-44.441466,-4.703856,0.0],[-44.450391,-4.697231,0.0],[-44.402398,-4.65986,0.0],[-44.407002,-4.654388,0.0],[-44.4077,-4.642419,0.0],[-44.412376,-4.630535,0.0],[-44.413186,-4.623284,0.0],[-44.415187,-4.61656,0.0],[-44.407316,-4.611754,0.0],[-44.399266,-4.606058,0.0],[-44.394846,-4.60405,0.0],[-44.392662,-4.60883,0.0],[-44.38746,-4.606065,0.0],[-44.386127,-4.593683,0.0],[-44.380825,-4.583053,0.0],[-44.37227,-4.580353,0.0],[-44.372096,-4.588149,0.0],[-44.369319,-4.599395,0.0],[-44.361629,-4.610997,0.0],[-44.361955,-4.619326,0.0],[-44.362544,-4.63174,0.0],[-44.35674,-4.635114,0.0],[-44.366516,-4.639,0.0],[-44.364364,-4.645796,0.0],[-44.361247,-4.652025,0.0],[-44.34039,-4.661628,0.0],[-44.327389,-4.662573,0.0],[-44.323686,-4.668194,0.0],[-44.324507,-4.678148,0.0],[-44.321782,-4.683962,0.0],[-44.34164,-4.70452,0.0],[-44.331803,-4.726458,0.0],[-44.330151,-4.732416,0.0],[-44.328608,-4.740236,0.0],[-44.32556,-4.746336,0.0],[-44.327453,-4.757038,0.0],[-44.335406,-4.763135,0.0],[-44.338093,-4.76802,0.0],[-44.337858,-4.775844,0.0],[-44.345582,-4.781643,0.0],[-44.342857,-4.803454,0.0],[-44.346931,-4.809489,0.0],[-44.347002,-4.811848,0.0]]]}},{"type":"Feature","properties":{"codigo":"2103174","nome":"Centro Novo do Maranhão","area_km2":8400.5,"regiao":null,"bioma":"Amazônia","pop_2022":16267.0,"pop_2025":16.477},"geometry":{"type":"MultiPolygon","coordinates":[[[[-46.905599,-4.083203,0.0],[-46.914951,-4.086988,0.0],[-46.924296,-4.087464,0.0],[-46.927103,-4.086647,0.0],[-46.924988,-4.084917,0.0],[-46.908426,-4.083124,0.0],[-46.904482,-4.081701,0.0],[-46.905599,-4.083203,0.0]]],[[[-46.894504,-4.055237,0.0],[-46.901083,-4.077126,0.0],[-46.900058,-4.062284,0.0],[-46.894504,-4.055237,0.0]]],[[[-46.875928,-4.035262,0.0],[-46.880547,-4.036182,0.0],[-46.878583,-4.034975,0.0],[-46.875928,-4.035262,0.0]]],[[[-46.723887,-3.887353,0.0],[-46.753827,-3.901598,0.0],[-46.757947,-3.911444,0.0],[-46.758014,-3.943943,0.0],[-46.758064,-3.967382,0.0],[-46.776952,-3.981991,0.0],[-46.794736,-3.990209,0.0],[-46.80075,-3.993455,0.0],[-46.811468,-4.000806,0.0],[-46.819772,-3.998009,0.0],[-46.808494,-3.991029,0.0],[-46.799117,-3.991337,0.0],[-46.786468,-3.984818,0.0],[-46.77032,-3.973369,0.0],[-46.765535,-3.954948,0.0],[-46.762227,-3.925851,0.0],[-46.759139,-3.91226,0.0],[-46.761806,-3.905855,0.0],[-46.755712,-3.896238,0.0],[-46.748783,-3.889218,0.0],[-46.73449,-3.889128,0.0],[-46.723887,-3.887353,0.0]]],[[[-46.709463,-3.877989,0.0],[-46.723353,-3.887014,0.0],[-46.722622,-3.882752,0.0],[-46.720042,-3.879455,0.0],[-46.714464,-3.877672,0.0],[-46.711601,-3.875166,0.0],[-46.707224,-3.875317,0.0],[-46.709463,-3.877989,0.0]]],[[[-46.726767,-3.810332,0.0],[-46.728639,-3.808719,0.0],[-46.729348,-3.806024,0.0],[-46.726892,-3.807135,0.0],[-46.726767,-3.810332,0.0]]],[[[-46.735127,-3.793953,0.0],[-46.733754,-3.797649,0.0],[-46.737931,-3.789049,0.0],[-46.735121,-3.791138,0.0],[-46.735127,-3.793953,0.0]]],[[[-46.737331,-3.781293,0.0],[-46.739475,-3.778156,0.0],[-46.736604,-3.77209,0.0],[-46.726813,-3.758891,0.0],[-46.718935,-3.749755,0.0],[-46.711767,-3.737567,0.0],[-46.705355,-3.727258,0.0],[-46.711508,-3.744118,0.0],[-46.72721,-3.767159,0.0],[-46.737452,-3.776308,0.0],[-46.737331,-3.781293,0.0]]],[[[-46.696351,-3.704938,0.0],[-46.699415,-3.708794,0.0],[-46.701609,-3.706651,0.0],[-46.701428,-3.705324,0.0],[-46.697258,-3.701318,0.0],[-46.696351,-3.704938,0.0]]],[[[-46.679371,-3.663437,0.0],[-46.692614,-3.675716,0.0],[-46.692709,-3.672765,0.0],[-46.69106,-3.66961,0.0],[-46.679371,-3.663437,0.0]]],[[[-46.419238,-3.27113,0.0],[-46.412988,-3.271282,0.0],[-46.406959,-3.275957,0.0],[-46.394425,-3.283082,0.0],[-46.398527,-3.346599,0.0],[-46.431235,-3.437395,0.0],[-46.475665,-3.486268,0.0],[-46.503406,-3.50277,0.0],[-46.547715,-3.543045,0.0],[-46.579854,-3.579146,0.0],[-46.61897,-3.60507,0.0],[-46.670654,-3.655518,0.0],[-46.667251,-3.642625,0.0],[-46.661906,-3.633545,0.0],[-46.661823,-3.619866,0.0],[-46.673318,-3.610902,0.0],[-46.67767,-3.589722,0.0],[-46.679544,-3.585903,0.0],[-46.676281,-3.578874,0.0],[-46.670089,-3.572388,0.0],[-46.657695,-3.566142,0.0],[-46.653306,-3.562082,0.0],[-46.646332,-3.555797,0.0],[-46.641002,-3.558391,0.0],[-46.632625,-3.561421,0.0],[-46.625943,-3.553154,0.0],[-46.613721,-3.55109,0.0],[-46.600874,-3.544006,0.0],[-46.594701,-3.555143,0.0],[-46.587603,-3.557758,0.0],[-46.580771,-3.559212,0.0],[-46.573604,-3.556269,0.0],[-46.567103,-3.556495,0.0],[-46.563268,-3.549144,0.0],[-46.562666,-3.538056,0.0],[-46.557861,-3.529261,0.0],[-46.562097,-3.525088,0.0],[-46.561887,-3.513483,0.0],[-46.556002,-3.50247,0.0],[-46.545209,-3.49166,0.0],[-46.541807,-3.486042,0.0],[-46.529487,-3.475778,0.0],[-46.511895,-3.479945,0.0],[-46.503725,-3.483952,0.0],[-46.491892,-3.48219,0.0],[-46.48868,-3.474845,0.0],[-46.499491,-3.464754,0.0],[-46.509026,-3.457079,0.0],[-46.508631,-3.448465,0.0],[-46.504141,-3.439762,0.0],[-46.504686,-3.430561,0.0],[-46.494115,-3.426601,0.0],[-46.496566,-3.42252,0.0],[-46.510686,-3.419855,0.0],[-46.52076,-3.408654,0.0],[-46.52828,-3.405675,0.0],[-46.526407,-3.393261,0.0],[-46.527968,-3.384681,0.0],[-46.520589,-3.380213,0.0],[-46.517052,-3.383952,0.0],[-46.511165,-3.383329,0.0],[-46.501489,-3.384539,0.0],[-46.501165,-3.375033,0.0],[-46.494579,-3.374717,0.0],[-46.48729,-3.367818,0.0],[-46.486563,-3.353108,0.0],[-46.488382,-3.346501,0.0],[-46.491291,-3.34328,0.0],[-46.490201,-3.340181,0.0],[-46.48647,-3.32938,0.0],[-46.477467,-3.327527,0.0],[-46.463959,-3.321984,0.0],[-46.448865,-3.318505,0.0],[-46.442158,-3.307424,0.0],[-46.439537,-3.305633,0.0],[-46.43322,-3.300258,0.0],[-46.430096,-3.292643,0.0],[-46.428868,-3.28741,0.0],[-46.426807,-3.278278,0.0],[-46.424848,-3.273638,0.0],[-46.422517,-3.266423,0.0],[-46.420375,-3.266857,0.0],[-46.419238,-3.27113,0.0]]]]}},{"type":"Feature","properties":{"codigo":"2103505","nome":"Colinas","area_km2":1977.5,"regiao":"Colinas","bioma":"Cerrado","pop_2022":40316.0,"pop_2025":41788.0},"geometry":{"type":"MultiPolygon","coordinates":[[[[-44.597904,-5.828463,0.0],[-44.595728,-5.828655,0.0],[-44.595647,-5.828653,0.0],[-44.597071,-5.828754,0.0],[-44.597904,-5.828463,0.0]]],[[[-44.585271,-5.828238,0.0],[-44.587894,-5.828532,0.0],[-44.588495,-5.828389,0.0],[-44.585271,-5.828238,0.0]]]]}},{"type":"Feature","properties":{"codigo":"2103554","nome":"Conceição do Lago-Açu","area_km2":725.08,"regiao":null,"bioma":"Amazônia","pop_2022":14915.0,"pop_2025":152780.0},"geometry":{"type":"Polygon","coordinates":[[[-44.817512,-3.678234,0.0],[-44.807711,-3.688535,0.0],[-44.812374,-3.694549,0.0],[-44.804826,-3.705498,0.0],[-44.793909,-3.700904,0.0],[-44.799098,-3.695295,0.0],[-44.79324,-3.690727,0.0],[-44.792095,-3.700439,0.0],[-44.78124,-3.704648,0.0],[-44.77774,-3.700185,0.0],[-44.777158,-3.691919,0.0],[-44.775236,-3.677658,0.0],[-44.764127,-3.676055,0.0],[-44.754822,-3.676734,0.0],[-44.752792,-3.683892,0.0],[-44.750241,-3.689419,0.0],[-44.737014,-3.693076,0.0],[-44.733855,-3.692241,0.0],[-44.73066,-3.698126,0.0],[-44.742321,-3.697918,0.0],[-44.743099,-3.705271,0.0],[-44.738658,-3.709877,0.0],[-44.742821,-3.709448,0.0],[-44.746764,-3.712735,0.0],[-44.749549,-3.718559,0.0],[-44.750237,-3.720825,0.0],[-44.751824,-3.730101,0.0],[-44.745687,-3.728886,0.0],[-44.741571,-3.722968,0.0],[-44.739462,-3.729401,0.0],[-44.738903,-3.732661,0.0],[-44.726736,-3.724617,0.0],[-44.72293,-3.727863,0.0],[-44.726516,-3.729249,0.0],[-44.719544,-3.734656,0.0],[-44.711849,-3.739511,0.0],[-44.709101,-3.743135,0.0],[-44.713068,-3.744426,0.0],[-44.70871,-3.749398,0.0],[-44.702181,-3.756355,0.0],[-44.699408,-3.766589,0.0],[-44.696516,-3.769309,0.0],[-44.693264,-3.768834,0.0],[-44.689791,-3.770997,0.0],[-44.68774,-3.76826,0.0],[-44.680263,-3.765316,0.0],[-44.679405,-3.773118,0.0],[-44.674602,-3.776903,0.0],[-44.66971,-3.777244,0.0],[-44.671047,-3.781793,0.0],[-44.66632,-3.786759,0.0],[-44.657016,-3.785527,0.0],[-44.654514,-3.797861,0.0],[-44.650708,-3.800113,0.0],[-44.654576,-3.803851,0.0],[-44.661632,-3.804802,0.0],[-44.660407,-3.809787,0.0],[-44.653626,-3.810114,0.0],[-44.65235,-3.812288,0.0],[-44.65693,-3.819933,0.0],[-44.64899,-3.818981,0.0],[-44.64393,-3.815687,0.0],[-44.641293,-3.818133,0.0],[-44.63626,-3.831269,0.0],[-44.632712,-3.83397,0.0],[-44.625294,-3.835291,0.0],[-44.613185,-3.83541,0.0],[-44.611905,-3.83776,0.0],[-44.610151,-3.847799,0.0],[-44.612712,-3.844097,0.0],[-44.61665,-3.846118,0.0],[-44.62208,-3.850821,0.0],[-45.000399,-3.794288,0.0],[-45.041153,-3.722944,0.0],[-45.039179,-3.718893,0.0],[-45.032466,-3.7181,0.0],[-45.031753,-3.713731,0.0],[-45.028202,-3.716897,0.0],[-45.020536,-3.713889,0.0],[-45.010346,-3.714764,0.0],[-45.003947,-3.704281,0.0],[-45.000163,-3.71007,0.0],[-44.998938,-3.7128,0.0],[-44.989654,-3.709597,0.0],[-44.98427,-3.707924,0.0],[-44.974996,-3.70383,0.0],[-44.965658,-3.703029,0.0],[-44.953073,-3.693176,0.0],[-44.942189,-3.703337,0.0],[-44.93555,-3.708039,0.0],[-44.924992,-3.709374,0.0],[-44.923133,-3.722195,0.0],[-44.922097,-3.734396,0.0],[-44.917987,-3.739105,0.0],[-44.923214,-3.74483,0.0],[-44.93044,-3.746209,0.0],[-44.927329,-3.752652,0.0],[-44.921857,-3.751577,0.0],[-44.916655,-3.753017,0.0],[-44.909239,-3.747641,0.0],[-44.901042,-3.749005,0.0],[-44.897043,-3.740426,0.0],[-44.885901,-3.740857,0.0],[-44.884072,-3.745481,0.0],[-44.879651,-3.746265,0.0],[-44.872737,-3.732416,0.0],[-44.868539,-3.729282,0.0],[-44.867322,-3.724286,0.0],[-44.866213,-3.718462,0.0],[-44.860157,-3.71638,0.0],[-44.863348,-3.711704,0.0],[-44.860818,-3.707279,0.0],[-44.863293,-3.702193,0.0],[-44.865488,-3.698056,0.0],[-44.860213,-3.696153,0.0],[-44.84752,-3.687551,0.0],[-44.844826,-3.678107,0.0],[-44.840909,-3.66773,0.0],[-44.834293,-3.672957,0.0],[-44.825068,-3.676007,0.0],[-44.82085,-3.678687,0.0],[-44.817512,-3.678234,0.0]]]}},{"type":"Feature","properties":{"codigo":"2103802","nome":"Dom Pedro","area_km2":358.24,"regiao":null,"bioma":"Cerrado","pop_2022":23053.0,"pop_2025":23594.0},"geometry":{"type":"MultiPolygon","coordinates":[[[[-44.368309,-5.112114,0.0],[-44.362296,-5.109408,0.0],[-44.364045,-5.112714,0.0],[-44.379567,-5.107636,0.0],[-44.371395,-5.105955,0.0],[-44.368309,-5.112114,0.0]]],[[[-44.445499,-5.105446,0.0],[-44.446387,-5.106177,0.0],[-44.445688,-5.101792,0.0],[-44.445499,-5.105446,0.0]]],[[[-44.426201,-5.116909,0.0],[-44.413494,-5.114611,0.0],[-44.407124,-5.110225,0.0],[-44.398826,-5.101529,0.0],[-44.388729,-5.101592,0.0],[-44.394596,-5.104219,0.0],[-44.4063,-5.114984,0.0],[-44.417033,-5.123519,0.0],[-44.423309,-5.122867,0.0],[-44.434896,-5.109895,0.0],[-44.44129,-5.099661,0.0],[-44.432656,-5.10521,0.0],[-44.427563,-5.114469,0.0],[-44.426201,-5.116909,0.0]]],[[[-44.451399,-5.103783,0.0],[-44.452057,-5.102435,0.0],[-44.451524,-5.098151,0.0],[-44.451044,-5.100013,0.0],[-44.451399,-5.103783,0.0]]],[[[-44.449045,-5.09258,0.0],[-44.451043,-5.094933,0.0],[-44.450255,-5.088664,0.0],[-44.44805,-5.083456,0.0],[-44.447347,-5.085634,0.0],[-44.449406,-5.0896,0.0],[-44.449045,-5.09258,0.0]]],[[[-44.448184,-5.083121,0.0],[-44.449285,-5.08145,0.0],[-44.450914,-5.081242,0.0],[-44.450097,-5.079952,0.0],[-44.448305,-5.081087,0.0],[-44.448184,-5.083121,0.0]]],[[[-44.49402,-5.052703,0.0],[-44.486397,-5.052873,0.0],[-44.478998,-5.052484,0.0],[-44.475127,-5.058225,0.0],[-44.468121,-5.076616,0.0],[-44.460954,-5.08391,0.0],[-44.455518,-5.081213,0.0],[-44.457505,-5.090768,0.0],[-44.45701,-5.132865,0.0],[-44.461955,-5.146087,0.0],[-44.476877,-5.133229,0.0],[-44.486789,-5.125362,0.0],[-44.485651,-5.093337,0.0],[-44.492193,-5.066834,0.0],[-44.492143,-5.055965,0.0],[-44.49402,-5.052703,0.0]]],[[[-44.443948,-4.984745,0.0],[-44.453341,-4.98527,0.0],[-44.454885,-4.98912,0.0],[-44.457918,-4.992282,0.0],[-44.456891,-5.004227,0.0],[-44.462584,-5.002508,0.0],[-44.466895,-5.005483,0.0],[-44.470214,-5.009852,0.0],[-44.465396,-5.017833,0.0],[-44.471524,-5.018814,0.0],[-44.483725,-5.0198,0.0],[-44.488234,-5.026197,0.0],[-44.484952,-5.017506,0.0],[-44.490203,-5.003369,0.0],[-44.496162,-4.975902,0.0],[-44.439997,-4.983363,0.0],[-44.443948,-4.984745,0.0]]]]}},{"type":"Feature","properties":{"codigo":"2104008","nome":"Esperantinópolis","area_km2":452.05,"regiao":null,"bioma":"Cerrado","pop_2022":18311.0,"pop_2025":18.734},"geometry":{"type":"Polygon","coordinates":[[[-44.64417,-4.854966,0.0],[-44.644238,-4.856018,0.0],[-44.647662,-4.858036,0.0],[-44.647484,-4.859746,0.0],[-44.650846,-4.860532,0.0],[-44.653556,-4.864776,0.0],[-44.654306,-4.869186,0.0],[-44.655977,-4.873844,0.0],[-44.663381,-4.879713,0.0],[-44.67024,-4.877451,0.0],[-44.669688,-4.880184,0.0],[-44.677141,-4.877006,0.0],[-44.677272,-4.882217,0.0],[-44.682371,-4.886762,0.0],[-44.688233,-4.887591,0.0],[-44.693877,-4.887138,0.0],[-44.698111,-4.892448,0.0],[-44.701032,-4.897356,0.0],[-44.702351,-4.901346,0.0],[-44.702321,-4.90512,0.0],[-44.706245,-4.901957,0.0],[-44.707051,-4.90503,0.0],[-44.713093,-4.903987,0.0],[-44.716177,-4.904345,0.0],[-44.723984,-4.908938,0.0],[-44.731702,-4.912769,0.0],[-44.737579,-4.911141,0.0],[-44.743495,-4.912966,0.0],[-44.742058,-4.91699,0.0],[-44.753355,-4.918283,0.0],[-44.757181,-4.917941,0.0],[-44.763427,-4.915379,0.0],[-44.76509,-4.913081,0.0],[-44.775528,-4.917519,0.0],[-44.777113,-4.920842,0.0],[-44.779543,-4.927604,0.0],[-44.782753,-4.929092,0.0],[-44.784002,-4.927854,0.0],[-44.788842,-4.927983,0.0],[-44.793941,-4.928894,0.0],[-44.796467,-4.926941,0.0],[-44.799915,-4.924805,0.0],[-44.802341,-4.925077,0.0],[-44.806983,-4.926406,0.0],[-44.810057,-4.928661,0.0],[-44.812848,-4.929534,0.0],[-44.81452,-4.928178,0.0],[-44.817363,-4.929312,0.0],[-44.821462,-4.932322,0.0],[-44.827202,-4.93159,0.0],[-44.833514,-4.932906,0.0],[-44.836808,-4.934364,0.0],[-44.836501,-4.93118,0.0],[-44.840328,-4.935026,0.0],[-44.850709,-4.939824,0.0],[-44.855619,-4.938776,0.0],[-44.862438,-4.938449,0.0],[-44.864748,-4.938533,0.0],[-44.868941,-4.941318,0.0],[-44.870067,-4.943571,0.0],[-44.875522,-4.944808,0.0],[-44.877992,-4.947618,0.0],[-44.879412,-4.945393,0.0],[-44.883937,-4.949061,0.0],[-44.886465,-4.953627,0.0],[-44.888748,-4.959736,0.0],[-44.891615,-4.959496,0.0],[-44.893019,-4.963669,0.0],[-44.896311,-4.967672,0.0],[-44.898796,-4.969101,0.0],[-44.908022,-4.973897,0.0],[-44.910054,-4.977096,0.0],[-44.911148,-4.979709,0.0],[-44.912247,-4.976869,0.0],[-44.917199,-4.979889,0.0],[-44.920502,-4.982435,0.0],[-44.921675,-4.985021,0.0],[-44.924829,-4.990335,0.0],[-44.928406,-4.990038,0.0],[-44.929717,-4.994073,0.0],[-44.931453,-4.99638,0.0],[-44.93075,-4.999772,0.0],[-44.932994,-5.004044,0.0],[-44.930734,-5.007588,0.0],[-44.931046,-5.009632,0.0],[-44.932563,-5.014011,0.0],[-45.028522,-4.961054,0.0],[-45.036123,-4.951102,0.0],[-45.040255,-4.929812,0.0],[-45.035329,-4.899916,0.0],[-45.031275,-4.892299,0.0],[-45.037066,-4.875941,0.0],[-44.820782,-4.840119,0.0],[-44.780672,-4.861536,0.0],[-44.762224,-4.878496,0.0],[-44.748391,-4.856416,0.0],[-44.72387,-4.847453,0.0],[-44.64417,-4.854966,0.0]]]}},{"type":"Feature","properties":{"codigo":"2104081","nome":"Fernando Falcão","area_km2":5082.8,"regiao":"Fernando Falcão","bioma":"Cerrado","pop_2022":10873.0,"pop_2025":11219.0},"geometry":{"type":"Polygon","coordinates":[[[-44.843456,-5.989636,0.0],[-44.849554,-5.995184,0.0],[-44.853943,-5.997738,0.0],[-44.854037,-6.002908,0.0],[-44.857619,-6.01193,0.0],[-44.870469,-6.015523,0.0],[-44.873516,-6.020371,0.0],[-44.87471,-6.028509,0.0],[-44.882017,-6.033451,0.0],[-44.888998,-6.037665,0.0],[-44.896088,-6.045255,0.0],[-44.891153,-6.047495,0.0],[-44.891782,-6.056628,0.0],[-44.897405,-6.058008,0.0],[-44.904158,-6.061546,0.0],[-44.911798,-6.059249,0.0],[-44.917416,-6.052209,0.0],[-44.92169,-6.05206,0.0],[-44.924377,-6.058643,0.0],[-44.933942,-6.057567,0.0],[-44.950452,-6.053342,0.0],[-44.96078,-6.060379,0.0],[-44.980055,-6.061107,0.0],[-44.98498,-6.069341,0.0],[-44.997928,-6.075875,0.0],[-45.004886,-6.077994,0.0],[-45.015178,-6.082247,0.0],[-45.022639,-6.088566,0.0],[-45.030673,-6.084401,0.0],[-45.040544,-6.085054,0.0],[-45.057617,-6.089983,0.0],[-45.063726,-6.095059,0.0],[-45.066717,-6.107505,0.0],[-45.081305,-6.11588,0.0],[-45.093572,-6.128604,0.0],[-45.101465,-6.134706,0.0],[-45.092199,-6.14111,0.0],[-45.087735,-6.149448,0.0],[-45.093763,-6.155191,0.0],[-45.112767,-6.182399,0.0],[-45.118329,-6.19251,0.0],[-45.123873,-6.206311,0.0],[-45.135837,-6.224778,0.0],[-45.146002,-6.22681,0.0],[-45.158796,-6.220343,0.0],[-45.176356,-6.213595,0.0],[-45.201372,-6.209948,0.0],[-45.207639,-6.211765,0.0],[-45.215284,-6.214944,0.0],[-45.22672,-6.223029,0.0],[-45.245906,-6.226036,0.0],[-45.261514,-6.225726,0.0],[-45.294244,-6.221462,0.0],[-45.308795,-6.226458,0.0],[-45.316221,-6.226909,0.0],[-45.339552,-6.218099,0.0],[-45.358652,-6.227337,0.0],[-45.365673,-6.243642,0.0],[-45.374349,-6.252013,0.0],[-45.388024,-6.281442,0.0],[-45.397125,-6.297232,0.0],[-45.417228,-6.309183,0.0],[-45.438281,-6.312038,0.0],[-45.507186,-6.301923,0.0],[-45.515862,-6.294304,0.0],[-45.523041,-6.297959,0.0],[-45.532056,-6.303636,0.0],[-45.536937,-6.305211,0.0],[-45.542872,-6.308077,0.0],[-45.550277,-6.316803,0.0],[-45.550785,-6.322762,0.0],[-45.561979,-6.321314,0.0],[-45.569667,-6.330137,0.0],[-45.582132,-6.34163,0.0],[-45.587709,-6.348862,0.0],[-45.591161,-6.355406,0.0],[-45.598702,-6.35693,0.0],[-45.604566,-6.359006,0.0],[-45.619035,-6.36475,0.0],[-45.626624,-6.37293,0.0],[-45.654208,-6.370469,0.0],[-45.675393,-6.368441,0.0],[-45.701872,-6.350401,0.0],[-45.711632,-6.351185,0.0],[-45.721141,-6.351231,0.0],[-45.727815,-6.355171,0.0],[-45.741431,-6.365152,0.0],[-45.755374,-6.366744,0.0],[-45.76356,-6.369747,0.0],[-45.772999,-6.375187,0.0],[-45.785998,-6.369187,0.0],[-45.790392,-6.364202,0.0],[-45.802723,-6.356046,0.0],[-45.80703,-6.356901,0.0],[-45.803406,-6.367449,0.0],[-45.818568,-6.379415,0.0],[-45.821968,-6.379018,0.0],[-45.836389,-6.297322,0.0],[-45.832663,-6.286469,0.0],[-45.829191,-6.276328,0.0],[-45.814659,-6.273815,0.0],[-45.798188,-6.255027,0.0],[-45.789833,-6.244004,0.0],[-45.794995,-6.237286,0.0],[-45.784969,-6.234132,0.0],[-45.762634,-6.237807,0.0],[-45.752915,-6.224829,0.0],[-45.745087,-6.21346,0.0],[-45.747704,-6.209466,0.0],[-45.741645,-6.202305,0.0],[-45.733234,-6.198073,0.0],[-45.726843,-6.199523,0.0],[-45.715728,-6.195295,0.0],[-45.702135,-6.190509,0.0],[-45.690372,-6.179237,0.0],[-45.676383,-6.176292,0.0],[-45.662385,-6.166462,0.0],[-45.659181,-6.159741,0.0],[-45.653648,-6.145898,0.0],[-45.644695,-6.143028,0.0],[-45.637814,-6.13695,0.0],[-45.632695,-6.132632,0.0],[-45.62613,-6.122234,0.0],[-45.61534,-6.120244,0.0],[-45.611256,-6.113604,0.0],[-45.609812,-6.108162,0.0],[-45.613404,-6.106316,0.0],[-45.598368,-6.094964,0.0],[-45.592293,-6.090968,0.0],[-45.586536,-6.088092,0.0],[-45.568229,-6.079706,0.0],[-45.562312,-6.077148,0.0],[-45.55662,-6.058821,0.0],[-45.550225,-6.055465,0.0],[-45.544305,-6.048266,0.0],[-45.5383,-6.036663,0.0],[-45.528218,-6.021301,0.0],[-45.52358,-6.016983,0.0],[-45.526453,-6.012977,0.0],[-45.526126,-6.006892,0.0],[-45.525325,-6.00417,0.0],[-45.513256,-5.999459,0.0],[-45.506622,-5.996022,0.0],[-45.501266,-5.992424,0.0],[-45.485838,-5.980509,0.0],[-45.479362,-5.977392,0.0],[-45.479837,-5.972428,0.0],[-45.475041,-5.96955,0.0],[-45.469605,-5.968754,0.0],[-45.470881,-5.963309,0.0],[-45.464724,-5.957469,0.0],[-45.456499,-5.961399,0.0],[-45.446509,-5.956683,0.0],[-45.442833,-5.954925,0.0],[-45.442135,-5.951883,0.0],[-45.431141,-5.946618,0.0],[-45.424893,-5.950561,0.0],[-45.424101,-5.946328,0.0],[-45.420624,-5.945538,0.0],[-45.418152,-5.944012,0.0],[-45.416524,-5.939939,0.0],[-45.412551,-5.937588,0.0],[-45.411511,-5.934917,0.0],[-45.409754,-5.938812,0.0],[-45.406416,-5.941124,0.0],[-45.400605,-5.938684,0.0],[-45.299102,-5.918683,0.0],[-45.293859,-5.924005,0.0],[-45.297806,-5.932383,0.0],[-45.294208,-5.942719,0.0],[-45.289774,-5.954548,0.0],[-45.289924,-5.959158,0.0],[-45.291713,-5.965745,0.0],[-45.289398,-5.976079,0.0],[-45.278597,-5.993253,0.0],[-45.182328,-5.877076,0.0],[-45.103874,-5.852017,0.0],[-45.099734,-5.854508,0.0],[-45.095686,-5.850513,0.0],[-45.09127,-5.851805,0.0],[-44.924828,-5.789227,0.0],[-44.913798,-5.805514,0.0],[-44.912243,-5.828436,0.0],[-44.906653,-5.833992,0.0],[-44.896851,-5.841484,0.0],[-44.895242,-5.848629,0.0],[-44.891265,-5.85547,0.0],[-44.886448,-5.862047,0.0],[-44.874548,-5.880925,0.0],[-44.851879,-5.897876,0.0],[-44.846326,-5.908136,0.0],[-44.840353,-5.929554,0.0],[-44.835903,-5.938564,0.0],[-44.841678,-5.953661,0.0],[-44.841385,-5.95776,0.0],[-44.843061,-5.971014,0.0],[-44.846545,-5.983336,0.0],[-44.843456,-5.989636,0.0]]]}},{"type":"Feature","properties":{"codigo":"2104099","nome":"Formosa da Serra Negra","area_km2":3689.3,"regiao":null,"bioma":"Cerrado","pop_2022":17719.0,"pop_2025":18150.0},"geometry":{"type":"Polygon","coordinates":[[[-45.839378,-6.301622,0.0],[-45.82287,-6.386527,0.0],[-45.830083,-6.387979,0.0],[-45.835303,-6.390938,0.0],[-45.839182,-6.392894,0.0],[-45.844483,-6.404526,0.0],[-45.84336,-6.419964,0.0],[-45.839635,-6.424134,0.0],[-45.845884,-6.427139,0.0],[-45.856198,-6.429008,0.0],[-45.866927,-6.442572,0.0],[-45.881099,-6.440454,0.0],[-45.895481,-6.442476,0.0],[-45.892731,-6.446329,0.0],[-45.893488,-6.452129,0.0],[-45.89787,-6.462287,0.0],[-45.895696,-6.466829,0.0],[-45.904081,-6.477871,0.0],[-45.901513,-6.489305,0.0],[-45.907404,-6.492239,0.0],[-45.909823,-6.500096,0.0],[-45.906295,-6.509565,0.0],[-45.910555,-6.515301,0.0],[-45.906484,-6.519786,0.0],[-45.90518,-6.526489,0.0],[-45.897945,-6.528477,0.0],[-45.89179,-6.531922,0.0],[-45.90017,-6.548483,0.0],[-45.90258,-6.557764,0.0],[-45.904507,-6.565132,0.0],[-45.898294,-6.569642,0.0],[-45.900918,-6.575148,0.0],[-45.904808,-6.582751,0.0],[-45.916007,-6.5823,0.0],[-45.924736,-6.604558,0.0],[-45.933151,-6.612511,0.0],[-45.937977,-6.620831,0.0],[-45.942867,-6.628539,0.0],[-45.94629,-6.635233,0.0],[-45.94721,-6.639952,0.0],[-45.964544,-6.642367,0.0],[-45.980391,-6.643468,0.0],[-45.989439,-6.634895,0.0],[-45.98991,-6.639221,0.0],[-45.990012,-6.643249,0.0],[-45.989883,-6.648797,0.0],[-45.987201,-6.651316,0.0],[-45.981652,-6.650272,0.0],[-45.977584,-6.65425,0.0],[-45.989802,-6.660283,0.0],[-45.993122,-6.667394,0.0],[-45.995228,-6.672115,0.0],[-45.991394,-6.673554,0.0],[-46.002096,-6.674062,0.0],[-46.003959,-6.68094,0.0],[-46.007145,-6.676928,0.0],[-46.018211,-6.683106,0.0],[-46.02631,-6.686511,0.0],[-46.03087,-6.685063,0.0],[-46.039256,-6.691876,0.0],[-46.042916,-6.693668,0.0],[-46.047709,-6.691138,0.0],[-46.052076,-6.687617,0.0],[-46.053606,-6.686623,0.0],[-46.047303,-6.681499,0.0],[-46.042094,-6.673551,0.0],[-46.05042,-6.673163,0.0],[-46.057016,-6.672058,0.0],[-46.0557,-6.666839,0.0],[-46.060256,-6.669487,0.0],[-46.067703,-6.676789,0.0],[-46.073056,-6.681648,0.0],[-46.067888,-6.68435,0.0],[-46.070708,-6.686965,0.0],[-46.0719,-6.689693,0.0],[-46.074167,-6.689611,0.0],[-46.07644,-6.691774,0.0],[-46.078618,-6.692275,0.0],[-46.079304,-6.687028,0.0],[-46.080964,-6.684636,0.0],[-46.085044,-6.685701,0.0],[-46.088192,-6.685893,0.0],[-46.08493,-6.680493,0.0],[-46.085762,-6.682953,0.0],[-46.093045,-6.682391,0.0],[-46.100551,-6.68292,0.0],[-46.096562,-6.677413,0.0],[-46.093719,-6.675083,0.0],[-46.093414,-6.672778,0.0],[-46.100041,-6.672417,0.0],[-46.107378,-6.672198,0.0],[-46.106185,-6.669507,0.0],[-46.107574,-6.669102,0.0],[-46.111246,-6.673564,0.0],[-46.116584,-6.67872,0.0],[-46.122761,-6.682835,0.0],[-46.132355,-6.690356,0.0],[-46.128115,-6.691457,0.0],[-46.125361,-6.69065,0.0],[-46.127589,-6.695152,0.0],[-46.123171,-6.695394,0.0],[-46.125523,-6.702802,0.0],[-46.129827,-6.70584,0.0],[-46.129463,-6.709043,0.0],[-46.129068,-6.712439,0.0],[-46.132351,-6.713195,0.0],[-46.134115,-6.720355,0.0],[-46.141179,-6.716176,0.0],[-46.142512,-6.709926,0.0],[-46.149388,-6.709931,0.0],[-46.151051,-6.767257,0.0],[-46.163628,-6.769947,0.0],[-46.171945,-6.7655,0.0],[-46.176092,-6.768445,0.0],[-46.178755,-6.770926,0.0],[-46.184943,-6.774237,0.0],[-46.205474,-6.77147,0.0],[-46.214175,-6.768983,0.0],[-46.218436,-6.762587,0.0],[-46.220931,-6.753516,0.0],[-46.227247,-6.752099,0.0],[-46.232961,-6.758507,0.0],[-46.229668,-6.764671,0.0],[-46.234423,-6.771381,0.0],[-46.23662,-6.775247,0.0],[-46.238884,-6.783522,0.0],[-46.23215,-6.785237,0.0],[-46.232954,-6.791418,0.0],[-46.233858,-6.79493,0.0],[-46.238424,-6.795163,0.0],[-46.236388,-6.798417,0.0],[-46.237875,-6.80323,0.0],[-46.238941,-6.808276,0.0],[-46.240004,-6.812026,0.0],[-46.244064,-6.823205,0.0],[-46.247682,-6.836264,0.0],[-46.244588,-6.84677,0.0],[-46.258828,-6.843167,0.0],[-46.275006,-6.848587,0.0],[-46.279805,-6.852833,0.0],[-46.28487,-6.848704,0.0],[-46.295981,-6.856535,0.0],[-46.292211,-6.866556,0.0],[-46.29163,-6.875312,0.0],[-46.300514,-6.88456,0.0],[-46.302301,-6.887471,0.0],[-46.306888,-6.887816,0.0],[-46.302447,-6.894992,0.0],[-46.302261,-6.905385,0.0],[-46.312998,-6.908303,0.0],[-46.321718,-6.910323,0.0],[-46.328781,-6.910749,0.0],[-46.334736,-6.908507,0.0],[-46.346679,-6.910005,0.0],[-46.362595,-6.90007,0.0],[-46.363607,-6.889694,0.0],[-46.371153,-6.878523,0.0],[-46.363162,-6.872052,0.0],[-46.369169,-6.858815,0.0],[-46.369321,-6.84678,0.0],[-46.374166,-6.841342,0.0],[-46.388142,-6.839884,0.0],[-46.396143,-6.825265,0.0],[-46.406309,-6.830547,0.0],[-46.409214,-6.825371,0.0],[-46.420272,-6.811734,0.0],[-46.424934,-6.809638,0.0],[-46.436405,-6.803431,0.0],[-46.444203,-6.793215,0.0],[-46.455191,-6.798508,0.0],[-46.462856,-6.807401,0.0],[-46.466268,-6.812339,0.0],[-46.457732,-6.283709,0.0],[-46.457638,-6.2802,0.0],[-46.457855,-6.271934,0.0],[-46.455172,-6.270329,0.0],[-46.069728,-6.246343,0.0],[-46.058469,-6.245683,0.0],[-46.046272,-6.256153,0.0],[-46.034523,-6.261513,0.0],[-46.018132,-6.26236,0.0],[-46.010577,-6.262943,0.0],[-45.997221,-6.258102,0.0],[-45.975831,-6.25863,0.0],[-45.954521,-6.264998,0.0],[-45.936023,-6.276529,0.0],[-45.914721,-6.284647,0.0],[-45.886351,-6.343734,0.0],[-45.876662,-6.345718,0.0],[-45.850059,-6.332464,0.0],[-45.841251,-6.322551,0.0],[-45.841415,-6.310402,0.0],[-45.839378,-6.301622,0.0]]]}},{"type":"Feature","properties":{"codigo":"2104107","nome":"Fortaleza dos Nogueiras","area_km2":1852.6,"regiao":null,"bioma":"Cerrado","pop_2022":12640.0,"pop_2025":12963.0},"geometry":{"type":"MultiPolygon","coordinates":[[[[-46.307621,-6.913115,0.0],[-46.314988,-6.919903,0.0],[-46.317588,-6.92516,0.0],[-46.32282,-6.929452,0.0],[-46.329581,-6.932448,0.0],[-46.306501,-6.907492,0.0],[-46.301201,-6.899124,0.0],[-46.298401,-6.903665,0.0],[-46.306697,-6.907949,0.0],[-46.308045,-6.910386,0.0],[-46.307621,-6.913115,0.0]]],[[[-46.305364,-6.887412,0.0],[-46.30632,-6.890058,0.0],[-46.306888,-6.887816,0.0],[-46.305364,-6.887412,0.0]]],[[[-46.300194,-6.885794,0.0],[-46.300642,-6.887551,0.0],[-46.302318,-6.887726,0.0],[-46.302939,-6.887413,0.0],[-46.300194,-6.885794,0.0]]],[[[-46.293746,-6.877509,0.0],[-46.293611,-6.882314,0.0],[-46.29511,-6.882814,0.0],[-46.299014,-6.882752,0.0],[-46.296866,-6.879215,0.0],[-46.293746,-6.877509,0.0]]],[[[-46.292106,-6.865309,0.0],[-46.292211,-6.866556,0.0],[-46.293574,-6.864027,0.0],[-46.292106,-6.865309,0.0]]],[[[-46.294897,-6.861532,0.0],[-46.295981,-6.856535,0.0],[-46.295054,-6.854048,0.0],[-46.292735,-6.852597,0.0],[-46.294895,-6.85509,0.0],[-46.294897,-6.861532,0.0]]],[[[-46.251551,-6.850427,0.0],[-46.253389,-6.850135,0.0],[-46.257194,-6.844411,0.0],[-46.2482,-6.847867,0.0],[-46.251551,-6.850427,0.0]]],[[[-46.271888,-6.846633,0.0],[-46.269987,-6.844418,0.0],[-46.268149,-6.842821,0.0],[-46.267861,-6.842804,0.0],[-46.271888,-6.846633,0.0]]],[[[-46.26073,-6.843527,0.0],[-46.262958,-6.844233,0.0],[-46.264868,-6.842716,0.0],[-46.26073,-6.843527,0.0]]],[[[-46.152147,-6.767874,0.0],[-46.158321,-6.772259,0.0],[-46.164338,-6.769773,0.0],[-46.159259,-6.768549,0.0],[-46.152147,-6.767874,0.0]]],[[[-46.173824,-6.768488,0.0],[-46.176092,-6.768445,0.0],[-46.174029,-6.765965,0.0],[-46.170528,-6.765571,0.0],[-46.172237,-6.765908,0.0],[-46.173824,-6.768488,0.0]]],[[[-46.227581,-6.749899,0.0],[-46.216649,-6.760624,0.0],[-46.218436,-6.762587,0.0],[-46.214175,-6.768983,0.0],[-46.205474,-6.77147,0.0],[-46.19157,-6.77523,0.0],[-46.180453,-6.770972,0.0],[-46.182595,-6.78449,0.0],[-46.180037,-6.795982,0.0],[-46.181789,-6.80732,0.0],[-46.175843,-6.819527,0.0],[-46.192999,-6.841854,0.0],[-46.208956,-6.846193,0.0],[-46.226411,-6.84701,0.0],[-46.237457,-6.844434,0.0],[-46.23909,-6.847938,0.0],[-46.2479,-6.835547,0.0],[-46.243833,-6.822676,0.0],[-46.239742,-6.811129,0.0],[-46.238941,-6.808276,0.0],[-46.237875,-6.80323,0.0],[-46.236388,-6.798417,0.0],[-46.238424,-6.795163,0.0],[-46.233858,-6.79493,0.0],[-46.232954,-6.791418,0.0],[-46.23215,-6.785237,0.0],[-46.238884,-6.783522,0.0],[-46.23662,-6.775247,0.0],[-46.234423,-6.771381,0.0],[-46.229668,-6.764671,0.0],[-46.23295,-6.758658,0.0],[-46.229044,-6.752442,0.0],[-46.227389,-6.75232,0.0],[-46.227581,-6.749899,0.0]]],[[[-45.980631,-6.64337,0.0],[-45.964544,-6.642367,0.0],[-45.94721,-6.639952,0.0],[-45.945219,-6.64484,0.0],[-45.954574,-6.655352,0.0],[-45.948152,-6.676663,0.0],[-45.941341,-6.682061,0.0],[-45.939901,-6.688509,0.0],[-45.941826,-6.694129,0.0],[-45.934893,-6.69851,0.0],[-45.950092,-6.698002,0.0],[-45.957103,-6.703134,0.0],[-45.965992,-6.710248,0.0],[-45.97609,-6.696443,0.0],[-45.991456,-6.696197,0.0],[-45.993265,-6.702942,0.0],[-46.004182,-6.703853,0.0],[-46.014431,-6.694356,0.0],[-46.021436,-6.692417,0.0],[-46.034146,-6.692606,0.0],[-46.053246,-6.692565,0.0],[-46.057347,-6.696003,0.0],[-46.062956,-6.699867,0.0],[-46.063695,-6.709486,0.0],[-46.066434,-6.716062,0.0],[-46.063291,-6.724882,0.0],[-46.074936,-6.729882,0.0],[-46.089943,-6.729489,0.0],[-46.095393,-6.725816,0.0],[-46.104057,-6.731755,0.0],[-46.115844,-6.735964,0.0],[-46.1183,-6.742419,0.0],[-46.126108,-6.751657,0.0],[-46.124115,-6.7592,0.0],[-46.133618,-6.7693,0.0],[-46.143943,-6.762241,0.0],[-46.148324,-6.766252,0.0],[-46.154951,-6.71202,0.0],[-46.146237,-6.711413,0.0],[-46.140809,-6.711716,0.0],[-46.138489,-6.721826,0.0],[-46.134868,-6.714174,0.0],[-46.12969,-6.714028,0.0],[-46.126615,-6.711186,0.0],[-46.128997,-6.707057,0.0],[-46.126218,-6.705328,0.0],[-46.120882,-6.697122,0.0],[-46.126563,-6.695966,0.0],[-46.127695,-6.693284,0.0],[-46.125612,-6.68956,0.0],[-46.133572,-6.693001,0.0],[-46.132355,-6.690356,0.0],[-46.126167,-6.683956,0.0],[-46.119458,-6.685251,0.0],[-46.118286,-6.674929,0.0],[-46.111195,-6.671331,0.0],[-46.105914,-6.666584,0.0],[-46.108582,-6.671153,0.0],[-46.103335,-6.670278,0.0],[-46.093469,-6.669094,0.0],[-46.09123,-6.673054,0.0],[-46.09423,-6.677323,0.0],[-46.099142,-6.679376,0.0],[-46.095505,-6.680429,0.0],[-46.088163,-6.683854,0.0],[-46.08613,-6.680669,0.0],[-46.083542,-6.68346,0.0],[-46.086458,-6.68768,0.0],[-46.082109,-6.686008,0.0],[-46.079109,-6.684689,0.0],[-46.076838,-6.689219,0.0],[-46.077298,-6.694386,0.0],[-46.074048,-6.691574,0.0],[-46.073049,-6.690919,0.0],[-46.069913,-6.689962,0.0],[-46.06751,-6.685191,0.0],[-46.071316,-6.684045,0.0],[-46.071783,-6.678206,0.0],[-46.067998,-6.674097,0.0],[-46.059572,-6.665981,0.0],[-46.053204,-6.666169,0.0],[-46.057013,-6.670995,0.0],[-46.052713,-6.671297,0.0],[-46.044233,-6.670679,0.0],[-46.05065,-6.679401,0.0],[-46.049085,-6.684472,0.0],[-46.054819,-6.689142,0.0],[-46.049588,-6.687769,0.0],[-46.047903,-6.692985,0.0],[-46.040887,-6.695005,0.0],[-46.032911,-6.687642,0.0],[-46.028568,-6.685075,0.0],[-46.023069,-6.683027,0.0],[-46.013956,-6.678479,0.0],[-46.004567,-6.678362,0.0],[-46.00241,-6.680862,0.0],[-45.997287,-6.676342,0.0],[-45.992556,-6.672351,0.0],[-45.995982,-6.670787,0.0],[-45.991369,-6.661882,0.0],[-45.984136,-6.659124,0.0],[-45.980102,-6.650787,0.0],[-45.98226,-6.648267,0.0],[-45.988017,-6.649341,0.0],[-45.990706,-6.646801,0.0],[-45.991331,-6.641045,0.0],[-45.990549,-6.635678,0.0],[-45.985648,-6.636548,0.0],[-45.980631,-6.64337,0.0]]]]}},{"type":"Feature","properties":{"codigo":"2104404","nome":"Gonçalves Dias","area_km2":883.07,"regiao":null,"bioma":"Cerrado","pop_2022":17206.0,"pop_2025":17580.0},"geometry":{"type":"MultiPolygon","coordinates":[[[[-44.352584,-5.276325,0.0],[-44.359652,-5.269044,0.0],[-44.355348,-5.258018,0.0],[-44.354269,-5.262803,0.0],[-44.356709,-5.270345,0.0],[-44.352584,-5.276325,0.0]]],[[[-44.363303,-5.22151,0.0],[-44.369711,-5.226571,0.0],[-44.369792,-5.223666,0.0],[-44.363303,-5.22151,0.0]]],[[[-44.359892,-5.218382,0.0],[-44.360459,-5.210936,0.0],[-44.359016,-5.209719,0.0],[-44.357893,-5.21199,0.0],[-44.358389,-5.216586,0.0],[-44.359892,-5.218382,0.0]]],[[[-44.352791,-5.204855,0.0],[-44.354769,-5.206062,0.0],[-44.35015,-5.201556,0.0],[-44.352791,-5.204855,0.0]]],[[[-44.33549,-5.19869,0.0],[-44.341559,-5.197055,0.0],[-44.359422,-5.183418,0.0],[-44.344578,-5.162488,0.0],[-44.344368,-5.148123,0.0],[-44.336078,-5.153101,0.0],[-44.338819,-5.162294,0.0],[-44.341031,-5.176305,0.0],[-44.338765,-5.184649,0.0],[-44.330673,-5.192845,0.0],[-44.33549,-5.19869,0.0]]],[[[-44.36242,-5.139755,0.0],[-44.359554,-5.14156,0.0],[-44.367643,-5.141307,0.0],[-44.363257,-5.133198,0.0],[-44.365228,-5.136706,0.0],[-44.36242,-5.139755,0.0]]]]}},{"type":"Feature","properties":{"codigo":"2104552","nome":"Governador Edison Lobão","area_km2":616.48,"regiao":null,"bioma":"Cerrado","pop_2022":18411.0,"pop_2025":18963.0},"geometry":{"type":"MultiPolygon","coordinates":[[[[-47.10156,-5.667416,0.0],[-47.105082,-5.664198,0.0],[-47.107246,-5.659309,0.0],[-47.091963,-5.667786,0.0],[-47.10156,-5.667416,0.0]]]]}},{"type":"Feature","properties":{"codigo":"2104651","nome":"Governador Newton Bello","area_km2":1143.5,"regiao":null,"bioma":"Amazônia","pop_2022":10713.0,"pop_2025":10993.0},"geometry":{"type":"Polygon","coordinates":[[[-45.542189,-3.484976,0.0],[-45.543226,-3.489882,0.0],[-45.792453,-3.48729,0.0],[-46.27349,-3.485794,0.0],[-46.268877,-3.474319,0.0],[-46.273006,-3.456808,0.0],[-46.282421,-3.439829,0.0],[-46.291477,-3.435942,0.0],[-46.291564,-3.43263,0.0],[-46.286967,-3.429137,0.0],[-46.273805,-3.424132,0.0],[-46.280027,-3.398823,0.0],[-46.278371,-3.346449,0.0],[-46.280125,-3.340997,0.0],[-46.25528,-3.316931,0.0],[-46.250861,-3.324622,0.0],[-46.237777,-3.33543,0.0],[-46.230256,-3.33859,0.0],[-46.173627,-3.362975,0.0],[-46.172642,-3.383538,0.0],[-46.167367,-3.386675,0.0],[-46.16237,-3.389642,0.0],[-46.158198,-3.386267,0.0],[-46.153364,-3.374758,0.0],[-46.145567,-3.369767,0.0],[-46.144285,-3.363907,0.0],[-46.060646,-3.363106,0.0],[-46.052306,-3.369297,0.0],[-46.035117,-3.370806,0.0],[-46.031098,-3.372785,0.0],[-46.024694,-3.377376,0.0],[-46.009432,-3.374371,0.0],[-45.984914,-3.371157,0.0],[-45.975911,-3.373406,0.0],[-45.949402,-3.366571,0.0],[-45.909393,-3.378663,0.0],[-45.798669,-3.335531,0.0],[-45.660875,-3.345694,0.0],[-45.647658,-3.358673,0.0],[-45.632279,-3.36892,0.0],[-45.625908,-3.380478,0.0],[-45.602846,-3.40818,0.0],[-45.5841,-3.436115,0.0],[-45.571172,-3.450155,0.0],[-45.567454,-3.45354,0.0],[-45.55632,-3.458186,0.0],[-45.545277,-3.470287,0.0],[-45.544067,-3.483307,0.0],[-45.542189,-3.484976,0.0]]]}},{"type":"Feature","properties":{"codigo":"2104701","nome":"Graça Aranha","area_km2":271.27,"regiao":null,"bioma":"Cerrado","pop_2022":6023.0,"pop_2025":6160.0},"geometry":{"type":"MultiPolygon","coordinates":[[[[-44.419316,-5.450066,0.0],[-44.418535,-5.450224,0.0],[-44.420597,-5.45008,0.0],[-44.419316,-5.450066,0.0]]],[[[-44.422267,-5.460108,0.0],[-44.424333,-5.454974,0.0],[-44.429837,-5.450362,0.0],[-44.421367,-5.450027,0.0],[-44.423064,-5.450631,0.0],[-44.422267,-5.460108,0.0]]],[[[-44.403538,-5.423049,0.0],[-44.394438,-5.424117,0.0],[-44.395147,-5.431226,0.0],[-44.400834,-5.433463,0.0],[-44.40045,-5.443174,0.0],[-44.401236,-5.427778,0.0],[-44.407212,-5.418086,0.0],[-44.407123,-5.42054,0.0],[-44.403538,-5.423049,0.0]]],[[[-44.400799,-5.411467,0.0],[-44.400568,-5.409099,0.0],[-44.401345,-5.407483,0.0],[-44.399941,-5.409025,0.0],[-44.400799,-5.411467,0.0]]],[[[-44.389733,-5.382503,0.0],[-44.389754,-5.382508,0.0],[-44.389722,-5.382494,0.0],[-44.389733,-5.382503,0.0]]],[[[-44.379589,-5.377287,0.0],[-44.385991,-5.380775,0.0],[-44.37887,-5.376572,0.0],[-44.379589,-5.377287,0.0]]],[[[-44.380213,-5.365663,0.0],[-44.382057,-5.365797,0.0],[-44.380415,-5.365234,0.0],[-44.37896,-5.362186,0.0],[-44.377247,-5.360791,0.0],[-44.380213,-5.365663,0.0]]],[[[-44.369467,-5.357309,0.0],[-44.37443,-5.358404,0.0],[-44.371573,-5.357381,0.0],[-44.369467,-5.357309,0.0]]],[[[-44.360345,-5.345942,0.0],[-44.363747,-5.353343,0.0],[-44.364642,-5.349821,0.0],[-44.360345,-5.345942,0.0]]],[[[-44.355294,-5.334621,0.0],[-44.355896,-5.33593,0.0],[-44.356305,-5.331951,0.0],[-44.355294,-5.334621,0.0]]],[[[-44.358112,-5.325778,0.0],[-44.35825,-5.326028,0.0],[-44.357541,-5.325079,0.0],[-44.358112,-5.325778,0.0]]],[[[-44.346192,-5.313209,0.0],[-44.352417,-5.319154,0.0],[-44.351454,-5.316869,0.0],[-44.346192,-5.313209,0.0]]],[[[-44.348023,-5.309347,0.0],[-44.347924,-5.309436,0.0],[-44.348155,-5.309207,0.0],[-44.348023,-5.309347,0.0]]],[[[-44.345908,-5.295242,0.0],[-44.347556,-5.298664,0.0],[-44.346978,-5.294431,0.0],[-44.345908,-5.295242,0.0]]],[[[-44.352584,-5.276483,0.0],[-44.354166,-5.282007,0.0],[-44.356618,-5.281114,0.0],[-44.35826,-5.277306,0.0],[-44.352584,-5.276483,0.0]]]]}},{"type":"Feature","properties":{"codigo":"2104800","nome":"Grajaú","area_km2":8857.6,"regiao":null,"bioma":"Cerrado","pop_2022":73872.0,"pop_2025":76837.0},"geometry":{"type":"Polygon","coordinates":[[[-45.932461,-5.312698,0.0],[-45.937909,-5.313822,0.0],[-45.939969,-5.318401,0.0],[-45.953409,-5.326332,0.0],[-45.956492,-5.330068,0.0],[-45.965453,-5.333798,0.0],[-45.969373,-5.33557,0.0],[-45.973571,-5.338088,0.0],[-45.977103,-5.334463,0.0],[-45.984847,-5.331429,0.0],[-45.987487,-5.355727,0.0],[-45.9943,-5.358242,0.0],[-46.00165,-5.362196,0.0],[-45.885854,-5.443765,0.0],[-45.843202,-5.408588,0.0],[-45.79898,-5.448702,0.0],[-45.777605,-5.433586,0.0],[-45.740131,-5.402585,0.0],[-45.608041,-5.776246,0.0],[-45.599584,-5.765195,0.0],[-45.594695,-5.75638,0.0],[-45.594849,-5.753911,0.0],[-45.59346,-5.74596,0.0],[-45.589562,-5.747092,0.0],[-45.588248,-5.741456,0.0],[-45.576667,-5.734305,0.0],[-45.576017,-5.729197,0.0],[-45.388806,-5.920645,0.0],[-45.400605,-5.938684,0.0],[-45.406416,-5.941124,0.0],[-45.409754,-5.938812,0.0],[-45.411511,-5.934917,0.0],[-45.412551,-5.937588,0.0],[-45.416524,-5.939939,0.0],[-45.418152,-5.944012,0.0],[-45.420624,-5.945538,0.0],[-45.424101,-5.946328,0.0],[-45.424893,-5.950561,0.0],[-45.431141,-5.946618,0.0],[-45.442135,-5.951883,0.0],[-45.442833,-5.954925,0.0],[-45.446509,-5.956683,0.0],[-45.456499,-5.961399,0.0],[-45.464724,-5.957469,0.0],[-45.470881,-5.963309,0.0],[-45.469605,-5.968754,0.0],[-45.475041,-5.96955,0.0],[-45.479837,-5.972428,0.0],[-45.479362,-5.977392,0.0],[-45.485838,-5.980509,0.0],[-45.501266,-5.992424,0.0],[-45.506622,-5.996022,0.0],[-45.513256,-5.999459,0.0],[-45.525325,-6.00417,0.0],[-45.526126,-6.006892,0.0],[-45.526453,-6.012977,0.0],[-45.52358,-6.016983,0.0],[-45.528218,-6.021301,0.0],[-45.5383,-6.036663,0.0],[-45.544305,-6.048266,0.0],[-45.550225,-6.055465,0.0],[-45.55662,-6.058821,0.0],[-45.562312,-6.077148,0.0],[-45.568229,-6.079706,0.0],[-45.586536,-6.088092,0.0],[-45.592293,-6.090968,0.0],[-45.598368,-6.094964,0.0],[-45.613404,-6.106316,0.0],[-45.609812,-6.108162,0.0],[-45.611256,-6.113604,0.0],[-45.61534,-6.120244,0.0],[-45.62613,-6.122234,0.0],[-45.632695,-6.132632,0.0],[-45.637814,-6.13695,0.0],[-45.644695,-6.143028,0.0],[-45.653648,-6.145898,0.0],[-45.659181,-6.159741,0.0],[-45.662385,-6.166462,0.0],[-45.676383,-6.176292,0.0],[-45.690372,-6.179237,0.0],[-45.702135,-6.190509,0.0],[-45.715728,-6.195295,0.0],[-45.726843,-6.199523,0.0],[-45.733234,-6.198073,0.0],[-45.741645,-6.202305,0.0],[-45.747704,-6.209466,0.0],[-45.745087,-6.21346,0.0],[-45.746464,-6.218555,0.0],[-45.755592,-6.233968,0.0],[-45.78091,-6.232457,0.0],[-45.787858,-6.232528,0.0],[-45.79469,-6.240684,0.0],[-45.792,-6.249174,0.0],[-45.800635,-6.260267,0.0],[-45.82105,-6.273708,0.0],[-45.831415,-6.279551,0.0],[-45.835775,-6.290867,0.0],[-45.840416,-6.304361,0.0],[-45.848751,-6.33186,0.0],[-45.859858,-6.332732,0.0],[-45.88303,-6.343229,0.0],[-45.90305,-6.295241,0.0],[-45.932584,-6.27979,0.0],[-45.947021,-6.270668,0.0],[-45.970809,-6.258965,0.0],[-45.981473,-6.256744,0.0],[-46.000694,-6.256228,0.0],[-46.013216,-6.263601,0.0],[-46.022915,-6.263927,0.0],[-46.037666,-6.256846,0.0],[-46.054804,-6.247204,0.0],[-46.064308,-6.245063,0.0],[-46.450963,-6.267443,0.0],[-46.456193,-6.27386,0.0],[-46.456331,-6.283192,0.0],[-46.464852,-6.28162,0.0],[-46.469552,-5.751102,0.0],[-46.46356,-5.75038,0.0],[-46.459941,-5.746109,0.0],[-46.457423,-5.738676,0.0],[-46.45036,-5.741571,0.0],[-46.448001,-5.737128,0.0],[-46.442665,-5.731498,0.0],[-46.441498,-5.728051,0.0],[-46.432442,-5.72397,0.0],[-46.427636,-5.723691,0.0],[-46.424227,-5.723422,0.0],[-46.415527,-5.722412,0.0],[-46.409,-5.722406,0.0],[-46.405028,-5.723036,0.0],[-46.397887,-5.716135,0.0],[-46.389746,-5.707065,0.0],[-46.385414,-5.700892,0.0],[-46.381273,-5.691151,0.0],[-46.375469,-5.684843,0.0],[-46.375031,-5.677134,0.0],[-46.371388,-5.676039,0.0],[-46.369587,-5.674319,0.0],[-46.357362,-5.675119,0.0],[-46.349031,-5.678372,0.0],[-46.345782,-5.675748,0.0],[-46.343364,-5.668016,0.0],[-46.335916,-5.666671,0.0],[-46.332222,-5.666304,0.0],[-46.33286,-5.663762,0.0],[-46.329973,-5.655328,0.0],[-46.327833,-5.333518,0.0],[-46.322258,-5.335339,0.0],[-46.312428,-5.348062,0.0],[-46.309452,-5.358885,0.0],[-46.281769,-5.35911,0.0],[-46.249661,-5.351112,0.0],[-46.23352,-5.344055,0.0],[-46.214944,-5.333236,0.0],[-46.205304,-5.325766,0.0],[-46.195354,-5.279173,0.0],[-46.182094,-5.275632,0.0],[-46.169683,-5.279424,0.0],[-46.153601,-5.280092,0.0],[-46.142417,-5.280446,0.0],[-46.140116,-5.282732,0.0],[-46.132164,-5.28067,0.0],[-46.122146,-5.279939,0.0],[-46.113043,-5.277563,0.0],[-46.099417,-5.290552,0.0],[-46.093135,-5.291512,0.0],[-46.082727,-5.295867,0.0],[-46.074756,-5.293624,0.0],[-46.071303,-5.296122,0.0],[-46.061893,-5.295052,0.0],[-46.05092,-5.30119,0.0],[-46.04175,-5.302345,0.0],[-46.032703,-5.299191,0.0],[-46.020987,-5.295655,0.0],[-46.00505,-5.303354,0.0],[-45.995482,-5.302326,0.0],[-45.99935,-5.292888,0.0],[-45.997657,-5.292907,0.0],[-45.98564,-5.289381,0.0],[-45.969439,-5.301592,0.0],[-45.959565,-5.301615,0.0],[-45.950816,-5.306696,0.0],[-45.945928,-5.312394,0.0],[-45.938353,-5.304022,0.0],[-45.932,-5.307209,0.0],[-45.932461,-5.312698,0.0]]]}},{"type":"Feature","properties":{"codigo":"2105153","nome":"Igarapé do Meio","area_km2":368.39,"regiao":null,"bioma":"Amazônia","pop_2022":13974.0,"pop_2025":14383.0},"geometry":{"type":"Polygon","coordinates":[[[-45.031358,-3.571045,0.0],[-45.020696,-3.572306,0.0],[-45.001471,-3.581702,0.0],[-45.034143,-3.681395,0.0],[-45.048939,-3.718284,0.0],[-45.050166,-3.724459,0.0],[-45.051098,-3.717327,0.0],[-45.057234,-3.710387,0.0],[-45.061112,-3.713977,0.0],[-45.075152,-3.717134,0.0],[-45.082713,-3.71455,0.0],[-45.077559,-3.719479,0.0],[-45.080603,-3.71967,0.0],[-45.08787,-3.72503,0.0],[-45.087182,-3.729911,0.0],[-45.090766,-3.733596,0.0],[-45.091406,-3.730199,0.0],[-45.097345,-3.733405,0.0],[-45.097982,-3.728379,0.0],[-45.100879,-3.73283,0.0],[-45.10623,-3.735366,0.0],[-45.105103,-3.740678,0.0],[-45.109325,-3.738665,0.0],[-45.108687,-3.743213,0.0],[-45.113302,-3.74465,0.0],[-45.110602,-3.748527,0.0],[-45.119489,-3.746372,0.0],[-45.135736,-3.729857,0.0],[-45.139909,-3.726363,0.0],[-45.147027,-3.730526,0.0],[-45.15125,-3.729855,0.0],[-45.288221,-3.718201,0.0],[-45.286409,-3.708957,0.0],[-45.283867,-3.700293,0.0],[-45.27934,-3.696693,0.0],[-45.26251,-3.688994,0.0],[-45.255778,-3.695186,0.0],[-45.24997,-3.687789,0.0],[-45.241941,-3.680832,0.0],[-45.235048,-3.668568,0.0],[-45.232855,-3.652644,0.0],[-45.228038,-3.652342,0.0],[-45.21344,-3.638813,0.0],[-45.208329,-3.631471,0.0],[-45.190638,-3.624543,0.0],[-45.178932,-3.621437,0.0],[-45.174407,-3.615302,0.0],[-45.168714,-3.614288,0.0],[-45.16343,-3.608376,0.0],[-45.157037,-3.604113,0.0],[-45.144892,-3.596524,0.0],[-45.136631,-3.589183,0.0],[-45.130064,-3.587283,0.0],[-45.125918,-3.58173,0.0],[-45.124106,-3.568693,0.0],[-45.112596,-3.562924,0.0],[-45.099549,-3.558944,0.0],[-45.090845,-3.563993,0.0],[-45.083637,-3.564757,0.0],[-45.077501,-3.56705,0.0],[-45.065167,-3.571008,0.0],[-45.05808,-3.572297,0.0],[-45.038199,-3.571192,0.0],[-45.031358,-3.571045,0.0]]]}},{"type":"Feature","properties":{"codigo":"2105203","nome":"Igarapé Grande","area_km2":345.94,"regiao":null,"bioma":"Cerrado","pop_2022":10231.0,"pop_2025":10461.0},"geometry":{"type":"Polygon","coordinates":[[[-44.747614,-4.566406,0.0],[-44.759796,-4.566033,0.0],[-44.774584,-4.570826,0.0],[-44.788635,-4.571204,0.0],[-44.801994,-4.569144,0.0],[-44.797051,-4.583706,0.0],[-44.794992,-4.593385,0.0],[-44.755348,-4.711329,0.0],[-44.942303,-4.686848,0.0],[-44.933294,-4.667038,0.0],[-44.921257,-4.655743,0.0],[-44.902875,-4.645281,0.0],[-44.902745,-4.636373,0.0],[-44.903576,-4.626573,0.0],[-44.89456,-4.625078,0.0],[-44.891541,-4.61967,0.0],[-44.898853,-4.599849,0.0],[-44.896711,-4.591281,0.0],[-44.891505,-4.590088,0.0],[-44.885156,-4.581519,0.0],[-44.876973,-4.580597,0.0],[-44.87264,-4.574838,0.0],[-44.865986,-4.569265,0.0],[-44.861723,-4.559864,0.0],[-44.857573,-4.552501,0.0],[-44.848659,-4.53654,0.0],[-44.847515,-4.51543,0.0],[-44.842969,-4.505363,0.0],[-44.836436,-4.503498,0.0],[-44.840896,-4.494081,0.0],[-44.84271,-4.486986,0.0],[-44.848626,-4.480557,0.0],[-44.857854,-4.477147,0.0],[-44.851717,-4.477103,0.0],[-44.848009,-4.474441,0.0],[-44.852444,-4.467688,0.0],[-44.850375,-4.462044,0.0],[-44.747653,-4.454681,0.0],[-44.747614,-4.566406,0.0]]]}},{"type":"Feature","properties":{"codigo":"2105351","nome":"Itaipava do Grajaú","area_km2":1243.6,"regiao":null,"bioma":"Cerrado","pop_2022":13828.0,"pop_2025":14142.0},"geometry":{"type":"Polygon","coordinates":[[[-45.608714,-4.992882,0.0],[-45.599289,-4.993149,0.0],[-45.351106,-5.038808,0.0],[-45.279847,-5.055277,0.0],[-45.290646,-5.068118,0.0],[-45.304455,-5.072107,0.0],[-45.327513,-5.079726,0.0],[-45.34846,-5.080187,0.0],[-45.347882,-5.094161,0.0],[-45.329158,-5.095463,0.0],[-45.328341,-5.099923,0.0],[-45.332091,-5.104267,0.0],[-45.327173,-5.102626,0.0],[-45.325418,-5.103684,0.0],[-45.330692,-5.120003,0.0],[-45.329175,-5.127166,0.0],[-45.317123,-5.131752,0.0],[-45.314096,-5.163671,0.0],[-45.325443,-5.190754,0.0],[-45.334662,-5.205348,0.0],[-45.335076,-5.201289,0.0],[-45.335349,-5.184619,0.0],[-45.342004,-5.16968,0.0],[-45.350763,-5.154123,0.0],[-45.361089,-5.150913,0.0],[-45.373223,-5.139999,0.0],[-45.388884,-5.138072,0.0],[-45.397392,-5.136448,0.0],[-45.403639,-5.135418,0.0],[-45.417197,-5.128367,0.0],[-45.423773,-5.125945,0.0],[-45.432819,-5.123411,0.0],[-45.437875,-5.122074,0.0],[-45.439496,-5.114972,0.0],[-45.4455,-5.108328,0.0],[-45.456358,-5.099105,0.0],[-45.466288,-5.092288,0.0],[-45.467592,-5.081919,0.0],[-45.483106,-5.069507,0.0],[-45.519401,-5.141272,0.0],[-45.618476,-5.153895,0.0],[-45.735063,-5.26305,0.0],[-45.746532,-5.285097,0.0],[-45.809808,-5.3108,0.0],[-45.740354,-5.402793,0.0],[-45.777605,-5.433586,0.0],[-45.79898,-5.448702,0.0],[-45.843202,-5.408588,0.0],[-45.885854,-5.443765,0.0],[-46.00165,-5.362196,0.0],[-45.9943,-5.358242,0.0],[-45.987487,-5.355727,0.0],[-45.984847,-5.331429,0.0],[-45.977103,-5.334463,0.0],[-45.973571,-5.338088,0.0],[-45.969373,-5.33557,0.0],[-45.965453,-5.333798,0.0],[-45.956492,-5.330068,0.0],[-45.953409,-5.326332,0.0],[-45.939969,-5.318401,0.0],[-45.937909,-5.313822,0.0],[-45.931035,-5.309475,0.0],[-45.928352,-5.299337,0.0],[-45.931687,-5.292505,0.0],[-45.932142,-5.287819,0.0],[-45.927988,-5.287403,0.0],[-45.924289,-5.2874,0.0],[-45.92111,-5.283789,0.0],[-45.918023,-5.283884,0.0],[-45.915829,-5.279092,0.0],[-45.913955,-5.275776,0.0],[-45.910574,-5.267305,0.0],[-45.911221,-5.264606,0.0],[-45.906968,-5.26367,0.0],[-45.906034,-5.256759,0.0],[-45.89871,-5.251016,0.0],[-45.891665,-5.24949,0.0],[-45.887854,-5.249104,0.0],[-45.888429,-5.240978,0.0],[-45.883799,-5.239644,0.0],[-45.882787,-5.237683,0.0],[-45.87894,-5.236316,0.0],[-45.87816,-5.238132,0.0],[-45.875775,-5.234505,0.0],[-45.872576,-5.23062,0.0],[-45.870367,-5.235493,0.0],[-45.868051,-5.234075,0.0],[-45.863385,-5.230876,0.0],[-45.855465,-5.205428,0.0],[-45.852732,-5.205724,0.0],[-45.848628,-5.211387,0.0],[-45.844355,-5.206996,0.0],[-45.83966,-5.205922,0.0],[-45.841978,-5.201108,0.0],[-45.83672,-5.200548,0.0],[-45.835159,-5.197742,0.0],[-45.833002,-5.193735,0.0],[-45.830945,-5.190437,0.0],[-45.82423,-5.190036,0.0],[-45.821654,-5.187914,0.0],[-45.820149,-5.183993,0.0],[-45.819681,-5.174583,0.0],[-45.815055,-5.175308,0.0],[-45.814919,-5.171016,0.0],[-45.814261,-5.167355,0.0],[-45.813248,-5.163694,0.0],[-45.807054,-5.161854,0.0],[-45.805324,-5.160091,0.0],[-45.804121,-5.161792,0.0],[-45.801416,-5.161501,0.0],[-45.797174,-5.156586,0.0],[-45.795086,-5.154055,0.0],[-45.793519,-5.153271,0.0],[-45.795698,-5.149705,0.0],[-45.794974,-5.143509,0.0],[-45.795326,-5.139534,0.0],[-45.797836,-5.138616,0.0],[-45.797571,-5.135605,0.0],[-45.799433,-5.12822,0.0],[-45.795735,-5.126167,0.0],[-45.790294,-5.1186,0.0],[-45.784601,-5.123602,0.0],[-45.78295,-5.120255,0.0],[-45.782586,-5.118362,0.0],[-45.779172,-5.119253,0.0],[-45.777766,-5.119536,0.0],[-45.776554,-5.115183,0.0],[-45.774182,-5.112848,0.0],[-45.768837,-5.112976,0.0],[-45.758009,-5.096377,0.0],[-45.754506,-5.092786,0.0],[-45.755595,-5.089928,0.0],[-45.752978,-5.085294,0.0],[-45.752649,-5.080738,0.0],[-45.749509,-5.073888,0.0],[-45.746213,-5.073125,0.0],[-45.747583,-5.076188,0.0],[-45.743647,-5.078088,0.0],[-45.739264,-5.074948,0.0],[-45.740312,-5.078212,0.0],[-45.73649,-5.072975,0.0],[-45.732708,-5.067696,0.0],[-45.732702,-5.063868,0.0],[-45.729007,-5.063549,0.0],[-45.727471,-5.056455,0.0],[-45.725499,-5.050972,0.0],[-45.722561,-5.048677,0.0],[-45.724689,-5.047506,0.0],[-45.722918,-5.044927,0.0],[-45.719661,-5.042391,0.0],[-45.714239,-5.043723,0.0],[-45.715811,-5.046952,0.0],[-45.712753,-5.044215,0.0],[-45.708536,-5.046032,0.0],[-45.703913,-5.043578,0.0],[-45.695634,-5.04149,0.0],[-45.690127,-5.039359,0.0],[-45.68394,-5.038962,0.0],[-45.680037,-5.033281,0.0],[-45.677181,-5.031267,0.0],[-45.674408,-5.029254,0.0],[-45.670431,-5.030468,0.0],[-45.660302,-5.026284,0.0],[-45.654308,-5.01859,0.0],[-45.654385,-5.015566,0.0],[-45.652777,-5.013349,0.0],[-45.649077,-5.009805,0.0],[-45.647344,-5.005896,0.0],[-45.644415,-5.00549,0.0],[-45.644169,-5.00328,0.0],[-45.63963,-5.003526,0.0],[-45.637338,-5.002278,0.0],[-45.634127,-5.004094,0.0],[-45.63004,-5.002233,0.0],[-45.619934,-4.98778,0.0],[-45.613242,-4.98849,0.0],[-45.608714,-4.992882,0.0]]]}},{"type":"Feature","properties":{"codigo":"2105401","nome":"Itapecuru Mirim","area_km2":1479.7,"regiao":null,"bioma":"Cerrado","pop_2022":60440.0,"pop_2025":62264.0},"geometry":{"type":"Polygon","coordinates":[[[-44.412082,-3.212018,0.0],[-44.416368,-3.218253,0.0],[-44.411196,-3.224991,0.0],[-44.406719,-3.230555,0.0],[-44.405216,-3.235186,0.0],[-44.400963,-3.239025,0.0],[-44.405651,-3.244723,0.0],[-44.408615,-3.254687,0.0],[-44.40899,-3.264789,0.0],[-44.408431,-3.277992,0.0],[-44.41832,-3.285898,0.0],[-44.430437,-3.290407,0.0],[-44.433115,-3.292742,0.0],[-44.43611,-3.299649,0.0],[-44.441216,-3.303925,0.0],[-44.444676,-3.306138,0.0],[-44.449184,-3.313168,0.0],[-44.44402,-3.328521,0.0],[-44.451402,-3.331637,0.0],[-44.458245,-3.33948,0.0],[-44.45677,-3.343155,0.0],[-44.464398,-3.349068,0.0],[-44.472875,-3.352138,0.0],[-44.482302,-3.360186,0.0],[-44.481352,-3.364057,0.0],[-44.484326,-3.369827,0.0],[-44.489352,-3.380176,0.0],[-44.493696,-3.379201,0.0],[-44.500782,-3.383571,0.0],[-44.505983,-3.386216,0.0],[-44.51084,-3.39024,0.0],[-44.50896,-3.397401,0.0],[-44.512231,-3.40572,0.0],[-44.520326,-3.411649,0.0],[-44.519966,-3.417812,0.0],[-44.514425,-3.424451,0.0],[-44.509957,-3.43298,0.0],[-44.511015,-3.445997,0.0],[-44.520317,-3.450246,0.0],[-44.523732,-3.459174,0.0],[-44.535798,-3.462408,0.0],[-44.537905,-3.462798,0.0],[-44.556699,-3.454042,0.0],[-44.567322,-3.453193,0.0],[-44.583242,-3.45215,0.0],[-44.58286,-3.451058,0.0],[-44.499496,-3.342676,0.0],[-44.493309,-3.329825,0.0],[-44.495278,-3.321475,0.0],[-44.490255,-3.313476,0.0],[-44.492043,-3.303851,0.0],[-44.485458,-3.308721,0.0],[-44.481359,-3.312562,0.0],[-44.454188,-3.284379,0.0],[-44.458185,-3.275338,0.0],[-44.462223,-3.268165,0.0],[-44.468462,-3.264145,0.0],[-44.462444,-3.264399,0.0],[-44.422168,-3.243252,0.0],[-44.426852,-3.23783,0.0],[-44.435184,-3.235712,0.0],[-44.442854,-3.218932,0.0],[-44.436412,-3.217156,0.0],[-44.430087,-3.213848,0.0],[-44.423762,-3.211216,0.0],[-44.422387,-3.204482,0.0],[-44.412082,-3.212018,0.0]]]}},{"type":"Feature","properties":{"codigo":"2105427","nome":"Itinga do Maranhão","area_km2":3586.2,"regiao":null,"bioma":"Amazônia","pop_2022":22513.0,"pop_2025":22896.0},"geometry":{"type":"MultiPolygon","coordinates":[[[[-47.275547,-4.686491,0.0],[-47.278857,-4.689555,0.0],[-47.278495,-4.688334,0.0],[-47.275547,-4.686491,0.0]]],[[[-47.243833,-4.650171,0.0],[-47.253529,-4.663864,0.0],[-47.253185,-4.660457,0.0],[-47.251268,-4.657306,0.0],[-47.243833,-4.650171,0.0]]],[[[-47.229987,-4.636555,0.0],[-47.230043,-4.631465,0.0],[-47.227481,-4.604756,0.0],[-47.23708,-4.58729,0.0],[-47.231161,-4.57122,0.0],[-47.224907,-4.60075,0.0],[-47.229987,-4.636555,0.0]]],[[[-47.233571,-4.559844,0.0],[-47.237222,-4.564041,0.0],[-47.240631,-4.556353,0.0],[-47.241583,-4.540707,0.0],[-47.247826,-4.532887,0.0],[-47.245635,-4.534396,0.0],[-47.237209,-4.554268,0.0],[-47.233571,-4.559844,0.0]]],[[[-47.252817,-4.51039,0.0],[-47.25631,-4.501935,0.0],[-47.259506,-4.494965,0.0],[-47.248173,-4.492947,0.0],[-47.252825,-4.500464,0.0],[-47.253857,-4.505087,0.0],[-47.252817,-4.51039,0.0]]],[[[-47.236111,-4.424252,0.0],[-47.244015,-4.432004,0.0],[-47.24183,-4.440711,0.0],[-47.247685,-4.463382,0.0],[-47.254503,-4.441291,0.0],[-47.248668,-4.431826,0.0],[-47.241417,-4.429689,0.0],[-47.236111,-4.424252,0.0]]],[[[-47.210303,-4.406658,0.0],[-47.214999,-4.416752,0.0],[-47.214976,-4.409103,0.0],[-47.213825,-4.406667,0.0],[-47.211458,-4.404163,0.0],[-47.206942,-4.403187,0.0],[-47.210303,-4.406658,0.0]]],[[[-47.187755,-4.388678,0.0],[-47.190768,-4.390671,0.0],[-47.186733,-4.387369,0.0],[-47.187755,-4.388678,0.0]]],[[[-47.141482,-4.323006,0.0],[-47.176995,-4.374902,0.0],[-47.178867,-4.362943,0.0],[-47.168865,-4.3462,0.0],[-47.163644,-4.340245,0.0],[-47.141482,-4.323006,0.0]]],[[[-47.134676,-4.307952,0.0],[-47.137306,-4.315269,0.0],[-47.137155,-4.312663,0.0],[-47.134676,-4.307952,0.0]]],[[[-47.127055,-4.28675,0.0],[-47.130771,-4.297088,0.0],[-47.128942,-4.28958,0.0],[-47.127055,-4.28675,0.0]]],[[[-47.049638,-4.227954,0.0],[-47.07274,-4.23663,0.0],[-47.072871,-4.236629,0.0],[-47.064857,-4.22938,0.0],[-47.049638,-4.227954,0.0]]],[[[-47.029686,-4.220461,0.0],[-47.04045,-4.224503,0.0],[-47.035417,-4.220623,0.0],[-47.027708,-4.210776,0.0],[-47.023811,-4.20899,0.0],[-47.025438,-4.213798,0.0],[-47.02829,-4.216265,0.0],[-47.029686,-4.220461,0.0]]],[[[-46.946329,-4.080392,0.0],[-46.924988,-4.084917,0.0],[-46.948485,-4.080655,0.0],[-46.963413,-4.094472,0.0],[-46.964381,-4.112722,0.0],[-46.97228,-4.122774,0.0],[-46.999992,-4.156964,0.0],[-46.991617,-4.142482,0.0],[-46.976655,-4.113813,0.0],[-46.978102,-4.096915,0.0],[-46.966948,-4.084069,0.0],[-46.951133,-4.075615,0.0],[-46.946329,-4.080392,0.0]]]]}},{"type":"Feature","properties":{"codigo":"2105476","nome":"Jenipapo dos Vieiras","area_km2":1961.0,"regiao":null,"bioma":"Cerrado","pop_2022":17076.0,"pop_2025":17529.0},"geometry":{"type":"Polygon","coordinates":[[[-45.340166,-5.206998,0.0],[-45.348712,-5.206855,0.0],[-45.359788,-5.219738,0.0],[-45.359295,-5.225132,0.0],[-45.345988,-5.233916,0.0],[-45.339261,-5.246615,0.0],[-45.343446,-5.255931,0.0],[-45.351578,-5.264273,0.0],[-45.368692,-5.279015,0.0],[-45.382784,-5.283551,0.0],[-45.397719,-5.281988,0.0],[-45.406467,-5.283419,0.0],[-45.423725,-5.278127,0.0],[-45.422955,-5.285738,0.0],[-45.433641,-5.291515,0.0],[-45.447717,-5.276867,0.0],[-45.467739,-5.274195,0.0],[-45.483618,-5.29758,0.0],[-45.467683,-5.338119,0.0],[-45.456371,-5.384636,0.0],[-45.45523,-5.389528,0.0],[-45.444774,-5.396389,0.0],[-45.438614,-5.41247,0.0],[-45.430459,-5.433147,0.0],[-45.42651,-5.44167,0.0],[-45.421153,-5.446712,0.0],[-45.52345,-5.508823,0.0],[-45.427491,-5.605025,0.0],[-45.431774,-5.609653,0.0],[-45.440053,-5.604672,0.0],[-45.446246,-5.609471,0.0],[-45.445719,-5.613468,0.0],[-45.454463,-5.617896,0.0],[-45.463026,-5.620856,0.0],[-45.471215,-5.619991,0.0],[-45.480843,-5.621086,0.0],[-45.48308,-5.62349,0.0],[-45.488078,-5.632993,0.0],[-45.490314,-5.63661,0.0],[-45.498584,-5.642319,0.0],[-45.504188,-5.646151,0.0],[-45.507661,-5.651267,0.0],[-45.503129,-5.656719,0.0],[-45.508662,-5.660322,0.0],[-45.514442,-5.660689,0.0],[-45.518077,-5.658223,0.0],[-45.517858,-5.662052,0.0],[-45.522912,-5.662869,0.0],[-45.520159,-5.669573,0.0],[-45.526659,-5.676913,0.0],[-45.532301,-5.679858,0.0],[-45.53916,-5.68382,0.0],[-45.546438,-5.690475,0.0],[-45.552967,-5.692109,0.0],[-45.551269,-5.697822,0.0],[-45.552934,-5.706679,0.0],[-45.548976,-5.711325,0.0],[-45.558502,-5.717176,0.0],[-45.576159,-5.729299,0.0],[-45.576667,-5.734305,0.0],[-45.585734,-5.737905,0.0],[-45.587102,-5.745682,0.0],[-45.591887,-5.745298,0.0],[-45.591362,-5.748885,0.0],[-45.593341,-5.754633,0.0],[-45.59517,-5.761418,0.0],[-45.598007,-5.770568,0.0],[-45.608041,-5.776246,0.0],[-45.740515,-5.400047,0.0],[-45.775795,-5.282784,0.0],[-45.743007,-5.283094,0.0],[-45.68427,-5.179584,0.0],[-45.532304,-5.191225,0.0],[-45.486204,-5.055138,0.0],[-45.474057,-5.079641,0.0],[-45.465112,-5.088295,0.0],[-45.46177,-5.096633,0.0],[-45.452772,-5.105894,0.0],[-45.439838,-5.111561,0.0],[-45.440903,-5.118192,0.0],[-45.435488,-5.121483,0.0],[-45.429079,-5.121266,0.0],[-45.419775,-5.124819,0.0],[-45.406852,-5.134344,0.0],[-45.400036,-5.135023,0.0],[-45.39436,-5.136011,0.0],[-45.386735,-5.140333,0.0],[-45.366938,-5.146936,0.0],[-45.354841,-5.154374,0.0],[-45.343942,-5.157161,0.0],[-45.342004,-5.16968,0.0],[-45.335349,-5.184619,0.0],[-45.335076,-5.201289,0.0],[-45.340166,-5.206998,0.0]]]}},{"type":"Feature","properties":{"codigo":"2105500","nome":"João Lisboa","area_km2":1137.8,"regiao":null,"bioma":"Amazônia","pop_2022":24709.0,"pop_2025":25311.0},"geometry":{"type":"Polygon","coordinates":[[[-46.887323,-5.205427,0.0],[-46.908016,-5.216821,0.0],[-46.921106,-5.221149,0.0],[-46.934176,-5.214973,0.0],[-46.946153,-5.212925,0.0],[-46.952771,-5.219664,0.0],[-46.96355,-5.227646,0.0],[-46.968783,-5.233418,0.0],[-46.981916,-5.242715,0.0],[-46.995724,-5.251935,0.0],[-46.999322,-5.26476,0.0],[-47.023522,-5.273979,0.0],[-47.028679,-5.278581,0.0],[-47.031585,-5.282051,0.0],[-47.041273,-5.292713,0.0],[-47.04364,-5.297997,0.0],[-47.054252,-5.29938,0.0],[-47.056057,-5.304994,0.0],[-47.057342,-5.310287,0.0],[-47.070121,-5.31237,0.0],[-47.07923,-5.310952,0.0],[-47.094503,-5.315146,0.0],[-47.111231,-5.313528,0.0],[-47.130168,-5.322338,0.0],[-47.147923,-5.329126,0.0],[-47.163334,-5.33861,0.0],[-47.180282,-5.349805,0.0],[-47.19062,-5.351591,0.0],[-47.202013,-5.355155,0.0],[-47.217448,-5.349685,0.0],[-47.225258,-5.342657,0.0],[-47.248368,-5.3483,0.0],[-47.256477,-5.353203,0.0],[-47.273522,-5.364884,0.0],[-47.268196,-5.367501,0.0],[-47.273097,-5.360997,0.0],[-47.275763,-5.354099,0.0],[-47.277173,-5.349866,0.0],[-47.275218,-5.332838,0.0],[-47.270167,-5.324004,0.0],[-47.257589,-5.309915,0.0],[-47.237789,-5.311546,0.0],[-47.226927,-5.305827,0.0],[-47.227419,-5.296689,0.0],[-47.228628,-5.287787,0.0],[-47.23045,-5.275319,0.0],[-47.2256,-5.265949,0.0],[-47.221694,-5.25461,0.0],[-47.208317,-5.244963,0.0],[-47.204455,-5.237279,0.0],[-47.202513,-5.233301,0.0],[-47.188754,-5.224111,0.0],[-47.184981,-5.217619,0.0],[-47.184063,-5.211459,0.0],[-47.180017,-5.199661,0.0],[-47.177227,-5.197088,0.0],[-47.180163,-5.195061,0.0],[-47.172079,-5.192814,0.0],[-47.170263,-5.184249,0.0],[-47.166152,-5.183205,0.0],[-47.156543,-5.178798,0.0],[-47.157076,-5.171706,0.0],[-47.149613,-5.163174,0.0],[-47.150445,-5.152985,0.0],[-47.142388,-5.150644,0.0],[-47.134301,-5.140051,0.0],[-47.13768,-5.136678,0.0],[-47.133932,-5.127324,0.0],[-47.12687,-5.12197,0.0],[-47.127713,-5.114645,0.0],[-47.123475,-5.101988,0.0],[-47.116049,-5.100956,0.0],[-47.117033,-5.093349,0.0],[-47.118601,-5.087141,0.0],[-47.113103,-5.089416,0.0],[-47.108302,-5.087901,0.0],[-47.100434,-5.082678,0.0],[-47.097572,-5.077572,0.0],[-47.100158,-5.069708,0.0],[-47.081315,-5.057039,0.0],[-47.066677,-5.055631,0.0],[-47.042153,-5.06056,0.0],[-47.030643,-5.052044,0.0],[-47.00925,-5.046676,0.0],[-46.981366,-5.042348,0.0],[-46.948342,-5.032432,0.0],[-46.928684,-5.019587,0.0],[-46.921485,-5.010675,0.0],[-46.913139,-5.005256,0.0],[-46.90679,-4.997212,0.0],[-46.900234,-5.011514,0.0],[-46.898816,-5.022368,0.0],[-46.900675,-5.032484,0.0],[-46.8935,-5.048346,0.0],[-46.890233,-5.05311,0.0],[-46.889295,-5.063301,0.0],[-46.885582,-5.076271,0.0],[-46.874281,-5.079819,0.0],[-46.870289,-5.09596,0.0],[-46.875167,-5.111509,0.0],[-46.879509,-5.120962,0.0],[-46.879798,-5.124933,0.0],[-46.87864,-5.130206,0.0],[-46.873981,-5.131225,0.0],[-46.869854,-5.136853,0.0],[-46.872206,-5.150083,0.0],[-46.875346,-5.160611,0.0],[-46.879561,-5.173282,0.0],[-46.883371,-5.177153,0.0],[-46.888564,-5.181128,0.0],[-46.887329,-5.184322,0.0],[-46.888274,-5.18817,0.0],[-46.890426,-5.192018,0.0],[-46.887617,-5.19972,0.0],[-46.887323,-5.205427,0.0]]]}},{"type":"Feature","properties":{"codigo":"2105609","nome":"Joselândia","area_km2":702.53,"regiao":null,"bioma":"Cerrado","pop_2022":14924.0,"pop_2025":15227.0},"geometry":{"type":"Polygon","coordinates":[[[-44.642999,-4.857025,0.0],[-44.644254,-4.860519,0.0],[-44.640706,-4.865345,0.0],[-44.639936,-4.868758,0.0],[-44.64122,-4.874935,0.0],[-44.638859,-4.877414,0.0],[-44.63807,-4.879089,0.0],[-44.633467,-4.880134,0.0],[-44.632155,-4.882019,0.0],[-44.630288,-4.88677,0.0],[-44.628274,-4.883691,0.0],[-44.625918,-4.885899,0.0],[-44.6253,-4.887171,0.0],[-44.621986,-4.888564,0.0],[-44.619422,-4.890552,0.0],[-44.615693,-4.89016,0.0],[-44.619025,-4.89273,0.0],[-44.617813,-4.893277,0.0],[-44.615071,-4.894941,0.0],[-44.616282,-4.898686,0.0],[-44.617888,-4.900187,0.0],[-44.622166,-4.900617,0.0],[-44.623383,-4.903305,0.0],[-44.628691,-4.904704,0.0],[-44.628629,-4.907429,0.0],[-44.627669,-4.908938,0.0],[-44.629836,-4.908751,0.0],[-44.632129,-4.911172,0.0],[-44.631895,-4.912518,0.0],[-44.63069,-4.915343,0.0],[-44.628848,-4.917426,0.0],[-44.624887,-4.918612,0.0],[-44.627112,-4.918659,0.0],[-44.624219,-4.9209,0.0],[-44.621743,-4.922964,0.0],[-44.619337,-4.924255,0.0],[-44.614942,-4.924643,0.0],[-44.615863,-4.933808,0.0],[-44.615726,-4.937264,0.0],[-44.613259,-4.939716,0.0],[-44.610814,-4.946106,0.0],[-44.611282,-4.950629,0.0],[-44.616276,-4.955607,0.0],[-44.617239,-4.960803,0.0],[-44.61827,-4.962442,0.0],[-44.62062,-4.967948,0.0],[-44.617095,-4.970409,0.0],[-44.614517,-4.970721,0.0],[-44.615874,-4.971121,0.0],[-44.612908,-4.974603,0.0],[-44.612767,-4.982352,0.0],[-44.611855,-4.980725,0.0],[-44.60723,-4.980998,0.0],[-44.606505,-4.985334,0.0],[-44.611143,-4.987351,0.0],[-44.609137,-4.991343,0.0],[-44.606703,-4.993191,0.0],[-44.603756,-4.997284,0.0],[-44.603001,-4.999209,0.0],[-44.605341,-4.999477,0.0],[-44.608202,-5.001346,0.0],[-44.609471,-5.002814,0.0],[-44.609123,-4.999665,0.0],[-44.611106,-4.999984,0.0],[-44.615073,-5.000758,0.0],[-44.617533,-5.002238,0.0],[-44.618878,-5.00718,0.0],[-44.619831,-5.010863,0.0],[-44.61907,-5.015034,0.0],[-44.622083,-5.017203,0.0],[-44.628485,-5.019346,0.0],[-44.631006,-5.023516,0.0],[-44.632568,-5.026751,0.0],[-44.634045,-5.032052,0.0],[-44.6338,-5.03433,0.0],[-44.639235,-5.037751,0.0],[-44.638896,-5.040535,0.0],[-44.63611,-5.043854,0.0],[-44.635649,-5.046875,0.0],[-44.6401,-5.050011,0.0],[-44.640262,-5.052157,0.0],[-44.638523,-5.056412,0.0],[-44.63981,-5.059984,0.0],[-44.648211,-5.059264,0.0],[-44.650947,-5.054691,0.0],[-44.653342,-5.050716,0.0],[-44.659608,-5.049328,0.0],[-44.666492,-5.057145,0.0],[-44.66263,-5.062986,0.0],[-44.665767,-5.066204,0.0],[-44.65795,-5.069804,0.0],[-44.655692,-5.078934,0.0],[-44.65661,-5.083565,0.0],[-44.655544,-5.088855,0.0],[-44.658369,-5.091265,0.0],[-44.662809,-5.092887,0.0],[-44.66844,-5.089598,0.0],[-44.675226,-5.089856,0.0],[-44.675795,-5.095544,0.0],[-44.682689,-5.098183,0.0],[-44.684338,-5.105811,0.0],[-44.688448,-5.104862,0.0],[-44.691254,-5.105059,0.0],[-44.68998,-5.107887,0.0],[-44.693051,-5.111054,0.0],[-44.69662,-5.109136,0.0],[-44.698225,-5.113728,0.0],[-44.697149,-5.117072,0.0],[-44.697272,-5.121733,0.0],[-44.698396,-5.125978,0.0],[-44.702553,-5.126776,0.0],[-44.704636,-5.128574,0.0],[-44.712551,-5.136936,0.0],[-44.709913,-5.139095,0.0],[-44.710001,-5.14053,0.0],[-44.714822,-5.144935,0.0],[-44.71744,-5.148972,0.0],[-44.720203,-5.146909,0.0],[-44.721367,-5.148752,0.0],[-44.723462,-5.148417,0.0],[-44.724336,-5.146489,0.0],[-44.726263,-5.144311,0.0],[-44.727156,-5.144683,0.0],[-44.729301,-5.141574,0.0],[-44.732893,-5.146712,0.0],[-44.73527,-5.144605,0.0],[-44.736495,-5.14788,0.0],[-44.73864,-5.150221,0.0],[-44.74146,-5.155075,0.0],[-44.744639,-5.156547,0.0],[-44.75147,-5.158887,0.0],[-44.752913,-5.163412,0.0],[-44.754743,-5.164841,0.0],[-44.760923,-5.16558,0.0],[-44.765395,-5.171016,0.0],[-44.764237,-5.173708,0.0],[-44.759153,-5.180001,0.0],[-44.761072,-5.181901,0.0],[-44.823784,-5.145786,0.0],[-44.823092,-5.126983,0.0],[-44.827488,-5.115905,0.0],[-44.847898,-5.123206,0.0],[-44.857528,-5.1239,0.0],[-44.855375,-5.112285,0.0],[-44.855917,-5.106422,0.0],[-44.861063,-5.08622,0.0],[-44.862696,-5.075698,0.0],[-44.856025,-5.063699,0.0],[-44.859754,-5.062337,0.0],[-44.868634,-5.054467,0.0],[-44.874036,-5.040304,0.0],[-44.890722,-5.032518,0.0],[-44.901769,-5.034235,0.0],[-44.905557,-5.039107,0.0],[-44.913977,-5.038111,0.0],[-44.917362,-5.039076,0.0],[-44.936211,-5.027435,0.0],[-44.93385,-5.021854,0.0],[-44.932338,-5.018913,0.0],[-44.932185,-5.015558,0.0],[-44.930503,-5.010929,0.0],[-44.933078,-5.008935,0.0],[-44.931082,-5.0056,0.0],[-44.930887,-5.003545,0.0],[-44.932758,-4.998882,0.0],[-44.932087,-4.994162,0.0],[-44.928526,-4.990088,0.0],[-44.926854,-4.992353,0.0],[-44.923319,-4.990262,0.0],[-44.919515,-4.983706,0.0],[-44.918427,-4.982263,0.0],[-44.912281,-4.978396,0.0],[-44.911019,-4.977365,0.0],[-44.910119,-4.980051,0.0],[-44.907992,-4.975871,0.0],[-44.905602,-4.971363,0.0],[-44.898287,-4.96591,0.0],[-44.894983,-4.967408,0.0],[-44.893775,-4.960696,0.0],[-44.888959,-4.960958,0.0],[-44.890588,-4.958407,0.0],[-44.884793,-4.949782,0.0],[-44.881713,-4.952215,0.0],[-44.877774,-4.945243,0.0],[-44.876944,-4.947985,0.0],[-44.872294,-4.944889,0.0],[-44.870384,-4.941158,0.0],[-44.867209,-4.938649,0.0],[-44.86434,-4.936996,0.0],[-44.856839,-4.93934,0.0],[-44.854888,-4.936482,0.0],[-44.84275,-4.934385,0.0],[-44.838457,-4.934214,0.0],[-44.835668,-4.931579,0.0],[-44.835164,-4.935633,0.0],[-44.830421,-4.933517,0.0],[-44.824766,-4.932644,0.0],[-44.820335,-4.929236,0.0],[-44.815469,-4.927311,0.0],[-44.815408,-4.931149,0.0],[-44.810008,-4.931309,0.0],[-44.806365,-4.9293,0.0],[-44.80546,-4.925259,0.0],[-44.801632,-4.922211,0.0],[-44.798629,-4.923964,0.0],[-44.794271,-4.927342,0.0],[-44.789873,-4.92476,0.0],[-44.786944,-4.926737,0.0],[-44.782523,-4.92676,0.0],[-44.781488,-4.929119,0.0],[-44.778329,-4.921332,0.0],[-44.774483,-4.921986,0.0],[-44.769274,-4.916369,0.0],[-44.763234,-4.913237,0.0],[-44.76111,-4.918936,0.0],[-44.755081,-4.91555,0.0],[-44.74692,-4.915511,0.0],[-44.739821,-4.914546,0.0],[-44.743505,-4.910969,0.0],[-44.735471,-4.90953,0.0],[-44.727092,-4.908759,0.0],[-44.718818,-4.903166,0.0],[-44.71409,-4.902048,0.0],[-44.710988,-4.903637,0.0],[-44.705518,-4.904238,0.0],[-44.705045,-4.90134,0.0],[-44.700956,-4.905106,0.0],[-44.699613,-4.900289,0.0],[-44.697136,-4.89484,0.0],[-44.6963,-4.888117,0.0],[-44.69075,-4.88833,0.0],[-44.685563,-4.888225,0.0],[-44.680219,-4.881934,0.0],[-44.675899,-4.879094,0.0],[-44.676649,-4.875705,0.0],[-44.668731,-4.87931,0.0],[-44.668182,-4.876768,0.0],[-44.662271,-4.876185,0.0],[-44.654328,-4.871791,0.0],[-44.652391,-4.866321,0.0],[-44.651192,-4.860817,0.0],[-44.648464,-4.861564,0.0],[-44.645393,-4.859635,0.0],[-44.647396,-4.857683,0.0],[-44.644238,-4.856018,0.0],[-44.642999,-4.857025,0.0]]]}},{"type":"Feature","properties":{"codigo":"2105708","nome":"Lago da Pedra","area_km2":1239.5,"regiao":null,"bioma":"Cerrado","pop_2022":44403.0,"pop_2025":45865.0},"geometry":{"type":"Polygon","coordinates":[[[-45.046046,-4.480482,0.0],[-45.044463,-4.488087,0.0],[-45.052739,-4.517673,0.0],[-45.060542,-4.570322,0.0],[-45.087257,-4.605257,0.0],[-45.084895,-4.623868,0.0],[-45.045502,-4.668387,0.0],[-45.144743,-4.74109,0.0],[-45.156147,-4.83024,0.0],[-45.155612,-4.840896,0.0],[-45.156228,-4.849918,0.0],[-45.155639,-4.859235,0.0],[-45.152828,-4.865072,0.0],[-45.144715,-4.87795,0.0],[-45.136309,-4.893746,0.0],[-45.12576,-4.92143,0.0],[-45.118076,-4.936664,0.0],[-45.040771,-4.912261,0.0],[-45.040255,-4.929812,0.0],[-45.057635,-4.947016,0.0],[-45.104271,-4.968728,0.0],[-45.113254,-4.983675,0.0],[-45.132953,-4.997209,0.0],[-45.192358,-4.996806,0.0],[-45.226937,-5.012047,0.0],[-45.235431,-5.001126,0.0],[-45.232222,-4.992873,0.0],[-45.255583,-4.967878,0.0],[-45.274137,-4.960731,0.0],[-45.276425,-4.952252,0.0],[-45.275271,-4.932175,0.0],[-45.283745,-4.92771,0.0],[-45.279158,-4.914773,0.0],[-45.278009,-4.902725,0.0],[-45.275021,-4.88488,0.0],[-45.279371,-4.875508,0.0],[-45.286932,-4.876844,0.0],[-45.288302,-4.86725,0.0],[-45.295397,-4.853191,0.0],[-45.303411,-4.84538,0.0],[-45.305235,-4.824632,0.0],[-45.316956,-4.807413,0.0],[-45.33042,-4.803203,0.0],[-45.343474,-4.800073,0.0],[-45.408499,-4.796468,0.0],[-45.426804,-4.767008,0.0],[-45.424969,-4.759647,0.0],[-45.420613,-4.754296,0.0],[-45.421987,-4.752288,0.0],[-45.42061,-4.747379,0.0],[-45.420596,-4.726187,0.0],[-45.415559,-4.726413,0.0],[-45.417614,-4.718155,0.0],[-45.419216,-4.715033,0.0],[-45.421729,-4.707891,0.0],[-45.421499,-4.703207,0.0],[-45.416688,-4.699641,0.0],[-45.418743,-4.691385,0.0],[-45.415307,-4.689603,0.0],[-45.411641,-4.685812,0.0],[-45.401567,-4.689387,0.0],[-45.345165,-4.648513,0.0],[-45.325119,-4.66015,0.0],[-45.313414,-4.666028,0.0],[-45.271019,-4.656324,0.0],[-45.250879,-4.635836,0.0],[-45.242786,-4.62772,0.0],[-45.236966,-4.622552,0.0],[-45.223721,-4.613548,0.0],[-45.205542,-4.603101,0.0],[-45.201856,-4.596458,0.0],[-45.202552,-4.580071,0.0],[-45.198823,-4.567828,0.0],[-45.20135,-4.561245,0.0],[-45.213458,-4.55219,0.0],[-45.10949,-4.449303,0.0],[-45.090071,-4.432648,0.0],[-45.088995,-4.450253,0.0],[-45.084265,-4.455085,0.0],[-45.079422,-4.45221,0.0],[-45.060996,-4.455664,0.0],[-45.056627,-4.465068,0.0],[-45.049896,-4.472893,0.0],[-45.046046,-4.480482,0.0]]]}},{"type":"Feature","properties":{"codigo":"2105807","nome":"Lago do Junco","area_km2":328.26,"regiao":null,"bioma":"Cerrado","pop_2022":9506.0,"pop_2025":9687.0},"geometry":{"type":"Polygon","coordinates":[[[-44.848661,-4.456413,0.0],[-44.853529,-4.46561,0.0],[-44.848981,-4.469829,0.0],[-44.849245,-4.476391,0.0],[-44.857471,-4.475374,0.0],[-44.852643,-4.480782,0.0],[-44.846065,-4.482154,0.0],[-44.842576,-4.490533,0.0],[-44.836259,-4.501192,0.0],[-44.838114,-4.505007,0.0],[-44.871381,-4.486781,0.0],[-44.879985,-4.487465,0.0],[-44.893345,-4.486356,0.0],[-44.913759,-4.491759,0.0],[-44.927479,-4.486671,0.0],[-44.927753,-4.520992,0.0],[-44.998077,-4.632107,0.0],[-45.010623,-4.647147,0.0],[-45.02094,-4.65781,0.0],[-45.024744,-4.667157,0.0],[-45.034752,-4.674003,0.0],[-45.040308,-4.685567,0.0],[-45.045502,-4.668387,0.0],[-45.084895,-4.623868,0.0],[-45.087257,-4.605257,0.0],[-45.060542,-4.570322,0.0],[-45.052739,-4.517673,0.0],[-45.044463,-4.488087,0.0],[-45.046046,-4.480482,0.0],[-45.035013,-4.480662,0.0],[-44.873286,-4.384279,0.0],[-44.87264,-4.386921,0.0],[-44.870679,-4.388666,0.0],[-44.874332,-4.391444,0.0],[-44.877438,-4.393519,0.0],[-44.876836,-4.399477,0.0],[-44.875321,-4.405189,0.0],[-44.877966,-4.402947,0.0],[-44.880476,-4.407748,0.0],[-44.877211,-4.409434,0.0],[-44.881632,-4.410979,0.0],[-44.877339,-4.414635,0.0],[-44.874197,-4.415859,0.0],[-44.872377,-4.415298,0.0],[-44.869981,-4.412433,0.0],[-44.868613,-4.41647,0.0],[-44.860407,-4.41307,0.0],[-44.8612,-4.417308,0.0],[-44.862412,-4.419938,0.0],[-44.865007,-4.424829,0.0],[-44.862284,-4.428219,0.0],[-44.857355,-4.430123,0.0],[-44.856088,-4.432534,0.0],[-44.856163,-4.435049,0.0],[-44.854273,-4.436723,0.0],[-44.850619,-4.44248,0.0],[-44.850481,-4.449491,0.0],[-44.852786,-4.452542,0.0],[-44.85066,-4.456447,0.0],[-44.848661,-4.456413,0.0]]]}},{"type":"Feature","properties":{"codigo":"2105906","nome":"Lago Verde","area_km2":630.96,"regiao":null,"bioma":"Amazônia","pop_2022":14769.0,"pop_2025":15069.0},"geometry":{"type":"Polygon","coordinates":[[[-44.624323,-3.859136,0.0],[-44.63425,-3.854945,0.0],[-44.638923,-3.856359,0.0],[-44.641534,-3.855485,0.0],[-44.640753,-3.859138,0.0],[-44.641488,-3.86999,0.0],[-44.647441,-3.876559,0.0],[-44.648554,-3.881501,0.0],[-44.651865,-3.88042,0.0],[-44.66056,-3.884763,0.0],[-44.658391,-3.890133,0.0],[-44.662273,-3.892262,0.0],[-44.667786,-3.885118,0.0],[-44.671933,-3.881889,0.0],[-44.674396,-3.881911,0.0],[-44.678329,-3.884075,0.0],[-44.681814,-3.88429,0.0],[-44.681902,-3.890068,0.0],[-44.693505,-3.890222,0.0],[-44.700468,-3.905723,0.0],[-44.70898,-3.911398,0.0],[-44.71404,-3.91159,0.0],[-44.71428,-3.91655,0.0],[-44.712096,-3.921668,0.0],[-44.711251,-3.92542,0.0],[-44.710305,-3.931002,0.0],[-44.732046,-3.937104,0.0],[-44.744019,-3.938579,0.0],[-44.757821,-3.9498,0.0],[-44.769814,-3.971458,0.0],[-44.773295,-3.973728,0.0],[-44.78078,-3.970749,0.0],[-44.790907,-3.994962,0.0],[-44.80339,-4.003369,0.0],[-44.802159,-4.023216,0.0],[-44.803385,-4.031487,0.0],[-44.809033,-4.03819,0.0],[-44.805594,-4.039919,0.0],[-44.808266,-4.057764,0.0],[-44.811357,-4.067299,0.0],[-44.823294,-4.071682,0.0],[-44.823027,-4.07894,0.0],[-44.831183,-4.074005,0.0],[-44.831654,-4.067438,0.0],[-44.845486,-4.073482,0.0],[-44.854708,-4.090668,0.0],[-44.848484,-4.096759,0.0],[-44.840008,-4.104035,0.0],[-44.842047,-4.113057,0.0],[-45.013245,-4.109939,0.0],[-45.014239,-4.103883,0.0],[-45.018749,-4.098416,0.0],[-45.018345,-4.094473,0.0],[-45.01801,-4.089038,0.0],[-45.018535,-4.074872,0.0],[-45.022949,-4.072363,0.0],[-45.020202,-4.067951,0.0],[-45.019965,-4.057875,0.0],[-45.029019,-4.041154,0.0],[-45.016074,-3.994655,0.0],[-45.008534,-3.982646,0.0],[-45.006777,-3.956449,0.0],[-45.003601,-3.94123,0.0],[-44.9922,-3.933402,0.0],[-44.981233,-3.912532,0.0],[-44.972863,-3.903836,0.0],[-44.933178,-3.916265,0.0],[-44.619944,-3.854655,0.0],[-44.620959,-3.856724,0.0],[-44.624323,-3.859136,0.0]]]}},{"type":"Feature","properties":{"codigo":"2105948","nome":"Lago dos Rodrigues","area_km2":220.6,"regiao":null,"bioma":"Cerrado","pop_2022":8758.0,"pop_2025":8962.0},"geometry":{"type":"Polygon","coordinates":[[[-44.842969,-4.505363,0.0],[-44.847117,-4.522037,0.0],[-44.851351,-4.547756,0.0],[-44.860486,-4.556315,0.0],[-44.860737,-4.566315,0.0],[-44.870825,-4.570199,0.0],[-44.872334,-4.578657,0.0],[-44.876973,-4.580597,0.0],[-44.885156,-4.581519,0.0],[-44.891505,-4.590088,0.0],[-44.895922,-4.597784,0.0],[-44.892025,-4.61242,0.0],[-44.892682,-4.62354,0.0],[-44.900426,-4.624022,0.0],[-44.902045,-4.631975,0.0],[-44.904317,-4.638553,0.0],[-44.908608,-4.654554,0.0],[-44.928609,-4.661279,0.0],[-44.937337,-4.678787,0.0],[-44.950757,-4.692971,0.0],[-44.975243,-4.686593,0.0],[-44.978652,-4.681068,0.0],[-44.957947,-4.652551,0.0],[-44.984635,-4.639449,0.0],[-44.983361,-4.664212,0.0],[-45.041292,-4.686299,0.0],[-45.038582,-4.677169,0.0],[-45.03192,-4.669355,0.0],[-45.024744,-4.667157,0.0],[-45.02094,-4.65781,0.0],[-45.010623,-4.647147,0.0],[-44.998077,-4.632107,0.0],[-44.927753,-4.520992,0.0],[-44.927479,-4.486671,0.0],[-44.913759,-4.491759,0.0],[-44.893345,-4.486356,0.0],[-44.879985,-4.487465,0.0],[-44.871381,-4.486781,0.0],[-44.842969,-4.505363,0.0]]]}},{"type":"Feature","properties":{"codigo":"2105963","nome":"Lagoa Grande do Maranhão","area_km2":743.64,"regiao":null,"bioma":"Cerrado","pop_2022":11411.0,"pop_2025":11731.0},"geometry":{"type":"Polygon","coordinates":[[[-45.238876,-5.01503,0.0],[-45.256642,-5.030285,0.0],[-45.279847,-5.055277,0.0],[-45.351106,-5.038808,0.0],[-45.599289,-4.993149,0.0],[-45.606009,-4.992984,0.0],[-45.604948,-4.986949,0.0],[-45.604524,-4.984236,0.0],[-45.601887,-4.980505,0.0],[-45.59814,-4.979738,0.0],[-45.592776,-4.979142,0.0],[-45.590145,-4.978301,0.0],[-45.588255,-4.978029,0.0],[-45.586405,-4.97313,0.0],[-45.58573,-4.967451,0.0],[-45.584958,-4.964053,0.0],[-45.58091,-4.9566,0.0],[-45.57731,-4.955661,0.0],[-45.574073,-4.950668,0.0],[-45.574266,-4.946684,0.0],[-45.570183,-4.936603,0.0],[-45.571449,-4.931462,0.0],[-45.574951,-4.93253,0.0],[-45.574173,-4.930494,0.0],[-45.572423,-4.926034,0.0],[-45.567365,-4.925064,0.0],[-45.564545,-4.926522,0.0],[-45.566587,-4.92361,0.0],[-45.566685,-4.919732,0.0],[-45.565521,-4.915763,0.0],[-45.56445,-4.912962,0.0],[-45.559395,-4.904626,0.0],[-45.555993,-4.905203,0.0],[-45.556284,-4.900748,0.0],[-45.549964,-4.895221,0.0],[-45.540233,-4.897149,0.0],[-45.533816,-4.893274,0.0],[-45.533232,-4.889006,0.0],[-45.527975,-4.889582,0.0],[-45.523652,-4.885407,0.0],[-45.523751,-4.880657,0.0],[-45.522584,-4.879881,0.0],[-45.52171,-4.877071,0.0],[-45.51792,-4.869413,0.0],[-45.507605,-4.867469,0.0],[-45.506146,-4.866402,0.0],[-45.504489,-4.867759,0.0],[-45.501189,-4.864074,0.0],[-45.496505,-4.867949,0.0],[-45.491251,-4.869983,0.0],[-45.488241,-4.865036,0.0],[-45.485133,-4.866102,0.0],[-45.483857,-4.861996,0.0],[-45.479089,-4.860604,0.0],[-45.480077,-4.857068,0.0],[-45.477814,-4.848674,0.0],[-45.478858,-4.845688,0.0],[-45.474617,-4.843041,0.0],[-45.476097,-4.835306,0.0],[-45.474119,-4.83851,0.0],[-45.466308,-4.841832,0.0],[-45.456676,-4.841727,0.0],[-45.460301,-4.827141,0.0],[-45.461117,-4.813993,0.0],[-45.457427,-4.809687,0.0],[-45.454675,-4.810352,0.0],[-45.452411,-4.799306,0.0],[-45.453344,-4.795879,0.0],[-45.45409,-4.791577,0.0],[-45.455856,-4.788078,0.0],[-45.448114,-4.784051,0.0],[-45.440769,-4.779062,0.0],[-45.436006,-4.778404,0.0],[-45.431479,-4.776663,0.0],[-45.427914,-4.778531,0.0],[-45.408499,-4.796468,0.0],[-45.343474,-4.800073,0.0],[-45.33042,-4.803203,0.0],[-45.316956,-4.807413,0.0],[-45.305235,-4.824632,0.0],[-45.303411,-4.84538,0.0],[-45.295397,-4.853191,0.0],[-45.288302,-4.86725,0.0],[-45.286932,-4.876844,0.0],[-45.279371,-4.875508,0.0],[-45.275021,-4.88488,0.0],[-45.278009,-4.902725,0.0],[-45.279158,-4.914773,0.0],[-45.283745,-4.92771,0.0],[-45.275271,-4.932175,0.0],[-45.276425,-4.952252,0.0],[-45.274137,-4.960731,0.0],[-45.255583,-4.967878,0.0],[-45.232222,-4.992873,0.0],[-45.235431,-5.001126,0.0],[-45.238876,-5.01503,0.0]]]}},{"type":"Feature","properties":{"codigo":"2105989","nome":"Lajeado Novo","area_km2":1064.0,"regiao":null,"bioma":"Cerrado","pop_2022":7057.0,"pop_2025":7232.0},"geometry":{"type":"MultiPolygon","coordinates":[[[[-46.701152,-6.111494,0.0],[-46.708598,-6.114996,0.0],[-46.711242,-6.112953,0.0],[-46.701152,-6.111494,0.0]]],[[[-46.683417,-6.119137,0.0],[-46.685236,-6.119156,0.0],[-46.6887,-6.115238,0.0],[-46.69554,-6.110721,0.0],[-46.692515,-6.111061,0.0],[-46.683417,-6.119137,0.0]]],[[[-46.711725,-6.111459,0.0],[-46.713565,-6.102025,0.0],[-46.713326,-6.099668,0.0],[-46.710619,-6.105855,0.0],[-46.711725,-6.111459,0.0]]],[[[-46.721165,-6.089919,0.0],[-46.723862,-6.089432,0.0],[-46.725615,-6.087951,0.0],[-46.72419,-6.088808,0.0],[-46.721165,-6.089919,0.0]]],[[[-46.726589,-6.084571,0.0],[-46.727647,-6.079169,0.0],[-46.713993,-6.069308,0.0],[-46.72164,-6.063838,0.0],[-46.71302,-6.072205,0.0],[-46.721228,-6.07944,0.0],[-46.726589,-6.084571,0.0]]],[[[-46.729845,-6.058874,0.0],[-46.734092,-6.056564,0.0],[-46.732261,-6.052072,0.0],[-46.730747,-6.053212,0.0],[-46.731701,-6.055601,0.0],[-46.729845,-6.058874,0.0]]],[[[-46.738795,-6.039783,0.0],[-46.735612,-6.045503,0.0],[-46.738276,-6.042146,0.0],[-46.738795,-6.039783,0.0]]],[[[-46.738155,-6.031124,0.0],[-46.742506,-6.0363,0.0],[-46.742986,-6.035384,0.0],[-46.742082,-6.032803,0.0],[-46.738155,-6.031124,0.0]]],[[[-46.737344,-6.030026,0.0],[-46.737497,-6.030234,0.0],[-46.737313,-6.029886,0.0],[-46.737344,-6.030026,0.0]]],[[[-46.734926,-6.013491,0.0],[-46.737113,-6.028966,0.0],[-46.738132,-6.019317,0.0],[-46.737117,-6.015635,0.0],[-46.737119,-6.007685,0.0],[-46.735342,-6.009812,0.0],[-46.734926,-6.013491,0.0]]],[[[-46.753477,-5.990057,0.0],[-46.752039,-5.993224,0.0],[-46.754612,-5.988253,0.0],[-46.753477,-5.990057,0.0]]],[[[-46.757581,-5.981885,0.0],[-46.755348,-5.986634,0.0],[-46.757995,-5.981356,0.0],[-46.757581,-5.981885,0.0]]],[[[-46.773511,-5.97941,0.0],[-46.778797,-5.978766,0.0],[-46.780495,-5.972722,0.0],[-46.777686,-5.97726,0.0],[-46.773511,-5.97941,0.0]]]]}},{"type":"Feature","properties":{"codigo":"2106003","nome":"Lima Campos","area_km2":321.7,"regiao":null,"bioma":"Cerrado","pop_2022":11297.0,"pop_2025":11559.0},"geometry":{"type":"Polygon","coordinates":[[[-44.4308,-4.48081,0.0],[-44.429838,-4.484053,0.0],[-44.387401,-4.521181,0.0],[-44.378753,-4.529524,0.0],[-44.379566,-4.53884,0.0],[-44.376818,-4.544642,0.0],[-44.370883,-4.546641,0.0],[-44.370428,-4.556553,0.0],[-44.374507,-4.55907,0.0],[-44.375648,-4.563128,0.0],[-44.372724,-4.579215,0.0],[-44.380825,-4.583053,0.0],[-44.386127,-4.593683,0.0],[-44.38746,-4.606065,0.0],[-44.392662,-4.60883,0.0],[-44.394846,-4.60405,0.0],[-44.399266,-4.606058,0.0],[-44.407316,-4.611754,0.0],[-44.415187,-4.61656,0.0],[-44.413186,-4.623284,0.0],[-44.412376,-4.630535,0.0],[-44.4077,-4.642419,0.0],[-44.407002,-4.654388,0.0],[-44.402398,-4.65986,0.0],[-44.398241,-4.666045,0.0],[-44.49449,-4.644375,0.0],[-44.499134,-4.640367,0.0],[-44.497318,-4.635839,0.0],[-44.498704,-4.631295,0.0],[-44.496207,-4.62783,0.0],[-44.495208,-4.61927,0.0],[-44.508575,-4.609953,0.0],[-44.517474,-4.606166,0.0],[-44.523481,-4.604493,0.0],[-44.520818,-4.59856,0.0],[-44.525955,-4.596861,0.0],[-44.525512,-4.586449,0.0],[-44.526712,-4.580644,0.0],[-44.537107,-4.57577,0.0],[-44.541776,-4.565006,0.0],[-44.54677,-4.549611,0.0],[-44.543116,-4.532565,0.0],[-44.549375,-4.526589,0.0],[-44.560415,-4.527771,0.0],[-44.571209,-4.523097,0.0],[-44.574774,-4.519069,0.0],[-44.580469,-4.499451,0.0],[-44.584107,-4.495998,0.0],[-44.581195,-4.490817,0.0],[-44.578835,-4.478076,0.0],[-44.577367,-4.475296,0.0],[-44.4308,-4.48081,0.0]]]}},{"type":"Feature","properties":{"codigo":"2106359","nome":"Marajá do Sena","area_km2":1401.6,"regiao":null,"bioma":"Cerrado","pop_2022":7027.0,"pop_2025":7153.0},"geometry":{"type":"Polygon","coordinates":[[[-45.714292,-4.559051,0.0],[-45.70277,-4.577807,0.0],[-45.693261,-4.58793,0.0],[-45.693625,-4.598881,0.0],[-45.681628,-4.616928,0.0],[-45.6864,-4.626283,0.0],[-45.609787,-4.590972,0.0],[-45.60054,-4.605944,0.0],[-45.566528,-4.609666,0.0],[-45.552258,-4.595606,0.0],[-45.544314,-4.604099,0.0],[-45.531502,-4.604301,0.0],[-45.51861,-4.608394,0.0],[-45.507255,-4.614999,0.0],[-45.496909,-4.612887,0.0],[-45.490641,-4.611702,0.0],[-45.483387,-4.612045,0.0],[-45.476734,-4.612606,0.0],[-45.388137,-4.585129,0.0],[-45.364946,-4.609114,0.0],[-45.368122,-4.615162,0.0],[-45.369837,-4.618409,0.0],[-45.363174,-4.619686,0.0],[-45.359116,-4.627522,0.0],[-45.361316,-4.632458,0.0],[-45.345165,-4.648513,0.0],[-45.401567,-4.689387,0.0],[-45.411641,-4.685812,0.0],[-45.415307,-4.689603,0.0],[-45.418743,-4.691385,0.0],[-45.416688,-4.699641,0.0],[-45.421499,-4.703207,0.0],[-45.421729,-4.707891,0.0],[-45.419216,-4.715033,0.0],[-45.417614,-4.718155,0.0],[-45.415559,-4.726413,0.0],[-45.420596,-4.726187,0.0],[-45.42061,-4.747379,0.0],[-45.421987,-4.752288,0.0],[-45.420613,-4.754296,0.0],[-45.424969,-4.759647,0.0],[-45.426804,-4.767008,0.0],[-45.425936,-4.770014,0.0],[-45.427314,-4.777988,0.0],[-45.432138,-4.776843,0.0],[-45.436006,-4.778404,0.0],[-45.440769,-4.779062,0.0],[-45.448114,-4.784051,0.0],[-45.455856,-4.788078,0.0],[-45.45409,-4.791577,0.0],[-45.453344,-4.795879,0.0],[-45.452411,-4.799306,0.0],[-45.454675,-4.810352,0.0],[-45.457427,-4.809687,0.0],[-45.461117,-4.813993,0.0],[-45.460301,-4.827141,0.0],[-45.456676,-4.841727,0.0],[-45.466308,-4.841832,0.0],[-45.474119,-4.83851,0.0],[-45.476097,-4.835306,0.0],[-45.474617,-4.843041,0.0],[-45.478858,-4.845688,0.0],[-45.477814,-4.848674,0.0],[-45.480077,-4.857068,0.0],[-45.479089,-4.860604,0.0],[-45.483857,-4.861996,0.0],[-45.485133,-4.866102,0.0],[-45.488241,-4.865036,0.0],[-45.491251,-4.869983,0.0],[-45.496505,-4.867949,0.0],[-45.501189,-4.864074,0.0],[-45.504489,-4.867759,0.0],[-45.506146,-4.866402,0.0],[-45.507605,-4.867469,0.0],[-45.51792,-4.869413,0.0],[-45.52171,-4.877071,0.0],[-45.522584,-4.879881,0.0],[-45.523751,-4.880657,0.0],[-45.523652,-4.885407,0.0],[-45.527975,-4.889582,0.0],[-45.533232,-4.889006,0.0],[-45.533816,-4.893274,0.0],[-45.540233,-4.897149,0.0],[-45.549964,-4.895221,0.0],[-45.556284,-4.900748,0.0],[-45.555993,-4.905203,0.0],[-45.559395,-4.904626,0.0],[-45.56445,-4.912962,0.0],[-45.565521,-4.915763,0.0],[-45.566685,-4.919732,0.0],[-45.566587,-4.92361,0.0],[-45.564545,-4.926522,0.0],[-45.567365,-4.925064,0.0],[-45.572423,-4.926034,0.0],[-45.574173,-4.930494,0.0],[-45.574951,-4.93253,0.0],[-45.571449,-4.931462,0.0],[-45.570183,-4.936603,0.0],[-45.57588,-4.944278,0.0],[-45.582964,-4.938341,0.0],[-45.577352,-4.929973,0.0],[-45.572233,-4.919664,0.0],[-45.578635,-4.91186,0.0],[-45.583558,-4.907196,0.0],[-45.59181,-4.894408,0.0],[-45.598093,-4.894034,0.0],[-45.707021,-4.833577,0.0],[-45.849039,-4.743947,0.0],[-45.869725,-4.630121,0.0],[-45.881049,-4.631049,0.0],[-45.911681,-4.63829,0.0],[-45.923005,-4.639775,0.0],[-45.920063,-4.558623,0.0],[-45.714292,-4.559051,0.0]]]}},{"type":"Feature","properties":{"codigo":"2106508","nome":"Matinha","area_km2":410.31,"regiao":null,"bioma":"Amazônia","pop_2022":22034.0,"pop_2025":22540.0},"geometry":{"type":"Polygon","coordinates":[[[-44.909249,-3.040134,0.0],[-44.843847,-3.046264,0.0],[-44.810411,-3.0661,0.0],[-44.816787,-3.066992,0.0],[-44.84123,-3.06822,0.0],[-44.804408,-3.123061,0.0],[-44.924575,-3.16008,0.0],[-44.949429,-3.165175,0.0],[-44.972756,-3.179015,0.0],[-44.97285,-3.174043,0.0],[-44.978334,-3.168326,0.0],[-44.97918,-3.165744,0.0],[-44.981771,-3.162891,0.0],[-44.981601,-3.152189,0.0],[-44.984124,-3.156269,0.0],[-44.988361,-3.156437,0.0],[-44.989998,-3.153369,0.0],[-44.9917,-3.149911,0.0],[-44.98919,-3.142661,0.0],[-44.986338,-3.140371,0.0],[-44.991185,-3.141692,0.0],[-44.998209,-3.136841,0.0],[-45.000713,-3.142517,0.0],[-44.999655,-3.146843,0.0],[-45.000042,-3.151367,0.0],[-45.002033,-3.154396,0.0],[-45.004255,-3.148683,0.0],[-45.005725,-3.150203,0.0],[-45.008818,-3.149742,0.0],[-45.011405,-3.14413,0.0],[-45.009019,-3.14145,0.0],[-45.011735,-3.138804,0.0],[-45.013639,-3.137351,0.0],[-45.015955,-3.13568,0.0],[-45.017793,-3.127785,0.0],[-45.017264,-3.132898,0.0],[-45.017496,-3.135734,0.0],[-45.01992,-3.137524,0.0],[-45.014727,-3.143654,0.0],[-45.013837,-3.149663,0.0],[-45.018075,-3.150192,0.0],[-45.021945,-3.14829,0.0],[-45.023738,-3.144839,0.0],[-45.026615,-3.145624,0.0],[-45.03669,-3.142031,0.0],[-45.036456,-3.136416,0.0],[-45.038316,-3.130593,0.0],[-45.038592,-3.134549,0.0],[-45.040534,-3.1389,0.0],[-45.050259,-3.139783,0.0],[-45.054774,-3.138429,0.0],[-45.059935,-3.134174,0.0],[-45.06036,-3.140334,0.0],[-45.062465,-3.138587,0.0],[-45.067709,-3.128153,0.0],[-45.072938,-3.116323,0.0],[-45.075517,-3.100726,0.0],[-45.078486,-3.094729,0.0],[-45.087536,-3.089274,0.0],[-45.094488,-3.08496,0.0],[-45.104003,-3.083466,0.0],[-45.118276,-3.070943,0.0],[-45.127188,-3.065339,0.0],[-45.131879,-3.069509,0.0],[-45.14013,-3.063213,0.0],[-45.138842,-3.056982,0.0],[-45.12994,-3.053647,0.0],[-45.118652,-3.054119,0.0],[-45.113579,-3.048015,0.0],[-45.106793,-3.044094,0.0],[-45.098212,-3.038592,0.0],[-45.097164,-3.029736,0.0],[-45.097258,-3.023464,0.0],[-45.092163,-3.023034,0.0],[-45.087808,-3.007254,0.0],[-45.077808,-3.004153,0.0],[-45.075464,-2.997087,0.0],[-45.06621,-2.991177,0.0],[-45.045921,-3.013634,0.0],[-44.89291,-3.077914,0.0],[-44.903264,-3.056238,0.0],[-44.908264,-3.056353,0.0],[-44.914408,-3.051243,0.0],[-44.913066,-3.049025,0.0],[-44.907682,-3.050702,0.0],[-44.914021,-3.047067,0.0],[-44.914766,-3.042742,0.0],[-44.909514,-3.041492,0.0],[-44.909249,-3.040134,0.0]]]}},{"type":"Feature","properties":{"codigo":"2106631","nome":"Matões do Norte","area_km2":793.89,"regiao":null,"bioma":"Cerrado","pop_2022":17432.0,"pop_2025":18021.0},"geometry":{"type":"MultiPolygon","coordinates":[[[[-44.488727,-3.878463,0.0],[-44.474994,-3.888603,0.0],[-44.467744,-3.897024,0.0],[-44.471935,-3.902196,0.0],[-44.473169,-3.910144,0.0],[-44.477074,-3.915891,0.0],[-44.480263,-3.905168,0.0],[-44.491797,-3.879231,0.0],[-44.488727,-3.878463,0.0]]],[[[-44.602167,-3.655893,0.0],[-44.596565,-3.670633,0.0],[-44.594715,-3.680625,0.0],[-44.598601,-3.684802,0.0],[-44.591952,-3.689107,0.0],[-44.598165,-3.699666,0.0],[-44.595662,-3.702896,0.0],[-44.589157,-3.703396,0.0],[-44.583867,-3.70447,0.0],[-44.57213,-3.708849,0.0],[-44.569646,-3.72163,0.0],[-44.562754,-3.72624,0.0],[-44.562988,-3.735456,0.0],[-44.568468,-3.736835,0.0],[-44.562744,-3.747483,0.0],[-44.558537,-3.758082,0.0],[-44.559534,-3.764689,0.0],[-44.565682,-3.764117,0.0],[-44.567969,-3.765555,0.0],[-44.558385,-3.776177,0.0],[-44.554117,-3.789183,0.0],[-44.545893,-3.795223,0.0],[-44.548568,-3.806354,0.0],[-44.552582,-3.818621,0.0],[-44.552579,-3.823887,0.0],[-44.558678,-3.827911,0.0],[-44.54876,-3.837193,0.0],[-44.537702,-3.839007,0.0],[-44.540081,-3.845518,0.0],[-44.506234,-3.848744,0.0],[-44.610407,-3.659009,0.0],[-44.607336,-3.655303,0.0],[-44.602167,-3.655893,0.0]]]]}},{"type":"Feature","properties":{"codigo":"2106755","nome":"Miranda do Norte","area_km2":340.85,"regiao":null,"bioma":"Cerrado","pop_2022":23864.0,"pop_2025":24373.0},"geometry":{"type":"MultiPolygon","coordinates":[[[[-44.608653,-3.656892,0.0],[-44.610407,-3.659009,0.0],[-44.610847,-3.654944,0.0],[-44.610138,-3.655711,0.0],[-44.608653,-3.656892,0.0]]],[[[-44.583242,-3.45215,0.0],[-44.567322,-3.453193,0.0],[-44.545752,-3.462142,0.0],[-44.541395,-3.464236,0.0],[-44.539618,-3.47425,0.0],[-44.539972,-3.480928,0.0],[-44.534855,-3.480852,0.0],[-44.533304,-3.484981,0.0],[-44.550596,-3.488663,0.0],[-44.55071,-3.497269,0.0],[-44.55427,-3.5031,0.0],[-44.554885,-3.513728,0.0],[-44.549081,-3.519745,0.0],[-44.560226,-3.525926,0.0],[-44.566469,-3.521407,0.0],[-44.572472,-3.521362,0.0],[-44.575089,-3.528448,0.0],[-44.571243,-3.532861,0.0],[-44.579456,-3.545251,0.0],[-44.584573,-3.556204,0.0],[-44.587905,-3.56225,0.0],[-44.586115,-3.572484,0.0],[-44.592384,-3.573841,0.0],[-44.59573,-3.573537,0.0],[-44.594237,-3.582752,0.0],[-44.598679,-3.591508,0.0],[-44.59888,-3.595559,0.0],[-44.596829,-3.6028,0.0],[-44.59645,-3.609969,0.0],[-44.596891,-3.618161,0.0],[-44.597014,-3.625714,0.0],[-44.604717,-3.634378,0.0],[-44.605501,-3.638638,0.0],[-44.605625,-3.647796,0.0],[-44.611623,-3.647768,0.0],[-44.625771,-3.490272,0.0],[-44.611062,-3.482676,0.0],[-44.593967,-3.445728,0.0],[-44.59039,-3.446596,0.0],[-44.583242,-3.45215,0.0]]]]}},{"type":"Feature","properties":{"codigo":"2106904","nome":"Monção","area_km2":1244.6,"regiao":null,"bioma":"Amazônia","pop_2022":27751.0,"pop_2025":28563.0},"geometry":{"type":"Polygon","coordinates":[[[-45.260338,-3.371348,0.0],[-45.265778,-3.389219,0.0],[-45.083523,-3.420334,0.0],[-45.081512,-3.426123,0.0],[-45.078219,-3.429896,0.0],[-45.085017,-3.43637,0.0],[-45.082655,-3.441049,0.0],[-45.07666,-3.448985,0.0],[-45.081517,-3.45931,0.0],[-45.084626,-3.451233,0.0],[-45.088799,-3.453374,0.0],[-45.086297,-3.459191,0.0],[-45.090796,-3.469101,0.0],[-45.093182,-3.462804,0.0],[-45.097744,-3.460394,0.0],[-45.094157,-3.470508,0.0],[-45.100242,-3.473285,0.0],[-45.105937,-3.475343,0.0],[-45.103223,-3.48237,0.0],[-45.117465,-3.494497,0.0],[-45.129741,-3.508618,0.0],[-45.124507,-3.513167,0.0],[-45.123851,-3.525611,0.0],[-45.118451,-3.528489,0.0],[-45.122872,-3.545722,0.0],[-45.123038,-3.557133,0.0],[-45.124346,-3.563274,0.0],[-45.12682,-3.572789,0.0],[-45.126971,-3.582667,0.0],[-45.130064,-3.587283,0.0],[-45.143491,-3.595589,0.0],[-45.151927,-3.59831,0.0],[-45.161592,-3.604279,0.0],[-45.163315,-3.614592,0.0],[-45.170058,-3.618359,0.0],[-45.176684,-3.61558,0.0],[-45.18302,-3.625508,0.0],[-45.202169,-3.62666,0.0],[-45.210351,-3.636124,0.0],[-45.225673,-3.644065,0.0],[-45.228038,-3.652342,0.0],[-45.232855,-3.652644,0.0],[-45.235048,-3.668568,0.0],[-45.241941,-3.680832,0.0],[-45.24997,-3.687789,0.0],[-45.255778,-3.695186,0.0],[-45.26251,-3.688994,0.0],[-45.27934,-3.696693,0.0],[-45.283867,-3.700293,0.0],[-45.286409,-3.708957,0.0],[-45.288221,-3.718201,0.0],[-45.323434,-3.684787,0.0],[-45.324117,-3.664072,0.0],[-45.325417,-3.656036,0.0],[-45.318436,-3.637603,0.0],[-45.30463,-3.636767,0.0],[-45.303381,-3.61893,0.0],[-45.295088,-3.605495,0.0],[-45.282728,-3.600069,0.0],[-45.277883,-3.589396,0.0],[-45.282745,-3.589072,0.0],[-45.282676,-3.585685,0.0],[-45.281996,-3.583995,0.0],[-45.281545,-3.57981,0.0],[-45.281206,-3.579161,0.0],[-45.281601,-3.575451,0.0],[-45.280091,-3.57246,0.0],[-45.282286,-3.57158,0.0],[-45.282709,-3.568846,0.0],[-45.28437,-3.573407,0.0],[-45.294482,-3.57458,0.0],[-45.297237,-3.567526,0.0],[-45.289374,-3.563276,0.0],[-45.294229,-3.562117,0.0],[-45.304651,-3.564773,0.0],[-45.305501,-3.571673,0.0],[-45.307885,-3.576506,0.0],[-45.298568,-3.578812,0.0],[-45.300653,-3.585281,0.0],[-45.303892,-3.586842,0.0],[-45.308833,-3.594214,0.0],[-45.317074,-3.596545,0.0],[-45.328278,-3.601475,0.0],[-45.345071,-3.603431,0.0],[-45.345374,-3.596064,0.0],[-45.345696,-3.590833,0.0],[-45.353375,-3.578608,0.0],[-45.363607,-3.578556,0.0],[-45.373386,-3.579097,0.0],[-45.375699,-3.572088,0.0],[-45.379168,-3.571702,0.0],[-45.385474,-3.573781,0.0],[-45.389388,-3.567961,0.0],[-45.388553,-3.561004,0.0],[-45.391924,-3.562054,0.0],[-45.396202,-3.570542,0.0],[-45.401836,-3.574518,0.0],[-45.40603,-3.575018,0.0],[-45.422921,-3.582866,0.0],[-45.43297,-3.586783,0.0],[-45.44102,-3.593697,0.0],[-45.453647,-3.595795,0.0],[-45.460689,-3.594412,0.0],[-45.464049,-3.592063,0.0],[-45.464271,-3.597607,0.0],[-45.469279,-3.597827,0.0],[-45.471548,-3.603797,0.0],[-45.47954,-3.607147,0.0],[-45.484003,-3.609879,0.0],[-45.4874,-3.607231,0.0],[-45.490882,-3.611135,0.0],[-45.49596,-3.603643,0.0],[-45.501949,-3.599477,0.0],[-45.503606,-3.589242,0.0],[-45.50744,-3.587366,0.0],[-45.509448,-3.581787,0.0],[-45.508975,-3.575463,0.0],[-45.510914,-3.579422,0.0],[-45.514822,-3.580808,0.0],[-45.520457,-3.580671,0.0],[-45.521358,-3.57559,0.0],[-45.522011,-3.572589,0.0],[-45.520406,-3.570629,0.0],[-45.523883,-3.572096,0.0],[-45.528502,-3.564937,0.0],[-45.522987,-3.561302,0.0],[-45.521741,-3.556521,0.0],[-45.522672,-3.552307,0.0],[-45.521323,-3.549956,0.0],[-45.520295,-3.545431,0.0],[-45.521151,-3.542585,0.0],[-45.52076,-3.538562,0.0],[-45.524981,-3.534926,0.0],[-45.529143,-3.533532,0.0],[-45.53022,-3.530835,0.0],[-45.534818,-3.527654,0.0],[-45.533301,-3.524561,0.0],[-45.5356,-3.518249,0.0],[-45.533451,-3.514743,0.0],[-45.537783,-3.51264,0.0],[-45.536945,-3.50896,0.0],[-45.542405,-3.505416,0.0],[-45.543611,-3.501467,0.0],[-45.543383,-3.498848,0.0],[-45.541129,-3.494105,0.0],[-45.542714,-3.492342,0.0],[-45.541688,-3.487975,0.0],[-45.504523,-3.451061,0.0],[-45.44409,-3.399425,0.0],[-45.500322,-3.298795,0.0],[-45.537708,-3.286593,0.0],[-45.558947,-3.273031,0.0],[-45.579703,-3.240844,0.0],[-45.39041,-3.349021,0.0],[-45.3585,-3.360489,0.0],[-45.35459,-3.35386,0.0],[-45.350204,-3.351825,0.0],[-45.340424,-3.342393,0.0],[-45.335316,-3.34071,0.0],[-45.260338,-3.371348,0.0]]]}},{"type":"Feature","properties":{"codigo":"2107001","nome":"Montes Altos","area_km2":1489.2,"regiao":null,"bioma":"Cerrado","pop_2022":9106.0,"pop_2025":9306.0},"geometry":{"type":"MultiPolygon","coordinates":[[[[-46.78669,-5.959004,0.0],[-46.785659,-5.943967,0.0],[-46.786347,-5.936979,0.0],[-46.789858,-5.926296,0.0],[-46.783158,-5.941082,0.0],[-46.785682,-5.95708,0.0],[-46.785041,-5.963062,0.0],[-46.78669,-5.959004,0.0]]],[[[-46.788965,-5.921923,0.0],[-46.786959,-5.922215,0.0],[-46.790675,-5.924758,0.0],[-46.788965,-5.921923,0.0]]],[[[-46.783529,-5.903754,0.0],[-46.784045,-5.898676,0.0],[-46.782365,-5.898832,0.0],[-46.780593,-5.9028,0.0],[-46.776475,-5.907378,0.0],[-46.77605,-5.914793,0.0],[-46.783529,-5.903754,0.0]]],[[[-46.800783,-5.893138,0.0],[-46.799728,-5.893958,0.0],[-46.801493,-5.893432,0.0],[-46.802436,-5.892103,0.0],[-46.800783,-5.893138,0.0]]],[[[-46.830298,-5.892348,0.0],[-46.823998,-5.892577,0.0],[-46.829343,-5.892583,0.0],[-46.830298,-5.892348,0.0]]],[[[-46.934452,-5.634589,0.0],[-46.932644,-5.639269,0.0],[-46.933562,-5.649185,0.0],[-46.933691,-5.656996,0.0],[-46.934174,-5.67079,0.0],[-46.927918,-5.675216,0.0],[-46.927084,-5.682732,0.0],[-46.923556,-5.6922,0.0],[-46.917647,-5.698441,0.0],[-46.911697,-5.696353,0.0],[-46.914732,-5.705747,0.0],[-46.922618,-5.715693,0.0],[-46.921173,-5.720109,0.0],[-46.918039,-5.723141,0.0],[-46.914474,-5.735422,0.0],[-46.919087,-5.745749,0.0],[-46.915539,-5.752135,0.0],[-46.919788,-5.753117,0.0],[-46.917864,-5.759072,0.0],[-46.909754,-5.760655,0.0],[-46.904341,-5.759561,0.0],[-46.901509,-5.762228,0.0],[-46.900813,-5.770839,0.0],[-46.902341,-5.77577,0.0],[-46.907087,-5.779027,0.0],[-46.903481,-5.787862,0.0],[-46.895862,-5.79853,0.0],[-46.895474,-5.806326,0.0],[-46.891008,-5.811865,0.0],[-46.887309,-5.820875,0.0],[-46.884532,-5.824907,0.0],[-46.881142,-5.822323,0.0],[-46.877247,-5.828746,0.0],[-46.883162,-5.836068,0.0],[-46.885721,-5.842905,0.0],[-46.889033,-5.851193,0.0],[-46.885744,-5.868511,0.0],[-46.893421,-5.889803,0.0],[-46.888119,-5.895366,0.0],[-46.881475,-5.902286,0.0],[-46.874987,-5.91161,0.0],[-46.891051,-5.912692,0.0],[-46.901025,-5.911854,0.0],[-46.903315,-5.902488,0.0],[-46.906715,-5.890592,0.0],[-46.911582,-5.888968,0.0],[-46.911972,-5.881272,0.0],[-46.916041,-5.869776,0.0],[-46.912935,-5.855433,0.0],[-46.906036,-5.849811,0.0],[-46.902397,-5.847431,0.0],[-46.900638,-5.83069,0.0],[-46.902833,-5.816899,0.0],[-46.911716,-5.807938,0.0],[-46.91253,-5.801536,0.0],[-46.919383,-5.797267,0.0],[-46.922626,-5.790325,0.0],[-46.923169,-5.781424,0.0],[-46.935061,-5.78045,0.0],[-46.952342,-5.770483,0.0],[-46.962696,-5.764304,0.0],[-46.957775,-5.755537,0.0],[-46.963652,-5.744497,0.0],[-46.972094,-5.740832,0.0],[-46.983878,-5.733656,0.0],[-46.989721,-5.732545,0.0],[-46.99757,-5.731829,0.0],[-47.000308,-5.727973,0.0],[-46.997979,-5.718528,0.0],[-47.003529,-5.7076,0.0],[-47.006721,-5.698547,0.0],[-47.010016,-5.698392,0.0],[-47.020631,-5.701871,0.0],[-47.026868,-5.707154,0.0],[-47.038672,-5.705045,0.0],[-47.050052,-5.705831,0.0],[-47.058473,-5.706728,0.0],[-47.063524,-5.693954,0.0],[-47.065445,-5.686369,0.0],[-47.073841,-5.688937,0.0],[-47.080314,-5.682934,0.0],[-47.080671,-5.675996,0.0],[-46.97516,-5.641311,0.0],[-46.962451,-5.63689,0.0],[-46.947667,-5.627472,0.0],[-46.946309,-5.629069,0.0],[-46.945175,-5.631779,0.0],[-46.94667,-5.634982,0.0],[-46.942281,-5.636543,0.0],[-46.937533,-5.63427,0.0],[-46.934452,-5.634589,0.0]]]]}},{"type":"Feature","properties":{"codigo":"2107407","nome":"Olho d'Água das Cunhãs","area_km2":694.78,"regiao":null,"bioma":"Amazônia","pop_2022":17919.0,"pop_2025":18288.0},"geometry":{"type":"Polygon","coordinates":[[[-45.010205,-3.964452,0.0],[-45.008553,-3.980704,0.0],[-45.015466,-3.988541,0.0],[-45.0215,-4.006435,0.0],[-45.02759,-4.043662,0.0],[-45.019965,-4.057875,0.0],[-45.020202,-4.067951,0.0],[-45.022949,-4.072363,0.0],[-45.018535,-4.074872,0.0],[-45.01801,-4.089038,0.0],[-45.018345,-4.094473,0.0],[-45.018749,-4.098416,0.0],[-45.013323,-4.101725,0.0],[-45.012293,-4.104474,0.0],[-45.011672,-4.11454,0.0],[-45.014912,-4.115932,0.0],[-45.007857,-4.12745,0.0],[-45.005337,-4.131858,0.0],[-45.009148,-4.131492,0.0],[-45.013488,-4.134974,0.0],[-45.016107,-4.139382,0.0],[-45.026735,-4.146674,0.0],[-45.025657,-4.149241,0.0],[-45.025074,-4.153863,0.0],[-45.027118,-4.155872,0.0],[-45.033074,-4.163815,0.0],[-45.036412,-4.166414,0.0],[-45.035318,-4.168041,0.0],[-45.03341,-4.171011,0.0],[-45.032123,-4.180254,0.0],[-45.034268,-4.182995,0.0],[-45.04013,-4.182299,0.0],[-45.042422,-4.183319,0.0],[-45.047712,-4.185502,0.0],[-45.056911,-4.190658,0.0],[-45.059955,-4.19238,0.0],[-45.067351,-4.193209,0.0],[-45.07474,-4.195672,0.0],[-45.081175,-4.196834,0.0],[-45.085706,-4.205049,0.0],[-45.087754,-4.211697,0.0],[-45.085134,-4.222048,0.0],[-45.091189,-4.229807,0.0],[-45.09815,-4.240394,0.0],[-45.092097,-4.245832,0.0],[-45.087568,-4.255259,0.0],[-45.087905,-4.264222,0.0],[-45.089334,-4.271651,0.0],[-45.098488,-4.284189,0.0],[-45.109596,-4.287021,0.0],[-45.114638,-4.29487,0.0],[-45.108914,-4.304424,0.0],[-45.107554,-4.309182,0.0],[-45.107515,-4.321623,0.0],[-45.106724,-4.328837,0.0],[-45.201142,-4.191427,0.0],[-45.202613,-4.184496,0.0],[-45.210435,-4.18431,0.0],[-45.21347,-4.176454,0.0],[-45.213652,-4.168046,0.0],[-45.219724,-4.160928,0.0],[-45.2327,-4.152793,0.0],[-45.245489,-4.147799,0.0],[-45.209412,-4.066028,0.0],[-45.073655,-3.917303,0.0],[-45.080973,-3.93228,0.0],[-45.074168,-3.933648,0.0],[-45.063095,-3.930583,0.0],[-45.058976,-3.940473,0.0],[-45.057227,-3.948229,0.0],[-45.051516,-3.951821,0.0],[-45.03461,-3.95203,0.0],[-45.022547,-3.959477,0.0],[-45.010205,-3.964452,0.0]]]}},{"type":"Feature","properties":{"codigo":"2107456","nome":"Olinda Nova do Maranhão","area_km2":199.72,"regiao":null,"bioma":"Amazônia","pop_2022":13577.0,"pop_2025":13921.0},"geometry":{"type":"Polygon","coordinates":[[[-44.976021,-2.937752,0.0],[-44.964162,-2.950786,0.0],[-44.963044,-2.960713,0.0],[-44.965794,-2.962991,0.0],[-44.96427,-2.969066,0.0],[-44.968686,-2.971425,0.0],[-44.95971,-2.971174,0.0],[-44.953317,-2.972971,0.0],[-44.951469,-2.974362,0.0],[-44.949411,-2.979716,0.0],[-44.94698,-2.975479,0.0],[-44.942998,-2.977483,0.0],[-44.935286,-2.980392,0.0],[-44.935768,-2.989792,0.0],[-44.944189,-2.992645,0.0],[-44.942638,-2.996208,0.0],[-44.939586,-2.991509,0.0],[-44.937013,-2.998643,0.0],[-44.935557,-2.994669,0.0],[-44.927918,-2.99523,0.0],[-44.925189,-2.997337,0.0],[-44.922395,-3.001967,0.0],[-44.923596,-3.009699,0.0],[-44.927089,-3.011703,0.0],[-44.931105,-3.012376,0.0],[-44.935106,-3.014883,0.0],[-44.930689,-3.020366,0.0],[-44.92935,-3.025644,0.0],[-44.925187,-3.018793,0.0],[-44.922103,-3.018732,0.0],[-44.918933,-3.021234,0.0],[-44.921957,-3.025429,0.0],[-44.922656,-3.03208,0.0],[-44.919215,-3.037894,0.0],[-44.909627,-3.038715,0.0],[-44.914766,-3.042742,0.0],[-44.914021,-3.047067,0.0],[-44.907682,-3.050702,0.0],[-44.913066,-3.049025,0.0],[-44.914408,-3.051243,0.0],[-44.908264,-3.056353,0.0],[-44.903264,-3.056238,0.0],[-44.89291,-3.077914,0.0],[-45.045921,-3.013634,0.0],[-45.06621,-2.991177,0.0],[-45.059978,-2.985598,0.0],[-45.051578,-2.984794,0.0],[-45.035354,-2.977331,0.0],[-45.028858,-2.968044,0.0],[-45.031479,-2.964765,0.0],[-45.031062,-2.957225,0.0],[-45.025467,-2.953335,0.0],[-45.026487,-2.941647,0.0],[-45.031094,-2.934179,0.0],[-45.027773,-2.925669,0.0],[-45.02738,-2.921073,0.0],[-45.022023,-2.918452,0.0],[-45.020138,-2.908365,0.0],[-45.02254,-2.912747,0.0],[-45.019087,-2.921437,0.0],[-45.017543,-2.936292,0.0],[-45.008188,-2.932347,0.0],[-45.002042,-2.929313,0.0],[-44.994105,-2.93076,0.0],[-44.981439,-2.936492,0.0],[-44.976021,-2.937752,0.0]]]}},{"type":"Feature","properties":{"codigo":"2108108","nome":"Paulo Ramos","area_km2":1167.7,"regiao":null,"bioma":"Amazônia","pop_2022":20341.0,"pop_2025":20798.0},"geometry":{"type":"Polygon","coordinates":[[[-45.127478,-4.413283,0.0],[-45.111728,-4.418337,0.0],[-45.101581,-4.421253,0.0],[-45.10949,-4.449303,0.0],[-45.213458,-4.55219,0.0],[-45.20135,-4.561245,0.0],[-45.198823,-4.567828,0.0],[-45.202552,-4.580071,0.0],[-45.201856,-4.596458,0.0],[-45.205542,-4.603101,0.0],[-45.223721,-4.613548,0.0],[-45.236966,-4.622552,0.0],[-45.242786,-4.62772,0.0],[-45.250879,-4.635836,0.0],[-45.271019,-4.656324,0.0],[-45.313414,-4.666028,0.0],[-45.340053,-4.651636,0.0],[-45.363958,-4.63551,0.0],[-45.361402,-4.630387,0.0],[-45.362922,-4.623444,0.0],[-45.36781,-4.624333,0.0],[-45.3699,-4.616181,0.0],[-45.36774,-4.612934,0.0],[-45.365706,-4.606541,0.0],[-45.437154,-4.572146,0.0],[-45.479273,-4.611173,0.0],[-45.486546,-4.609864,0.0],[-45.492732,-4.614139,0.0],[-45.499694,-4.614377,0.0],[-45.511259,-4.613719,0.0],[-45.528183,-4.606083,0.0],[-45.539931,-4.605445,0.0],[-45.547877,-4.601473,0.0],[-45.558363,-4.598364,0.0],[-45.592457,-4.607691,0.0],[-45.607935,-4.597968,0.0],[-45.645918,-4.625956,0.0],[-45.684355,-4.619266,0.0],[-45.680208,-4.61305,0.0],[-45.692113,-4.59151,0.0],[-45.697375,-4.584779,0.0],[-45.708299,-4.56715,0.0],[-45.708534,-4.559048,0.0],[-45.698371,-4.501198,0.0],[-45.638272,-4.483927,0.0],[-45.593509,-4.524708,0.0],[-45.590119,-4.478808,0.0],[-45.526154,-4.427843,0.0],[-45.422005,-4.440827,0.0],[-45.29491,-4.42427,0.0],[-45.279989,-4.412855,0.0],[-45.20653,-4.398819,0.0],[-45.155507,-4.409206,0.0],[-45.127478,-4.413283,0.0]]]}},{"type":"Feature","properties":{"codigo":"2108207","nome":"Pedreiras","area_km2":261.87,"regiao":null,"bioma":"Cerrado","pop_2022":37050.0,"pop_2025":38252.0},"geometry":{"type":"Polygon","coordinates":[[[-44.577367,-4.475296,0.0],[-44.577587,-4.48228,0.0],[-44.580795,-4.493319,0.0],[-44.582759,-4.499052,0.0],[-44.576155,-4.503527,0.0],[-44.571209,-4.523097,0.0],[-44.560415,-4.527771,0.0],[-44.549375,-4.526589,0.0],[-44.543116,-4.532565,0.0],[-44.54677,-4.549611,0.0],[-44.541776,-4.565006,0.0],[-44.537107,-4.57577,0.0],[-44.527585,-4.578967,0.0],[-44.527011,-4.583896,0.0],[-44.527278,-4.59128,0.0],[-44.520818,-4.59856,0.0],[-44.523481,-4.604493,0.0],[-44.517474,-4.606166,0.0],[-44.508575,-4.609953,0.0],[-44.495208,-4.61927,0.0],[-44.496207,-4.62783,0.0],[-44.498704,-4.631295,0.0],[-44.497318,-4.635839,0.0],[-44.499134,-4.640367,0.0],[-44.497444,-4.644834,0.0],[-44.485754,-4.650437,0.0],[-44.572956,-4.708695,0.0],[-44.579034,-4.732836,0.0],[-44.568995,-4.745076,0.0],[-44.563768,-4.767425,0.0],[-44.575839,-4.77873,0.0],[-44.578906,-4.785168,0.0],[-44.596994,-4.79953,0.0],[-44.610592,-4.80823,0.0],[-44.633267,-4.828564,0.0],[-44.636389,-4.838095,0.0],[-44.637723,-4.850582,0.0],[-44.64404,-4.855696,0.0],[-44.645404,-4.850186,0.0],[-44.64641,-4.847985,0.0],[-44.648271,-4.843635,0.0],[-44.643658,-4.838938,0.0],[-44.644495,-4.835056,0.0],[-44.643509,-4.830529,0.0],[-44.643109,-4.826457,0.0],[-44.642029,-4.817909,0.0],[-44.643889,-4.813124,0.0],[-44.631321,-4.812746,0.0],[-44.628908,-4.808207,0.0],[-44.624109,-4.808919,0.0],[-44.614546,-4.802979,0.0],[-44.606965,-4.797534,0.0],[-44.604396,-4.796382,0.0],[-44.601983,-4.792031,0.0],[-44.604184,-4.78591,0.0],[-44.594933,-4.780031,0.0],[-44.592054,-4.779999,0.0],[-44.589451,-4.784409,0.0],[-44.585581,-4.784127,0.0],[-44.581991,-4.783193,0.0],[-44.579213,-4.768583,0.0],[-44.575195,-4.767301,0.0],[-44.569653,-4.767545,0.0],[-44.572642,-4.761696,0.0],[-44.575543,-4.75529,0.0],[-44.569784,-4.74895,0.0],[-44.571945,-4.742119,0.0],[-44.573758,-4.738134,0.0],[-44.579648,-4.734025,0.0],[-44.586484,-4.732731,0.0],[-44.588006,-4.728909,0.0],[-44.587684,-4.724866,0.0],[-44.582553,-4.723731,0.0],[-44.587119,-4.720296,0.0],[-44.583223,-4.715548,0.0],[-44.578273,-4.713364,0.0],[-44.579815,-4.702003,0.0],[-44.587057,-4.698516,0.0],[-44.591143,-4.693322,0.0],[-44.585382,-4.681718,0.0],[-44.580403,-4.684425,0.0],[-44.578409,-4.681516,0.0],[-44.594878,-4.671902,0.0],[-44.591799,-4.66903,0.0],[-44.596658,-4.660837,0.0],[-44.644833,-4.648452,0.0],[-44.691483,-4.658819,0.0],[-44.64902,-4.640335,0.0],[-44.658128,-4.636132,0.0],[-44.656585,-4.623421,0.0],[-44.660179,-4.61598,0.0],[-44.659766,-4.609987,0.0],[-44.649806,-4.602851,0.0],[-44.642932,-4.597259,0.0],[-44.639834,-4.593361,0.0],[-44.638957,-4.586833,0.0],[-44.641064,-4.578592,0.0],[-44.636204,-4.574273,0.0],[-44.622486,-4.582756,0.0],[-44.617696,-4.578062,0.0],[-44.614867,-4.575963,0.0],[-44.613004,-4.574328,0.0],[-44.610363,-4.572703,0.0],[-44.604759,-4.562653,0.0],[-44.607068,-4.557216,0.0],[-44.61413,-4.549753,0.0],[-44.614416,-4.543915,0.0],[-44.613962,-4.537383,0.0],[-44.610463,-4.531699,0.0],[-44.606472,-4.534871,0.0],[-44.610234,-4.528858,0.0],[-44.611571,-4.52101,0.0],[-44.611286,-4.515918,0.0],[-44.605425,-4.514342,0.0],[-44.604678,-4.508051,0.0],[-44.607558,-4.499655,0.0],[-44.600068,-4.497468,0.0],[-44.600022,-4.486066,0.0],[-44.596941,-4.485407,0.0],[-44.600345,-4.475038,0.0],[-44.603371,-4.467166,0.0],[-44.599757,-4.451132,0.0],[-44.596767,-4.45193,0.0],[-44.595071,-4.453732,0.0],[-44.586147,-4.460484,0.0],[-44.582957,-4.45903,0.0],[-44.581611,-4.461585,0.0],[-44.577544,-4.468864,0.0],[-44.57976,-4.472445,0.0],[-44.577367,-4.475296,0.0]]]}},{"type":"Feature","properties":{"codigo":"2108256","nome":"Pedro do Rosário","area_km2":1752.6,"regiao":null,"bioma":"Amazônia","pop_2022":24320.0,"pop_2025":24955.0},"geometry":{"type":"Polygon","coordinates":[[[-45.285157,-3.086861,0.0],[-45.358724,-3.177237,0.0],[-45.580192,-3.238917,0.0],[-45.588468,-3.20959,0.0],[-45.603523,-3.173949,0.0],[-45.608132,-3.141417,0.0],[-45.604213,-3.137019,0.0],[-45.598633,-3.136215,0.0],[-45.597736,-3.128712,0.0],[-45.593874,-3.121785,0.0],[-45.595527,-3.11732,0.0],[-45.597606,-3.10933,0.0],[-45.5935,-3.1026,0.0],[-45.591247,-3.096642,0.0],[-45.589271,-3.08824,0.0],[-45.57913,-3.080362,0.0],[-45.573979,-3.074509,0.0],[-45.567426,-3.078379,0.0],[-45.555006,-3.075383,0.0],[-45.545258,-3.070486,0.0],[-45.535744,-3.066683,0.0],[-45.529965,-3.060945,0.0],[-45.524844,-3.058905,0.0],[-45.514409,-3.055787,0.0],[-45.505588,-3.056222,0.0],[-45.496841,-3.055285,0.0],[-45.49062,-3.05394,0.0],[-45.491819,-3.04812,0.0],[-45.477696,-3.040526,0.0],[-45.472169,-3.035159,0.0],[-45.464293,-3.036014,0.0],[-45.456035,-3.039341,0.0],[-45.452825,-3.050293,0.0],[-45.442321,-3.044448,0.0],[-45.429822,-3.045102,0.0],[-45.418418,-3.042334,0.0],[-45.404979,-3.057356,0.0],[-45.394192,-3.06313,0.0],[-45.384642,-3.069043,0.0],[-45.37614,-3.066246,0.0],[-45.367158,-3.057845,0.0],[-45.360303,-3.065747,0.0],[-45.347091,-3.071788,0.0],[-45.341643,-3.066553,0.0],[-45.34623,-3.077024,0.0],[-45.333337,-3.080598,0.0],[-45.324738,-3.078139,0.0],[-45.314527,-3.074386,0.0],[-45.299695,-3.082816,0.0],[-45.291809,-3.086648,0.0],[-45.288831,-3.08237,0.0],[-45.286047,-3.084383,0.0],[-45.285157,-3.086861,0.0]]]}},{"type":"Feature","properties":{"codigo":"2108306","nome":"Penalva","area_km2":800.3,"regiao":null,"bioma":"Amazônia","pop_2022":32511.0,"pop_2025":33496.0},"geometry":{"type":"Polygon","coordinates":[[[-45.319129,-3.125988,0.0],[-45.30765,-3.129965,0.0],[-45.298455,-3.130719,0.0],[-45.286244,-3.132925,0.0],[-45.267524,-3.136321,0.0],[-45.223147,-3.156488,0.0],[-45.217924,-3.158597,0.0],[-45.194722,-3.168437,0.0],[-45.179318,-3.168726,0.0],[-45.165429,-3.171272,0.0],[-45.15915,-3.173847,0.0],[-45.150541,-3.177891,0.0],[-45.145013,-3.180774,0.0],[-45.140272,-3.188669,0.0],[-45.139919,-3.198205,0.0],[-45.145646,-3.207342,0.0],[-45.134268,-3.201359,0.0],[-45.088317,-3.247844,0.0],[-45.093809,-3.25092,0.0],[-45.092534,-3.256275,0.0],[-45.087832,-3.256511,0.0],[-45.091463,-3.25392,0.0],[-45.088144,-3.2506,0.0],[-45.081139,-3.252634,0.0],[-45.079377,-3.248828,0.0],[-45.076886,-3.255198,0.0],[-45.073026,-3.264431,0.0],[-45.082917,-3.269639,0.0],[-45.090103,-3.280252,0.0],[-45.105922,-3.301084,0.0],[-45.117836,-3.313902,0.0],[-45.129958,-3.326522,0.0],[-45.1505,-3.332225,0.0],[-45.187154,-3.332581,0.0],[-45.200115,-3.329882,0.0],[-45.221156,-3.330415,0.0],[-45.231119,-3.330793,0.0],[-45.243628,-3.321721,0.0],[-45.255811,-3.336865,0.0],[-45.258235,-3.347282,0.0],[-45.261109,-3.363266,0.0],[-45.335316,-3.34071,0.0],[-45.340424,-3.342393,0.0],[-45.350204,-3.351825,0.0],[-45.35459,-3.35386,0.0],[-45.3585,-3.360489,0.0],[-45.39041,-3.349021,0.0],[-45.579703,-3.240844,0.0],[-45.499573,-3.217662,0.0],[-45.358724,-3.177237,0.0],[-45.319129,-3.125988,0.0]]]}},{"type":"Feature","properties":{"codigo":"2108454","nome":"Peritoró","area_km2":824.19,"regiao":null,"bioma":"Cerrado","pop_2022":20479.0,"pop_2025":20903.0},"geometry":{"type":"MultiPolygon","coordinates":[[[[-44.423064,-4.484479,0.0],[-44.422383,-4.48864,0.0],[-44.426635,-4.484684,0.0],[-44.423064,-4.484479,0.0]]],[[[-44.400511,-4.482773,0.0],[-44.392035,-4.483927,0.0],[-44.395461,-4.493157,0.0],[-44.39167,-4.492472,0.0],[-44.387266,-4.496597,0.0],[-44.386347,-4.502039,0.0],[-44.383379,-4.509485,0.0],[-44.384518,-4.516307,0.0],[-44.421096,-4.489838,0.0],[-44.410069,-4.488652,0.0],[-44.405472,-4.481677,0.0],[-44.400511,-4.482773,0.0]]],[[[-44.430566,-4.478673,0.0],[-44.42964,-4.481889,0.0],[-44.4308,-4.48081,0.0],[-44.430566,-4.478673,0.0]]]]}},{"type":"Feature","properties":{"codigo":"2108504","nome":"Pindaré-Mirim","area_km2":268.09,"regiao":null,"bioma":"Amazônia","pop_2022":31429.0,"pop_2025":32542.0},"geometry":{"type":"Polygon","coordinates":[[[-45.318466,-3.637712,0.0],[-45.339044,-3.633912,0.0],[-45.340962,-3.638525,0.0],[-45.357934,-3.639595,0.0],[-45.382039,-3.630275,0.0],[-45.384349,-3.637837,0.0],[-45.393584,-3.645198,0.0],[-45.396459,-3.646328,0.0],[-45.403386,-3.65054,0.0],[-45.408343,-3.657639,0.0],[-45.426066,-3.72693,0.0],[-45.490826,-3.824324,0.0],[-45.528324,-3.851886,0.0],[-45.528385,-3.794036,0.0],[-45.532745,-3.776416,0.0],[-45.534064,-3.715633,0.0],[-45.537336,-3.701203,0.0],[-45.514089,-3.701607,0.0],[-45.505925,-3.697006,0.0],[-45.49522,-3.694685,0.0],[-45.492945,-3.687419,0.0],[-45.481251,-3.683008,0.0],[-45.473152,-3.677846,0.0],[-45.477578,-3.670646,0.0],[-45.481062,-3.669127,0.0],[-45.47392,-3.663755,0.0],[-45.461555,-3.654268,0.0],[-45.466537,-3.647462,0.0],[-45.460735,-3.646458,0.0],[-45.463733,-3.637805,0.0],[-45.456986,-3.632512,0.0],[-45.448404,-3.62928,0.0],[-45.440267,-3.621063,0.0],[-45.434182,-3.618048,0.0],[-45.42896,-3.624844,0.0],[-45.41917,-3.6234,0.0],[-45.416165,-3.61308,0.0],[-45.40467,-3.607315,0.0],[-45.398726,-3.610735,0.0],[-45.404342,-3.601791,0.0],[-45.408191,-3.601466,0.0],[-45.398514,-3.596009,0.0],[-45.400296,-3.591279,0.0],[-45.399062,-3.584326,0.0],[-45.401836,-3.574518,0.0],[-45.396202,-3.570542,0.0],[-45.392149,-3.563312,0.0],[-45.388845,-3.560608,0.0],[-45.389388,-3.567961,0.0],[-45.385474,-3.573781,0.0],[-45.379168,-3.571702,0.0],[-45.375699,-3.572088,0.0],[-45.373386,-3.579097,0.0],[-45.363607,-3.578556,0.0],[-45.353375,-3.578608,0.0],[-45.345696,-3.590833,0.0],[-45.345374,-3.596064,0.0],[-45.344738,-3.603604,0.0],[-45.328278,-3.601475,0.0],[-45.316374,-3.59614,0.0],[-45.309118,-3.594468,0.0],[-45.303892,-3.586842,0.0],[-45.299795,-3.585211,0.0],[-45.298908,-3.57851,0.0],[-45.307885,-3.576506,0.0],[-45.305501,-3.571673,0.0],[-45.304651,-3.564773,0.0],[-45.294229,-3.562117,0.0],[-45.289945,-3.559514,0.0],[-45.294853,-3.565149,0.0],[-45.297459,-3.569099,0.0],[-45.289225,-3.577847,0.0],[-45.28489,-3.569043,0.0],[-45.280345,-3.570681,0.0],[-45.281442,-3.573118,0.0],[-45.279939,-3.575238,0.0],[-45.279962,-3.577776,0.0],[-45.28003,-3.580009,0.0],[-45.283069,-3.581543,0.0],[-45.283299,-3.584279,0.0],[-45.283533,-3.586386,0.0],[-45.278859,-3.588402,0.0],[-45.279715,-3.597178,0.0],[-45.291351,-3.603024,0.0],[-45.301156,-3.612748,0.0],[-45.303287,-3.633913,0.0],[-45.307529,-3.637901,0.0],[-45.318466,-3.637712,0.0]]]}},{"type":"Feature","properties":{"codigo":"2108702","nome":"Pio XII","area_km2":544.71,"regiao":null,"bioma":"Amazônia","pop_2022":21886.0,"pop_2025":22374.0},"geometry":{"type":"Polygon","coordinates":[[[-45.047912,-3.717513,0.0],[-45.045015,-3.721278,0.0],[-45.000399,-3.794288,0.0],[-44.972863,-3.903836,0.0],[-44.981233,-3.912532,0.0],[-44.9922,-3.933402,0.0],[-45.003601,-3.94123,0.0],[-45.006777,-3.956449,0.0],[-45.022547,-3.959477,0.0],[-45.047034,-3.954627,0.0],[-45.054046,-3.951966,0.0],[-45.057019,-3.943797,0.0],[-45.057826,-3.934139,0.0],[-45.066139,-3.930404,0.0],[-45.077597,-3.933715,0.0],[-45.086044,-3.933535,0.0],[-45.206987,-3.971907,0.0],[-45.220041,-4.0315,0.0],[-45.195309,-3.805807,0.0],[-45.189595,-3.800505,0.0],[-45.179351,-3.791589,0.0],[-45.174004,-3.788061,0.0],[-45.169132,-3.787131,0.0],[-45.172658,-3.779476,0.0],[-45.165305,-3.773065,0.0],[-45.159606,-3.76683,0.0],[-45.157073,-3.753467,0.0],[-45.153672,-3.74636,0.0],[-45.149345,-3.743093,0.0],[-45.146185,-3.73698,0.0],[-45.145887,-3.730558,0.0],[-45.139909,-3.726363,0.0],[-45.135736,-3.729857,0.0],[-45.119489,-3.746372,0.0],[-45.110602,-3.748527,0.0],[-45.113302,-3.74465,0.0],[-45.108687,-3.743213,0.0],[-45.109325,-3.738665,0.0],[-45.105103,-3.740678,0.0],[-45.10623,-3.735366,0.0],[-45.100879,-3.73283,0.0],[-45.097982,-3.728379,0.0],[-45.097345,-3.733405,0.0],[-45.091406,-3.730199,0.0],[-45.090766,-3.733596,0.0],[-45.087182,-3.729911,0.0],[-45.08787,-3.72503,0.0],[-45.080603,-3.71967,0.0],[-45.077559,-3.719479,0.0],[-45.082713,-3.71455,0.0],[-45.075152,-3.717134,0.0],[-45.061112,-3.713977,0.0],[-45.057234,-3.710387,0.0],[-45.051098,-3.717327,0.0],[-45.050166,-3.724459,0.0],[-45.048939,-3.718284,0.0],[-45.047912,-3.717513,0.0]]]}},{"type":"Feature","properties":{"codigo":"2108900","nome":"Poção de Pedras","area_km2":989.63,"regiao":null,"bioma":"Cerrado","pop_2022":17161.0,"pop_2025":17394.0},"geometry":{"type":"Polygon","coordinates":[[[-44.975806,-4.690961,0.0],[-44.756581,-4.717583,0.0],[-44.579213,-4.768583,0.0],[-44.581991,-4.783193,0.0],[-44.585581,-4.784127,0.0],[-44.589451,-4.784409,0.0],[-44.592054,-4.779999,0.0],[-44.594933,-4.780031,0.0],[-44.604184,-4.78591,0.0],[-44.601983,-4.792031,0.0],[-44.604396,-4.796382,0.0],[-44.606965,-4.797534,0.0],[-44.614546,-4.802979,0.0],[-44.624109,-4.808919,0.0],[-44.628908,-4.808207,0.0],[-44.631321,-4.812746,0.0],[-44.643889,-4.813124,0.0],[-44.642029,-4.817909,0.0],[-44.643109,-4.826457,0.0],[-44.643509,-4.830529,0.0],[-44.644495,-4.835056,0.0],[-44.643658,-4.838938,0.0],[-44.648271,-4.843635,0.0],[-44.64641,-4.847985,0.0],[-44.645404,-4.850186,0.0],[-44.64417,-4.854966,0.0],[-44.748391,-4.856416,0.0],[-44.762224,-4.878496,0.0],[-44.780672,-4.861536,0.0],[-44.820782,-4.840119,0.0],[-45.03636,-4.874746,0.0],[-45.036488,-4.881582,0.0],[-45.031275,-4.895967,0.0],[-45.040771,-4.912261,0.0],[-45.118076,-4.936664,0.0],[-45.12576,-4.92143,0.0],[-45.136309,-4.893746,0.0],[-45.144715,-4.87795,0.0],[-45.152828,-4.865072,0.0],[-45.154568,-4.858191,0.0],[-45.156469,-4.842529,0.0],[-45.156683,-4.833694,0.0],[-45.151564,-4.823197,0.0],[-44.983361,-4.664212,0.0],[-44.984635,-4.639449,0.0],[-44.957947,-4.652551,0.0],[-44.978652,-4.681068,0.0],[-44.975243,-4.686593,0.0],[-44.975806,-4.690961,0.0]]]}},{"type":"Feature","properties":{"codigo":"2109106","nome":"Presidente Dutra","area_km2":771.03,"regiao":null,"bioma":"Cerrado","pop_2022":45155.0,"pop_2025":46606.0},"geometry":{"type":"Polygon","coordinates":[[[-44.452004,-5.082047,0.0],[-44.44805,-5.083456,0.0],[-44.451655,-5.096459,0.0],[-44.449052,-5.10824,0.0],[-44.445499,-5.105446,0.0],[-44.44129,-5.099661,0.0],[-44.434896,-5.109895,0.0],[-44.417033,-5.123519,0.0],[-44.4063,-5.114984,0.0],[-44.394596,-5.104219,0.0],[-44.386671,-5.103652,0.0],[-44.38242,-5.108263,0.0],[-44.367252,-5.112848,0.0],[-44.359473,-5.110453,0.0],[-44.356587,-5.124969,0.0],[-44.368622,-5.137505,0.0],[-44.364293,-5.143401,0.0],[-44.358433,-5.139725,0.0],[-44.350738,-5.137043,0.0],[-44.348671,-5.141809,0.0],[-44.347426,-5.147609,0.0],[-44.362123,-5.175481,0.0],[-44.340947,-5.195966,0.0],[-44.343466,-5.195874,0.0],[-44.354769,-5.206062,0.0],[-44.359016,-5.209719,0.0],[-44.359894,-5.217755,0.0],[-44.369792,-5.223666,0.0],[-44.372261,-5.23074,0.0],[-44.364104,-5.250492,0.0],[-44.359652,-5.269044,0.0],[-44.354166,-5.282007,0.0],[-44.349411,-5.287548,0.0],[-44.347196,-5.296536,0.0],[-44.350495,-5.302571,0.0],[-44.345957,-5.312619,0.0],[-44.352417,-5.319154,0.0],[-44.35825,-5.325683,0.0],[-44.356305,-5.331951,0.0],[-44.360345,-5.345942,0.0],[-44.364097,-5.354266,0.0],[-44.375253,-5.358526,0.0],[-44.380415,-5.365234,0.0],[-44.383208,-5.371908,0.0],[-44.378869,-5.376571,0.0],[-44.397732,-5.383229,0.0],[-44.400888,-5.391669,0.0],[-44.400884,-5.39804,0.0],[-44.403527,-5.405653,0.0],[-44.401021,-5.41157,0.0],[-44.407151,-5.421271,0.0],[-44.401676,-5.433592,0.0],[-44.40574,-5.447397,0.0],[-44.414237,-5.449647,0.0],[-44.428954,-5.448978,0.0],[-44.429245,-5.451654,0.0],[-44.424231,-5.457676,0.0],[-44.429498,-5.466506,0.0],[-44.429061,-5.473829,0.0],[-44.435112,-5.485928,0.0],[-44.444102,-5.494818,0.0],[-44.454519,-5.478317,0.0],[-44.461135,-5.452167,0.0],[-44.481382,-5.463683,0.0],[-44.483195,-5.450009,0.0],[-44.491609,-5.447271,0.0],[-44.506435,-5.449008,0.0],[-44.509374,-5.454617,0.0],[-44.506969,-5.469443,0.0],[-44.517989,-5.474452,0.0],[-44.528345,-5.471437,0.0],[-44.536421,-5.459565,0.0],[-44.538971,-5.45202,0.0],[-44.540368,-5.438644,0.0],[-44.53999,-5.429064,0.0],[-44.548987,-5.417208,0.0],[-44.546708,-5.407741,0.0],[-44.548934,-5.396941,0.0],[-44.560876,-5.382231,0.0],[-44.557881,-5.372388,0.0],[-44.564435,-5.355363,0.0],[-44.558627,-5.345112,0.0],[-44.549571,-5.346133,0.0],[-44.540069,-5.335184,0.0],[-44.540347,-5.328843,0.0],[-44.55349,-5.321993,0.0],[-44.554656,-5.302423,0.0],[-44.570043,-5.301057,0.0],[-44.584763,-5.296078,0.0],[-44.580139,-5.292849,0.0],[-44.566585,-5.277819,0.0],[-44.567986,-5.271112,0.0],[-44.571334,-5.25555,0.0],[-44.569532,-5.251442,0.0],[-44.555686,-5.246285,0.0],[-44.550031,-5.241797,0.0],[-44.549152,-5.232349,0.0],[-44.544714,-5.224458,0.0],[-44.53934,-5.213082,0.0],[-44.538096,-5.207329,0.0],[-44.538167,-5.19948,0.0],[-44.539297,-5.184333,0.0],[-44.540445,-5.17987,0.0],[-44.543683,-5.163762,0.0],[-44.529512,-5.146974,0.0],[-44.525348,-5.13642,0.0],[-44.52413,-5.124932,0.0],[-44.512534,-5.111297,0.0],[-44.50449,-5.109438,0.0],[-44.498921,-5.112336,0.0],[-44.493611,-5.120133,0.0],[-44.482402,-5.13108,0.0],[-44.474987,-5.136599,0.0],[-44.455041,-5.149293,0.0],[-44.460461,-5.12172,0.0],[-44.455558,-5.08552,0.0],[-44.455518,-5.081213,0.0],[-44.452004,-5.082047,0.0]]]}},{"type":"Feature","properties":{"codigo":"2109759","nome":"Santa Filomena do Maranhão","area_km2":622.74,"regiao":null,"bioma":"Cerrado","pop_2022":6697.0,"pop_2025":6833.0},"geometry":{"type":"Polygon","coordinates":[[[-44.559148,-5.396969,0.0],[-44.546708,-5.407741,0.0],[-44.548987,-5.417208,0.0],[-44.53999,-5.429064,0.0],[-44.540368,-5.438644,0.0],[-44.541457,-5.447631,0.0],[-44.536421,-5.459565,0.0],[-44.528345,-5.471437,0.0],[-44.517989,-5.474452,0.0],[-44.508038,-5.471514,0.0],[-44.509374,-5.452748,0.0],[-44.502829,-5.447538,0.0],[-44.484797,-5.448741,0.0],[-44.481592,-5.453749,0.0],[-44.472389,-5.462171,0.0],[-44.459677,-5.454533,0.0],[-44.449108,-5.49657,0.0],[-44.455184,-5.496846,0.0],[-44.466471,-5.492339,0.0],[-44.470538,-5.485282,0.0],[-44.476152,-5.48409,0.0],[-44.47795,-5.497595,0.0],[-44.485053,-5.511987,0.0],[-44.493118,-5.531762,0.0],[-44.489826,-5.540286,0.0],[-44.479667,-5.548803,0.0],[-44.479379,-5.565178,0.0],[-44.472509,-5.576393,0.0],[-44.482124,-5.575016,0.0],[-44.49696,-5.57804,0.0],[-44.569906,-5.593466,0.0],[-44.574955,-5.598503,0.0],[-44.585684,-5.597439,0.0],[-44.594856,-5.600697,0.0],[-44.605029,-5.607221,0.0],[-44.609253,-5.609343,0.0],[-44.666242,-5.661074,0.0],[-44.723393,-5.644622,0.0],[-44.726795,-5.641461,0.0],[-44.727554,-5.629127,0.0],[-44.720973,-5.60866,0.0],[-44.734187,-5.606362,0.0],[-44.73981,-5.601019,0.0],[-44.752616,-5.595576,0.0],[-44.758827,-5.594117,0.0],[-44.752542,-5.588416,0.0],[-44.752153,-5.578849,0.0],[-44.752218,-5.570374,0.0],[-44.75094,-5.561641,0.0],[-44.743347,-5.535232,0.0],[-44.750671,-5.52692,0.0],[-44.74892,-5.518248,0.0],[-44.74534,-5.508428,0.0],[-44.745122,-5.499682,0.0],[-44.68213,-5.42831,0.0],[-44.66954,-5.417132,0.0],[-44.665732,-5.409394,0.0],[-44.656949,-5.404849,0.0],[-44.65179,-5.39926,0.0],[-44.639323,-5.396681,0.0],[-44.634856,-5.400883,0.0],[-44.623298,-5.392054,0.0],[-44.616139,-5.389909,0.0],[-44.608131,-5.386531,0.0],[-44.597695,-5.384232,0.0],[-44.591339,-5.374231,0.0],[-44.576825,-5.382892,0.0],[-44.561531,-5.39271,0.0],[-44.559928,-5.394045,0.0],[-44.559148,-5.396969,0.0]]]}},{"type":"Feature","properties":{"codigo":"2109908","nome":"Santa Inês","area_km2":786.11,"regiao":null,"bioma":"Amazônia","pop_2022":85014.0,"pop_2025":88249.0},"geometry":{"type":"Polygon","coordinates":[[[-45.318466,-3.637712,0.0],[-45.325417,-3.656036,0.0],[-45.324117,-3.664072,0.0],[-45.323434,-3.684787,0.0],[-45.342935,-3.68407,0.0],[-45.324513,-3.754527,0.0],[-45.317922,-3.781322,0.0],[-45.326477,-3.793962,0.0],[-45.32643,-3.810767,0.0],[-45.337773,-3.821945,0.0],[-45.341332,-3.829789,0.0],[-45.342071,-3.848173,0.0],[-45.335762,-3.84842,0.0],[-45.325564,-3.845068,0.0],[-45.331504,-3.853194,0.0],[-45.329674,-3.857096,0.0],[-45.339145,-3.85657,0.0],[-45.340467,-3.863345,0.0],[-45.33985,-3.869963,0.0],[-45.348,-3.878459,0.0],[-45.358429,-3.887835,0.0],[-45.365268,-3.893002,0.0],[-45.368385,-3.900818,0.0],[-45.371236,-3.917882,0.0],[-45.371378,-3.933452,0.0],[-45.369082,-3.946984,0.0],[-45.361708,-3.957526,0.0],[-45.358533,-3.97364,0.0],[-45.357657,-3.984927,0.0],[-45.372825,-3.991515,0.0],[-45.381763,-3.994978,0.0],[-45.391179,-4.005444,0.0],[-45.40046,-4.015706,0.0],[-45.402563,-4.024544,0.0],[-45.402703,-4.034624,0.0],[-45.404316,-4.050693,0.0],[-45.405841,-4.059594,0.0],[-45.407948,-4.062351,0.0],[-45.412586,-4.06588,0.0],[-45.419102,-4.065188,0.0],[-45.427856,-4.06781,0.0],[-45.431121,-4.0694,0.0],[-45.44058,-4.069479,0.0],[-45.449624,-4.074686,0.0],[-45.459278,-4.071566,0.0],[-45.472151,-4.070454,0.0],[-45.550187,-3.987038,0.0],[-45.581254,-3.947198,0.0],[-45.584202,-3.90338,0.0],[-45.493628,-3.827292,0.0],[-45.466436,-3.786037,0.0],[-45.416396,-3.707327,0.0],[-45.404168,-3.653019,0.0],[-45.401006,-3.650008,0.0],[-45.395712,-3.644327,0.0],[-45.387013,-3.641519,0.0],[-45.383708,-3.631016,0.0],[-45.371707,-3.632025,0.0],[-45.34462,-3.640666,0.0],[-45.340465,-3.63525,0.0],[-45.324629,-3.634253,0.0],[-45.318466,-3.637712,0.0]]]}},{"type":"Feature","properties":{"codigo":"2110005","nome":"Santa Luzia","area_km2":4834.6,"regiao":null,"bioma":"Amazônia","pop_2022":57635.0,"pop_2025":58839.0},"geometry":{"type":"Polygon","coordinates":[[[-45.598158,-3.915344,0.0],[-45.577997,-3.987461,0.0],[-45.564645,-3.990034,0.0],[-45.563307,-3.99311,0.0],[-45.565131,-4.000316,0.0],[-45.567913,-4.013865,0.0],[-45.572987,-4.021841,0.0],[-45.569929,-4.024918,0.0],[-45.567355,-4.036934,0.0],[-45.56755,-4.042124,0.0],[-45.561145,-4.045684,0.0],[-45.55838,-4.060199,0.0],[-45.552639,-4.057511,0.0],[-45.550824,-4.058956,0.0],[-45.560872,-4.066541,0.0],[-45.563847,-4.08009,0.0],[-45.568252,-4.088162,0.0],[-45.570453,-4.092676,0.0],[-45.569025,-4.100656,0.0],[-45.580798,-4.11266,0.0],[-45.576782,-4.114394,0.0],[-45.581089,-4.117754,0.0],[-45.579467,-4.122849,0.0],[-45.57995,-4.130443,0.0],[-45.581202,-4.141687,0.0],[-45.578052,-4.150243,0.0],[-45.591353,-4.158594,0.0],[-45.588209,-4.174263,0.0],[-45.587257,-4.180606,0.0],[-45.59099,-4.181854,0.0],[-45.594686,-4.190185,0.0],[-45.597644,-4.195961,0.0],[-45.61164,-4.193241,0.0],[-45.620745,-4.192875,0.0],[-45.630331,-4.19419,0.0],[-45.638724,-4.196656,0.0],[-45.639464,-4.192527,0.0],[-45.641535,-4.185743,0.0],[-45.647057,-4.185003,0.0],[-45.651631,-4.189797,0.0],[-45.65884,-4.197635,0.0],[-45.664474,-4.198817,0.0],[-45.672093,-4.209242,0.0],[-45.738362,-4.238463,0.0],[-45.748839,-4.240153,0.0],[-45.756402,-4.241356,0.0],[-45.761045,-4.246009,0.0],[-45.768793,-4.245306,0.0],[-45.778611,-4.248579,0.0],[-45.782421,-4.25032,0.0],[-45.786881,-4.254401,0.0],[-45.792846,-4.263888,0.0],[-45.800953,-4.281597,0.0],[-45.801092,-4.294687,0.0],[-45.797028,-4.297284,0.0],[-45.796086,-4.302382,0.0],[-45.79553,-4.311553,0.0],[-45.793221,-4.321925,0.0],[-45.791229,-4.336347,0.0],[-45.796137,-4.342868,0.0],[-45.801284,-4.345659,0.0],[-45.799121,-4.352262,0.0],[-45.800097,-4.358508,0.0],[-45.803184,-4.366259,0.0],[-45.805884,-4.372733,0.0],[-45.803972,-4.381266,0.0],[-45.816468,-4.388821,0.0],[-45.814718,-4.404869,0.0],[-45.819177,-4.409106,0.0],[-45.825008,-4.414622,0.0],[-45.826111,-4.417682,0.0],[-45.822286,-4.427648,0.0],[-45.811757,-4.425841,0.0],[-45.805913,-4.430093,0.0],[-45.80352,-4.433444,0.0],[-45.79926,-4.437777,0.0],[-45.793404,-4.446452,0.0],[-45.789979,-4.453377,0.0],[-45.789506,-4.459069,0.0],[-45.789056,-4.473029,0.0],[-45.786417,-4.48598,0.0],[-45.779852,-4.49378,0.0],[-45.775899,-4.506892,0.0],[-45.770248,-4.513088,0.0],[-45.762712,-4.513949,0.0],[-45.758036,-4.517513,0.0],[-45.760587,-4.528683,0.0],[-45.746929,-4.531747,0.0],[-45.741974,-4.535337,0.0],[-45.724212,-4.543378,0.0],[-45.708534,-4.559048,0.0],[-45.922131,-4.615674,0.0],[-45.924755,-4.632849,0.0],[-45.926906,-4.655621,0.0],[-45.935653,-4.664628,0.0],[-45.948411,-4.670839,0.0],[-45.959394,-4.681247,0.0],[-45.958173,-4.693829,0.0],[-45.962651,-4.70306,0.0],[-45.966275,-4.704499,0.0],[-45.97048,-4.710367,0.0],[-45.978973,-4.727457,0.0],[-45.989137,-4.733036,0.0],[-46.005737,-4.741717,0.0],[-46.013356,-4.743581,0.0],[-46.017165,-4.751928,0.0],[-46.022595,-4.76214,0.0],[-46.029241,-4.767489,0.0],[-46.029565,-4.773568,0.0],[-46.036859,-4.789209,0.0],[-46.040425,-4.792127,0.0],[-46.036454,-4.805094,0.0],[-46.028354,-4.805499,0.0],[-46.026187,-4.825013,0.0],[-46.02263,-4.84355,0.0],[-46.017372,-4.853706,0.0],[-46.089384,-4.850322,0.0],[-46.094827,-4.84,0.0],[-46.102678,-4.831985,0.0],[-46.104093,-4.813882,0.0],[-46.110455,-4.80952,0.0],[-46.119156,-4.798496,0.0],[-46.13066,-4.798208,0.0],[-46.131983,-4.790203,0.0],[-46.201789,-4.752489,0.0],[-46.22111,-4.665877,0.0],[-46.228043,-4.623489,0.0],[-46.178051,-4.600263,0.0],[-46.159105,-4.560496,0.0],[-46.203081,-4.471643,0.0],[-46.232929,-4.445331,0.0],[-46.229844,-4.422295,0.0],[-46.229971,-4.402583,0.0],[-46.225311,-4.396737,0.0],[-46.225987,-4.385617,0.0],[-46.240938,-4.373777,0.0],[-46.273788,-4.301691,0.0],[-46.089388,-4.033123,0.0],[-46.086172,-4.031938,0.0],[-46.088754,-4.024,0.0],[-46.082945,-4.022704,0.0],[-46.042719,-3.997688,0.0],[-45.98425,-3.984329,0.0],[-45.967374,-3.97035,0.0],[-45.950848,-3.966799,0.0],[-45.93218,-3.953852,0.0],[-45.923194,-3.945295,0.0],[-45.912758,-3.941511,0.0],[-45.905368,-3.938062,0.0],[-45.908687,-3.929614,0.0],[-45.906027,-3.920264,0.0],[-45.902978,-3.917208,0.0],[-45.904494,-3.911711,0.0],[-45.898447,-3.899759,0.0],[-45.884628,-3.893935,0.0],[-45.880452,-3.891217,0.0],[-45.875775,-3.892525,0.0],[-45.865001,-3.888629,0.0],[-45.853229,-3.887421,0.0],[-45.846386,-3.88003,0.0],[-45.844971,-3.87329,0.0],[-45.84434,-3.860651,0.0],[-45.841787,-3.846309,0.0],[-45.846314,-3.834907,0.0],[-45.843904,-3.823297,0.0],[-45.844971,-3.817863,0.0],[-45.818925,-3.820438,0.0],[-45.807538,-3.822604,0.0],[-45.80726,-3.825155,0.0],[-45.80455,-3.821758,0.0],[-45.799424,-3.8259,0.0],[-45.786746,-3.833109,0.0],[-45.772415,-3.823145,0.0],[-45.7688,-3.815329,0.0],[-45.76874,-3.809265,0.0],[-45.766597,-3.79565,0.0],[-45.756999,-3.792046,0.0],[-45.749558,-3.796359,0.0],[-45.748043,-3.804807,0.0],[-45.750027,-3.817103,0.0],[-45.745624,-3.812345,0.0],[-45.72544,-3.811683,0.0],[-45.718164,-3.807777,0.0],[-45.704347,-3.802858,0.0],[-45.695262,-3.794082,0.0],[-45.68793,-3.790008,0.0],[-45.682161,-3.766914,0.0],[-45.678292,-3.757933,0.0],[-45.672623,-3.749524,0.0],[-45.666024,-3.74562,0.0],[-45.652946,-3.745289,0.0],[-45.645516,-3.741125,0.0],[-45.639736,-3.739641,0.0],[-45.637078,-3.730305,0.0],[-45.632611,-3.729727,0.0],[-45.628005,-3.731896,0.0],[-45.624257,-3.732863,0.0],[-45.598158,-3.915344,0.0]]]}},{"type":"Feature","properties":{"codigo":"2110203","nome":"Santa Rita","area_km2":756.3,"regiao":null,"bioma":"Amazônia","pop_2022":37035.0,"pop_2025":38542.0},"geometry":{"type":"Polygon","coordinates":[[[-44.495494,-3.026014,0.0],[-44.494919,-3.033972,0.0],[-44.485118,-3.037161,0.0],[-44.472155,-3.03694,0.0],[-44.321966,-3.105027,0.0],[-44.3233,-3.070108,0.0],[-44.320512,-3.061564,0.0],[-44.313414,-3.062938,0.0],[-44.31286,-3.057191,0.0],[-44.308288,-3.058567,0.0],[-44.299421,-3.062915,0.0],[-44.294032,-3.070786,0.0],[-44.289081,-3.077371,0.0],[-44.292106,-3.08491,0.0],[-44.296175,-3.089185,0.0],[-44.303245,-3.094219,0.0],[-44.314777,-3.098509,0.0],[-44.314307,-3.108141,0.0],[-44.307664,-3.113669,0.0],[-44.3013,-3.12282,0.0],[-44.305623,-3.120094,0.0],[-44.309933,-3.120121,0.0],[-44.317074,-3.124075,0.0],[-44.315723,-3.136667,0.0],[-44.326393,-3.139562,0.0],[-44.334347,-3.138562,0.0],[-44.341303,-3.134545,0.0],[-44.346029,-3.137864,0.0],[-44.34553,-3.145276,0.0],[-44.354349,-3.147393,0.0],[-44.359557,-3.147905,0.0],[-44.359325,-3.156311,0.0],[-44.360061,-3.160811,0.0],[-44.367157,-3.159882,0.0],[-44.37111,-3.158855,0.0],[-44.370835,-3.163568,0.0],[-44.370801,-3.169881,0.0],[-44.377299,-3.175119,0.0],[-44.386315,-3.178852,0.0],[-44.395191,-3.18572,0.0],[-44.396186,-3.190598,0.0],[-44.403577,-3.196347,0.0],[-44.402184,-3.206346,0.0],[-44.412082,-3.212018,0.0],[-44.423762,-3.211216,0.0],[-44.430087,-3.213848,0.0],[-44.436412,-3.217156,0.0],[-44.439098,-3.196469,0.0],[-44.450106,-3.194064,0.0],[-44.460963,-3.194926,0.0],[-44.471026,-3.188138,0.0],[-44.54938,-3.086275,0.0],[-44.540579,-3.070382,0.0],[-44.542139,-3.063333,0.0],[-44.506515,-3.032574,0.0],[-44.495494,-3.026014,0.0]]]}},{"type":"Feature","properties":{"codigo":"2110302","nome":"Santo Antônio dos Lopes","area_km2":770.37,"regiao":null,"bioma":"Cerrado","pop_2022":14304.0,"pop_2025":14628.0},"geometry":{"type":"Polygon","coordinates":[[[-44.398241,-4.666045,0.0],[-44.447691,-4.70021,0.0],[-44.438342,-4.709639,0.0],[-44.435861,-4.712014,0.0],[-44.430942,-4.715718,0.0],[-44.417752,-4.723829,0.0],[-44.415295,-4.728038,0.0],[-44.411597,-4.738101,0.0],[-44.408147,-4.74227,0.0],[-44.401512,-4.745669,0.0],[-44.391715,-4.750405,0.0],[-44.385156,-4.759657,0.0],[-44.380591,-4.760487,0.0],[-44.375263,-4.766238,0.0],[-44.36519,-4.773352,0.0],[-44.354061,-4.779753,0.0],[-44.352494,-4.789804,0.0],[-44.35047,-4.796986,0.0],[-44.352171,-4.807508,0.0],[-44.346348,-4.813954,0.0],[-44.347769,-4.825144,0.0],[-44.352125,-4.823593,0.0],[-44.360711,-4.827849,0.0],[-44.373565,-4.837415,0.0],[-44.368258,-4.848755,0.0],[-44.370562,-4.853461,0.0],[-44.368601,-4.86828,0.0],[-44.375532,-4.86627,0.0],[-44.378387,-4.87598,0.0],[-44.370021,-4.880568,0.0],[-44.376967,-4.884669,0.0],[-44.380078,-4.888334,0.0],[-44.382791,-4.895768,0.0],[-44.388554,-4.895774,0.0],[-44.388247,-4.902954,0.0],[-44.39983,-4.918929,0.0],[-44.404988,-4.915008,0.0],[-44.418445,-4.917413,0.0],[-44.426337,-4.934573,0.0],[-44.432081,-4.938565,0.0],[-44.426138,-4.940212,0.0],[-44.427422,-4.945455,0.0],[-44.432076,-4.945243,0.0],[-44.434436,-4.948189,0.0],[-44.439012,-4.954512,0.0],[-44.436431,-4.959177,0.0],[-44.43917,-4.969928,0.0],[-44.514157,-4.975934,0.0],[-44.637723,-4.850582,0.0],[-44.636389,-4.838095,0.0],[-44.633267,-4.828564,0.0],[-44.610592,-4.80823,0.0],[-44.596994,-4.79953,0.0],[-44.578906,-4.785168,0.0],[-44.575839,-4.77873,0.0],[-44.563768,-4.767425,0.0],[-44.568995,-4.745076,0.0],[-44.579034,-4.732836,0.0],[-44.572956,-4.708695,0.0],[-44.485754,-4.650437,0.0],[-44.398241,-4.666045,0.0]]]}},{"type":"Feature","properties":{"codigo":"2110708","nome":"São Domingos do Maranhão","area_km2":1151.2,"regiao":null,"bioma":"Cerrado","pop_2022":34034.0,"pop_2025":35247.0},"geometry":{"type":"MultiPolygon","coordinates":[[[[-44.544053,-5.787743,0.0],[-44.544215,-5.788387,0.0],[-44.544216,-5.787398,0.0],[-44.544053,-5.787743,0.0]]],[[[-44.534274,-5.77179,0.0],[-44.540195,-5.775589,0.0],[-44.539333,-5.77468,0.0],[-44.534274,-5.77179,0.0]]],[[[-44.527618,-5.767726,0.0],[-44.528696,-5.76847,0.0],[-44.527333,-5.767441,0.0],[-44.527618,-5.767726,0.0]]],[[[-44.515066,-5.746929,0.0],[-44.516737,-5.748115,0.0],[-44.517747,-5.748042,0.0],[-44.515066,-5.746929,0.0]]],[[[-44.466283,-5.735648,0.0],[-44.470221,-5.740335,0.0],[-44.473328,-5.740338,0.0],[-44.47538,-5.738578,0.0],[-44.472479,-5.736743,0.0],[-44.466283,-5.735648,0.0]]],[[[-44.464755,-5.734642,0.0],[-44.465601,-5.733084,0.0],[-44.464611,-5.731583,0.0],[-44.464325,-5.733779,0.0],[-44.464755,-5.734642,0.0]]],[[[-44.460188,-5.725839,0.0],[-44.463211,-5.716976,0.0],[-44.457583,-5.705158,0.0],[-44.457812,-5.711536,0.0],[-44.462223,-5.722071,0.0],[-44.460188,-5.725839,0.0]]],[[[-44.449887,-5.687348,0.0],[-44.452344,-5.681541,0.0],[-44.452708,-5.658586,0.0],[-44.452653,-5.645423,0.0],[-44.450312,-5.649008,0.0],[-44.443999,-5.660954,0.0],[-44.439037,-5.666798,0.0],[-44.449349,-5.677626,0.0],[-44.4503,-5.681743,0.0],[-44.449887,-5.687348,0.0]]],[[[-44.450324,-5.635964,0.0],[-44.450768,-5.627284,0.0],[-44.447822,-5.62258,0.0],[-44.447367,-5.618092,0.0],[-44.447606,-5.623699,0.0],[-44.449553,-5.630039,0.0],[-44.448176,-5.633329,0.0],[-44.450324,-5.635964,0.0]]],[[[-44.447977,-5.610176,0.0],[-44.449035,-5.609601,0.0],[-44.461456,-5.608633,0.0],[-44.465621,-5.590109,0.0],[-44.477926,-5.568456,0.0],[-44.473082,-5.567048,0.0],[-44.469495,-5.573963,0.0],[-44.464703,-5.589372,0.0],[-44.458766,-5.603057,0.0],[-44.447977,-5.610176,0.0]]],[[[-44.486105,-5.527567,0.0],[-44.487699,-5.523043,0.0],[-44.480423,-5.501026,0.0],[-44.476511,-5.503804,0.0],[-44.482029,-5.510391,0.0],[-44.485755,-5.518173,0.0],[-44.486105,-5.527567,0.0]]],[[[-44.45721,-5.493235,0.0],[-44.454844,-5.497208,0.0],[-44.459986,-5.492126,0.0],[-44.45721,-5.493235,0.0]]],[[[-44.44206,-5.492235,0.0],[-44.444102,-5.494818,0.0],[-44.442063,-5.489272,0.0],[-44.44206,-5.492235,0.0]]],[[[-44.435112,-5.485928,0.0],[-44.43639,-5.486428,0.0],[-44.438513,-5.484825,0.0],[-44.435112,-5.485928,0.0]]],[[[-44.440599,-5.484167,0.0],[-44.440722,-5.484218,0.0],[-44.440682,-5.484141,0.0],[-44.440599,-5.484167,0.0]]],[[[-44.431064,-5.481598,0.0],[-44.430544,-5.480492,0.0],[-44.430094,-5.480192,0.0],[-44.430377,-5.480564,0.0],[-44.431064,-5.481598,0.0]]]]}},{"type":"Feature","properties":{"codigo":"2110856","nome":"São Francisco do Brejão","area_km2":746.02,"regiao":null,"bioma":"Amazônia","pop_2022":9051.0,"pop_2025":9202.0},"geometry":{"type":"Polygon","coordinates":[[[-47.233994,-5.273995,0.0],[-47.240072,-5.2705,0.0],[-47.235553,-5.261026,0.0],[-47.236829,-5.249484,0.0],[-47.234118,-5.24404,0.0],[-47.236751,-5.234378,0.0],[-47.242876,-5.232514,0.0],[-47.242949,-5.221504,0.0],[-47.239547,-5.217594,0.0],[-47.241241,-5.210843,0.0],[-47.235397,-5.196124,0.0],[-47.227123,-5.200517,0.0],[-47.219905,-5.177486,0.0],[-47.215059,-5.170865,0.0],[-47.207572,-5.170654,0.0],[-47.194567,-5.165187,0.0],[-47.135553,-5.143382,0.0],[-47.142388,-5.150644,0.0],[-47.150445,-5.152985,0.0],[-47.149613,-5.163174,0.0],[-47.157076,-5.171706,0.0],[-47.156543,-5.178798,0.0],[-47.166152,-5.183205,0.0],[-47.170263,-5.184249,0.0],[-47.172079,-5.192814,0.0],[-47.180163,-5.195061,0.0],[-47.177227,-5.197088,0.0],[-47.180017,-5.199661,0.0],[-47.184063,-5.211459,0.0],[-47.184981,-5.217619,0.0],[-47.188754,-5.224111,0.0],[-47.202513,-5.233301,0.0],[-47.204455,-5.237279,0.0],[-47.208317,-5.244963,0.0],[-47.221694,-5.25461,0.0],[-47.2256,-5.265949,0.0],[-47.233994,-5.273995,0.0]]]}},{"type":"Feature","properties":{"codigo":"2111003","nome":"São João Batista","area_km2":649.45,"regiao":null,"bioma":"Amazônia","pop_2022":18544.0,"pop_2025":18889.0},"geometry":{"type":"Polygon","coordinates":[[[-44.652989,-2.892578,0.0],[-44.679622,-2.913193,0.0],[-44.682043,-2.940697,0.0],[-44.680819,-2.973155,0.0],[-44.676895,-3.000256,0.0],[-44.667395,-3.013263,0.0],[-44.639033,-3.026303,0.0],[-44.621889,-3.029469,0.0],[-44.610635,-3.038202,0.0],[-44.620391,-3.057115,0.0],[-44.649552,-3.079087,0.0],[-44.672819,-3.106741,0.0],[-44.691927,-3.131889,0.0],[-44.713262,-3.130538,0.0],[-44.715593,-3.12858,0.0],[-44.72545,-3.122229,0.0],[-44.744202,-3.119718,0.0],[-44.74598,-3.113877,0.0],[-44.758268,-3.106641,0.0],[-44.764452,-3.102092,0.0],[-44.76851,-3.098529,0.0],[-44.774238,-3.101357,0.0],[-44.780747,-3.092509,0.0],[-44.787166,-3.089657,0.0],[-44.799782,-3.079411,0.0],[-44.807305,-3.077929,0.0],[-44.810411,-3.0661,0.0],[-44.843847,-3.046264,0.0],[-44.909249,-3.040134,0.0],[-44.918207,-3.038027,0.0],[-44.922908,-3.033217,0.0],[-44.921957,-3.025429,0.0],[-44.919791,-3.020795,0.0],[-44.92307,-3.021383,0.0],[-44.922854,-3.017104,0.0],[-44.92646,-3.022573,0.0],[-44.936096,-3.024359,0.0],[-44.931154,-3.018502,0.0],[-44.934014,-3.012373,0.0],[-44.92983,-3.011089,0.0],[-44.925322,-3.009724,0.0],[-44.924107,-3.005431,0.0],[-44.922833,-2.998776,0.0],[-44.926638,-3.000399,0.0],[-44.930856,-2.992604,0.0],[-44.936273,-2.998619,0.0],[-44.937112,-2.994285,0.0],[-44.941578,-2.992755,0.0],[-44.944262,-2.995269,0.0],[-44.942212,-2.990331,0.0],[-44.933653,-2.988275,0.0],[-44.937808,-2.978702,0.0],[-44.942998,-2.977483,0.0],[-44.94698,-2.975479,0.0],[-44.949411,-2.979716,0.0],[-44.951469,-2.974362,0.0],[-44.953317,-2.972971,0.0],[-44.95971,-2.971174,0.0],[-44.969187,-2.970749,0.0],[-44.965794,-2.962991,0.0],[-44.963044,-2.960713,0.0],[-44.964162,-2.950786,0.0],[-44.974544,-2.939038,0.0],[-44.931637,-2.920569,0.0],[-44.926395,-2.927187,0.0],[-44.920752,-2.931352,0.0],[-44.912288,-2.933469,0.0],[-44.885746,-2.938273,0.0],[-44.865345,-2.945059,0.0],[-44.791691,-2.888108,0.0],[-44.782045,-2.895889,0.0],[-44.762433,-2.888355,0.0],[-44.747046,-2.882527,0.0],[-44.738597,-2.875182,0.0],[-44.735461,-2.884825,0.0],[-44.725769,-2.886347,0.0],[-44.715706,-2.888282,0.0],[-44.69291,-2.888343,0.0],[-44.686823,-2.887626,0.0],[-44.681518,-2.885683,0.0],[-44.677668,-2.890277,0.0],[-44.670241,-2.887299,0.0],[-44.660157,-2.890079,0.0],[-44.655249,-2.886777,0.0],[-44.655379,-2.89163,0.0],[-44.652989,-2.892578,0.0]]]}},{"type":"Feature","properties":{"codigo":"2111029","nome":"São João do Carú","area_km2":909.88,"regiao":null,"bioma":"Amazônia","pop_2022":12251.0,"pop_2025":12360.0},"geometry":{"type":"Polygon","coordinates":[[[-46.278371,-3.346449,0.0],[-46.279858,-3.397983,0.0],[-46.278463,-3.412421,0.0],[-46.281449,-3.428188,0.0],[-46.289912,-3.430791,0.0],[-46.291946,-3.43501,0.0],[-46.285579,-3.437062,0.0],[-46.27811,-3.446171,0.0],[-46.262439,-3.467305,0.0],[-46.270107,-3.480257,0.0],[-46.109431,-3.485883,0.0],[-46.10596,-3.491796,0.0],[-46.108823,-3.504272,0.0],[-46.105025,-3.51543,0.0],[-46.105672,-3.520253,0.0],[-46.111049,-3.521382,0.0],[-46.11812,-3.519357,0.0],[-46.120425,-3.526283,0.0],[-46.120456,-3.528731,0.0],[-46.122891,-3.530062,0.0],[-46.124287,-3.537331,0.0],[-46.123768,-3.540307,0.0],[-46.124021,-3.542896,0.0],[-46.122916,-3.548627,0.0],[-46.12533,-3.551917,0.0],[-46.127128,-3.561091,0.0],[-46.125586,-3.562386,0.0],[-46.125777,-3.565121,0.0],[-46.120065,-3.571927,0.0],[-46.119376,-3.574054,0.0],[-46.118346,-3.578011,0.0],[-46.118151,-3.581352,0.0],[-46.116296,-3.585755,0.0],[-46.112884,-3.587804,0.0],[-46.114248,-3.589461,0.0],[-46.111871,-3.590141,0.0],[-46.105082,-3.594374,0.0],[-46.102522,-3.595019,0.0],[-46.109684,-3.604299,0.0],[-46.115642,-3.605314,0.0],[-46.122005,-3.599183,0.0],[-46.12704,-3.602912,0.0],[-46.133077,-3.60581,0.0],[-46.137077,-3.601766,0.0],[-46.138361,-3.601654,0.0],[-46.140903,-3.595847,0.0],[-46.143398,-3.585227,0.0],[-46.148618,-3.586765,0.0],[-46.151123,-3.586182,0.0],[-46.159732,-3.579596,0.0],[-46.166197,-3.582351,0.0],[-46.170098,-3.580004,0.0],[-46.178714,-3.577162,0.0],[-46.186498,-3.576806,0.0],[-46.191326,-3.574738,0.0],[-46.202383,-3.583276,0.0],[-46.202577,-3.589069,0.0],[-46.205156,-3.596231,0.0],[-46.21084,-3.585361,0.0],[-46.215958,-3.585786,0.0],[-46.221945,-3.589287,0.0],[-46.231604,-3.584774,0.0],[-46.239046,-3.582666,0.0],[-46.245653,-3.58268,0.0],[-46.244957,-3.579577,0.0],[-46.240366,-3.577518,0.0],[-46.244766,-3.570806,0.0],[-46.251219,-3.575146,0.0],[-46.254372,-3.571783,0.0],[-46.25636,-3.560438,0.0],[-46.267799,-3.559847,0.0],[-46.272693,-3.555259,0.0],[-46.277762,-3.561944,0.0],[-46.278104,-3.556786,0.0],[-46.280233,-3.556304,0.0],[-46.281347,-3.549549,0.0],[-46.288334,-3.547706,0.0],[-46.290109,-3.554396,0.0],[-46.296867,-3.555079,0.0],[-46.300147,-3.557259,0.0],[-46.301477,-3.559199,0.0],[-46.303669,-3.555448,0.0],[-46.297039,-3.550425,0.0],[-46.29681,-3.542088,0.0],[-46.301775,-3.539267,0.0],[-46.306211,-3.542333,0.0],[-46.312205,-3.546339,0.0],[-46.31811,-3.54566,0.0],[-46.325632,-3.542057,0.0],[-46.329644,-3.54086,0.0],[-46.323838,-3.549972,0.0],[-46.329824,-3.545128,0.0],[-46.334824,-3.551743,0.0],[-46.338137,-3.554274,0.0],[-46.348005,-3.552465,0.0],[-46.354617,-3.55784,0.0],[-46.35271,-3.563685,0.0],[-46.356514,-3.56728,0.0],[-46.360461,-3.563855,0.0],[-46.357409,-3.557957,0.0],[-46.363812,-3.558072,0.0],[-46.368229,-3.554531,0.0],[-46.366368,-3.561406,0.0],[-46.365613,-3.568625,0.0],[-46.372795,-3.57406,0.0],[-46.380665,-3.576129,0.0],[-46.382592,-3.583044,0.0],[-46.386322,-3.583171,0.0],[-46.391865,-3.581258,0.0],[-46.39705,-3.57798,0.0],[-46.396571,-3.57118,0.0],[-46.401539,-3.570294,0.0],[-46.407027,-3.581058,0.0],[-46.402319,-3.589715,0.0],[-46.414614,-3.58884,0.0],[-46.420218,-3.592163,0.0],[-46.419393,-3.582733,0.0],[-46.422571,-3.577305,0.0],[-46.42739,-3.578415,0.0],[-46.428953,-3.587642,0.0],[-46.434557,-3.591233,0.0],[-46.439198,-3.587159,0.0],[-46.434874,-3.58251,0.0],[-46.434748,-3.578203,0.0],[-46.441129,-3.574745,0.0],[-46.452309,-3.579972,0.0],[-46.455974,-3.592966,0.0],[-46.461309,-3.59223,0.0],[-46.469138,-3.59452,0.0],[-46.468416,-3.600288,0.0],[-46.470001,-3.608898,0.0],[-46.477226,-3.609191,0.0],[-46.480303,-3.603988,0.0],[-46.48903,-3.610947,0.0],[-46.489475,-3.617973,0.0],[-46.499468,-3.619965,0.0],[-46.50115,-3.620988,0.0],[-46.502661,-3.618526,0.0],[-46.505521,-3.618684,0.0],[-46.506961,-3.624996,0.0],[-46.513098,-3.624574,0.0],[-46.521932,-3.626937,0.0],[-46.529425,-3.632418,0.0],[-46.528322,-3.626764,0.0],[-46.534631,-3.627818,0.0],[-46.544471,-3.628703,0.0],[-46.543557,-3.635346,0.0],[-46.545486,-3.631817,0.0],[-46.55314,-3.633198,0.0],[-46.557607,-3.639502,0.0],[-46.561641,-3.638021,0.0],[-46.56425,-3.63941,0.0],[-46.56822,-3.649488,0.0],[-46.571753,-3.650465,0.0],[-46.575535,-3.649229,0.0],[-46.578653,-3.652914,0.0],[-46.582844,-3.655635,0.0],[-46.586899,-3.659503,0.0],[-46.592255,-3.666281,0.0],[-46.599719,-3.674793,0.0],[-46.610242,-3.674299,0.0],[-46.614996,-3.679965,0.0],[-46.622074,-3.690747,0.0],[-46.623925,-3.698003,0.0],[-46.627122,-3.701863,0.0],[-46.633217,-3.704396,0.0],[-46.643184,-3.709186,0.0],[-46.651383,-3.699086,0.0],[-46.67207,-3.697728,0.0],[-46.696351,-3.704938,0.0],[-46.68932,-3.700466,0.0],[-46.689092,-3.686769,0.0],[-46.692614,-3.675716,0.0],[-46.673501,-3.659845,0.0],[-46.630843,-3.613062,0.0],[-46.602823,-3.598258,0.0],[-46.579854,-3.579146,0.0],[-46.547715,-3.543045,0.0],[-46.503406,-3.50277,0.0],[-46.475665,-3.486268,0.0],[-46.431235,-3.437395,0.0],[-46.398527,-3.346599,0.0],[-46.395676,-3.291366,0.0],[-46.278371,-3.346449,0.0]]]}},{"type":"Feature","properties":{"codigo":"2111052","nome":"São João do Paraíso","area_km2":2052.9,"regiao":null,"bioma":"Cerrado","pop_2022":9904.0,"pop_2025":10091.0},"geometry":{"type":"MultiPolygon","coordinates":[[[[-46.732471,-6.681991,0.0],[-46.733842,-6.682767,0.0],[-46.735489,-6.681541,0.0],[-46.74164,-6.67506,0.0],[-46.741003,-6.673432,0.0],[-46.732779,-6.678892,0.0],[-46.732471,-6.681991,0.0]]],[[[-46.726954,-6.657063,0.0],[-46.728009,-6.658556,0.0],[-46.730877,-6.655059,0.0],[-46.73966,-6.652451,0.0],[-46.736957,-6.652613,0.0],[-46.728062,-6.654504,0.0],[-46.726954,-6.657063,0.0]]],[[[-46.748101,-6.631734,0.0],[-46.744589,-6.638033,0.0],[-46.749458,-6.636349,0.0],[-46.754381,-6.627501,0.0],[-46.748101,-6.631734,0.0]]],[[[-46.754053,-6.587506,0.0],[-46.753904,-6.584909,0.0],[-46.756404,-6.571652,0.0],[-46.753196,-6.567649,0.0],[-46.752605,-6.584489,0.0],[-46.754053,-6.587506,0.0]]],[[[-46.734252,-6.540491,0.0],[-46.734698,-6.553484,0.0],[-46.747436,-6.562602,0.0],[-46.739993,-6.557858,0.0],[-46.734417,-6.549288,0.0],[-46.736844,-6.541923,0.0],[-46.740848,-6.541012,0.0],[-46.735788,-6.533601,0.0],[-46.734203,-6.528028,0.0],[-46.73624,-6.538546,0.0],[-46.734252,-6.540491,0.0]]],[[[-46.728748,-6.522725,0.0],[-46.731124,-6.526262,0.0],[-46.730843,-6.523769,0.0],[-46.728748,-6.522725,0.0]]],[[[-46.720092,-6.507612,0.0],[-46.726226,-6.510075,0.0],[-46.721755,-6.503583,0.0],[-46.719869,-6.500718,0.0],[-46.718924,-6.504905,0.0],[-46.720092,-6.507612,0.0]]],[[[-46.723802,-6.495512,0.0],[-46.723056,-6.496581,0.0],[-46.724061,-6.494965,0.0],[-46.723802,-6.495512,0.0]]],[[[-46.710504,-6.44596,0.0],[-46.717315,-6.453294,0.0],[-46.727253,-6.454424,0.0],[-46.728257,-6.472679,0.0],[-46.729128,-6.465115,0.0],[-46.729343,-6.453977,0.0],[-46.715996,-6.450045,0.0],[-46.713564,-6.446883,0.0],[-46.710504,-6.44596,0.0]]],[[[-46.708535,-6.441162,0.0],[-46.710088,-6.445185,0.0],[-46.707895,-6.436742,0.0],[-46.708535,-6.441162,0.0]]],[[[-46.713454,-6.427733,0.0],[-46.716389,-6.427618,0.0],[-46.717605,-6.416029,0.0],[-46.717344,-6.417136,0.0],[-46.715494,-6.424892,0.0],[-46.713454,-6.427733,0.0]]],[[[-46.709864,-6.40687,0.0],[-46.710776,-6.408523,0.0],[-46.710229,-6.407269,0.0],[-46.709864,-6.40687,0.0]]],[[[-46.70447,-6.401374,0.0],[-46.701427,-6.400982,0.0],[-46.700113,-6.40126,0.0],[-46.704171,-6.403234,0.0],[-46.706884,-6.402496,0.0],[-46.706361,-6.400506,0.0],[-46.70447,-6.401374,0.0]]],[[[-46.69494,-6.399159,0.0],[-46.698207,-6.400533,0.0],[-46.694075,-6.396345,0.0],[-46.69494,-6.399159,0.0]]],[[[-46.686745,-6.382295,0.0],[-46.685795,-6.378116,0.0],[-46.680967,-6.375601,0.0],[-46.685141,-6.379435,0.0],[-46.686745,-6.382295,0.0]]],[[[-46.679979,-6.374881,0.0],[-46.684965,-6.36967,0.0],[-46.68491,-6.367559,0.0],[-46.679526,-6.371007,0.0],[-46.678896,-6.373334,0.0],[-46.679979,-6.374881,0.0]]],[[[-46.6932,-6.354616,0.0],[-46.693346,-6.35469,0.0],[-46.693413,-6.354563,0.0],[-46.6932,-6.354616,0.0]]],[[[-46.688113,-6.361372,0.0],[-46.68884,-6.35383,0.0],[-46.687091,-6.353783,0.0],[-46.684627,-6.356657,0.0],[-46.685553,-6.359134,0.0],[-46.688113,-6.361372,0.0]]],[[[-46.678447,-6.342586,0.0],[-46.678471,-6.342587,0.0],[-46.678454,-6.342583,0.0],[-46.678447,-6.342586,0.0]]],[[[-46.671692,-6.341537,0.0],[-46.672254,-6.34187,0.0],[-46.671249,-6.340723,0.0],[-46.671692,-6.341537,0.0]]],[[[-46.673798,-6.331934,0.0],[-46.672406,-6.334005,0.0],[-46.673302,-6.333657,0.0],[-46.673798,-6.331934,0.0]]],[[[-46.690394,-6.302186,0.0],[-46.690912,-6.306208,0.0],[-46.691391,-6.303559,0.0],[-46.690394,-6.302186,0.0]]],[[[-46.682838,-6.292821,0.0],[-46.685604,-6.294176,0.0],[-46.68447,-6.292816,0.0],[-46.682838,-6.292821,0.0]]],[[[-46.672847,-6.292135,0.0],[-46.670032,-6.291069,0.0],[-46.673496,-6.293103,0.0],[-46.672847,-6.292135,0.0]]],[[[-46.644875,-6.276925,0.0],[-46.666645,-6.285459,0.0],[-46.669313,-6.286189,0.0],[-46.663716,-6.281325,0.0],[-46.654454,-6.278555,0.0],[-46.645122,-6.276359,0.0],[-46.643114,-6.274686,0.0],[-46.644875,-6.276925,0.0]]],[[[-46.636621,-6.265098,0.0],[-46.642295,-6.267037,0.0],[-46.639833,-6.259509,0.0],[-46.63401,-6.259063,0.0],[-46.635421,-6.263629,0.0],[-46.636621,-6.265098,0.0]]],[[[-46.621608,-6.247556,0.0],[-46.624065,-6.24815,0.0],[-46.620037,-6.246462,0.0],[-46.621608,-6.247556,0.0]]],[[[-46.617163,-6.241681,0.0],[-46.61758,-6.242775,0.0],[-46.617792,-6.239715,0.0],[-46.617163,-6.241681,0.0]]],[[[-46.61553,-6.229988,0.0],[-46.614597,-6.226881,0.0],[-46.611809,-6.227639,0.0],[-46.613412,-6.228133,0.0],[-46.61553,-6.229988,0.0]]]]}},{"type":"Feature","properties":{"codigo":"2111250","nome":"São José dos Basílios","area_km2":353.46,"regiao":null,"bioma":"Cerrado","pop_2022":6957.0,"pop_2025":7094.0},"geometry":{"type":"Polygon","coordinates":[[[-44.638639,-4.862501,0.0],[-44.496162,-4.975902,0.0],[-44.490203,-5.003369,0.0],[-44.485303,-5.015987,0.0],[-44.488234,-5.026197,0.0],[-44.497338,-5.029543,0.0],[-44.504963,-5.030195,0.0],[-44.501344,-5.03407,0.0],[-44.507889,-5.04387,0.0],[-44.501203,-5.046833,0.0],[-44.49402,-5.052703,0.0],[-44.491441,-5.061107,0.0],[-44.486528,-5.086582,0.0],[-44.485281,-5.115076,0.0],[-44.488276,-5.127387,0.0],[-44.493611,-5.120133,0.0],[-44.498921,-5.112336,0.0],[-44.50449,-5.109438,0.0],[-44.512534,-5.111297,0.0],[-44.52413,-5.124932,0.0],[-44.525348,-5.13642,0.0],[-44.529512,-5.146974,0.0],[-44.543402,-5.162714,0.0],[-44.546314,-5.171673,0.0],[-44.555154,-5.168455,0.0],[-44.553901,-5.173586,0.0],[-44.559229,-5.170311,0.0],[-44.563245,-5.162711,0.0],[-44.571595,-5.162777,0.0],[-44.575088,-5.150847,0.0],[-44.588439,-5.146599,0.0],[-44.595533,-5.144245,0.0],[-44.599727,-5.14172,0.0],[-44.597062,-5.135121,0.0],[-44.610224,-5.136368,0.0],[-44.617881,-5.128723,0.0],[-44.627695,-5.125966,0.0],[-44.62615,-5.123067,0.0],[-44.624605,-5.117083,0.0],[-44.634394,-5.112138,0.0],[-44.631208,-5.105127,0.0],[-44.634228,-5.102781,0.0],[-44.641477,-5.097598,0.0],[-44.650389,-5.089328,0.0],[-44.65556,-5.086284,0.0],[-44.656337,-5.082384,0.0],[-44.655692,-5.078934,0.0],[-44.65795,-5.069804,0.0],[-44.665767,-5.066204,0.0],[-44.66263,-5.062986,0.0],[-44.666492,-5.057145,0.0],[-44.659719,-5.049319,0.0],[-44.653342,-5.050716,0.0],[-44.650947,-5.054691,0.0],[-44.648211,-5.059264,0.0],[-44.63981,-5.059984,0.0],[-44.638523,-5.056412,0.0],[-44.640262,-5.052157,0.0],[-44.6401,-5.050011,0.0],[-44.635649,-5.046875,0.0],[-44.63611,-5.043854,0.0],[-44.638896,-5.040535,0.0],[-44.639235,-5.037751,0.0],[-44.6338,-5.03433,0.0],[-44.634045,-5.032052,0.0],[-44.632568,-5.026751,0.0],[-44.631006,-5.023516,0.0],[-44.628485,-5.019346,0.0],[-44.622083,-5.017203,0.0],[-44.61907,-5.015034,0.0],[-44.619831,-5.010863,0.0],[-44.618878,-5.00718,0.0],[-44.617533,-5.002238,0.0],[-44.615073,-5.000758,0.0],[-44.611106,-4.999984,0.0],[-44.609123,-4.999665,0.0],[-44.609471,-5.002814,0.0],[-44.608202,-5.001346,0.0],[-44.605341,-4.999477,0.0],[-44.603001,-4.999209,0.0],[-44.603756,-4.997284,0.0],[-44.606703,-4.993191,0.0],[-44.609137,-4.991343,0.0],[-44.611143,-4.987351,0.0],[-44.606505,-4.985334,0.0],[-44.60723,-4.980998,0.0],[-44.611855,-4.980725,0.0],[-44.612767,-4.982352,0.0],[-44.612908,-4.974603,0.0],[-44.615874,-4.971121,0.0],[-44.614517,-4.970721,0.0],[-44.617095,-4.970409,0.0],[-44.62062,-4.967948,0.0],[-44.61827,-4.962442,0.0],[-44.617239,-4.960803,0.0],[-44.616276,-4.955607,0.0],[-44.611282,-4.950629,0.0],[-44.610814,-4.946106,0.0],[-44.613259,-4.939716,0.0],[-44.615726,-4.937264,0.0],[-44.615863,-4.933808,0.0],[-44.614942,-4.924643,0.0],[-44.619337,-4.924255,0.0],[-44.621743,-4.922964,0.0],[-44.624219,-4.9209,0.0],[-44.627112,-4.918659,0.0],[-44.624887,-4.918612,0.0],[-44.628848,-4.917426,0.0],[-44.63069,-4.915343,0.0],[-44.631895,-4.912518,0.0],[-44.632129,-4.911172,0.0],[-44.629836,-4.908751,0.0],[-44.627669,-4.908938,0.0],[-44.628629,-4.907429,0.0],[-44.628691,-4.904704,0.0],[-44.623383,-4.903305,0.0],[-44.622166,-4.900617,0.0],[-44.617888,-4.900187,0.0],[-44.616282,-4.898686,0.0],[-44.615071,-4.894941,0.0],[-44.617813,-4.893277,0.0],[-44.619025,-4.89273,0.0],[-44.615693,-4.89016,0.0],[-44.619422,-4.890552,0.0],[-44.621986,-4.888564,0.0],[-44.6253,-4.887171,0.0],[-44.625918,-4.885899,0.0],[-44.628274,-4.883691,0.0],[-44.630288,-4.88677,0.0],[-44.632155,-4.882019,0.0],[-44.633467,-4.880134,0.0],[-44.63807,-4.879089,0.0],[-44.638859,-4.877414,0.0],[-44.64122,-4.874935,0.0],[-44.639936,-4.868758,0.0],[-44.640706,-4.865345,0.0],[-44.644254,-4.860519,0.0],[-44.642999,-4.857025,0.0],[-44.638639,-4.862501,0.0]]]}},{"type":"Feature","properties":{"codigo":"2111409","nome":"São Luís Gonzaga do Maranhão","area_km2":908.48,"regiao":null,"bioma":"Cerrado","pop_2022":17818.0,"pop_2025":18123.0},"geometry":{"type":"Polygon","coordinates":[[[-44.4308,-4.48081,0.0],[-44.57976,-4.472445,0.0],[-44.578644,-4.462459,0.0],[-44.581861,-4.459431,0.0],[-44.58495,-4.460834,0.0],[-44.590211,-4.454454,0.0],[-44.595371,-4.451079,0.0],[-44.59896,-4.450531,0.0],[-44.85066,-4.456447,0.0],[-44.85278,-4.452332,0.0],[-44.851357,-4.450503,0.0],[-44.850481,-4.449491,0.0],[-44.850619,-4.44248,0.0],[-44.854273,-4.436723,0.0],[-44.856163,-4.435049,0.0],[-44.856088,-4.432534,0.0],[-44.857355,-4.430123,0.0],[-44.862284,-4.428219,0.0],[-44.865007,-4.424829,0.0],[-44.862412,-4.419938,0.0],[-44.8612,-4.417308,0.0],[-44.860407,-4.41307,0.0],[-44.868613,-4.41647,0.0],[-44.869981,-4.412433,0.0],[-44.872377,-4.415298,0.0],[-44.874197,-4.415859,0.0],[-44.877339,-4.414635,0.0],[-44.881632,-4.410979,0.0],[-44.877211,-4.409434,0.0],[-44.880476,-4.407748,0.0],[-44.877966,-4.402947,0.0],[-44.875321,-4.405189,0.0],[-44.876836,-4.399477,0.0],[-44.877438,-4.393519,0.0],[-44.874332,-4.391444,0.0],[-44.870679,-4.388666,0.0],[-44.87264,-4.386921,0.0],[-44.873286,-4.384279,0.0],[-44.508556,-4.279108,0.0],[-44.488032,-4.292477,0.0],[-44.484451,-4.299506,0.0],[-44.493688,-4.316075,0.0],[-44.506052,-4.333808,0.0],[-44.515592,-4.345666,0.0],[-44.511555,-4.356818,0.0],[-44.514742,-4.360705,0.0],[-44.519102,-4.365519,0.0],[-44.522032,-4.371337,0.0],[-44.521313,-4.376938,0.0],[-44.527546,-4.382819,0.0],[-44.528078,-4.392954,0.0],[-44.530323,-4.406551,0.0],[-44.518653,-4.420474,0.0],[-44.511147,-4.4209,0.0],[-44.505899,-4.423194,0.0],[-44.498167,-4.430944,0.0],[-44.493305,-4.427398,0.0],[-44.480331,-4.428346,0.0],[-44.479393,-4.44309,0.0],[-44.474813,-4.444954,0.0],[-44.47644,-4.45429,0.0],[-44.471359,-4.456799,0.0],[-44.467661,-4.454768,0.0],[-44.46435,-4.466635,0.0],[-44.459102,-4.46912,0.0],[-44.450135,-4.469592,0.0],[-44.441836,-4.468628,0.0],[-44.438779,-4.474801,0.0],[-44.4308,-4.48081,0.0]]]}},{"type":"Feature","properties":{"codigo":"2111508","nome":"São Mateus do Maranhão","area_km2":799.46,"regiao":null,"bioma":"Cerrado","pop_2022":38829.0,"pop_2025":40177.0},"geometry":{"type":"Polygon","coordinates":[[[-44.612472,-3.847404,0.0],[-44.480263,-3.905168,0.0],[-44.48096,-3.919463,0.0],[-44.473953,-3.921514,0.0],[-44.488039,-3.927591,0.0],[-44.493183,-3.930357,0.0],[-44.486536,-3.934347,0.0],[-44.488716,-3.940139,0.0],[-44.480151,-3.947064,0.0],[-44.473426,-3.950479,0.0],[-44.467918,-3.952385,0.0],[-44.459309,-3.954925,0.0],[-44.45534,-3.973524,0.0],[-44.458343,-3.980298,0.0],[-44.454872,-3.980661,0.0],[-44.453977,-3.985341,0.0],[-44.461402,-4.000466,0.0],[-44.467531,-4.001804,0.0],[-44.479073,-4.008481,0.0],[-44.479407,-4.012588,0.0],[-44.470649,-4.013012,0.0],[-44.466855,-4.01746,0.0],[-44.4744,-4.043166,0.0],[-44.478744,-4.033965,0.0],[-44.482271,-4.031136,0.0],[-44.48764,-4.030377,0.0],[-44.491595,-4.036696,0.0],[-44.496144,-4.043206,0.0],[-44.49863,-4.050671,0.0],[-44.503551,-4.051003,0.0],[-44.514469,-4.054262,0.0],[-44.517292,-4.070347,0.0],[-44.496438,-4.074231,0.0],[-44.496133,-4.082657,0.0],[-44.493287,-4.091441,0.0],[-44.573079,-4.114553,0.0],[-44.634738,-4.112081,0.0],[-44.631181,-4.110499,0.0],[-44.626903,-4.110069,0.0],[-44.633041,-4.103411,0.0],[-44.630534,-4.098292,0.0],[-44.659497,-4.093955,0.0],[-44.685956,-4.081175,0.0],[-44.698843,-4.094546,0.0],[-44.758519,-4.090699,0.0],[-44.754812,-4.090782,0.0],[-44.75622,-4.079148,0.0],[-44.7532,-4.071428,0.0],[-44.745188,-4.077136,0.0],[-44.742645,-4.073378,0.0],[-44.74253,-4.066997,0.0],[-44.746198,-4.062836,0.0],[-44.739182,-4.05459,0.0],[-44.735952,-4.049815,0.0],[-44.73347,-4.046542,0.0],[-44.740261,-4.035979,0.0],[-44.738298,-4.027636,0.0],[-44.734949,-4.025768,0.0],[-44.731732,-4.030391,0.0],[-44.724225,-4.039709,0.0],[-44.715154,-4.0287,0.0],[-44.706589,-4.03011,0.0],[-44.700086,-4.027743,0.0],[-44.688521,-4.023523,0.0],[-44.668665,-4.015894,0.0],[-44.654359,-4.016315,0.0],[-44.647171,-4.018857,0.0],[-44.643213,-4.025407,0.0],[-44.637083,-4.023683,0.0],[-44.631474,-4.026761,0.0],[-44.626597,-4.028153,0.0],[-44.626538,-4.031819,0.0],[-44.619166,-4.027574,0.0],[-44.617063,-4.025297,0.0],[-44.63017,-4.018727,0.0],[-44.633384,-4.013577,0.0],[-44.633273,-4.007937,0.0],[-44.634021,-4.000129,0.0],[-44.634311,-3.996073,0.0],[-44.635174,-3.993574,0.0],[-44.635823,-3.990726,0.0],[-44.638272,-3.985225,0.0],[-44.632353,-3.981116,0.0],[-44.627161,-3.980429,0.0],[-44.630861,-3.962044,0.0],[-44.635369,-3.952481,0.0],[-44.636172,-3.945404,0.0],[-44.63201,-3.934212,0.0],[-44.621819,-3.929007,0.0],[-44.626829,-3.927721,0.0],[-44.620633,-3.923624,0.0],[-44.622262,-3.918368,0.0],[-44.624105,-3.91395,0.0],[-44.624681,-3.908697,0.0],[-44.627318,-3.908643,0.0],[-44.620128,-3.907459,0.0],[-44.614869,-3.903819,0.0],[-44.611588,-3.901049,0.0],[-44.611913,-3.897935,0.0],[-44.611338,-3.887636,0.0],[-44.615074,-3.878866,0.0],[-44.616418,-3.871535,0.0],[-44.622024,-3.867945,0.0],[-44.623263,-3.861443,0.0],[-44.620959,-3.856724,0.0],[-44.622385,-3.851326,0.0],[-44.61665,-3.846118,0.0],[-44.6131,-3.843232,0.0],[-44.612472,-3.847404,0.0]]]}},{"type":"Feature","properties":{"codigo":"2111573","nome":"São Pedro dos Crentes","area_km2":980.0,"regiao":null,"bioma":"Cerrado","pop_2022":5783.0,"pop_2025":5993.0},"geometry":{"type":"MultiPolygon","coordinates":[[[[-46.306501,-6.907492,0.0],[-46.333787,-6.931766,0.0],[-46.340476,-6.913611,0.0],[-46.334736,-6.908507,0.0],[-46.328781,-6.910749,0.0],[-46.321718,-6.910323,0.0],[-46.312998,-6.908303,0.0],[-46.306501,-6.907492,0.0]]],[[[-46.360303,-6.901955,0.0],[-46.349783,-6.909533,0.0],[-46.348302,-6.910505,0.0],[-46.352857,-6.910202,0.0],[-46.357664,-6.908286,0.0],[-46.360303,-6.901955,0.0]]],[[[-46.36486,-6.894367,0.0],[-46.361658,-6.900841,0.0],[-46.363755,-6.901409,0.0],[-46.366446,-6.897956,0.0],[-46.36486,-6.894367,0.0]]],[[[-46.371153,-6.878523,0.0],[-46.367353,-6.88809,0.0],[-46.371516,-6.882608,0.0],[-46.371792,-6.878492,0.0],[-46.370499,-6.877638,0.0],[-46.371153,-6.878523,0.0]]],[[[-46.366471,-6.876314,0.0],[-46.367087,-6.876473,0.0],[-46.365908,-6.87577,0.0],[-46.366471,-6.876314,0.0]]],[[[-46.365001,-6.874894,0.0],[-46.365148,-6.875037,0.0],[-46.36484,-6.874455,0.0],[-46.365001,-6.874894,0.0]]],[[[-46.369321,-6.84678,0.0],[-46.370974,-6.853038,0.0],[-46.372791,-6.848635,0.0],[-46.381518,-6.840892,0.0],[-46.374166,-6.841342,0.0],[-46.369679,-6.843577,0.0],[-46.369321,-6.84678,0.0]]],[[[-46.381897,-6.84088,0.0],[-46.383597,-6.841333,0.0],[-46.385127,-6.840986,0.0],[-46.381897,-6.84088,0.0]]],[[[-46.392194,-6.827861,0.0],[-46.391744,-6.83078,0.0],[-46.394213,-6.826845,0.0],[-46.392194,-6.827861,0.0]]],[[[-46.418126,-6.814692,0.0],[-46.414711,-6.820389,0.0],[-46.416489,-6.819569,0.0],[-46.418126,-6.814692,0.0]]],[[[-46.463549,-6.810594,0.0],[-46.466321,-6.813349,0.0],[-46.473766,-6.814762,0.0],[-46.470874,-6.812736,0.0],[-46.466268,-6.812339,0.0],[-46.463549,-6.810594,0.0]]],[[[-46.458457,-6.801098,0.0],[-46.457577,-6.798006,0.0],[-46.455191,-6.798508,0.0],[-46.456297,-6.799166,0.0],[-46.458457,-6.801098,0.0]]],[[[-46.4509,-6.796141,0.0],[-46.451217,-6.796246,0.0],[-46.451117,-6.796017,0.0],[-46.4509,-6.796141,0.0]]],[[[-46.509126,-6.777787,0.0],[-46.499944,-6.779644,0.0],[-46.496084,-6.806986,0.0],[-46.496329,-6.809883,0.0],[-46.497166,-6.793761,0.0],[-46.503015,-6.781253,0.0],[-46.508904,-6.78145,0.0],[-46.509126,-6.777787,0.0]]],[[[-46.517647,-6.751459,0.0],[-46.517713,-6.766308,0.0],[-46.519841,-6.761005,0.0],[-46.519825,-6.755861,0.0],[-46.5188,-6.753412,0.0],[-46.520237,-6.74922,0.0],[-46.517647,-6.751459,0.0]]],[[[-46.525387,-6.743082,0.0],[-46.524763,-6.743562,0.0],[-46.524992,-6.743523,0.0],[-46.525387,-6.743082,0.0]]],[[[-46.541704,-6.741509,0.0],[-46.540359,-6.742087,0.0],[-46.539456,-6.742064,0.0],[-46.540576,-6.742455,0.0],[-46.541704,-6.741509,0.0]]],[[[-46.594762,-6.714584,0.0],[-46.594673,-6.714633,0.0],[-46.594757,-6.714591,0.0],[-46.594762,-6.714584,0.0]]],[[[-46.598967,-6.710632,0.0],[-46.600677,-6.709786,0.0],[-46.601236,-6.707276,0.0],[-46.60086,-6.70759,0.0],[-46.598967,-6.710632,0.0]]],[[[-46.574581,-6.706818,0.0],[-46.574454,-6.709579,0.0],[-46.57808,-6.707945,0.0],[-46.5825,-6.713291,0.0],[-46.5872,-6.714137,0.0],[-46.583249,-6.706724,0.0],[-46.579166,-6.705417,0.0],[-46.574581,-6.706818,0.0]]],[[[-46.67882,-6.704026,0.0],[-46.676951,-6.70515,0.0],[-46.677314,-6.705086,0.0],[-46.67882,-6.704026,0.0]]],[[[-46.612143,-6.703432,0.0],[-46.615266,-6.704097,0.0],[-46.610844,-6.703205,0.0],[-46.612143,-6.703432,0.0]]],[[[-46.683548,-6.701636,0.0],[-46.684661,-6.70158,0.0],[-46.685374,-6.701006,0.0],[-46.683548,-6.701636,0.0]]],[[[-46.723312,-6.688937,0.0],[-46.721307,-6.693256,0.0],[-46.725039,-6.6876,0.0],[-46.723312,-6.688937,0.0]]]]}},{"type":"Feature","properties":{"codigo":"2111631","nome":"São Raimundo do Doca Bezerra","area_km2":419.21,"regiao":null,"bioma":"Cerrado","pop_2022":5650.0,"pop_2025":5761.0},"geometry":{"type":"Polygon","coordinates":[[[-45.192506,-4.99861,0.0],[-45.185544,-5.004212,0.0],[-45.187666,-5.009769,0.0],[-45.183184,-5.019453,0.0],[-45.169573,-5.024068,0.0],[-45.163009,-5.026134,0.0],[-45.153358,-5.01856,0.0],[-45.153717,-5.008668,0.0],[-45.033862,-5.059066,0.0],[-45.037923,-5.075297,0.0],[-45.030417,-5.084535,0.0],[-44.968532,-5.115388,0.0],[-44.96882,-5.122797,0.0],[-44.968474,-5.127059,0.0],[-44.970005,-5.129898,0.0],[-44.973899,-5.129494,0.0],[-44.97499,-5.132265,0.0],[-44.97711,-5.128812,0.0],[-44.977934,-5.131458,0.0],[-44.979381,-5.128592,0.0],[-44.981943,-5.127264,0.0],[-44.983912,-5.129653,0.0],[-44.986455,-5.131265,0.0],[-44.991472,-5.13211,0.0],[-44.992996,-5.136654,0.0],[-44.990148,-5.138199,0.0],[-44.99431,-5.137534,0.0],[-44.991888,-5.14074,0.0],[-44.992586,-5.143795,0.0],[-44.995314,-5.146665,0.0],[-44.997504,-5.149467,0.0],[-45.000059,-5.153353,0.0],[-44.997201,-5.153307,0.0],[-45.000462,-5.155115,0.0],[-44.998873,-5.160456,0.0],[-45.000008,-5.163039,0.0],[-45.004409,-5.172694,0.0],[-45.007881,-5.182338,0.0],[-45.010267,-5.180191,0.0],[-45.007883,-5.188396,0.0],[-45.008535,-5.190354,0.0],[-45.011022,-5.192844,0.0],[-45.012251,-5.194436,0.0],[-45.015958,-5.19596,0.0],[-45.017823,-5.201796,0.0],[-45.020546,-5.204143,0.0],[-45.020564,-5.205974,0.0],[-45.123236,-5.120931,0.0],[-45.330693,-5.121759,0.0],[-45.325651,-5.102626,0.0],[-45.332204,-5.10312,0.0],[-45.327873,-5.098046,0.0],[-45.345543,-5.096039,0.0],[-45.349162,-5.083239,0.0],[-45.333831,-5.078082,0.0],[-45.31183,-5.078678,0.0],[-45.295679,-5.070583,0.0],[-45.287952,-5.066007,0.0],[-45.260322,-5.027971,0.0],[-45.245468,-5.023603,0.0],[-45.226937,-5.012047,0.0],[-45.192358,-4.996806,0.0],[-45.192506,-4.99861,0.0]]]}},{"type":"Feature","properties":{"codigo":"2111672","nome":"São Roberto","area_km2":226.63,"regiao":null,"bioma":"Cerrado","pop_2022":4544.0,"pop_2025":45770.0},"geometry":{"type":"Polygon","coordinates":[[[-44.932563,-5.014011,0.0],[-44.934125,-5.017448,0.0],[-44.934258,-5.019854,0.0],[-44.937181,-5.021355,0.0],[-44.941257,-5.022504,0.0],[-44.943957,-5.022842,0.0],[-44.948014,-5.02494,0.0],[-44.952928,-5.025019,0.0],[-44.951406,-5.030718,0.0],[-44.95306,-5.037703,0.0],[-44.947674,-5.036862,0.0],[-44.943754,-5.036145,0.0],[-44.944539,-5.039916,0.0],[-44.946226,-5.04231,0.0],[-44.948283,-5.044898,0.0],[-44.950478,-5.047222,0.0],[-44.955839,-5.049575,0.0],[-44.957353,-5.053138,0.0],[-44.954715,-5.057793,0.0],[-44.959143,-5.058725,0.0],[-44.958407,-5.060838,0.0],[-44.958261,-5.064467,0.0],[-44.959847,-5.067771,0.0],[-44.960713,-5.071554,0.0],[-44.965844,-5.070777,0.0],[-44.963485,-5.074076,0.0],[-44.966777,-5.077255,0.0],[-44.970602,-5.080903,0.0],[-44.967455,-5.082094,0.0],[-44.963704,-5.085841,0.0],[-44.961327,-5.091106,0.0],[-44.964052,-5.097987,0.0],[-44.962717,-5.103227,0.0],[-44.964282,-5.105615,0.0],[-44.964736,-5.110291,0.0],[-44.966728,-5.108444,0.0],[-44.969912,-5.112163,0.0],[-44.969764,-5.115047,0.0],[-45.030417,-5.084535,0.0],[-45.037923,-5.075297,0.0],[-45.033862,-5.059066,0.0],[-45.153717,-5.008668,0.0],[-45.153358,-5.01856,0.0],[-45.163009,-5.026134,0.0],[-45.169573,-5.024068,0.0],[-45.183184,-5.019453,0.0],[-45.187666,-5.009769,0.0],[-45.185544,-5.004212,0.0],[-45.192506,-4.99861,0.0],[-45.11789,-4.992135,0.0],[-45.110645,-4.975778,0.0],[-45.082256,-4.957451,0.0],[-45.044022,-4.93771,0.0],[-45.034087,-4.935754,0.0],[-45.03348,-4.956741,0.0],[-45.013811,-4.962215,0.0],[-44.932563,-5.014011,0.0]]]}},{"type":"Feature","properties":{"codigo":"2111706","nome":"São Vicente Ferrer","area_km2":393.61,"regiao":null,"bioma":"Amazônia","pop_2022":19498.0,"pop_2025":19865.0},"geometry":{"type":"MultiPolygon","coordinates":[[[[-44.915502,-2.930166,0.0],[-44.914392,-2.931238,0.0],[-44.917007,-2.930057,0.0],[-44.915502,-2.930166,0.0]]],[[[-44.929754,-2.922499,0.0],[-44.927395,-2.92374,0.0],[-44.926818,-2.92535,0.0],[-44.928603,-2.923893,0.0],[-44.929754,-2.922499,0.0]]],[[[-44.968578,-2.894475,0.0],[-44.960952,-2.906075,0.0],[-44.952262,-2.904788,0.0],[-44.942917,-2.908109,0.0],[-44.931876,-2.917038,0.0],[-44.974544,-2.939038,0.0],[-44.981439,-2.936492,0.0],[-44.994105,-2.93076,0.0],[-45.002042,-2.929313,0.0],[-45.008188,-2.932347,0.0],[-45.017543,-2.936292,0.0],[-45.019087,-2.921437,0.0],[-45.02254,-2.912747,0.0],[-45.019393,-2.907572,0.0],[-45.011539,-2.905577,0.0],[-45.009483,-2.904417,0.0],[-45.004435,-2.899342,0.0],[-44.994342,-2.896503,0.0],[-44.987756,-2.896567,0.0],[-44.977,-2.896989,0.0],[-44.975036,-2.89292,0.0],[-44.974084,-2.892082,0.0],[-44.968578,-2.894475,0.0]]],[[[-44.798567,-2.86646,0.0],[-44.791691,-2.888108,0.0],[-44.865345,-2.945059,0.0],[-44.885746,-2.938273,0.0],[-44.909563,-2.933779,0.0],[-44.897164,-2.933445,0.0],[-44.890616,-2.934462,0.0],[-44.881026,-2.93595,0.0],[-44.867281,-2.938648,0.0],[-44.857516,-2.935389,0.0],[-44.852302,-2.933486,0.0],[-44.848484,-2.92788,0.0],[-44.843143,-2.920854,0.0],[-44.839773,-2.91011,0.0],[-44.838403,-2.903446,0.0],[-44.831055,-2.90052,0.0],[-44.830999,-2.896154,0.0],[-44.816431,-2.882766,0.0],[-44.811233,-2.875354,0.0],[-44.805708,-2.871344,0.0],[-44.801309,-2.869505,0.0],[-44.800566,-2.867265,0.0],[-44.798567,-2.86646,0.0]]]]}},{"type":"Feature","properties":{"codigo":"2111722","nome":"Satubinha","area_km2":441.46,"regiao":null,"bioma":"Amazônia","pop_2022":8784.0,"pop_2025":8821.0},"geometry":{"type":"Polygon","coordinates":[[[-45.146475,-3.731577,0.0],[-45.146185,-3.73698,0.0],[-45.149345,-3.743093,0.0],[-45.153672,-3.74636,0.0],[-45.157073,-3.753467,0.0],[-45.159606,-3.76683,0.0],[-45.168399,-3.773953,0.0],[-45.169132,-3.787131,0.0],[-45.174004,-3.788061,0.0],[-45.179351,-3.791589,0.0],[-45.189595,-3.800505,0.0],[-45.195309,-3.805807,0.0],[-45.220041,-4.0315,0.0],[-45.209412,-4.066028,0.0],[-45.254576,-4.148317,0.0],[-45.26993,-4.120935,0.0],[-45.311624,-4.093154,0.0],[-45.312827,-4.088993,0.0],[-45.312327,-4.080399,0.0],[-45.310745,-4.078748,0.0],[-45.313197,-4.0701,0.0],[-45.318855,-4.070608,0.0],[-45.317347,-4.059301,0.0],[-45.314199,-4.057338,0.0],[-45.313757,-4.055192,0.0],[-45.308576,-4.046357,0.0],[-45.306942,-4.036851,0.0],[-45.298325,-4.028758,0.0],[-45.294199,-4.02389,0.0],[-45.298636,-4.017901,0.0],[-45.301467,-4.011828,0.0],[-45.306376,-4.008515,0.0],[-45.309711,-4.008205,0.0],[-45.308326,-4.003666,0.0],[-45.30725,-3.995705,0.0],[-45.309702,-3.984035,0.0],[-45.311971,-3.974388,0.0],[-45.315395,-3.97455,0.0],[-45.31926,-3.961213,0.0],[-45.32001,-3.949065,0.0],[-45.317367,-3.945381,0.0],[-45.324976,-3.929494,0.0],[-45.320506,-3.926246,0.0],[-45.316035,-3.922261,0.0],[-45.312317,-3.909813,0.0],[-45.316219,-3.907351,0.0],[-45.318706,-3.903223,0.0],[-45.326855,-3.905938,0.0],[-45.33623,-3.903175,0.0],[-45.333651,-3.899311,0.0],[-45.338743,-3.888822,0.0],[-45.338551,-3.878453,0.0],[-45.3399,-3.870098,0.0],[-45.340467,-3.863345,0.0],[-45.339145,-3.85657,0.0],[-45.33371,-3.85734,0.0],[-45.328562,-3.855963,0.0],[-45.326995,-3.848712,0.0],[-45.324417,-3.843547,0.0],[-45.325621,-3.840805,0.0],[-45.318337,-3.835161,0.0],[-45.315079,-3.831989,0.0],[-45.312066,-3.82744,0.0],[-45.310701,-3.824032,0.0],[-45.30893,-3.810323,0.0],[-45.290373,-3.799586,0.0],[-45.285757,-3.803994,0.0],[-45.284637,-3.799303,0.0],[-45.278804,-3.799022,0.0],[-45.268451,-3.795091,0.0],[-45.262277,-3.799974,0.0],[-45.252784,-3.793701,0.0],[-45.249053,-3.789457,0.0],[-45.24419,-3.786711,0.0],[-45.23578,-3.784959,0.0],[-45.229605,-3.77686,0.0],[-45.223994,-3.774454,0.0],[-45.210557,-3.780752,0.0],[-45.207586,-3.785727,0.0],[-45.200148,-3.781417,0.0],[-45.19976,-3.777152,0.0],[-45.201616,-3.774968,0.0],[-45.192564,-3.776584,0.0],[-45.18994,-3.7745,0.0],[-45.182646,-3.765025,0.0],[-45.17827,-3.759339,0.0],[-45.181818,-3.759007,0.0],[-45.178804,-3.755312,0.0],[-45.170783,-3.752518,0.0],[-45.166699,-3.748633,0.0],[-45.157365,-3.740485,0.0],[-45.156101,-3.73205,0.0],[-45.152454,-3.729445,0.0],[-45.146475,-3.731577,0.0]]]}},{"type":"Feature","properties":{"codigo":"2111763","nome":"Senador La Rocque","area_km2":738.63,"regiao":null,"bioma":"Amazônia","pop_2022":14700.0,"pop_2025":15044.0},"geometry":{"type":"Polygon","coordinates":[[[-46.902461,-5.35277,0.0],[-46.911907,-5.357756,0.0],[-46.926801,-5.353534,0.0],[-46.940984,-5.361434,0.0],[-46.947352,-5.36501,0.0],[-46.96152,-5.368619,0.0],[-46.979838,-5.368384,0.0],[-47.01207,-5.382022,0.0],[-47.023299,-5.38767,0.0],[-47.029739,-5.395244,0.0],[-47.036673,-5.395337,0.0],[-47.040738,-5.401006,0.0],[-47.127983,-5.42809,0.0],[-47.137049,-5.42975,0.0],[-47.14602,-5.425066,0.0],[-47.157862,-5.416368,0.0],[-47.168985,-5.403297,0.0],[-47.179026,-5.370828,0.0],[-47.193251,-5.375136,0.0],[-47.197733,-5.373829,0.0],[-47.197425,-5.363019,0.0],[-47.207825,-5.358604,0.0],[-47.223473,-5.35245,0.0],[-47.232873,-5.348577,0.0],[-47.241239,-5.35597,0.0],[-47.248097,-5.361541,0.0],[-47.26433,-5.367598,0.0],[-47.26073,-5.357039,0.0],[-47.253064,-5.352636,0.0],[-47.242068,-5.345114,0.0],[-47.221035,-5.345055,0.0],[-47.212842,-5.352437,0.0],[-47.19506,-5.353947,0.0],[-47.183924,-5.351768,0.0],[-47.175138,-5.350349,0.0],[-47.153697,-5.330797,0.0],[-47.142428,-5.325913,0.0],[-47.124842,-5.317098,0.0],[-47.100591,-5.312987,0.0],[-47.082277,-5.310591,0.0],[-47.075896,-5.313088,0.0],[-47.063254,-5.313342,0.0],[-47.057141,-5.306379,0.0],[-47.056394,-5.301451,0.0],[-47.049287,-5.298031,0.0],[-47.041531,-5.296688,0.0],[-47.030816,-5.293865,0.0],[-47.029305,-5.281776,0.0],[-47.023942,-5.275402,0.0],[-47.012948,-5.274967,0.0],[-46.996118,-5.258157,0.0],[-46.994269,-5.250347,0.0],[-46.976804,-5.242732,0.0],[-46.965288,-5.231593,0.0],[-46.958652,-5.222905,0.0],[-46.947744,-5.213545,0.0],[-46.941048,-5.214674,0.0],[-46.927103,-5.217248,0.0],[-46.915751,-5.215896,0.0],[-46.89955,-5.21501,0.0],[-46.888464,-5.212586,0.0],[-46.886878,-5.2241,0.0],[-46.890553,-5.225526,0.0],[-46.89305,-5.233205,0.0],[-46.89516,-5.240918,0.0],[-46.897074,-5.247002,0.0],[-46.898784,-5.250877,0.0],[-46.900737,-5.256957,0.0],[-46.899792,-5.263751,0.0],[-46.908249,-5.273928,0.0],[-46.912261,-5.283654,0.0],[-46.908734,-5.293336,0.0],[-46.908375,-5.302541,0.0],[-46.907127,-5.31166,0.0],[-46.905452,-5.320174,0.0],[-46.901739,-5.332218,0.0],[-46.899909,-5.340248,0.0],[-46.901371,-5.350528,0.0],[-46.902461,-5.35277,0.0]]]}},{"type":"Feature","properties":{"codigo":"2111805","nome":"Sítio Novo","area_km2":3114.6,"regiao":null,"bioma":"Cerrado","pop_2022":17074.0,"pop_2025":17464.0},"geometry":{"type":"Polygon","coordinates":[[[-46.469552,-5.751102,0.0],[-46.466254,-6.811844,0.0],[-46.473766,-6.814762,0.0],[-46.492877,-6.810016,0.0],[-46.495495,-6.792125,0.0],[-46.500961,-6.778321,0.0],[-46.515765,-6.770949,0.0],[-46.517647,-6.751459,0.0],[-46.52218,-6.743651,0.0],[-46.526958,-6.740646,0.0],[-46.53575,-6.739661,0.0],[-46.549639,-6.734929,0.0],[-46.561959,-6.725893,0.0],[-46.572353,-6.713323,0.0],[-46.581751,-6.705871,0.0],[-46.586774,-6.713903,0.0],[-46.594762,-6.714584,0.0],[-46.598967,-6.710632,0.0],[-46.607065,-6.701918,0.0],[-46.622976,-6.708277,0.0],[-46.63498,-6.711902,0.0],[-46.644271,-6.717074,0.0],[-46.64687,-6.724961,0.0],[-46.651818,-6.7232,0.0],[-46.658835,-6.717817,0.0],[-46.670351,-6.712132,0.0],[-46.688277,-6.69884,0.0],[-46.710344,-6.696198,0.0],[-46.721307,-6.693256,0.0],[-46.727388,-6.68444,0.0],[-46.732065,-6.680831,0.0],[-46.741003,-6.673432,0.0],[-46.729555,-6.66719,0.0],[-46.727188,-6.655669,0.0],[-46.73859,-6.651678,0.0],[-46.739018,-6.642146,0.0],[-46.744589,-6.638033,0.0],[-46.754381,-6.627501,0.0],[-46.752053,-6.617736,0.0],[-46.755165,-6.60471,0.0],[-46.760445,-6.594455,0.0],[-46.75277,-6.586038,0.0],[-46.753196,-6.567649,0.0],[-46.747436,-6.562602,0.0],[-46.733975,-6.552245,0.0],[-46.733263,-6.542743,0.0],[-46.734203,-6.528028,0.0],[-46.731124,-6.526262,0.0],[-46.723934,-6.511086,0.0],[-46.718924,-6.504905,0.0],[-46.724061,-6.494965,0.0],[-46.726426,-6.488815,0.0],[-46.728926,-6.465311,0.0],[-46.717315,-6.453294,0.0],[-46.709339,-6.443793,0.0],[-46.706883,-6.43587,0.0],[-46.715494,-6.424892,0.0],[-46.711161,-6.4114,0.0],[-46.706841,-6.402452,0.0],[-46.69598,-6.39993,0.0],[-46.691767,-6.394485,0.0],[-46.686513,-6.396715,0.0],[-46.681541,-6.393801,0.0],[-46.686973,-6.382522,0.0],[-46.680166,-6.375204,0.0],[-46.68064,-6.369686,0.0],[-46.685242,-6.36297,0.0],[-46.685553,-6.359134,0.0],[-46.689456,-6.353387,0.0],[-46.694048,-6.350022,0.0],[-46.690733,-6.346156,0.0],[-46.681804,-6.34701,0.0],[-46.673319,-6.344394,0.0],[-46.669374,-6.33934,0.0],[-46.673798,-6.331934,0.0],[-46.675864,-6.327405,0.0],[-46.682591,-6.322502,0.0],[-46.684025,-6.310545,0.0],[-46.690394,-6.302186,0.0],[-46.68635,-6.297618,0.0],[-46.682838,-6.292821,0.0],[-46.669543,-6.290854,0.0],[-46.65471,-6.283327,0.0],[-46.643114,-6.274686,0.0],[-46.636621,-6.265098,0.0],[-46.63401,-6.259063,0.0],[-46.629026,-6.254255,0.0],[-46.627294,-6.250815,0.0],[-46.618098,-6.246106,0.0],[-46.617789,-6.238929,0.0],[-46.61561,-6.230078,0.0],[-46.611809,-6.227639,0.0],[-46.607584,-6.232357,0.0],[-46.59595,-6.227655,0.0],[-46.587213,-6.231988,0.0],[-46.583173,-6.224248,0.0],[-46.589047,-6.221647,0.0],[-46.5893,-6.212206,0.0],[-46.593109,-6.206691,0.0],[-46.592343,-6.197595,0.0],[-46.596022,-6.196531,0.0],[-46.598803,-6.191267,0.0],[-46.603951,-6.186011,0.0],[-46.608076,-6.174586,0.0],[-46.611494,-6.166393,0.0],[-46.616185,-6.155701,0.0],[-46.618014,-6.143876,0.0],[-46.620592,-6.134944,0.0],[-46.624168,-6.131464,0.0],[-46.628574,-6.126187,0.0],[-46.647638,-6.119598,0.0],[-46.645793,-6.102449,0.0],[-46.652593,-6.098696,0.0],[-46.661913,-6.097949,0.0],[-46.670132,-6.104561,0.0],[-46.6726,-6.114171,0.0],[-46.681072,-6.117733,0.0],[-46.690107,-6.112907,0.0],[-46.699261,-6.11024,0.0],[-46.711242,-6.112953,0.0],[-46.715449,-6.093286,0.0],[-46.725134,-6.088346,0.0],[-46.721228,-6.07944,0.0],[-46.712931,-6.074043,0.0],[-46.72164,-6.063838,0.0],[-46.729339,-6.058707,0.0],[-46.730653,-6.053765,0.0],[-46.738134,-6.04032,0.0],[-46.742276,-6.034423,0.0],[-46.735026,-6.015235,0.0],[-46.738393,-6.003588,0.0],[-46.747056,-5.99807,0.0],[-46.752039,-5.993224,0.0],[-46.755956,-5.978783,0.0],[-46.758516,-5.976024,0.0],[-46.762575,-5.973576,0.0],[-46.768683,-5.978102,0.0],[-46.77855,-5.976413,0.0],[-46.785682,-5.95708,0.0],[-46.783158,-5.941082,0.0],[-46.790675,-5.924758,0.0],[-46.784652,-5.922993,0.0],[-46.776146,-5.917937,0.0],[-46.776475,-5.907378,0.0],[-46.782365,-5.898832,0.0],[-46.792729,-5.879138,0.0],[-46.79281,-5.867123,0.0],[-46.786006,-5.852399,0.0],[-46.784885,-5.839437,0.0],[-46.784658,-5.836169,0.0],[-46.782425,-5.829915,0.0],[-46.781159,-5.827023,0.0],[-46.77453,-5.825325,0.0],[-46.768683,-5.824059,0.0],[-46.762804,-5.818157,0.0],[-46.761565,-5.806134,0.0],[-46.759602,-5.802822,0.0],[-46.756402,-5.792453,0.0],[-46.745172,-5.78179,0.0],[-46.739551,-5.779094,0.0],[-46.736696,-5.761081,0.0],[-46.734787,-5.752855,0.0],[-46.730524,-5.747507,0.0],[-46.720359,-5.745493,0.0],[-46.714428,-5.74867,0.0],[-46.704719,-5.744027,0.0],[-46.694736,-5.743605,0.0],[-46.681837,-5.75868,0.0],[-46.679763,-5.764624,0.0],[-46.675966,-5.764025,0.0],[-46.670665,-5.76834,0.0],[-46.664886,-5.762013,0.0],[-46.659596,-5.760807,0.0],[-46.656957,-5.75954,0.0],[-46.650786,-5.755788,0.0],[-46.638318,-5.750435,0.0],[-46.627164,-5.756067,0.0],[-46.621084,-5.755236,0.0],[-46.611514,-5.751254,0.0],[-46.610931,-5.748229,0.0],[-46.609073,-5.743852,0.0],[-46.602673,-5.740473,0.0],[-46.587499,-5.738763,0.0],[-46.587414,-5.73271,0.0],[-46.579252,-5.734378,0.0],[-46.559692,-5.737748,0.0],[-46.558755,-5.734594,0.0],[-46.54985,-5.734645,0.0],[-46.540691,-5.740646,0.0],[-46.53537,-5.742171,0.0],[-46.513352,-5.74276,0.0],[-46.500143,-5.743788,0.0],[-46.493693,-5.75399,0.0],[-46.481062,-5.748394,0.0],[-46.47536,-5.751463,0.0],[-46.469552,-5.751102,0.0]]]}},{"type":"Feature","properties":{"codigo":"2112233","nome":"Trizidela do Vale","area_km2":291.39,"regiao":null,"bioma":"Cerrado","pop_2022":22484.0,"pop_2025":23097.0},"geometry":{"type":"Polygon","coordinates":[[[-44.725266,-4.650745,0.0],[-44.747653,-4.454681,0.0],[-44.607482,-4.460336,0.0],[-44.598244,-4.470864,0.0],[-44.597967,-4.477552,0.0],[-44.597574,-4.486676,0.0],[-44.601091,-4.487547,0.0],[-44.600591,-4.498161,0.0],[-44.607558,-4.499655,0.0],[-44.604678,-4.508051,0.0],[-44.605425,-4.514342,0.0],[-44.611286,-4.515918,0.0],[-44.611571,-4.52101,0.0],[-44.610234,-4.528858,0.0],[-44.606472,-4.534871,0.0],[-44.610463,-4.531699,0.0],[-44.613962,-4.537383,0.0],[-44.614416,-4.543915,0.0],[-44.61413,-4.549753,0.0],[-44.607068,-4.557216,0.0],[-44.604759,-4.562653,0.0],[-44.610363,-4.572703,0.0],[-44.613004,-4.574328,0.0],[-44.614867,-4.575963,0.0],[-44.617696,-4.578062,0.0],[-44.622486,-4.582756,0.0],[-44.636204,-4.574273,0.0],[-44.641064,-4.578592,0.0],[-44.638957,-4.586833,0.0],[-44.639834,-4.593361,0.0],[-44.642932,-4.597259,0.0],[-44.649806,-4.602851,0.0],[-44.659766,-4.609987,0.0],[-44.660179,-4.61598,0.0],[-44.656585,-4.623421,0.0],[-44.658128,-4.636132,0.0],[-44.64902,-4.640335,0.0],[-44.725266,-4.650745,0.0]]]}},{"type":"Feature","properties":{"codigo":"2112274","nome":"Tufilândia","area_km2":270.74,"regiao":null,"bioma":"Amazônia","pop_2022":5507.0,"pop_2025":5633.0},"geometry":{"type":"Polygon","coordinates":[[[-45.499274,-3.698157,0.0],[-45.510323,-3.704732,0.0],[-45.519764,-3.69942,0.0],[-45.537918,-3.703156,0.0],[-45.534064,-3.715633,0.0],[-45.532745,-3.776416,0.0],[-45.528385,-3.794036,0.0],[-45.528273,-3.852219,0.0],[-45.584202,-3.90338,0.0],[-45.624257,-3.732863,0.0],[-45.628005,-3.731896,0.0],[-45.632611,-3.729727,0.0],[-45.637078,-3.730305,0.0],[-45.639736,-3.739641,0.0],[-45.645516,-3.741125,0.0],[-45.652946,-3.745289,0.0],[-45.660899,-3.745659,0.0],[-45.638586,-3.626145,0.0],[-45.633892,-3.631179,0.0],[-45.626098,-3.635548,0.0],[-45.622121,-3.64576,0.0],[-45.618391,-3.651213,0.0],[-45.621841,-3.654118,0.0],[-45.617365,-3.655543,0.0],[-45.618116,-3.661495,0.0],[-45.622498,-3.667731,0.0],[-45.616622,-3.669237,0.0],[-45.619177,-3.676403,0.0],[-45.608027,-3.681433,0.0],[-45.598777,-3.680552,0.0],[-45.592823,-3.680081,0.0],[-45.586589,-3.680296,0.0],[-45.579529,-3.674926,0.0],[-45.573949,-3.67112,0.0],[-45.567987,-3.669135,0.0],[-45.564044,-3.664837,0.0],[-45.556442,-3.66204,0.0],[-45.551561,-3.658437,0.0],[-45.545223,-3.65844,0.0],[-45.534183,-3.658869,0.0],[-45.521703,-3.660685,0.0],[-45.512527,-3.671928,0.0],[-45.507514,-3.671173,0.0],[-45.50309,-3.675575,0.0],[-45.504204,-3.681643,0.0],[-45.501754,-3.687204,0.0],[-45.50075,-3.693652,0.0],[-45.499274,-3.698157,0.0]]]}},{"type":"Feature","properties":{"codigo":"2112308","nome":"Tuntum","area_km2":3366.5,"regiao":"Tuntum","bioma":"Cerrado","pop_2022":36251.0,"pop_2025":37364.0},"geometry":{"type":"Polygon","coordinates":[[[-44.544483,-5.169983,0.0],[-44.537586,-5.182106,0.0],[-44.536615,-5.193466,0.0],[-44.537209,-5.205008,0.0],[-44.537633,-5.210484,0.0],[-44.539037,-5.220184,0.0],[-44.546884,-5.228244,0.0],[-44.548525,-5.237639,0.0],[-44.553749,-5.246018,0.0],[-44.559013,-5.244542,0.0],[-44.569399,-5.253561,0.0],[-44.570513,-5.266029,0.0],[-44.567655,-5.276824,0.0],[-44.576267,-5.289755,0.0],[-44.58538,-5.294486,0.0],[-44.578985,-5.296855,0.0],[-44.562515,-5.302469,0.0],[-44.553123,-5.316543,0.0],[-44.551822,-5.324225,0.0],[-44.53915,-5.330903,0.0],[-44.544985,-5.342789,0.0],[-44.554152,-5.347479,0.0],[-44.560684,-5.346322,0.0],[-44.563764,-5.362518,0.0],[-44.557681,-5.374196,0.0],[-44.554294,-5.386468,0.0],[-44.559148,-5.396969,0.0],[-44.561531,-5.39271,0.0],[-44.576825,-5.382892,0.0],[-44.591339,-5.374231,0.0],[-44.598683,-5.384721,0.0],[-44.608131,-5.386531,0.0],[-44.616139,-5.389909,0.0],[-44.623298,-5.392054,0.0],[-44.634856,-5.400883,0.0],[-44.639323,-5.396681,0.0],[-44.65179,-5.39926,0.0],[-44.656949,-5.404849,0.0],[-44.665732,-5.409394,0.0],[-44.6739,-5.422844,0.0],[-44.686,-5.428986,0.0],[-44.746761,-5.505784,0.0],[-44.746634,-5.515236,0.0],[-44.750824,-5.52434,0.0],[-44.74907,-5.529428,0.0],[-44.74376,-5.549388,0.0],[-44.745135,-5.563144,0.0],[-44.75346,-5.573121,0.0],[-44.753577,-5.58325,0.0],[-44.75848,-5.591593,0.0],[-44.757173,-5.595374,0.0],[-44.746737,-5.601378,0.0],[-44.737179,-5.604813,0.0],[-44.72518,-5.606078,0.0],[-44.722607,-5.61938,0.0],[-44.72509,-5.637217,0.0],[-44.726793,-5.644554,0.0],[-44.722576,-5.645725,0.0],[-44.611643,-5.610088,0.0],[-44.606745,-5.605961,0.0],[-44.594222,-5.601473,0.0],[-44.591344,-5.593784,0.0],[-44.585958,-5.598367,0.0],[-44.570353,-5.596258,0.0],[-44.563906,-5.593575,0.0],[-44.488549,-5.57752,0.0],[-44.475462,-5.576906,0.0],[-44.465621,-5.590109,0.0],[-44.461456,-5.608633,0.0],[-44.447367,-5.618092,0.0],[-44.450768,-5.627284,0.0],[-44.452653,-5.645423,0.0],[-44.452708,-5.658586,0.0],[-44.450429,-5.676116,0.0],[-44.454235,-5.697922,0.0],[-44.458775,-5.704177,0.0],[-44.458902,-5.71019,0.0],[-44.463167,-5.727896,0.0],[-44.46519,-5.734929,0.0],[-44.47538,-5.738578,0.0],[-44.488114,-5.738313,0.0],[-44.503848,-5.741802,0.0],[-44.515066,-5.746929,0.0],[-44.523904,-5.750419,0.0],[-44.52942,-5.755306,0.0],[-44.525827,-5.765499,0.0],[-44.532133,-5.769597,0.0],[-44.548071,-5.78272,0.0],[-44.544483,-5.786834,0.0],[-44.54225,-5.796005,0.0],[-44.538661,-5.800502,0.0],[-44.545395,-5.807735,0.0],[-44.551708,-5.817966,0.0],[-44.556289,-5.826826,0.0],[-44.575536,-5.825873,0.0],[-44.585271,-5.828238,0.0],[-44.592054,-5.826883,0.0],[-44.597904,-5.828463,0.0],[-44.598796,-5.823154,0.0],[-44.603386,-5.821004,0.0],[-44.615611,-5.820638,0.0],[-44.62292,-5.826483,0.0],[-44.626518,-5.834815,0.0],[-44.630993,-5.844272,0.0],[-44.639062,-5.840867,0.0],[-44.640613,-5.845056,0.0],[-44.639913,-5.85553,0.0],[-44.647444,-5.852447,0.0],[-44.653965,-5.858914,0.0],[-44.653524,-5.869341,0.0],[-44.65364,-5.875684,0.0],[-44.657101,-5.882627,0.0],[-44.661959,-5.892599,0.0],[-44.672423,-5.901652,0.0],[-44.679064,-5.90825,0.0],[-44.684564,-5.90519,0.0],[-44.695701,-5.908068,0.0],[-44.706428,-5.9074,0.0],[-44.716706,-5.908003,0.0],[-44.719793,-5.90104,0.0],[-44.728393,-5.903834,0.0],[-44.739687,-5.905156,0.0],[-44.745724,-5.902406,0.0],[-44.758254,-5.905631,0.0],[-44.764224,-5.913942,0.0],[-44.773029,-5.918246,0.0],[-44.783304,-5.925879,0.0],[-44.786044,-5.933877,0.0],[-44.793643,-5.940558,0.0],[-44.795099,-5.94969,0.0],[-44.803646,-5.954231,0.0],[-44.800804,-5.95869,0.0],[-44.808093,-5.965215,0.0],[-44.816518,-5.970124,0.0],[-44.826491,-5.972429,0.0],[-44.831629,-5.977876,0.0],[-44.833839,-5.983023,0.0],[-44.832056,-5.988142,0.0],[-44.838031,-5.99226,0.0],[-44.843456,-5.989636,0.0],[-44.843061,-5.971014,0.0],[-44.841385,-5.95776,0.0],[-44.841678,-5.953661,0.0],[-44.835903,-5.938564,0.0],[-44.840353,-5.929554,0.0],[-44.846326,-5.908136,0.0],[-44.851879,-5.897876,0.0],[-44.874548,-5.880925,0.0],[-44.886448,-5.862047,0.0],[-44.891265,-5.85547,0.0],[-44.895242,-5.848629,0.0],[-44.896851,-5.841484,0.0],[-44.906653,-5.833992,0.0],[-44.912243,-5.828436,0.0],[-44.913798,-5.805514,0.0],[-44.925157,-5.785801,0.0],[-44.924712,-5.762943,0.0],[-44.923211,-5.738721,0.0],[-44.922049,-5.714218,0.0],[-44.920293,-5.688356,0.0],[-44.924128,-5.673781,0.0],[-44.930196,-5.669048,0.0],[-44.938512,-5.654479,0.0],[-44.957379,-5.641601,0.0],[-44.968233,-5.626258,0.0],[-44.969038,-5.620851,0.0],[-44.965868,-5.605774,0.0],[-44.962564,-5.59419,0.0],[-44.959608,-5.581102,0.0],[-44.958617,-5.572869,0.0],[-44.956845,-5.569652,0.0],[-44.956939,-5.556928,0.0],[-44.9586,-5.540924,0.0],[-44.96537,-5.528819,0.0],[-44.960896,-5.515859,0.0],[-44.96539,-5.507018,0.0],[-44.961578,-5.501845,0.0],[-44.95604,-5.493767,0.0],[-44.952876,-5.49399,0.0],[-44.951614,-5.485734,0.0],[-44.947735,-5.480698,0.0],[-44.941775,-5.470785,0.0],[-44.942168,-5.466796,0.0],[-44.941619,-5.463839,0.0],[-44.939501,-5.460976,0.0],[-44.93819,-5.459927,0.0],[-44.939951,-5.449639,0.0],[-44.934085,-5.449691,0.0],[-44.936392,-5.44441,0.0],[-44.939165,-5.443784,0.0],[-44.936813,-5.438066,0.0],[-44.930782,-5.427016,0.0],[-44.932465,-5.423595,0.0],[-44.930639,-5.419516,0.0],[-44.928051,-5.419199,0.0],[-44.92967,-5.417586,0.0],[-44.929266,-5.412559,0.0],[-44.925562,-5.405157,0.0],[-44.923211,-5.410372,0.0],[-44.922265,-5.405041,0.0],[-44.922318,-5.400434,0.0],[-44.921394,-5.39572,0.0],[-44.924196,-5.391833,0.0],[-44.926053,-5.387605,0.0],[-44.924664,-5.383479,0.0],[-44.920554,-5.379811,0.0],[-44.914231,-5.372563,0.0],[-44.910858,-5.37535,0.0],[-44.908611,-5.370207,0.0],[-44.901507,-5.368757,0.0],[-44.893315,-5.370853,0.0],[-44.892068,-5.366225,0.0],[-44.891347,-5.361372,0.0],[-44.895001,-5.355216,0.0],[-44.881559,-5.350411,0.0],[-44.878201,-5.347809,0.0],[-44.873766,-5.343238,0.0],[-44.86826,-5.339403,0.0],[-44.867416,-5.335479,0.0],[-44.864946,-5.335216,0.0],[-44.863491,-5.331384,0.0],[-44.867203,-5.321598,0.0],[-44.852507,-5.316329,0.0],[-44.847738,-5.303876,0.0],[-44.840089,-5.298571,0.0],[-44.837377,-5.300408,0.0],[-44.838341,-5.294692,0.0],[-44.83753,-5.288986,0.0],[-44.830013,-5.282546,0.0],[-44.830321,-5.277714,0.0],[-44.825197,-5.274511,0.0],[-44.821501,-5.273541,0.0],[-44.821991,-5.270863,0.0],[-44.818204,-5.267121,0.0],[-44.815584,-5.259195,0.0],[-44.819786,-5.256863,0.0],[-44.811398,-5.257246,0.0],[-44.809196,-5.261354,0.0],[-44.803986,-5.267151,0.0],[-44.800327,-5.265267,0.0],[-44.803966,-5.258041,0.0],[-44.803669,-5.253056,0.0],[-44.806216,-5.243701,0.0],[-44.807505,-5.240085,0.0],[-44.812602,-5.242099,0.0],[-44.815588,-5.238974,0.0],[-44.81241,-5.235056,0.0],[-44.810534,-5.230847,0.0],[-44.818666,-5.228717,0.0],[-44.815023,-5.223896,0.0],[-44.811777,-5.223111,0.0],[-44.807051,-5.224861,0.0],[-44.809566,-5.219833,0.0],[-44.797409,-5.215354,0.0],[-44.799222,-5.210037,0.0],[-44.791346,-5.208804,0.0],[-44.792763,-5.214867,0.0],[-44.782755,-5.210703,0.0],[-44.771616,-5.211161,0.0],[-44.775209,-5.202687,0.0],[-44.773547,-5.200393,0.0],[-44.76864,-5.203679,0.0],[-44.766479,-5.199819,0.0],[-44.768816,-5.190101,0.0],[-44.766722,-5.184265,0.0],[-44.761072,-5.181901,0.0],[-44.759153,-5.180001,0.0],[-44.758627,-5.177048,0.0],[-44.764177,-5.171319,0.0],[-44.765316,-5.170273,0.0],[-44.76069,-5.165347,0.0],[-44.754889,-5.16353,0.0],[-44.753603,-5.160505,0.0],[-44.746018,-5.158223,0.0],[-44.740696,-5.157252,0.0],[-44.739934,-5.154448,0.0],[-44.735129,-5.148593,0.0],[-44.735181,-5.146909,0.0],[-44.733671,-5.144957,0.0],[-44.732618,-5.146566,0.0],[-44.728807,-5.141616,0.0],[-44.72726,-5.142745,0.0],[-44.724914,-5.143158,0.0],[-44.722522,-5.147363,0.0],[-44.722924,-5.150152,0.0],[-44.720227,-5.149406,0.0],[-44.7186,-5.148986,0.0],[-44.717575,-5.14718,0.0],[-44.716166,-5.143523,0.0],[-44.710901,-5.139653,0.0],[-44.710319,-5.138112,0.0],[-44.709838,-5.13288,0.0],[-44.705291,-5.127496,0.0],[-44.701186,-5.125017,0.0],[-44.69686,-5.125222,0.0],[-44.696322,-5.118865,0.0],[-44.695336,-5.116062,0.0],[-44.695912,-5.112235,0.0],[-44.694201,-5.108727,0.0],[-44.69223,-5.110759,0.0],[-44.691582,-5.107716,0.0],[-44.689041,-5.10305,0.0],[-44.685686,-5.104514,0.0],[-44.681686,-5.103361,0.0],[-44.682689,-5.098183,0.0],[-44.675795,-5.095544,0.0],[-44.6748,-5.089507,0.0],[-44.66844,-5.089598,0.0],[-44.662809,-5.092887,0.0],[-44.655357,-5.089283,0.0],[-44.659798,-5.085955,0.0],[-44.65556,-5.086284,0.0],[-44.65003,-5.089706,0.0],[-44.642675,-5.096983,0.0],[-44.634675,-5.096524,0.0],[-44.631417,-5.103766,0.0],[-44.634574,-5.109684,0.0],[-44.631731,-5.115032,0.0],[-44.623482,-5.118739,0.0],[-44.628244,-5.124183,0.0],[-44.620156,-5.12648,0.0],[-44.615623,-5.134251,0.0],[-44.609155,-5.13778,0.0],[-44.599727,-5.14172,0.0],[-44.595533,-5.144245,0.0],[-44.588439,-5.146599,0.0],[-44.575088,-5.150847,0.0],[-44.571595,-5.162777,0.0],[-44.563245,-5.162711,0.0],[-44.559229,-5.170311,0.0],[-44.553901,-5.173586,0.0],[-44.555154,-5.168455,0.0],[-44.546314,-5.171673,0.0],[-44.544483,-5.169983,0.0]]]}},{"type":"Feature","properties":{"codigo":"2112803","nome":"Viana","area_km2":1165.8,"regiao":null,"bioma":"Amazônia","pop_2022":51442.0,"pop_2025":53176.0},"geometry":{"type":"MultiPolygon","coordinates":[[[[-44.93282,-3.292212,0.0],[-44.935856,-3.2932,0.0],[-44.932506,-3.292088,0.0],[-44.93282,-3.292212,0.0]]],[[[-44.869853,-3.261163,0.0],[-44.866114,-3.263514,0.0],[-44.873192,-3.261999,0.0],[-44.875327,-3.263024,0.0],[-44.875533,-3.2647,0.0],[-44.877807,-3.262169,0.0],[-44.876617,-3.260445,0.0],[-44.869853,-3.261163,0.0]]],[[[-45.119788,-3.064036,0.0],[-45.113379,-3.072713,0.0],[-45.098143,-3.085896,0.0],[-45.091935,-3.085584,0.0],[-45.081674,-3.090348,0.0],[-45.07557,-3.096337,0.0],[-45.078515,-3.107674,0.0],[-45.072549,-3.123915,0.0],[-45.064711,-3.136989,0.0],[-45.061471,-3.14129,0.0],[-45.061639,-3.135154,0.0],[-45.058743,-3.137918,0.0],[-45.055054,-3.141035,0.0],[-45.04294,-3.141343,0.0],[-45.040109,-3.13602,0.0],[-45.039701,-3.131664,0.0],[-45.037156,-3.131449,0.0],[-45.038372,-3.140503,0.0],[-45.036157,-3.144804,0.0],[-45.024719,-3.143989,0.0],[-45.024564,-3.146693,0.0],[-45.019771,-3.1479,0.0],[-45.015305,-3.148956,0.0],[-45.013245,-3.147129,0.0],[-45.018029,-3.140808,0.0],[-45.017535,-3.137472,0.0],[-45.019261,-3.133774,0.0],[-45.019147,-3.130807,0.0],[-45.014185,-3.132967,0.0],[-45.015871,-3.138375,0.0],[-45.013266,-3.138612,0.0],[-45.011792,-3.142043,0.0],[-45.008391,-3.143344,0.0],[-45.010992,-3.146048,0.0],[-45.007131,-3.150498,0.0],[-45.005036,-3.147719,0.0],[-45.005286,-3.152209,0.0],[-45.000608,-3.153981,0.0],[-44.998352,-3.149978,0.0],[-44.999331,-3.14374,0.0],[-44.997884,-3.139919,0.0],[-44.992627,-3.141862,0.0],[-44.990094,-3.139336,0.0],[-44.986883,-3.142006,0.0],[-44.992497,-3.145934,0.0],[-44.992524,-3.151929,0.0],[-44.987834,-3.151838,0.0],[-44.985486,-3.157299,0.0],[-44.982768,-3.152426,0.0],[-44.983152,-3.16146,0.0],[-44.980124,-3.162788,0.0],[-44.977573,-3.167033,0.0],[-44.972589,-3.172024,0.0],[-44.970833,-3.176041,0.0],[-44.968197,-3.186492,0.0],[-44.93826,-3.166188,0.0],[-44.865186,-3.090678,0.0],[-44.839836,-3.075089,0.0],[-44.84123,-3.06822,0.0],[-44.816787,-3.066992,0.0],[-44.810438,-3.065636,0.0],[-44.807305,-3.077929,0.0],[-44.799782,-3.079411,0.0],[-44.787166,-3.089657,0.0],[-44.780747,-3.092509,0.0],[-44.774238,-3.101357,0.0],[-44.76851,-3.098529,0.0],[-44.764452,-3.102092,0.0],[-44.758268,-3.106641,0.0],[-44.74598,-3.113877,0.0],[-44.744202,-3.119718,0.0],[-44.72545,-3.122229,0.0],[-44.715593,-3.12858,0.0],[-44.713262,-3.130538,0.0],[-44.691927,-3.131889,0.0],[-44.691159,-3.140249,0.0],[-44.708657,-3.154359,0.0],[-44.734292,-3.177584,0.0],[-44.770756,-3.179687,0.0],[-44.802156,-3.206622,0.0],[-44.801258,-3.229661,0.0],[-44.798426,-3.251653,0.0],[-44.788897,-3.265414,0.0],[-44.774455,-3.279773,0.0],[-44.757367,-3.30368,0.0],[-44.76807,-3.304918,0.0],[-44.791351,-3.290381,0.0],[-44.795833,-3.266972,0.0],[-44.809695,-3.258405,0.0],[-44.819745,-3.260753,0.0],[-44.823649,-3.27028,0.0],[-44.8236,-3.28043,0.0],[-44.840391,-3.291595,0.0],[-44.850321,-3.295592,0.0],[-44.851463,-3.291062,0.0],[-44.83991,-3.280834,0.0],[-44.842767,-3.276342,0.0],[-44.85037,-3.274641,0.0],[-44.862041,-3.263536,0.0],[-44.87414,-3.257937,0.0],[-44.879141,-3.260905,0.0],[-44.87202,-3.270415,0.0],[-44.873878,-3.276819,0.0],[-44.871994,-3.282639,0.0],[-44.882902,-3.277039,0.0],[-44.892619,-3.27503,0.0],[-44.892381,-3.280535,0.0],[-44.884962,-3.281522,0.0],[-44.891713,-3.292695,0.0],[-44.89781,-3.293126,0.0],[-44.897856,-3.300068,0.0],[-44.916385,-3.306724,0.0],[-44.927008,-3.3028,0.0],[-44.927989,-3.294222,0.0],[-44.933058,-3.289587,0.0],[-44.939272,-3.287164,0.0],[-44.94332,-3.28742,0.0],[-44.944186,-3.295986,0.0],[-44.943248,-3.305576,0.0],[-44.938766,-3.314224,0.0],[-44.944491,-3.313845,0.0],[-44.946797,-3.315644,0.0],[-44.940488,-3.326547,0.0],[-44.935768,-3.326165,0.0],[-44.944967,-3.336303,0.0],[-44.950213,-3.33463,0.0],[-44.951463,-3.340233,0.0],[-44.970214,-3.330069,0.0],[-44.991914,-3.335462,0.0],[-45.000321,-3.326286,0.0],[-45.00827,-3.319507,0.0],[-45.01277,-3.317955,0.0],[-45.015822,-3.316,0.0],[-45.021104,-3.312,0.0],[-45.023679,-3.311468,0.0],[-45.018656,-3.303973,0.0],[-45.016294,-3.298554,0.0],[-45.021852,-3.293619,0.0],[-45.022741,-3.291163,0.0],[-45.019994,-3.281494,0.0],[-45.033127,-3.239363,0.0],[-45.073592,-3.260095,0.0],[-45.077592,-3.250694,0.0],[-45.082682,-3.248833,0.0],[-45.081743,-3.253867,0.0],[-45.09155,-3.251965,0.0],[-45.087816,-3.255658,0.0],[-45.090524,-3.257562,0.0],[-45.094127,-3.251729,0.0],[-45.088389,-3.248987,0.0],[-45.101726,-3.236311,0.0],[-45.137651,-3.200319,0.0],[-45.144544,-3.206946,0.0],[-45.144722,-3.203603,0.0],[-45.138871,-3.193809,0.0],[-45.143722,-3.185273,0.0],[-45.148141,-3.180072,0.0],[-45.155397,-3.177041,0.0],[-45.163457,-3.173743,0.0],[-45.173847,-3.168418,0.0],[-45.184874,-3.170675,0.0],[-45.205818,-3.159578,0.0],[-45.220961,-3.155956,0.0],[-45.260219,-3.141673,0.0],[-45.277639,-3.136936,0.0],[-45.293109,-3.133686,0.0],[-45.303117,-3.131427,0.0],[-45.311839,-3.126616,0.0],[-45.285157,-3.086861,0.0],[-45.275578,-3.092393,0.0],[-45.270072,-3.093293,0.0],[-45.262263,-3.09904,0.0],[-45.252597,-3.106942,0.0],[-45.233213,-3.09876,0.0],[-45.222326,-3.099662,0.0],[-45.212848,-3.096959,0.0],[-45.212326,-3.103231,0.0],[-45.197747,-3.101141,0.0],[-45.186726,-3.093367,0.0],[-45.180403,-3.08827,0.0],[-45.176318,-3.083552,0.0],[-45.170374,-3.079474,0.0],[-45.160048,-3.082189,0.0],[-45.156059,-3.076804,0.0],[-45.148168,-3.072009,0.0],[-45.141083,-3.069437,0.0],[-45.140698,-3.067574,0.0],[-45.130462,-3.069242,0.0],[-45.127188,-3.065339,0.0],[-45.119788,-3.064036,0.0]]],[[[-45.141338,-3.060904,0.0],[-45.141261,-3.061709,0.0],[-45.141559,-3.061238,0.0],[-45.141338,-3.060904,0.0]]]]}},{"type":"Feature","properties":{"codigo":"2112902","nome":"Vitória do Mearim","area_km2":716.15,"regiao":null,"bioma":"Amazônia","pop_2022":30805.0,"pop_2025":31859.0},"geometry":{"type":"Polygon","coordinates":[[[-44.817512,-3.678234,0.0],[-44.825068,-3.676007,0.0],[-44.834293,-3.672957,0.0],[-44.840909,-3.66773,0.0],[-44.844826,-3.678107,0.0],[-44.84752,-3.687551,0.0],[-44.860213,-3.696153,0.0],[-44.865488,-3.698056,0.0],[-44.863293,-3.702193,0.0],[-44.860818,-3.707279,0.0],[-44.863348,-3.711704,0.0],[-44.860157,-3.71638,0.0],[-44.866213,-3.718462,0.0],[-44.867322,-3.724286,0.0],[-44.868539,-3.729282,0.0],[-44.872737,-3.732416,0.0],[-44.878936,-3.745831,0.0],[-44.883407,-3.743608,0.0],[-44.890127,-3.743972,0.0],[-44.897826,-3.74056,0.0],[-44.904269,-3.751128,0.0],[-44.91318,-3.748478,0.0],[-44.918995,-3.753084,0.0],[-44.92616,-3.753139,0.0],[-44.930821,-3.748338,0.0],[-44.926158,-3.747271,0.0],[-44.921127,-3.7412,0.0],[-44.919383,-3.735859,0.0],[-44.920802,-3.729943,0.0],[-44.923743,-3.710993,0.0],[-44.930295,-3.706772,0.0],[-44.938523,-3.70682,0.0],[-44.945352,-3.695786,0.0],[-44.960712,-3.694539,0.0],[-44.966403,-3.703286,0.0],[-44.974996,-3.70383,0.0],[-44.98427,-3.707924,0.0],[-44.989654,-3.709597,0.0],[-44.998938,-3.7128,0.0],[-45.000163,-3.71007,0.0],[-45.003947,-3.704281,0.0],[-45.010346,-3.714764,0.0],[-45.020536,-3.713889,0.0],[-45.028202,-3.716897,0.0],[-45.031753,-3.713731,0.0],[-45.032466,-3.7181,0.0],[-45.039179,-3.718893,0.0],[-45.041153,-3.722944,0.0],[-45.045015,-3.721278,0.0],[-45.047912,-3.717513,0.0],[-45.001471,-3.581702,0.0],[-45.020696,-3.572306,0.0],[-45.031358,-3.571045,0.0],[-45.049468,-3.511936,0.0],[-45.042448,-3.497383,0.0],[-45.045885,-3.492776,0.0],[-45.040642,-3.486255,0.0],[-45.032896,-3.481144,0.0],[-45.030225,-3.459069,0.0],[-45.015424,-3.461087,0.0],[-45.010076,-3.442724,0.0],[-45.009313,-3.431801,0.0],[-44.978833,-3.42728,0.0],[-44.967125,-3.436469,0.0],[-44.95627,-3.451595,0.0],[-44.940189,-3.461737,0.0],[-44.92943,-3.462214,0.0],[-44.928766,-3.455704,0.0],[-44.925245,-3.450346,0.0],[-44.926191,-3.440096,0.0],[-44.900216,-3.424786,0.0],[-44.902026,-3.418851,0.0],[-44.899077,-3.400764,0.0],[-44.878805,-3.379798,0.0],[-44.887086,-3.376446,0.0],[-44.893729,-3.374458,0.0],[-44.892177,-3.351922,0.0],[-44.863712,-3.346361,0.0],[-44.819349,-3.473549,0.0],[-44.831155,-3.46757,0.0],[-44.844657,-3.484773,0.0],[-44.85146,-3.492763,0.0],[-44.853521,-3.500452,0.0],[-44.845658,-3.527585,0.0],[-44.837516,-3.525728,0.0],[-44.840016,-3.535728,0.0],[-44.836911,-3.540162,0.0],[-44.83018,-3.532774,0.0],[-44.825852,-3.531839,0.0],[-44.823097,-3.537275,0.0],[-44.83146,-3.547037,0.0],[-44.834295,-3.558942,0.0],[-44.842158,-3.57387,0.0],[-44.852928,-3.567841,0.0],[-44.844572,-3.578965,0.0],[-44.837404,-3.58728,0.0],[-44.829463,-3.584058,0.0],[-44.81877,-3.592174,0.0],[-44.813604,-3.591973,0.0],[-44.808186,-3.59467,0.0],[-44.803131,-3.610433,0.0],[-44.815157,-3.626206,0.0],[-44.810378,-3.641157,0.0],[-44.7966,-3.653074,0.0],[-44.793211,-3.657869,0.0],[-44.797686,-3.671781,0.0],[-44.806542,-3.665825,0.0],[-44.810188,-3.665756,0.0],[-44.804599,-3.678718,0.0],[-44.810847,-3.6743,0.0],[-44.818545,-3.673332,0.0],[-44.817512,-3.678234,0.0]]]}},{"type":"Feature","properties":{"codigo":"2113009","nome":"Vitorino Freire","area_km2":1192.5,"regiao":null,"bioma":"Amazônia","pop_2022":30845.0,"pop_2025":31920.0},"geometry":{"type":"Polygon","coordinates":[[[-45.33985,-3.869963,0.0],[-45.338551,-3.878453,0.0],[-45.338743,-3.888822,0.0],[-45.333651,-3.899311,0.0],[-45.33623,-3.903175,0.0],[-45.326855,-3.905938,0.0],[-45.318706,-3.903223,0.0],[-45.316219,-3.907351,0.0],[-45.312317,-3.909813,0.0],[-45.316035,-3.922261,0.0],[-45.320506,-3.926246,0.0],[-45.324976,-3.929494,0.0],[-45.317367,-3.945381,0.0],[-45.32001,-3.949065,0.0],[-45.31926,-3.961213,0.0],[-45.315395,-3.97455,0.0],[-45.311971,-3.974388,0.0],[-45.309702,-3.984035,0.0],[-45.30725,-3.995705,0.0],[-45.308326,-4.003666,0.0],[-45.309711,-4.008205,0.0],[-45.306376,-4.008515,0.0],[-45.301467,-4.011828,0.0],[-45.298636,-4.017901,0.0],[-45.294199,-4.02389,0.0],[-45.298325,-4.028758,0.0],[-45.306942,-4.036851,0.0],[-45.308576,-4.046357,0.0],[-45.313757,-4.055192,0.0],[-45.314199,-4.057338,0.0],[-45.317347,-4.059301,0.0],[-45.318855,-4.070608,0.0],[-45.313197,-4.0701,0.0],[-45.310745,-4.078748,0.0],[-45.312327,-4.080399,0.0],[-45.312827,-4.088993,0.0],[-45.311624,-4.093154,0.0],[-45.26993,-4.120935,0.0],[-45.254576,-4.148317,0.0],[-45.239599,-4.148632,0.0],[-45.22451,-4.160834,0.0],[-45.215676,-4.164256,0.0],[-45.212549,-4.17322,0.0],[-45.21117,-4.178948,0.0],[-45.20519,-4.185974,0.0],[-45.197551,-4.189117,0.0],[-45.203995,-4.197432,0.0],[-45.116426,-4.339778,0.0],[-45.117786,-4.348998,0.0],[-45.119462,-4.358885,0.0],[-45.126998,-4.366456,0.0],[-45.126686,-4.372662,0.0],[-45.121872,-4.378029,0.0],[-45.133069,-4.395062,0.0],[-45.130803,-4.406515,0.0],[-45.127478,-4.413283,0.0],[-45.164058,-4.406469,0.0],[-45.240947,-4.393711,0.0],[-45.294039,-4.422412,0.0],[-45.335105,-4.423932,0.0],[-45.422825,-4.417098,0.0],[-45.490106,-4.411225,0.0],[-45.504197,-4.39026,0.0],[-45.502385,-4.382541,0.0],[-45.495131,-4.383328,0.0],[-45.485751,-4.370427,0.0],[-45.478744,-4.367525,0.0],[-45.476031,-4.361464,0.0],[-45.476314,-4.354025,0.0],[-45.469678,-4.34681,0.0],[-45.461456,-4.343565,0.0],[-45.454033,-4.346856,0.0],[-45.44984,-4.345065,0.0],[-45.446186,-4.336288,0.0],[-45.438061,-4.332268,0.0],[-45.434783,-4.333667,0.0],[-45.433265,-4.336426,0.0],[-45.42486,-4.330673,0.0],[-45.418711,-4.326959,0.0],[-45.447691,-4.307541,0.0],[-45.448204,-4.291548,0.0],[-45.427558,-4.266652,0.0],[-45.418901,-4.254364,0.0],[-45.407985,-4.206764,0.0],[-45.402555,-4.191783,0.0],[-45.398294,-4.185081,0.0],[-45.392418,-4.175319,0.0],[-45.378568,-4.170962,0.0],[-45.372518,-4.170874,0.0],[-45.367455,-4.172767,0.0],[-45.356098,-4.131461,0.0],[-45.369447,-4.121579,0.0],[-45.376696,-4.116674,0.0],[-45.384667,-4.120924,0.0],[-45.391771,-4.115657,0.0],[-45.40491,-4.115723,0.0],[-45.412886,-4.12855,0.0],[-45.427291,-4.133018,0.0],[-45.436235,-4.139705,0.0],[-45.447779,-4.132282,0.0],[-45.440375,-4.101054,0.0],[-45.426325,-4.088423,0.0],[-45.426736,-4.079021,0.0],[-45.421744,-4.066296,0.0],[-45.414788,-4.067199,0.0],[-45.410699,-4.062581,0.0],[-45.407551,-4.060364,0.0],[-45.404316,-4.050693,0.0],[-45.402703,-4.034624,0.0],[-45.402563,-4.024544,0.0],[-45.40046,-4.015706,0.0],[-45.391179,-4.005444,0.0],[-45.381763,-3.994978,0.0],[-45.372825,-3.991515,0.0],[-45.357657,-3.984927,0.0],[-45.358533,-3.97364,0.0],[-45.361708,-3.957526,0.0],[-45.369082,-3.946984,0.0],[-45.371378,-3.933452,0.0],[-45.371236,-3.917882,0.0],[-45.368385,-3.900818,0.0],[-45.365268,-3.893002,0.0],[-45.358429,-3.887835,0.0],[-45.348,-3.878459,0.0],[-45.346441,-3.871592,0.0],[-45.33985,-3.869963,0.0]]]}},{"type":"Feature","properties":{"codigo":"2114007","nome":"Zé Doca","area_km2":2139.0,"regiao":null,"bioma":"Amazônia","pop_2022":40801.0,"pop_2025":41815.0},"geometry":{"type":"MultiPolygon","coordinates":[[[[-46.301396,-3.256361,0.0],[-46.299428,-3.264488,0.0],[-46.298255,-3.268761,0.0],[-46.294793,-3.27117,0.0],[-46.293799,-3.275695,0.0],[-46.290912,-3.278383,0.0],[-46.287306,-3.27925,0.0],[-46.279577,-3.282461,0.0],[-46.268268,-3.287588,0.0],[-46.260808,-3.295673,0.0],[-46.265935,-3.301828,0.0],[-46.26431,-3.306653,0.0],[-46.258566,-3.311834,0.0],[-46.251134,-3.309488,0.0],[-46.247538,-3.312422,0.0],[-46.245205,-3.320638,0.0],[-46.236312,-3.327468,0.0],[-46.231022,-3.324435,0.0],[-46.220829,-3.318176,0.0],[-46.217017,-3.323899,0.0],[-46.202773,-3.325123,0.0],[-46.196817,-3.322881,0.0],[-46.189056,-3.321588,0.0],[-46.181867,-3.314762,0.0],[-46.170549,-3.309286,0.0],[-46.167446,-3.313095,0.0],[-46.169031,-3.324293,0.0],[-46.169324,-3.330431,0.0],[-46.176064,-3.337836,0.0],[-46.174304,-3.339346,0.0],[-46.172688,-3.342411,0.0],[-46.170132,-3.355601,0.0],[-46.170282,-3.361057,0.0],[-46.197008,-3.362948,0.0],[-46.235514,-3.335543,0.0],[-46.243268,-3.328831,0.0],[-46.250154,-3.320799,0.0],[-46.263202,-3.318936,0.0],[-46.266503,-3.323484,0.0],[-46.280125,-3.340997,0.0],[-46.278371,-3.346449,0.0],[-46.394425,-3.283082,0.0],[-46.390262,-3.289197,0.0],[-46.380557,-3.295432,0.0],[-46.364423,-3.291799,0.0],[-46.353794,-3.285638,0.0],[-46.348637,-3.27545,0.0],[-46.343036,-3.271612,0.0],[-46.349222,-3.268708,0.0],[-46.347607,-3.258928,0.0],[-46.339784,-3.262786,0.0],[-46.327771,-3.261749,0.0],[-46.321496,-3.264988,0.0],[-46.315585,-3.265187,0.0],[-46.312925,-3.26068,0.0],[-46.310646,-3.256078,0.0],[-46.308148,-3.253458,0.0],[-46.303512,-3.251935,0.0],[-46.301396,-3.256361,0.0]]],[[[-45.61499,-3.13926,0.0],[-45.609037,-3.139493,0.0],[-45.608373,-3.148458,0.0],[-45.599732,-3.187141,0.0],[-45.582308,-3.227858,0.0],[-45.570709,-3.256652,0.0],[-45.552185,-3.279483,0.0],[-45.509819,-3.29771,0.0],[-45.490324,-3.306817,0.0],[-45.484155,-3.435651,0.0],[-45.542189,-3.484976,0.0],[-45.545277,-3.470287,0.0],[-45.55632,-3.458186,0.0],[-45.567454,-3.45354,0.0],[-45.571172,-3.450155,0.0],[-45.5841,-3.436115,0.0],[-45.602846,-3.40818,0.0],[-45.625908,-3.380478,0.0],[-45.632279,-3.36892,0.0],[-45.647658,-3.358673,0.0],[-45.660875,-3.345694,0.0],[-45.798669,-3.335531,0.0],[-45.909393,-3.378663,0.0],[-45.949402,-3.366571,0.0],[-45.975911,-3.373406,0.0],[-45.984914,-3.371157,0.0],[-46.009432,-3.374371,0.0],[-46.024694,-3.377376,0.0],[-46.031098,-3.372785,0.0],[-46.035117,-3.370806,0.0],[-46.052306,-3.369297,0.0],[-46.060646,-3.363106,0.0],[-46.125819,-3.355181,0.0],[-46.118305,-3.348848,0.0],[-46.110208,-3.348474,0.0],[-46.10289,-3.346466,0.0],[-46.088941,-3.346344,0.0],[-46.08625,-3.345844,0.0],[-46.083286,-3.35353,0.0],[-46.076301,-3.355352,0.0],[-46.070631,-3.352965,0.0],[-46.066704,-3.344389,0.0],[-46.060372,-3.33535,0.0],[-46.052758,-3.332325,0.0],[-46.046725,-3.326552,0.0],[-46.035347,-3.320012,0.0],[-46.027839,-3.319017,0.0],[-46.021173,-3.321298,0.0],[-46.014892,-3.321676,0.0],[-46.006546,-3.319214,0.0],[-45.996753,-3.319827,0.0],[-45.99075,-3.31765,0.0],[-45.982343,-3.311857,0.0],[-45.978523,-3.307419,0.0],[-45.972863,-3.305682,0.0],[-45.964265,-3.30567,0.0],[-45.959379,-3.300864,0.0],[-45.957299,-3.292753,0.0],[-45.952994,-3.28977,0.0],[-45.948944,-3.288038,0.0],[-45.942599,-3.285784,0.0],[-45.940835,-3.279338,0.0],[-45.932208,-3.279771,0.0],[-45.924673,-3.280999,0.0],[-45.916715,-3.272901,0.0],[-45.908053,-3.274979,0.0],[-45.905304,-3.269065,0.0],[-45.893704,-3.271239,0.0],[-45.888134,-3.273649,0.0],[-45.881284,-3.27837,0.0],[-45.875212,-3.278256,0.0],[-45.871018,-3.28197,0.0],[-45.867778,-3.287058,0.0],[-45.859379,-3.290524,0.0],[-45.853066,-3.288255,0.0],[-45.845071,-3.292196,0.0],[-45.838152,-3.294197,0.0],[-45.840229,-3.300837,0.0],[-45.828218,-3.298269,0.0],[-45.820538,-3.295154,0.0],[-45.81368,-3.296022,0.0],[-45.808147,-3.28674,0.0],[-45.803953,-3.283201,0.0],[-45.807284,-3.279273,0.0],[-45.804232,-3.274488,0.0],[-45.800323,-3.269896,0.0],[-45.793351,-3.262088,0.0],[-45.786213,-3.261358,0.0],[-45.774212,-3.26321,0.0],[-45.764566,-3.261901,0.0],[-45.760324,-3.25677,0.0],[-45.756254,-3.260112,0.0],[-45.750756,-3.264066,0.0],[-45.748361,-3.261446,0.0],[-45.732926,-3.258911,0.0],[-45.724909,-3.2541,0.0],[-45.721373,-3.264615,0.0],[-45.714344,-3.26686,0.0],[-45.709432,-3.260076,0.0],[-45.704743,-3.256403,0.0],[-45.702103,-3.251037,0.0],[-45.693192,-3.244868,0.0],[-45.694418,-3.232708,0.0],[-45.694046,-3.226869,0.0],[-45.688214,-3.216959,0.0],[-45.687398,-3.207386,0.0],[-45.683442,-3.201788,0.0],[-45.674154,-3.20031,0.0],[-45.672649,-3.192777,0.0],[-45.667452,-3.184056,0.0],[-45.661282,-3.173463,0.0],[-45.6639,-3.171068,0.0],[-45.659307,-3.165529,0.0],[-45.655958,-3.162855,0.0],[-45.648132,-3.158238,0.0],[-45.644797,-3.155631,0.0],[-45.639607,-3.156639,0.0],[-45.635223,-3.152381,0.0],[-45.630523,-3.150836,0.0],[-45.63016,-3.14204,0.0],[-45.625964,-3.146429,0.0],[-45.61889,-3.140156,0.0],[-45.61499,-3.13926,0.0]]]]}}]}