{
"type": "FeatureCollection",
"name": "rio_grajau",
"crs": { "type": "name", "properties": { "name": "urn:ogc:def:crs:OGC:1.3:CRS84" } },
"xy_coordinate_resolution": 1e-06,
"features": [
{ "type": "Feature", "properties": { "nome": "Rio Grajaú", "comprimento": 0.25694974788000002 }, "geometry": { "type": "LineString", "coordinates": [ [ -45.476398, -4.836766, 0.0 ], [ -45.47548, -4.83643, 0.0 ], [ -45.474773, -4.835307, 0.0 ] ] } },
{ "type": "Feature", "properties": { "nome": "Rio Grajaú", "comprimento": 0.605456781572 }, "geometry": { "type": "LineString", "coordinates": [ [ -46.620314, -6.567863, 0.0 ], [ -46.618645, -6.566591, 0.0 ], [ -46.617575, -6.564326, 0.0 ], [ -46.616977, -6.563734, 0.0 ] ] } },
{ "type": "Feature", "properties": { "nome": "Rio Grajaú", "comprimento": 3.3779475704899999 }, "geometry": { "type": "LineString", "coordinates": [ [ -46.496025, -6.754613, 0.0 ], [ -46.496735, -6.753611, 0.0 ], [ -46.497019, -6.752845, 0.0 ], [ -46.498547, -6.751548, 0.0 ], [ -46.498976, -6.750781, 0.0 ], [ -46.502603, -6.747227, 0.0 ], [ -46.50346, -6.745932, 0.0 ], [ -46.504079, -6.74459, 0.0 ], [ -46.505034, -6.743917, 0.0 ], [ -46.506035, -6.742574, 0.0 ], [ -46.507702, -6.740033, 0.0 ], [ -46.510365, -6.734283, 0.0 ], [ -46.51127, -6.732892, 0.0 ], [ -46.513504, -6.730814, 0.0 ], [ -46.513833, -6.730355, 0.0 ] ] } },
{ "type": "Feature", "properties": { "nome": "Rio Grajaú", "comprimento": 6.6315334429100004 }, "geometry": { "type": "LineString", "coordinates": [ [ -46.470468, -6.810363, 0.0 ], [ -46.473608, -6.810047, 0.0 ], [ -46.475597, -6.809275, 0.0 ], [ -46.478197, -6.807736, 0.0 ], [ -46.479953, -6.806046, 0.0 ], [ -46.481785, -6.803897, 0.0 ], [ -46.482746, -6.802562, 0.0 ], [ -46.484026, -6.800353, 0.0 ], [ -46.48453, -6.799846, 0.0 ], [ -46.48678, -6.799288, 0.0 ], [ -46.487331, -6.798873, 0.0 ], [ -46.489099, -6.791195, 0.0 ], [ -46.489552, -6.788759, 0.0 ], [ -46.489595, -6.787794, 0.0 ], [ -46.490665, -6.786084, 0.0 ], [ -46.491763, -6.784884, 0.0 ], [ -46.492904, -6.78244, 0.0 ], [ -46.494621, -6.780377, 0.0 ], [ -46.495808, -6.777263, 0.0 ], [ -46.4958, -6.774535, 0.0 ], [ -46.495071, -6.770853, 0.0 ], [ -46.494805, -6.764336, 0.0 ], [ -46.494064, -6.762726, 0.0 ] ] } },
{ "type": "Feature", "properties": { "nome": "Rio Grajaú", "comprimento": 0.701592034654 }, "geometry": { "type": "LineString", "coordinates": [ [ -46.538695, -6.71582, 0.0 ], [ -46.539689, -6.715166, 0.0 ], [ -46.541219, -6.714625, 0.0 ], [ -46.541793, -6.714585, 0.0 ], [ -46.542177, -6.714928, 0.0 ], [ -46.542752, -6.715156, 0.0 ], [ -46.543173, -6.715002, 0.0 ], [ -46.543437, -6.713661, 0.0 ] ] } },
{ "type": "Feature", "properties": { "nome": "Rio Grajaú", "comprimento": 10.735647307800001 }, "geometry": { "type": "LineString", "coordinates": [ [ -46.483559, -6.330475, 0.0 ], [ -46.482524, -6.32956, 0.0 ], [ -46.481519, -6.329333, 0.0 ], [ -46.481317, -6.329075, 0.0 ], [ -46.481316, -6.328673, 0.0 ], [ -46.48074, -6.327985, 0.0 ], [ -46.480766, -6.327095, 0.0 ], [ -46.480593, -6.326751, 0.0 ], [ -46.478754, -6.325895, 0.0 ], [ -46.47838, -6.325552, 0.0 ], [ -46.478177, -6.324806, 0.0 ], [ -46.478234, -6.324633, 0.0 ], [ -46.478692, -6.324374, 0.0 ], [ -46.481272, -6.323246, 0.0 ], [ -46.485047, -6.318613, 0.0 ], [ -46.485987, -6.316313, 0.0 ], [ -46.48713, -6.314597, 0.0 ], [ -46.487316, -6.312644, 0.0 ], [ -46.487161, -6.311955, 0.0 ], [ -46.487076, -6.309276, 0.0 ], [ -46.487181, -6.3056, 0.0 ], [ -46.486987, -6.304873, 0.0 ], [ -46.486103, -6.303498, 0.0 ], [ -46.485567, -6.303231, 0.0 ], [ -46.48507, -6.303309, 0.0 ], [ -46.484195, -6.305073, 0.0 ], [ -46.482214, -6.308064, 0.0 ], [ -46.479163, -6.311672, 0.0 ], [ -46.47691, -6.313133, 0.0 ], [ -46.475343, -6.313712, 0.0 ], [ -46.474118, -6.313524, 0.0 ], [ -46.473122, -6.313182, 0.0 ], [ -46.471933, -6.311999, 0.0 ], [ -46.470969, -6.309589, 0.0 ], [ -46.470431, -6.308596, 0.0 ], [ -46.469394, -6.307182, 0.0 ], [ -46.469008, -6.306264, 0.0 ], [ -46.468737, -6.304887, 0.0 ], [ -46.469156, -6.304235, 0.0 ], [ -46.469729, -6.304118, 0.0 ], [ -46.471601, -6.303118, 0.0 ], [ -46.472784, -6.302004, 0.0 ], [ -46.475348, -6.302188, 0.0 ], [ -46.476419, -6.301956, 0.0 ], [ -46.477795, -6.301416, 0.0 ], [ -46.478597, -6.300916, 0.0 ], [ -46.480738, -6.30045, 0.0 ], [ -46.481617, -6.300065, 0.0 ], [ -46.482228, -6.299604, 0.0 ], [ -46.482418, -6.298991, 0.0 ], [ -46.482224, -6.298341, 0.0 ], [ -46.481879, -6.29792, 0.0 ], [ -46.481151, -6.297616, 0.0 ], [ -46.480652, -6.296929, 0.0 ], [ -46.478733, -6.29502, 0.0 ], [ -46.478348, -6.293987, 0.0 ], [ -46.479059, -6.288291, 0.0 ], [ -46.479054, -6.286711, 0.0 ], [ -46.479481, -6.285538, 0.0 ], [ -46.480409, -6.283741, 0.0 ], [ -46.481243, -6.282685, 0.0 ], [ -46.481911, -6.282119, 0.0 ] ] } },
{ "type": "Feature", "properties": { "nome": "Rio Grajaú", "comprimento": 2.0178710834500002 }, "geometry": { "type": "LineString", "coordinates": [ [ -46.591036, -6.655667, 0.0 ], [ -46.591379, -6.655091, 0.0 ], [ -46.591376, -6.654058, 0.0 ], [ -46.591677, -6.652679, 0.0 ], [ -46.591983, -6.652333, 0.0 ], [ -46.59317, -6.652559, 0.0 ], [ -46.593668, -6.652481, 0.0 ], [ -46.593973, -6.652135, 0.0 ], [ -46.595119, -6.651519, 0.0 ], [ -46.595958, -6.650445, 0.0 ], [ -46.597486, -6.649291, 0.0 ], [ -46.596868, -6.647647, 0.0 ], [ -46.596062, -6.647075, 0.0 ], [ -46.595981, -6.645506, 0.0 ], [ -46.595711, -6.644971, 0.0 ], [ -46.594905, -6.644514, 0.0 ], [ -46.594554, -6.642525, 0.0 ] ] } },
{ "type": "Feature", "properties": { "nome": "Rio Grajaú", "comprimento": 2.4200201896900002 }, "geometry": { "type": "LineString", "coordinates": [ [ -46.616977, -6.563734, 0.0 ], [ -46.615762, -6.562839, 0.0 ], [ -46.614069, -6.563103, 0.0 ], [ -46.610421, -6.562713, 0.0 ], [ -46.609354, -6.561223, 0.0 ], [ -46.609324, -6.560735, 0.0 ], [ -46.61021, -6.559412, 0.0 ], [ -46.612127, -6.557367, 0.0 ], [ -46.612613, -6.556677, 0.0 ], [ -46.612782, -6.555872, 0.0 ], [ -46.612581, -6.555672, 0.0 ], [ -46.611373, -6.555216, 0.0 ], [ -46.609704, -6.55393, 0.0 ], [ -46.608581, -6.552928, 0.0 ], [ -46.60786, -6.551811, 0.0 ] ] } },
{ "type": "Feature", "properties": { "nome": "Rio Grajaú", "comprimento": 3.1080094810699999 }, "geometry": { "type": "LineString", "coordinates": [ [ -46.515881, -6.725591, 0.0 ], [ -46.519179, -6.724288, 0.0 ], [ -46.520183, -6.723615, 0.0 ], [ -46.522097, -6.723466, 0.0 ], [ -46.522862, -6.723176, 0.0 ], [ -46.524154, -6.723316, 0.0 ], [ -46.524633, -6.723267, 0.0 ], [ -46.525398, -6.722929, 0.0 ], [ -46.526164, -6.72307, 0.0 ], [ -46.526692, -6.723499, 0.0 ], [ -46.528082, -6.724165, 0.0 ], [ -46.528561, -6.724164, 0.0 ], [ -46.529038, -6.723779, 0.0 ], [ -46.52918, -6.723157, 0.0 ], [ -46.529514, -6.722964, 0.0 ], [ -46.530615, -6.722961, 0.0 ], [ -46.531441, -6.722695, 0.0 ], [ -46.532129, -6.722233, 0.0 ], [ -46.532703, -6.722117, 0.0 ], [ -46.53469, -6.720656, 0.0 ], [ -46.534918, -6.720157, 0.0 ], [ -46.537327, -6.71904, 0.0 ], [ -46.538015, -6.71854, 0.0 ], [ -46.53832, -6.718118, 0.0 ], [ -46.538352, -6.716165, 0.0 ], [ -46.538695, -6.71582, 0.0 ] ] } },
{ "type": "Feature", "properties": { "nome": "Rio Grajaú", "comprimento": 5.1961401143100003 }, "geometry": { "type": "LineString", "coordinates": [ [ -46.564414, -6.507859, 0.0 ], [ -46.562883, -6.508017, 0.0 ], [ -46.561657, -6.507638, 0.0 ], [ -46.560968, -6.507678, 0.0 ], [ -46.559092, -6.507301, 0.0 ], [ -46.558708, -6.506843, 0.0 ], [ -46.558625, -6.504738, 0.0 ], [ -46.557818, -6.503669, 0.0 ], [ -46.556705, -6.502906, 0.0 ], [ -46.556052, -6.502104, 0.0 ], [ -46.555093, -6.501495, 0.0 ], [ -46.554782, -6.499965, 0.0 ], [ -46.554359, -6.499277, 0.0 ], [ -46.55367, -6.499088, 0.0 ], [ -46.552638, -6.49978, 0.0 ], [ -46.551987, -6.49959, 0.0 ], [ -46.551527, -6.499209, 0.0 ], [ -46.551483, -6.497257, 0.0 ], [ -46.551023, -6.497028, 0.0 ], [ -46.550143, -6.497223, 0.0 ], [ -46.549487, -6.495693, 0.0 ], [ -46.549291, -6.493895, 0.0 ], [ -46.54902, -6.493053, 0.0 ], [ -46.548675, -6.492901, 0.0 ], [ -46.547412, -6.492828, 0.0 ], [ -46.546607, -6.492372, 0.0 ], [ -46.546758, -6.491912, 0.0 ], [ -46.54714, -6.491604, 0.0 ], [ -46.547138, -6.490954, 0.0 ], [ -46.546869, -6.490572, 0.0 ], [ -46.54641, -6.490764, 0.0 ], [ -46.546259, -6.491148, 0.0 ], [ -46.545763, -6.491685, 0.0 ], [ -46.545265, -6.491801, 0.0 ], [ -46.544843, -6.491496, 0.0 ], [ -46.54453, -6.489086, 0.0 ], [ -46.544221, -6.488283, 0.0 ], [ -46.543914, -6.488016, 0.0 ], [ -46.542882, -6.488478, 0.0 ], [ -46.542384, -6.488288, 0.0 ], [ -46.541923, -6.487677, 0.0 ], [ -46.540734, -6.486724, 0.0 ], [ -46.540234, -6.485921, 0.0 ], [ -46.539122, -6.485465, 0.0 ], [ -46.53851, -6.485467, 0.0 ], [ -46.538321, -6.486387, 0.0 ], [ -46.538092, -6.486502, 0.0 ], [ -46.536496, -6.486235, 0.0 ] ] } },
{ "type": "Feature", "properties": { "nome": "Rio Grajaú", "comprimento": 1.8206731012499999 }, "geometry": { "type": "LineString", "coordinates": [ [ -46.536496, -6.486235, 0.0 ], [ -46.53587, -6.485858, 0.0 ], [ -46.536059, -6.484977, 0.0 ], [ -46.537359, -6.484514, 0.0 ], [ -46.537778, -6.4839, 0.0 ], [ -46.537853, -6.483249, 0.0 ], [ -46.537037, -6.479423, 0.0 ], [ -46.537185, -6.477585, 0.0 ], [ -46.537909, -6.476588, 0.0 ], [ -46.538213, -6.475898, 0.0 ], [ -46.53932, -6.474937, 0.0 ], [ -46.53951, -6.474324, 0.0 ], [ -46.539431, -6.473635, 0.0 ], [ -46.539047, -6.473139, 0.0 ], [ -46.538854, -6.472603, 0.0 ], [ -46.538968, -6.472373, 0.0 ] ] } },
{ "type": "Feature", "properties": { "nome": "Rio Grajaú", "comprimento": 4.4707518405700002 }, "geometry": { "type": "LineString", "coordinates": [ [ -46.500893, -6.425735, 0.0 ], [ -46.500478, -6.424903, 0.0 ], [ -46.500431, -6.421649, 0.0 ], [ -46.499854, -6.420847, 0.0 ], [ -46.497705, -6.418633, 0.0 ], [ -46.496513, -6.416837, 0.0 ], [ -46.496778, -6.41565, 0.0 ], [ -46.497773, -6.415647, 0.0 ], [ -46.498307, -6.415262, 0.0 ], [ -46.498611, -6.414534, 0.0 ], [ -46.49857, -6.413577, 0.0 ], [ -46.497647, -6.412125, 0.0 ], [ -46.497644, -6.410977, 0.0 ], [ -46.497414, -6.410709, 0.0 ], [ -46.497031, -6.410672, 0.0 ], [ -46.496268, -6.411517, 0.0 ], [ -46.495007, -6.412133, 0.0 ], [ -46.493248, -6.412674, 0.0 ], [ -46.492483, -6.412676, 0.0 ], [ -46.491867, -6.411606, 0.0 ], [ -46.492056, -6.410687, 0.0 ], [ -46.49171, -6.410305, 0.0 ], [ -46.48922, -6.409164, 0.0 ], [ -46.489553, -6.405296, 0.0 ], [ -46.489281, -6.403995, 0.0 ], [ -46.48924, -6.402923, 0.0 ], [ -46.491297, -6.399817, 0.0 ], [ -46.49164, -6.399165, 0.0 ], [ -46.491656, -6.398802, 0.0 ] ] } },
{ "type": "Feature", "properties": { "nome": "Rio Grajaú", "comprimento": 1.0904777103000001 }, "geometry": { "type": "LineString", "coordinates": [ [ -46.569147, -6.505124, 0.0 ], [ -46.568117, -6.504747, 0.0 ], [ -46.566697, -6.503603, 0.0 ], [ -46.566084, -6.503298, 0.0 ], [ -46.565433, -6.503224, 0.0 ], [ -46.564937, -6.503647, 0.0 ], [ -46.565092, -6.504412, 0.0 ], [ -46.565592, -6.505023, 0.0 ], [ -46.565785, -6.505558, 0.0 ], [ -46.565748, -6.506171, 0.0 ], [ -46.565596, -6.506592, 0.0 ], [ -46.564414, -6.507859, 0.0 ] ] } },
{ "type": "Feature", "properties": { "nome": "Rio Grajaú", "comprimento": 1.43997254147 }, "geometry": { "type": "LineString", "coordinates": [ [ -46.610719, -6.60897, 0.0 ], [ -46.611076, -6.608701, 0.0 ], [ -46.612111, -6.609128, 0.0 ], [ -46.612427, -6.609127, 0.0 ], [ -46.613056, -6.60835, 0.0 ], [ -46.612938, -6.607317, 0.0 ], [ -46.613109, -6.606857, 0.0 ], [ -46.613852, -6.605936, 0.0 ], [ -46.613908, -6.605419, 0.0 ], [ -46.613616, -6.603984, 0.0 ], [ -46.613783, -6.602347, 0.0 ], [ -46.614297, -6.601484, 0.0 ], [ -46.615099, -6.60085, 0.0 ], [ -46.615239, -6.599845, 0.0 ], [ -46.615047, -6.599175, 0.0 ] ] } },
{ "type": "Feature", "properties": { "nome": "Rio Grajaú", "comprimento": 0.409775037136 }, "geometry": { "type": "LineString", "coordinates": [ [ -46.598903, -6.635498, 0.0 ], [ -46.600252, -6.635408, 0.0 ], [ -46.601632, -6.63592, 0.0 ], [ -46.60189, -6.635891, 0.0 ], [ -46.602291, -6.63543, 0.0 ] ] } },
{ "type": "Feature", "properties": { "nome": "Rio Grajaú", "comprimento": 0.75005234605299997 }, "geometry": { "type": "LineString", "coordinates": [ [ -46.604407, -6.533879, 0.0 ], [ -46.604498, -6.532758, 0.0 ], [ -46.604294, -6.531955, 0.0 ], [ -46.604291, -6.531036, 0.0 ], [ -46.603545, -6.530924, 0.0 ], [ -46.601767, -6.531647, 0.0 ], [ -46.60062, -6.531909, 0.0 ] ] } },
{ "type": "Feature", "properties": { "nome": "Rio Grajaú", "comprimento": 1.59891931931 }, "geometry": { "type": "LineString", "coordinates": [ [ -46.543437, -6.713661, 0.0 ], [ -46.543588, -6.712971, 0.0 ], [ -46.543163, -6.711863, 0.0 ], [ -46.543467, -6.711249, 0.0 ], [ -46.54404, -6.710826, 0.0 ], [ -46.544231, -6.710404, 0.0 ], [ -46.544152, -6.709869, 0.0 ], [ -46.54369, -6.708913, 0.0 ], [ -46.543727, -6.70853, 0.0 ], [ -46.54407, -6.708032, 0.0 ], [ -46.544183, -6.707572, 0.0 ], [ -46.544214, -6.705122, 0.0 ], [ -46.545053, -6.704085, 0.0 ], [ -46.545546, -6.702553, 0.0 ], [ -46.545966, -6.70213, 0.0 ], [ -46.54646, -6.701018, 0.0 ], [ -46.54648, -6.700616, 0.0 ] ] } },
{ "type": "Feature", "properties": { "nome": "Rio Grajaú", "comprimento": 2.62643300494 }, "geometry": { "type": "LineString", "coordinates": [ [ -46.60062, -6.531909, 0.0 ], [ -46.599442, -6.531798, 0.0 ], [ -46.598867, -6.531484, 0.0 ], [ -46.598406, -6.530997, 0.0 ], [ -46.598233, -6.530539, 0.0 ], [ -46.599549, -6.529128, 0.0 ], [ -46.599628, -6.527118, 0.0 ], [ -46.600343, -6.526082, 0.0 ], [ -46.601028, -6.52473, 0.0 ], [ -46.601225, -6.523495, 0.0 ], [ -46.601194, -6.522892, 0.0 ], [ -46.600153, -6.520541, 0.0 ], [ -46.599571, -6.517988, 0.0 ], [ -46.599168, -6.517817, 0.0 ], [ -46.598537, -6.517819, 0.0 ], [ -46.597849, -6.518108, 0.0 ], [ -46.596789, -6.518915, 0.0 ], [ -46.596329, -6.518687, 0.0 ], [ -46.594369, -6.516109, 0.0 ] ] } },
{ "type": "Feature", "properties": { "nome": "Rio Grajaú", "comprimento": 1.33251320805 }, "geometry": { "type": "LineString", "coordinates": [ [ -46.584331, -6.661016, 0.0 ], [ -46.585385, -6.660432, 0.0 ], [ -46.585883, -6.660621, 0.0 ], [ -46.586878, -6.660235, 0.0 ], [ -46.587874, -6.660424, 0.0 ], [ -46.58818, -6.660269, 0.0 ], [ -46.58833, -6.659465, 0.0 ], [ -46.587447, -6.658741, 0.0 ], [ -46.587595, -6.657017, 0.0 ], [ -46.587747, -6.656596, 0.0 ], [ -46.588587, -6.656172, 0.0 ], [ -46.590731, -6.656127, 0.0 ], [ -46.591036, -6.655667, 0.0 ] ] } },
{ "type": "Feature", "properties": { "nome": "Rio Grajaú", "comprimento": 0.81334317709399995 }, "geometry": { "type": "LineString", "coordinates": [ [ -46.606405, -6.611415, 0.0 ], [ -46.606662, -6.611069, 0.0 ], [ -46.60715, -6.610867, 0.0 ], [ -46.607264, -6.610579, 0.0 ], [ -46.60709, -6.610178, 0.0 ], [ -46.606687, -6.609863, 0.0 ], [ -46.606686, -6.609462, 0.0 ], [ -46.607058, -6.609231, 0.0 ], [ -46.60749, -6.609631, 0.0 ], [ -46.60795, -6.609716, 0.0 ], [ -46.608523, -6.609197, 0.0 ], [ -46.609039, -6.608966, 0.0 ], [ -46.609814, -6.609136, 0.0 ], [ -46.610188, -6.609364, 0.0 ], [ -46.610719, -6.60897, 0.0 ] ] } },
{ "type": "Feature", "properties": { "nome": "Rio Grajaú", "comprimento": 1.0462442103 }, "geometry": { "type": "LineString", "coordinates": [ [ -46.609419, -6.620133, 0.0 ], [ -46.609647, -6.619673, 0.0 ], [ -46.609037, -6.617378, 0.0 ], [ -46.607622, -6.61477, 0.0 ], [ -46.606405, -6.611415, 0.0 ] ] } },
{ "type": "Feature", "properties": { "nome": "Rio Grajaú", "comprimento": 0.25088434812400001 }, "geometry": { "type": "LineString", "coordinates": [ [ -45.547399, -4.896425, 0.0 ], [ -45.547679, -4.897105, 0.0 ], [ -45.547504, -4.897711, 0.0 ], [ -45.547199, -4.897818, 0.0 ], [ -45.546681, -4.897631, 0.0 ] ] } },
{ "type": "Feature", "properties": { "nome": "Rio Grajaú", "comprimento": 0.065510213271100001 }, "geometry": { "type": "LineString", "coordinates": [ [ -45.556881, -4.905018, 0.0 ], [ -45.556537, -4.905, 0.0 ], [ -45.556359, -4.904838, 0.0 ] ] } },
{ "type": "Feature", "properties": { "nome": "Rio Grajaú", "comprimento": 0.31764226417300001 }, "geometry": { "type": "LineString", "coordinates": [ [ -46.4944, -6.756886, 0.0 ], [ -46.494826, -6.755723, 0.0 ], [ -46.496025, -6.754613, 0.0 ] ] } },
{ "type": "Feature", "properties": { "nome": "Rio Grajaú", "comprimento": 0.271922875048 }, "geometry": { "type": "LineString", "coordinates": [ [ -45.537742, -4.892608, 0.0 ], [ -45.537168, -4.892911, 0.0 ], [ -45.535366, -4.892954, 0.0 ] ] } },
{ "type": "Feature", "properties": { "nome": "Rio Grajaú", "comprimento": 5.0673325053999996 }, "geometry": { "type": "LineString", "coordinates": [ [ -46.507659, -6.335549, 0.0 ], [ -46.508662, -6.334437, 0.0 ], [ -46.508661, -6.333977, 0.0 ], [ -46.508055, -6.333003, 0.0 ], [ -46.507765, -6.33197, 0.0 ], [ -46.507188, -6.330881, 0.0 ], [ -46.5067, -6.330681, 0.0 ], [ -46.505609, -6.330713, 0.0 ], [ -46.505149, -6.330312, 0.0 ], [ -46.504802, -6.329337, 0.0 ], [ -46.504712, -6.328074, 0.0 ], [ -46.503905, -6.32687, 0.0 ], [ -46.503586, -6.325665, 0.0 ], [ -46.503525, -6.324374, 0.0 ], [ -46.502774, -6.322682, 0.0 ], [ -46.502657, -6.322108, 0.0 ], [ -46.502369, -6.321534, 0.0 ], [ -46.50211, -6.321334, 0.0 ], [ -46.501593, -6.321336, 0.0 ], [ -46.500876, -6.321567, 0.0 ], [ -46.500132, -6.322172, 0.0 ], [ -46.499443, -6.322174, 0.0 ], [ -46.498553, -6.321832, 0.0 ], [ -46.497549, -6.322036, 0.0 ], [ -46.495086, -6.323766, 0.0 ], [ -46.49314, -6.325667, 0.0 ], [ -46.492193, -6.325784, 0.0 ], [ -46.491014, -6.324955, 0.0 ], [ -46.489723, -6.324987, 0.0 ], [ -46.489265, -6.325161, 0.0 ], [ -46.489036, -6.325621, 0.0 ], [ -46.489037, -6.325994, 0.0 ], [ -46.489546, -6.326439, 0.0 ], [ -46.490206, -6.326408, 0.0 ], [ -46.490493, -6.326637, 0.0 ], [ -46.490437, -6.326982, 0.0 ], [ -46.489348, -6.327559, 0.0 ], [ -46.489119, -6.327904, 0.0 ], [ -46.489122, -6.328909, 0.0 ], [ -46.48878, -6.329542, 0.0 ], [ -46.486081, -6.32932, 0.0 ], [ -46.485507, -6.329063, 0.0 ], [ -46.485162, -6.329064, 0.0 ], [ -46.484992, -6.329725, 0.0 ], [ -46.485052, -6.330471, 0.0 ], [ -46.484881, -6.330874, 0.0 ], [ -46.484365, -6.331162, 0.0 ], [ -46.483559, -6.330475, 0.0 ] ] } },
{ "type": "Feature", "properties": { "nome": "Rio Grajaú", "comprimento": 3.0605714287099999 }, "geometry": { "type": "LineString", "coordinates": [ [ -46.565701, -6.670945, 0.0 ], [ -46.567306, -6.669868, 0.0 ], [ -46.567304, -6.669409, 0.0 ], [ -46.566385, -6.669297, 0.0 ], [ -46.566116, -6.669145, 0.0 ], [ -46.566039, -6.668762, 0.0 ], [ -46.566989, -6.66673, 0.0 ], [ -46.567639, -6.666269, 0.0 ], [ -46.568825, -6.666227, 0.0 ], [ -46.569246, -6.665957, 0.0 ], [ -46.569703, -6.665382, 0.0 ], [ -46.569854, -6.664577, 0.0 ], [ -46.570121, -6.664194, 0.0 ], [ -46.570427, -6.664193, 0.0 ], [ -46.571191, -6.663692, 0.0 ], [ -46.572297, -6.662158, 0.0 ], [ -46.572602, -6.661927, 0.0 ], [ -46.573215, -6.661887, 0.0 ], [ -46.573866, -6.662038, 0.0 ], [ -46.574864, -6.662685, 0.0 ], [ -46.575284, -6.662608, 0.0 ], [ -46.575895, -6.661878, 0.0 ], [ -46.579307, -6.663475, 0.0 ], [ -46.579882, -6.663473, 0.0 ], [ -46.582979, -6.662238, 0.0 ], [ -46.584331, -6.661016, 0.0 ] ] } },
{ "type": "Feature", "properties": { "nome": "Rio Grajaú", "comprimento": 3.0620439636399999 }, "geometry": { "type": "LineString", "coordinates": [ [ -46.491656, -6.398802, 0.0 ], [ -46.491325, -6.396333, 0.0 ], [ -46.490325, -6.394421, 0.0 ], [ -46.490706, -6.393999, 0.0 ], [ -46.491318, -6.393883, 0.0 ], [ -46.491701, -6.393881, 0.0 ], [ -46.492276, -6.394224, 0.0 ], [ -46.492506, -6.394224, 0.0 ], [ -46.492579, -6.39319, 0.0 ], [ -46.491619, -6.392121, 0.0 ], [ -46.490773, -6.390707, 0.0 ], [ -46.489662, -6.390059, 0.0 ], [ -46.4892, -6.389295, 0.0 ], [ -46.489195, -6.387572, 0.0 ], [ -46.489615, -6.386997, 0.0 ], [ -46.490035, -6.386689, 0.0 ], [ -46.490148, -6.386076, 0.0 ], [ -46.489879, -6.385618, 0.0 ], [ -46.489876, -6.38489, 0.0 ], [ -46.490714, -6.383433, 0.0 ], [ -46.491249, -6.383278, 0.0 ], [ -46.492551, -6.383428, 0.0 ], [ -46.492891, -6.38201, 0.0 ], [ -46.493425, -6.381243, 0.0 ], [ -46.495296, -6.379936, 0.0 ], [ -46.496059, -6.37913, 0.0 ] ] } },
{ "type": "Feature", "properties": { "nome": "Rio Grajaú", "comprimento": 1.5293722681799999 }, "geometry": { "type": "LineString", "coordinates": [ [ -46.538968, -6.472373, 0.0 ], [ -46.539118, -6.471454, 0.0 ], [ -46.538236, -6.470997, 0.0 ], [ -46.537701, -6.471152, 0.0 ], [ -46.537282, -6.471728, 0.0 ], [ -46.537283, -6.472111, 0.0 ], [ -46.536977, -6.472111, 0.0 ], [ -46.536363, -6.471616, 0.0 ], [ -46.535592, -6.46978, 0.0 ], [ -46.535018, -6.469706, 0.0 ], [ -46.534483, -6.470128, 0.0 ], [ -46.53341, -6.469596, 0.0 ], [ -46.532875, -6.469827, 0.0 ], [ -46.532685, -6.470325, 0.0 ], [ -46.531768, -6.47094, 0.0 ], [ -46.531306, -6.470061, 0.0 ], [ -46.531343, -6.469525, 0.0 ], [ -46.531533, -6.46918, 0.0 ], [ -46.531456, -6.468912, 0.0 ], [ -46.531226, -6.468798, 0.0 ] ] } },
{ "type": "Feature", "properties": { "nome": "Rio Grajaú", "comprimento": 2.1789413471099999 }, "geometry": { "type": "LineString", "coordinates": [ [ -46.594369, -6.516109, 0.0 ], [ -46.594081, -6.515881, 0.0 ], [ -46.592243, -6.515484, 0.0 ], [ -46.591809, -6.514366, 0.0 ], [ -46.591463, -6.513937, 0.0 ], [ -46.591031, -6.513708, 0.0 ], [ -46.589883, -6.513568, 0.0 ], [ -46.588076, -6.514005, 0.0 ], [ -46.587127, -6.513663, 0.0 ], [ -46.586237, -6.51358, 0.0 ], [ -46.585863, -6.513208, 0.0 ], [ -46.585857, -6.511399, 0.0 ], [ -46.585481, -6.510338, 0.0 ], [ -46.584818, -6.509622, 0.0 ], [ -46.582175, -6.508884, 0.0 ], [ -46.580769, -6.509262, 0.0 ], [ -46.579437, -6.510131, 0.0 ] ] } },
{ "type": "Feature", "properties": { "nome": "Rio Grajaú", "comprimento": 0.958655936652 }, "geometry": { "type": "LineString", "coordinates": [ [ -46.594554, -6.642525, 0.0 ], [ -46.594704, -6.641529, 0.0 ], [ -46.595243, -6.640477, 0.0 ], [ -46.596877, -6.639582, 0.0 ], [ -46.597306, -6.639035, 0.0 ], [ -46.598388, -6.636218, 0.0 ], [ -46.598903, -6.635498, 0.0 ] ] } },
{ "type": "Feature", "properties": { "nome": "Rio Grajaú", "comprimento": 1.2337760687799999 }, "geometry": { "type": "LineString", "coordinates": [ [ -46.496059, -6.37913, 0.0 ], [ -46.496323, -6.377866, 0.0 ], [ -46.49559, -6.375609, 0.0 ], [ -46.495549, -6.374805, 0.0 ], [ -46.495815, -6.374154, 0.0 ], [ -46.496387, -6.373348, 0.0 ], [ -46.496884, -6.373347, 0.0 ], [ -46.497763, -6.373038, 0.0 ], [ -46.498336, -6.372539, 0.0 ], [ -46.49883, -6.371542, 0.0 ], [ -46.499403, -6.370928, 0.0 ], [ -46.499593, -6.370468, 0.0 ], [ -46.499553, -6.370123, 0.0 ] ] } },
{ "type": "Feature", "properties": { "nome": "Rio Grajaú", "comprimento": 3.9443087986699998 }, "geometry": { "type": "LineString", "coordinates": [ [ -46.481911, -6.282119, 0.0 ], [ -46.483247, -6.281244, 0.0 ], [ -46.484107, -6.280859, 0.0 ], [ -46.487285, -6.280108, 0.0 ], [ -46.487428, -6.279773, 0.0 ], [ -46.487209, -6.278362, 0.0 ], [ -46.486967, -6.277645, 0.0 ], [ -46.486247, -6.276737, 0.0 ], [ -46.485385, -6.276285, 0.0 ], [ -46.483926, -6.276098, 0.0 ], [ -46.480917, -6.277422, 0.0 ], [ -46.478334, -6.277143, 0.0 ], [ -46.477783, -6.276929, 0.0 ], [ -46.476798, -6.275233, 0.0 ], [ -46.475815, -6.27447, 0.0 ], [ -46.475145, -6.274256, 0.0 ], [ -46.474117, -6.274355, 0.0 ], [ -46.472852, -6.2751, 0.0 ], [ -46.470663, -6.278863, 0.0 ], [ -46.469971, -6.279367, 0.0 ], [ -46.466532, -6.280908, 0.0 ], [ -46.464852, -6.281416, 0.0 ] ] } },
{ "type": "Feature", "properties": { "nome": "Rio Grajaú", "comprimento": 2.6858022966299999 }, "geometry": { "type": "LineString", "coordinates": [ [ -46.54648, -6.700616, 0.0 ], [ -46.546838, -6.699486, 0.0 ], [ -46.548024, -6.698985, 0.0 ], [ -46.548441, -6.697911, 0.0 ], [ -46.548402, -6.69749, 0.0 ], [ -46.547978, -6.69665, 0.0 ], [ -46.547976, -6.696075, 0.0 ], [ -46.548166, -6.695577, 0.0 ], [ -46.549424, -6.693659, 0.0 ], [ -46.54965, -6.692587, 0.0 ], [ -46.549456, -6.691745, 0.0 ], [ -46.549607, -6.691209, 0.0 ], [ -46.550485, -6.69021, 0.0 ], [ -46.550901, -6.688525, 0.0 ], [ -46.55151, -6.687566, 0.0 ], [ -46.551854, -6.687373, 0.0 ], [ -46.552543, -6.687295, 0.0 ], [ -46.553078, -6.686987, 0.0 ], [ -46.55323, -6.686642, 0.0 ], [ -46.553305, -6.686182, 0.0 ], [ -46.553189, -6.685685, 0.0 ], [ -46.552383, -6.68519, 0.0 ], [ -46.552302, -6.683812, 0.0 ], [ -46.552912, -6.682738, 0.0 ], [ -46.552987, -6.68224, 0.0 ], [ -46.553329, -6.681626, 0.0 ], [ -46.554169, -6.680705, 0.0 ] ] } },
{ "type": "Feature", "properties": { "nome": "Rio Grajaú", "comprimento": 1.6737378813699999 }, "geometry": { "type": "LineString", "coordinates": [ [ -46.578708, -6.510847, 0.0 ], [ -46.578307, -6.511423, 0.0 ], [ -46.577334, -6.512316, 0.0 ], [ -46.576875, -6.512346, 0.0 ], [ -46.576128, -6.51209, 0.0 ], [ -46.575668, -6.511775, 0.0 ], [ -46.575321, -6.511231, 0.0 ], [ -46.574772, -6.509941, 0.0 ], [ -46.574053, -6.509627, 0.0 ], [ -46.573596, -6.510203, 0.0 ], [ -46.573194, -6.510089, 0.0 ], [ -46.571953, -6.508083, 0.0 ], [ -46.572037, -6.507365, 0.0 ], [ -46.571861, -6.506131, 0.0 ], [ -46.570969, -6.505502, 0.0 ], [ -46.569147, -6.505124, 0.0 ] ] } },
{ "type": "Feature", "properties": { "nome": "Rio Grajaú", "comprimento": 3.0182059411600002 }, "geometry": { "type": "LineString", "coordinates": [ [ -46.60786, -6.551811, 0.0 ], [ -46.607714, -6.55095, 0.0 ], [ -46.607798, -6.550261, 0.0 ], [ -46.608369, -6.549484, 0.0 ], [ -46.608797, -6.548535, 0.0 ], [ -46.608679, -6.547559, 0.0 ], [ -46.608391, -6.547244, 0.0 ], [ -46.606208, -6.546821, 0.0 ], [ -46.604653, -6.545476, 0.0 ], [ -46.603791, -6.545048, 0.0 ], [ -46.601784, -6.54583, 0.0 ], [ -46.600836, -6.545603, 0.0 ], [ -46.600346, -6.545174, 0.0 ], [ -46.600029, -6.544658, 0.0 ], [ -46.599594, -6.543454, 0.0 ], [ -46.599593, -6.543023, 0.0 ], [ -46.599993, -6.54239, 0.0 ], [ -46.600304, -6.540868, 0.0 ], [ -46.600962, -6.540349, 0.0 ], [ -46.601619, -6.539313, 0.0 ], [ -46.602365, -6.538995, 0.0 ], [ -46.603252, -6.538102, 0.0 ], [ -46.604277, -6.535601, 0.0 ], [ -46.604407, -6.533879, 0.0 ] ] } },
{ "type": "Feature", "properties": { "nome": "Rio Grajaú", "comprimento": 2.6188271595099999 }, "geometry": { "type": "LineString", "coordinates": [ [ -46.615047, -6.599175, 0.0 ], [ -46.614803, -6.59798, 0.0 ], [ -46.614456, -6.597321, 0.0 ], [ -46.61325, -6.597238, 0.0 ], [ -46.612928, -6.595402, 0.0 ], [ -46.612032, -6.593366, 0.0 ], [ -46.611567, -6.591875, 0.0 ], [ -46.611329, -6.589062, 0.0 ], [ -46.6119, -6.588199, 0.0 ], [ -46.612154, -6.586964, 0.0 ], [ -46.612412, -6.586791, 0.0 ], [ -46.613792, -6.587303, 0.0 ], [ -46.614253, -6.587904, 0.0 ], [ -46.614802, -6.589022, 0.0 ], [ -46.615836, -6.58899, 0.0 ], [ -46.616554, -6.589218, 0.0 ], [ -46.61785, -6.590477, 0.0 ], [ -46.619142, -6.590415, 0.0 ], [ -46.619687, -6.590155, 0.0 ], [ -46.619667, -6.589785, 0.0 ] ] } },
{ "type": "Feature", "properties": { "nome": "Rio Grajaú", "comprimento": 0.69175109028899995 }, "geometry": { "type": "LineString", "coordinates": [ [ -46.513833, -6.730355, 0.0 ], [ -46.514123, -6.729951, 0.0 ], [ -46.514121, -6.729233, 0.0 ], [ -46.513494, -6.727608, 0.0 ], [ -46.513731, -6.726842, 0.0 ], [ -46.515881, -6.725591, 0.0 ] ] } },
{ "type": "Feature", "properties": { "nome": "Rio Grajaú", "comprimento": 0.67107077015799999 }, "geometry": { "type": "LineString", "coordinates": [ [ -46.494064, -6.762726, 0.0 ], [ -46.493647, -6.761564, 0.0 ], [ -46.493548, -6.760368, 0.0 ], [ -46.493928, -6.75941, 0.0 ], [ -46.494116, -6.758405, 0.0 ], [ -46.494067, -6.757783, 0.0 ], [ -46.4944, -6.756886, 0.0 ] ] } },
{ "type": "Feature", "properties": { "nome": "Rio Grajaú", "comprimento": 1.4137613233499999 }, "geometry": { "type": "LineString", "coordinates": [ [ -46.512575, -6.42594, 0.0 ], [ -46.512078, -6.426056, 0.0 ], [ -46.510664, -6.42694, 0.0 ], [ -46.510052, -6.427095, 0.0 ], [ -46.509516, -6.426867, 0.0 ], [ -46.508598, -6.426908, 0.0 ], [ -46.508443, -6.426335, 0.0 ], [ -46.507868, -6.426107, 0.0 ], [ -46.505612, -6.426573, 0.0 ], [ -46.504119, -6.426615, 0.0 ], [ -46.501975, -6.42643, 0.0 ], [ -46.500893, -6.425735, 0.0 ] ] } },
{ "type": "Feature", "properties": { "nome": "Rio Grajaú", "comprimento": 2.2684388065399999 }, "geometry": { "type": "LineString", "coordinates": [ [ -46.602291, -6.63543, 0.0 ], [ -46.60249, -6.635027, 0.0 ], [ -46.602429, -6.633678, 0.0 ], [ -46.603542, -6.631751, 0.0 ], [ -46.603769, -6.630745, 0.0 ], [ -46.60353, -6.628133, 0.0 ], [ -46.60321, -6.626843, 0.0 ], [ -46.603263, -6.625464, 0.0 ], [ -46.603892, -6.624515, 0.0 ], [ -46.604264, -6.624255, 0.0 ], [ -46.604406, -6.623681, 0.0 ], [ -46.604892, -6.623047, 0.0 ], [ -46.605323, -6.622989, 0.0 ], [ -46.606358, -6.623416, 0.0 ], [ -46.607047, -6.623442, 0.0 ], [ -46.607276, -6.623212, 0.0 ], [ -46.607617, -6.622091, 0.0 ], [ -46.608273, -6.620826, 0.0 ], [ -46.608157, -6.620338, 0.0 ], [ -46.608357, -6.620079, 0.0 ], [ -46.609419, -6.620133, 0.0 ] ] } },
{ "type": "Feature", "properties": { "nome": "Rio Grajaú", "comprimento": 1.92649761858 }, "geometry": { "type": "LineString", "coordinates": [ [ -46.554169, -6.680705, 0.0 ], [ -46.554321, -6.680245, 0.0 ], [ -46.554969, -6.679554, 0.0 ], [ -46.555391, -6.679629, 0.0 ], [ -46.555698, -6.679858, 0.0 ], [ -46.556884, -6.679548, 0.0 ], [ -46.557378, -6.678628, 0.0 ], [ -46.557605, -6.677479, 0.0 ], [ -46.557909, -6.676942, 0.0 ], [ -46.558329, -6.676634, 0.0 ], [ -46.55963, -6.676171, 0.0 ], [ -46.560396, -6.676474, 0.0 ], [ -46.561736, -6.676394, 0.0 ], [ -46.562577, -6.675855, 0.0 ], [ -46.563453, -6.674474, 0.0 ], [ -46.563794, -6.673171, 0.0 ], [ -46.56448, -6.672365, 0.0 ], [ -46.564937, -6.671407, 0.0 ], [ -46.565701, -6.670945, 0.0 ] ] } },
{ "type": "Feature", "properties": { "nome": "Rio Grajaú", "comprimento": 5.656542743 }, "geometry": { "type": "LineString", "coordinates": [ [ -46.499553, -6.370123, 0.0 ], [ -46.499208, -6.369856, 0.0 ], [ -46.497677, -6.369516, 0.0 ], [ -46.497063, -6.369212, 0.0 ], [ -46.495187, -6.368911, 0.0 ], [ -46.492586, -6.368957, 0.0 ], [ -46.491631, -6.369725, 0.0 ], [ -46.490636, -6.369728, 0.0 ], [ -46.489679, -6.369539, 0.0 ], [ -46.488041, -6.368778, 0.0 ], [ -46.487953, -6.368061, 0.0 ], [ -46.487693, -6.367688, 0.0 ], [ -46.486859, -6.36703, 0.0 ], [ -46.487144, -6.366369, 0.0 ], [ -46.487057, -6.36591, 0.0 ], [ -46.48605, -6.365052, 0.0 ], [ -46.486135, -6.364506, 0.0 ], [ -46.48782, -6.361917, 0.0 ], [ -46.488048, -6.361256, 0.0 ], [ -46.488102, -6.360193, 0.0 ], [ -46.487871, -6.359706, 0.0 ], [ -46.487636, -6.357812, 0.0 ], [ -46.48775, -6.357323, 0.0 ], [ -46.489181, -6.355941, 0.0 ], [ -46.489869, -6.355881, 0.0 ], [ -46.49133, -6.355016, 0.0 ], [ -46.492248, -6.354726, 0.0 ], [ -46.493339, -6.354752, 0.0 ], [ -46.494661, -6.355552, 0.0 ], [ -46.49808, -6.356863, 0.0 ], [ -46.499171, -6.356917, 0.0 ], [ -46.499486, -6.356801, 0.0 ], [ -46.500403, -6.356253, 0.0 ], [ -46.500717, -6.35585, 0.0 ], [ -46.500946, -6.35539, 0.0 ], [ -46.501084, -6.35381, 0.0 ], [ -46.501596, -6.352115, 0.0 ], [ -46.500984, -6.348729, 0.0 ], [ -46.500948, -6.346202, 0.0 ], [ -46.500772, -6.344967, 0.0 ] ] } },
{ "type": "Feature", "properties": { "nome": "Rio Grajaú", "comprimento": 0.113062601826 }, "geometry": { "type": "LineString", "coordinates": [ [ -46.579437, -6.510131, 0.0 ], [ -46.578708, -6.510847, 0.0 ] ] } },
{ "type": "Feature", "properties": { "nome": "Rio Grajaú", "comprimento": 1.4142290949 }, "geometry": { "type": "LineString", "coordinates": [ [ -46.500772, -6.344967, 0.0 ], [ -46.500795, -6.342958, 0.0 ], [ -46.500992, -6.341752, 0.0 ], [ -46.501362, -6.340602, 0.0 ], [ -46.501905, -6.339739, 0.0 ], [ -46.50305, -6.338874, 0.0 ], [ -46.506059, -6.337488, 0.0 ], [ -46.506832, -6.336882, 0.0 ], [ -46.507659, -6.335549, 0.0 ] ] } },
{ "type": "Feature", "properties": { "nome": "Rio Grajaú", "comprimento": 3.2646778195500001 }, "geometry": { "type": "LineString", "coordinates": [ [ -46.619667, -6.589785, 0.0 ], [ -46.619465, -6.589499, 0.0 ], [ -46.618977, -6.589328, 0.0 ], [ -46.618401, -6.588785, 0.0 ], [ -46.617907, -6.58715, 0.0 ], [ -46.617906, -6.58669, 0.0 ], [ -46.618736, -6.586027, 0.0 ], [ -46.618849, -6.58551, 0.0 ], [ -46.618819, -6.584936, 0.0 ], [ -46.618588, -6.584592, 0.0 ], [ -46.618296, -6.583014, 0.0 ], [ -46.618493, -6.581837, 0.0 ], [ -46.618461, -6.580717, 0.0 ], [ -46.617595, -6.579428, 0.0 ], [ -46.616616, -6.578397, 0.0 ], [ -46.616441, -6.577651, 0.0 ], [ -46.616553, -6.576646, 0.0 ], [ -46.616953, -6.576013, 0.0 ], [ -46.618073, -6.576096, 0.0 ], [ -46.618359, -6.57598, 0.0 ], [ -46.618473, -6.575721, 0.0 ], [ -46.618211, -6.57466, 0.0 ], [ -46.618314, -6.570755, 0.0 ], [ -46.618369, -6.570152, 0.0 ], [ -46.618826, -6.569433, 0.0 ], [ -46.619314, -6.56923, 0.0 ], [ -46.620003, -6.5694, 0.0 ], [ -46.621096, -6.569999, 0.0 ], [ -46.621498, -6.569998, 0.0 ], [ -46.621583, -6.569539, 0.0 ], [ -46.621151, -6.569195, 0.0 ], [ -46.620314, -6.567863, 0.0 ] ] } },
{ "type": "Feature", "properties": { "nome": "Rio Grajaú", "comprimento": 5.8867343459299999 }, "geometry": { "type": "LineString", "coordinates": [ [ -46.514127, -6.458947, 0.0 ], [ -46.512478, -6.457791, 0.0 ], [ -46.511826, -6.457486, 0.0 ], [ -46.511863, -6.457065, 0.0 ], [ -46.512398, -6.456643, 0.0 ], [ -46.512396, -6.456145, 0.0 ], [ -46.511744, -6.455611, 0.0 ], [ -46.511359, -6.454961, 0.0 ], [ -46.511279, -6.453736, 0.0 ], [ -46.511087, -6.453316, 0.0 ], [ -46.511238, -6.452703, 0.0 ], [ -46.512117, -6.452241, 0.0 ], [ -46.512536, -6.45178, 0.0 ], [ -46.513222, -6.450515, 0.0 ], [ -46.513218, -6.449137, 0.0 ], [ -46.512293, -6.447264, 0.0 ], [ -46.50992, -6.447041, 0.0 ], [ -46.508236, -6.447084, 0.0 ], [ -46.507356, -6.447278, 0.0 ], [ -46.505175, -6.44717, 0.0 ], [ -46.503258, -6.446218, 0.0 ], [ -46.502989, -6.445645, 0.0 ], [ -46.503255, -6.444993, 0.0 ], [ -46.503598, -6.444686, 0.0 ], [ -46.504594, -6.444989, 0.0 ], [ -46.505475, -6.445025, 0.0 ], [ -46.506777, -6.445328, 0.0 ], [ -46.507159, -6.445212, 0.0 ], [ -46.507693, -6.444674, 0.0 ], [ -46.507959, -6.443984, 0.0 ], [ -46.507763, -6.442415, 0.0 ], [ -46.507953, -6.441802, 0.0 ], [ -46.508945, -6.440842, 0.0 ], [ -46.510245, -6.440532, 0.0 ], [ -46.510817, -6.439688, 0.0 ], [ -46.511771, -6.43869, 0.0 ], [ -46.512189, -6.437961, 0.0 ], [ -46.513368, -6.435202, 0.0 ], [ -46.513517, -6.433861, 0.0 ], [ -46.51424, -6.432672, 0.0 ], [ -46.514813, -6.432211, 0.0 ], [ -46.515461, -6.431214, 0.0 ], [ -46.515457, -6.429874, 0.0 ], [ -46.514995, -6.428918, 0.0 ], [ -46.514458, -6.428499, 0.0 ], [ -46.513765, -6.427314, 0.0 ], [ -46.512575, -6.42594, 0.0 ] ] } },
{ "type": "Feature", "properties": { "nome": "Rio Grajaú", "comprimento": 2.8336929405700002 }, "geometry": { "type": "LineString", "coordinates": [ [ -46.531226, -6.468798, 0.0 ], [ -46.530194, -6.469299, 0.0 ], [ -46.529504, -6.469071, 0.0 ], [ -46.529386, -6.46777, 0.0 ], [ -46.529193, -6.46735, 0.0 ], [ -46.527311, -6.464982, 0.0 ], [ -46.526007, -6.464335, 0.0 ], [ -46.524745, -6.464492, 0.0 ], [ -46.52329, -6.464381, 0.0 ], [ -46.522677, -6.464192, 0.0 ], [ -46.52168, -6.463621, 0.0 ], [ -46.521029, -6.463469, 0.0 ], [ -46.519499, -6.463627, 0.0 ], [ -46.518082, -6.463287, 0.0 ], [ -46.515787, -6.463638, 0.0 ], [ -46.515098, -6.46364, 0.0 ], [ -46.514676, -6.463488, 0.0 ], [ -46.514675, -6.46322, 0.0 ], [ -46.515477, -6.462337, 0.0 ], [ -46.515665, -6.461495, 0.0 ], [ -46.515737, -6.460001, 0.0 ], [ -46.515315, -6.459467, 0.0 ], [ -46.514127, -6.458947, 0.0 ] ] } },
{ "type": "Feature", "properties": { "nome": "Rio Grajaú", "comprimento": 6.4420815764799997 }, "geometry": { "type": "LineString", "coordinates": [ [ -45.328012, -3.855774, 0.0 ], [ -45.327368, -3.855738, 0.0 ], [ -45.326653, -3.855416, 0.0 ], [ -45.326546, -3.854877, 0.0 ], [ -45.326653, -3.854051, 0.0 ], [ -45.326974, -3.853369, 0.0 ], [ -45.327653, -3.853046, 0.0 ], [ -45.329547, -3.852793, 0.0 ], [ -45.330334, -3.852362, 0.0 ], [ -45.330941, -3.851859, 0.0 ], [ -45.331298, -3.851141, 0.0 ], [ -45.331405, -3.850351, 0.0 ], [ -45.331262, -3.849777, 0.0 ], [ -45.330869, -3.849095, 0.0 ], [ -45.329868, -3.848628, 0.0 ], [ -45.329045, -3.848736, 0.0 ], [ -45.327759, -3.849204, 0.0 ], [ -45.326758, -3.849096, 0.0 ], [ -45.325864, -3.848702, 0.0 ], [ -45.325721, -3.847948, 0.0 ], [ -45.326256, -3.846547, 0.0 ], [ -45.326435, -3.845614, 0.0 ], [ -45.326327, -3.84468, 0.0 ], [ -45.325827, -3.843927, 0.0 ], [ -45.324289, -3.842276, 0.0 ], [ -45.323931, -3.841486, 0.0 ], [ -45.323573, -3.840481, 0.0 ], [ -45.323393, -3.837357, 0.0 ], [ -45.323107, -3.835813, 0.0 ], [ -45.321534, -3.83506, 0.0 ], [ -45.318174, -3.834487, 0.0 ], [ -45.317351, -3.833841, 0.0 ], [ -45.315956, -3.831687, 0.0 ], [ -45.314026, -3.83061, 0.0 ], [ -45.31163, -3.828672, 0.0 ], [ -45.311058, -3.827308, 0.0 ], [ -45.311165, -3.826662, 0.0 ], [ -45.312808, -3.823394, 0.0 ], [ -45.313022, -3.822568, 0.0 ], [ -45.312879, -3.821814, 0.0 ], [ -45.312557, -3.821204, 0.0 ], [ -45.311913, -3.820594, 0.0 ], [ -45.311234, -3.820235, 0.0 ], [ -45.310412, -3.820164, 0.0 ], [ -45.307802, -3.820452, 0.0 ], [ -45.307123, -3.820272, 0.0 ] ] } },
{ "type": "Feature", "properties": { "nome": "Rio Grajaú", "comprimento": 4.9466998431900002 }, "geometry": { "type": "LineString", "coordinates": [ [ -45.648537, -5.004621, 0.0 ], [ -45.648232, -5.004411, 0.0 ], [ -45.646952, -5.004202, 0.0 ], [ -45.64659, -5.004374, 0.0 ], [ -45.645961, -5.005658, 0.0 ], [ -45.645331, -5.00608, 0.0 ], [ -45.644873, -5.005889, 0.0 ], [ -45.644605, -5.00497, 0.0 ], [ -45.644833, -5.004644, 0.0 ], [ -45.645558, -5.004126, 0.0 ], [ -45.645863, -5.003437, 0.0 ], [ -45.645653, -5.003169, 0.0 ], [ -45.644087, -5.003036, 0.0 ], [ -45.642541, -5.003134, 0.0 ], [ -45.641892, -5.00369, 0.0 ], [ -45.641455, -5.004759, 0.0 ], [ -45.64094, -5.004946, 0.0 ], [ -45.640639, -5.004645, 0.0 ], [ -45.640538, -5.004228, 0.0 ], [ -45.640737, -5.003166, 0.0 ], [ -45.640479, -5.002577, 0.0 ], [ -45.640035, -5.002376, 0.0 ], [ -45.63952, -5.00265, 0.0 ], [ -45.639348, -5.003052, 0.0 ], [ -45.639363, -5.003684, 0.0 ], [ -45.639278, -5.003899, 0.0 ], [ -45.639063, -5.003986, 0.0 ], [ -45.638633, -5.003541, 0.0 ], [ -45.637988, -5.003283, 0.0 ], [ -45.637915, -5.00212, 0.0 ], [ -45.637743, -5.001962, 0.0 ], [ -45.637414, -5.001948, 0.0 ], [ -45.636971, -5.00271, 0.0 ], [ -45.63667, -5.002897, 0.0 ], [ -45.636298, -5.002811, 0.0 ], [ -45.635767, -5.002151, 0.0 ], [ -45.635395, -5.002008, 0.0 ], [ -45.635095, -5.002252, 0.0 ], [ -45.635052, -5.002884, 0.0 ], [ -45.634866, -5.003229, 0.0 ], [ -45.634251, -5.003746, 0.0 ], [ -45.634036, -5.003761, 0.0 ], [ -45.633391, -5.002728, 0.0 ], [ -45.632689, -5.002197, 0.0 ], [ -45.631357, -5.002311, 0.0 ], [ -45.630784, -5.002503, 0.0 ], [ -45.63008, -5.00218, 0.0 ], [ -45.6299, -5.001881, 0.0 ], [ -45.630114, -5.0009, 0.0 ], [ -45.629684, -4.999823, 0.0 ], [ -45.629969, -4.999153, 0.0 ], [ -45.630472, -4.998692, 0.0 ], [ -45.630471, -4.998328, 0.0 ], [ -45.629325, -4.998118, 0.0 ], [ -45.628924, -4.997908, 0.0 ], [ -45.62858, -4.997267, 0.0 ], [ -45.62857, -4.996683, 0.0 ], [ -45.628302, -4.9963, 0.0 ], [ -45.627881, -4.996059, 0.0 ], [ -45.627165, -4.996022, 0.0 ], [ -45.625713, -4.995257, 0.0 ], [ -45.624863, -4.995181, 0.0 ], [ -45.624014, -4.995335, 0.0 ] ] } },
{ "type": "Feature", "properties": { "nome": "Rio Grajaú", "comprimento": 6.0391270546699998 }, "geometry": { "type": "LineString", "coordinates": [ [ -45.33041, -4.131913, 0.0 ], [ -45.329909, -4.131267, 0.0 ], [ -45.329014, -4.128251, 0.0 ], [ -45.328655, -4.12581, 0.0 ], [ -45.328691, -4.124984, 0.0 ], [ -45.329584, -4.123404, 0.0 ], [ -45.331443, -4.122541, 0.0 ], [ -45.332801, -4.121607, 0.0 ], [ -45.333588, -4.120709, 0.0 ], [ -45.333802, -4.120099, 0.0 ], [ -45.333909, -4.119094, 0.0 ], [ -45.333765, -4.118268, 0.0 ], [ -45.333193, -4.117765, 0.0 ], [ -45.328294, -4.116978, 0.0 ], [ -45.327221, -4.116188, 0.0 ], [ -45.327077, -4.114034, 0.0 ], [ -45.326504, -4.112203, 0.0 ], [ -45.326217, -4.110372, 0.0 ], [ -45.325645, -4.109331, 0.0 ], [ -45.324321, -4.108075, 0.0 ], [ -45.323391, -4.107537, 0.0 ], [ -45.322783, -4.106819, 0.0 ], [ -45.322783, -4.106065, 0.0 ], [ -45.323104, -4.105419, 0.0 ], [ -45.323855, -4.10488, 0.0 ], [ -45.324355, -4.104269, 0.0 ], [ -45.32507, -4.102904, 0.0 ], [ -45.32507, -4.102043, 0.0 ], [ -45.324032, -4.100535, 0.0 ], [ -45.323674, -4.09971, 0.0 ], [ -45.323602, -4.097376, 0.0 ], [ -45.322886, -4.096407, 0.0 ], [ -45.322064, -4.095617, 0.0 ], [ -45.321169, -4.095043, 0.0 ], [ -45.320383, -4.094828, 0.0 ], [ -45.319453, -4.094828, 0.0 ], [ -45.318559, -4.095044, 0.0 ], [ -45.317129, -4.095978, 0.0 ], [ -45.316343, -4.096122, 0.0 ], [ -45.315663, -4.095763, 0.0 ] ] } },
{ "type": "Feature", "properties": { "nome": "Rio Grajaú", "comprimento": 3.2028671108800002 }, "geometry": { "type": "LineString", "coordinates": [ [ -45.358846, -4.308092, 0.0 ], [ -45.359647, -4.307373, 0.0 ], [ -45.359885, -4.306715, 0.0 ], [ -45.359944, -4.305219, 0.0 ], [ -45.360718, -4.303543, 0.0 ], [ -45.361135, -4.302944, 0.0 ], [ -45.361194, -4.302286, 0.0 ], [ -45.360836, -4.301688, 0.0 ], [ -45.359823, -4.301449, 0.0 ], [ -45.357558, -4.301989, 0.0 ], [ -45.356127, -4.30181, 0.0 ], [ -45.355411, -4.301331, 0.0 ], [ -45.35559, -4.300374, 0.0 ], [ -45.356424, -4.299057, 0.0 ], [ -45.357554, -4.297813, 0.0 ], [ -45.359199, -4.296843, 0.0 ], [ -45.359914, -4.296161, 0.0 ], [ -45.360593, -4.294257, 0.0 ], [ -45.360485, -4.29336, 0.0 ], [ -45.359733, -4.292391, 0.0 ], [ -45.359054, -4.291996, 0.0 ], [ -45.356621, -4.291638, 0.0 ], [ -45.355906, -4.291244, 0.0 ], [ -45.355441, -4.290741, 0.0 ] ] } },
{ "type": "Feature", "properties": { "nome": "Rio Grajaú", "comprimento": 0.97190055927399999 }, "geometry": { "type": "LineString", "coordinates": [ [ -45.361347, -4.249932, 0.0 ], [ -45.361894, -4.246935, 0.0 ], [ -45.362036, -4.244781, 0.0 ], [ -45.361176, -4.242448, 0.0 ], [ -45.360604, -4.241514, 0.0 ] ] } },
{ "type": "Feature", "properties": { "nome": "Rio Grajaú", "comprimento": 1.1909792244799999 }, "geometry": { "type": "LineString", "coordinates": [ [ -45.360604, -4.241514, 0.0 ], [ -45.360532, -4.240761, 0.0 ], [ -45.360782, -4.239647, 0.0 ], [ -45.361603, -4.237529, 0.0 ], [ -45.363462, -4.234979, 0.0 ], [ -45.365785, -4.233039, 0.0 ], [ -45.366014, -4.23271, 0.0 ] ] } },
{ "type": "Feature", "properties": { "nome": "Rio Grajaú", "comprimento": 4.4311695684099996 }, "geometry": { "type": "LineString", "coordinates": [ [ -45.860855, -5.217956, 0.0 ], [ -45.859033, -5.212362, 0.0 ], [ -45.857188, -5.207411, 0.0 ], [ -45.856996, -5.206956, 0.0 ], [ -45.85659, -5.206694, 0.0 ], [ -45.855754, -5.206407, 0.0 ], [ -45.855086, -5.206672, 0.0 ], [ -45.854705, -5.207031, 0.0 ], [ -45.853322, -5.208421, 0.0 ], [ -45.852607, -5.209379, 0.0 ], [ -45.852345, -5.209954, 0.0 ], [ -45.852251, -5.210696, 0.0 ], [ -45.852396, -5.212084, 0.0 ], [ -45.852205, -5.212491, 0.0 ], [ -45.851084, -5.212995, 0.0 ], [ -45.850248, -5.212997, 0.0 ], [ -45.84958, -5.212782, 0.0 ], [ -45.849268, -5.212112, 0.0 ], [ -45.849196, -5.211442, 0.0 ], [ -45.84941, -5.21082, 0.0 ], [ -45.849696, -5.21046, 0.0 ], [ -45.850005, -5.209455, 0.0 ], [ -45.849813, -5.208929, 0.0 ], [ -45.849431, -5.208498, 0.0 ], [ -45.849001, -5.208283, 0.0 ], [ -45.848404, -5.208356, 0.0 ], [ -45.846424, -5.209412, 0.0 ], [ -45.845827, -5.209221, 0.0 ], [ -45.844369, -5.207979, 0.0 ], [ -45.844201, -5.207644, 0.0 ], [ -45.844272, -5.207021, 0.0 ], [ -45.844128, -5.206567, 0.0 ], [ -45.843842, -5.206304, 0.0 ], [ -45.843245, -5.206209, 0.0 ], [ -45.842458, -5.206976, 0.0 ], [ -45.842052, -5.207024, 0.0 ], [ -45.841646, -5.206809, 0.0 ], [ -45.841191, -5.205829, 0.0 ], [ -45.840785, -5.205566, 0.0 ] ] } },
{ "type": "Feature", "properties": { "nome": "Rio Grajaú", "comprimento": 0.355475730627 }, "geometry": { "type": "LineString", "coordinates": [ [ -46.157391, -5.518801, 0.0 ], [ -46.157491, -5.518471, 0.0 ], [ -46.157921, -5.51824, 0.0 ], [ -46.158608, -5.518182, 0.0 ], [ -46.159756, -5.518711, 0.0 ], [ -46.160072, -5.518479, 0.0 ] ] } },
{ "type": "Feature", "properties": { "nome": "Rio Grajaú", "comprimento": 3.19972788879 }, "geometry": { "type": "LineString", "coordinates": [ [ -45.934656, -5.315656, 0.0 ], [ -45.934273, -5.315465, 0.0 ], [ -45.93389, -5.314748, 0.0 ], [ -45.933194, -5.312021, 0.0 ], [ -45.932163, -5.309701, 0.0 ], [ -45.932186, -5.308552, 0.0 ], [ -45.932631, -5.306103, 0.0 ], [ -45.93269, -5.30523, 0.0 ], [ -45.932533, -5.304536, 0.0 ], [ -45.931708, -5.303687, 0.0 ], [ -45.930096, -5.30308, 0.0 ], [ -45.929761, -5.302745, 0.0 ], [ -45.929689, -5.302242, 0.0 ], [ -45.930259, -5.300088, 0.0 ], [ -45.930232, -5.298245, 0.0 ], [ -45.930826, -5.296449, 0.0 ], [ -45.930538, -5.295205, 0.0 ], [ -45.930632, -5.294427, 0.0 ], [ -45.930799, -5.294235, 0.0 ], [ -45.931312, -5.294163, 0.0 ], [ -45.93179, -5.294509, 0.0 ], [ -45.932484, -5.29537, 0.0 ], [ -45.933105, -5.295464, 0.0 ], [ -45.933451, -5.295189, 0.0 ], [ -45.933558, -5.294901, 0.0 ], [ -45.933557, -5.294303, 0.0 ], [ -45.933293, -5.293777, 0.0 ] ] } },
{ "type": "Feature", "properties": { "nome": "Rio Grajaú", "comprimento": 2.4926350531299999 }, "geometry": { "type": "LineString", "coordinates": [ [ -46.101256, -5.454408, 0.0 ], [ -46.100552, -5.455654, 0.0 ], [ -46.100361, -5.455846, 0.0 ], [ -46.099559, -5.456019, 0.0 ], [ -46.09933, -5.456192, 0.0 ], [ -46.098682, -5.45717, 0.0 ], [ -46.097995, -5.457688, 0.0 ], [ -46.097479, -5.457536, 0.0 ], [ -46.097172, -5.456464, 0.0 ], [ -46.096694, -5.456408, 0.0 ], [ -46.095319, -5.45687, 0.0 ], [ -46.095072, -5.45733, 0.0 ], [ -46.095149, -5.457655, 0.0 ], [ -46.095532, -5.458152, 0.0 ], [ -46.095571, -5.458764, 0.0 ], [ -46.095993, -5.459491, 0.0 ], [ -46.096033, -5.459981, 0.0 ], [ -46.095831, -5.460286, 0.0 ], [ -46.095048, -5.460084, 0.0 ], [ -46.094972, -5.461077, 0.0 ], [ -46.094196, -5.460947, 0.0 ], [ -46.093157, -5.460997, 0.0 ], [ -46.092297, -5.460556, 0.0 ], [ -46.092057, -5.460293, 0.0 ], [ -46.0919, -5.459037, 0.0 ], [ -46.091398, -5.458523, 0.0 ], [ -46.090418, -5.458501, 0.0 ], [ -46.089381, -5.459484, 0.0 ], [ -46.089083, -5.459425, 0.0 ], [ -46.088915, -5.45915, 0.0 ] ] } },
{ "type": "Feature", "properties": { "nome": "Rio Grajaú", "comprimento": 5.6352667429599999 }, "geometry": { "type": "LineString", "coordinates": [ [ -45.310756, -4.073792, 0.0 ], [ -45.311435, -4.072535, 0.0 ], [ -45.31265, -4.071565, 0.0 ], [ -45.313508, -4.07117, 0.0 ], [ -45.315475, -4.071528, 0.0 ], [ -45.3178, -4.072927, 0.0 ], [ -45.318658, -4.072891, 0.0 ], [ -45.319265, -4.072568, 0.0 ], [ -45.321016, -4.069407, 0.0 ], [ -45.321409, -4.067469, 0.0 ], [ -45.321158, -4.066607, 0.0 ], [ -45.320478, -4.06571, 0.0 ], [ -45.319727, -4.065064, 0.0 ], [ -45.319334, -4.064382, 0.0 ], [ -45.319012, -4.063376, 0.0 ], [ -45.319011, -4.062479, 0.0 ], [ -45.319439, -4.060288, 0.0 ], [ -45.319403, -4.05835, 0.0 ], [ -45.319117, -4.057883, 0.0 ], [ -45.317507, -4.056304, 0.0 ], [ -45.316219, -4.054725, 0.0 ], [ -45.316111, -4.052534, 0.0 ], [ -45.315503, -4.051099, 0.0 ], [ -45.315002, -4.050596, 0.0 ], [ -45.312821, -4.049699, 0.0 ], [ -45.312427, -4.048371, 0.0 ], [ -45.312355, -4.047366, 0.0 ], [ -45.311854, -4.046361, 0.0 ], [ -45.311175, -4.045894, 0.0 ], [ -45.310138, -4.045679, 0.0 ], [ -45.309351, -4.045751, 0.0 ], [ -45.308564, -4.045392, 0.0 ], [ -45.308314, -4.044639, 0.0 ], [ -45.308456, -4.041946, 0.0 ], [ -45.308169, -4.040905, 0.0 ], [ -45.307168, -4.039361, 0.0 ] ] } },
{ "type": "Feature", "properties": { "nome": "Rio Grajaú", "comprimento": 8.5991632446100006 }, "geometry": { "type": "LineString", "coordinates": [ [ -46.15576, -5.504234, 0.0 ], [ -46.155363, -5.504027, 0.0 ], [ -46.154027, -5.504365, 0.0 ], [ -46.153564, -5.505682, 0.0 ], [ -46.153241, -5.50585, 0.0 ], [ -46.152776, -5.505803, 0.0 ], [ -46.152082, -5.505385, 0.0 ], [ -46.150912, -5.505615, 0.0 ], [ -46.15084, -5.505268, 0.0 ], [ -46.151423, -5.504154, 0.0 ], [ -46.152413, -5.503291, 0.0 ], [ -46.15314, -5.502906, 0.0 ], [ -46.153893, -5.503216, 0.0 ], [ -46.154227, -5.503144, 0.0 ], [ -46.15419, -5.502605, 0.0 ], [ -46.153461, -5.502236, 0.0 ], [ -46.153198, -5.501853, 0.0 ], [ -46.153412, -5.501207, 0.0 ], [ -46.153328, -5.500932, 0.0 ], [ -46.152814, -5.500837, 0.0 ], [ -46.152121, -5.500946, 0.0 ], [ -46.151418, -5.501438, 0.0 ], [ -46.151084, -5.501475, 0.0 ], [ -46.150306, -5.500698, 0.0 ], [ -46.150019, -5.500603, 0.0 ], [ -46.149638, -5.500855, 0.0 ], [ -46.149245, -5.50155, 0.0 ], [ -46.149066, -5.501502, 0.0 ], [ -46.148468, -5.501097, 0.0 ], [ -46.147704, -5.50111, 0.0 ], [ -46.147381, -5.5008, 0.0 ], [ -46.147165, -5.500405, 0.0 ], [ -46.147103, -5.499412, 0.0 ], [ -46.146792, -5.49909, 0.0 ], [ -46.146542, -5.499234, 0.0 ], [ -46.1464, -5.500251, 0.0 ], [ -46.145911, -5.500216, 0.0 ], [ -46.145814, -5.499606, 0.0 ], [ -46.146087, -5.498912, 0.0 ], [ -46.145882, -5.497835, 0.0 ], [ -46.145976, -5.496794, 0.0 ], [ -46.145772, -5.496471, 0.0 ], [ -46.145163, -5.496437, 0.0 ], [ -46.144936, -5.496186, 0.0 ], [ -46.144971, -5.495899, 0.0 ], [ -46.145388, -5.495335, 0.0 ], [ -46.145358, -5.49489, 0.0 ], [ -46.144255, -5.494835, 0.0 ], [ -46.143768, -5.494678, 0.0 ], [ -46.143409, -5.494305, 0.0 ], [ -46.143386, -5.493408, 0.0 ], [ -46.143204, -5.49315, 0.0 ], [ -46.142994, -5.49317, 0.0 ], [ -46.142518, -5.493927, 0.0 ], [ -46.142317, -5.493994, 0.0 ], [ -46.141208, -5.493422, 0.0 ], [ -46.141007, -5.493202, 0.0 ], [ -46.14091, -5.492552, 0.0 ], [ -46.141223, -5.491402, 0.0 ], [ -46.141136, -5.490943, 0.0 ], [ -46.14085, -5.490944, 0.0 ], [ -46.140192, -5.49173, 0.0 ], [ -46.139562, -5.491712, 0.0 ], [ -46.139247, -5.491847, 0.0 ], [ -46.138627, -5.492489, 0.0 ], [ -46.138321, -5.492451, 0.0 ], [ -46.13767, -5.491634, 0.0 ], [ -46.137144, -5.491372, 0.0 ], [ -46.136667, -5.491612, 0.0 ], [ -46.136418, -5.492342, 0.0 ], [ -46.136131, -5.492415, 0.0 ], [ -46.136, -5.492295, 0.0 ], [ -46.136081, -5.49129, 0.0 ], [ -46.135877, -5.490908, 0.0 ], [ -46.135279, -5.490382, 0.0 ], [ -46.135314, -5.489963, 0.0 ], [ -46.136172, -5.488921, 0.0 ], [ -46.136924, -5.488824, 0.0 ], [ -46.137401, -5.488512, 0.0 ], [ -46.137989, -5.487529, 0.0 ], [ -46.138835, -5.487527, 0.0 ], [ -46.138992, -5.487355, 0.0 ], [ -46.138992, -5.487139, 0.0 ], [ -46.138361, -5.486796, 0.0 ], [ -46.137787, -5.486711, 0.0 ], [ -46.1373, -5.486927, 0.0 ], [ -46.136598, -5.486986, 0.0 ], [ -46.136024, -5.486556, 0.0 ], [ -46.13548, -5.486686, 0.0 ], [ -46.135294, -5.486543, 0.0 ], [ -46.136108, -5.485494, 0.0 ], [ -46.136323, -5.485464, 0.0 ], [ -46.137284, -5.486037, 0.0 ], [ -46.137757, -5.486122, 0.0 ], [ -46.138286, -5.485461, 0.0 ], [ -46.138314, -5.484972, 0.0 ], [ -46.137525, -5.484601, 0.0 ], [ -46.136994, -5.483912, 0.0 ], [ -46.135846, -5.483369, 0.0 ], [ -46.135296, -5.482474, 0.0 ], [ -46.135295, -5.481827, 0.0 ], [ -46.135462, -5.481564, 0.0 ], [ -46.136512, -5.481203, 0.0 ], [ -46.137323, -5.480483, 0.0 ], [ -46.137633, -5.480674, 0.0 ], [ -46.138089, -5.481391, 0.0 ], [ -46.138327, -5.481439, 0.0 ], [ -46.138518, -5.481295, 0.0 ], [ -46.138565, -5.480625, 0.0 ], [ -46.138181, -5.480003, 0.0 ], [ -46.136701, -5.480059, 0.0 ], [ -46.136547, -5.479666, 0.0 ], [ -46.136957, -5.479043, 0.0 ], [ -46.137654, -5.478851, 0.0 ], [ -46.137682, -5.478468, 0.0 ] ] } },
{ "type": "Feature", "properties": { "nome": "Rio Grajaú", "comprimento": 4.7064190853700003 }, "geometry": { "type": "LineString", "coordinates": [ [ -45.988084, -5.343497, 0.0 ], [ -45.988043, -5.341927, 0.0 ], [ -45.987714, -5.3394, 0.0 ], [ -45.987922, -5.33806, 0.0 ], [ -45.987921, -5.33739, 0.0 ], [ -45.987613, -5.335954, 0.0 ], [ -45.987725, -5.334231, 0.0 ], [ -45.987571, -5.333619, 0.0 ], [ -45.986768, -5.332778, 0.0 ], [ -45.986116, -5.3314, 0.0 ], [ -45.985236, -5.330712, 0.0 ], [ -45.984644, -5.33056, 0.0 ], [ -45.983995, -5.330676, 0.0 ], [ -45.983231, -5.331041, 0.0 ], [ -45.981705, -5.332441, 0.0 ], [ -45.980827, -5.332442, 0.0 ], [ -45.979986, -5.332099, 0.0 ], [ -45.979432, -5.332081, 0.0 ], [ -45.977045, -5.332468, 0.0 ], [ -45.976243, -5.332871, 0.0 ], [ -45.975196, -5.333878, 0.0 ], [ -45.973326, -5.334781, 0.0 ], [ -45.972773, -5.335911, 0.0 ], [ -45.972258, -5.33641, 0.0 ], [ -45.971762, -5.336334, 0.0 ], [ -45.97134, -5.335473, 0.0 ], [ -45.971015, -5.335473, 0.0 ], [ -45.970463, -5.336278, 0.0 ], [ -45.970119, -5.336298, 0.0 ], [ -45.969048, -5.335438, 0.0 ], [ -45.967652, -5.334751, 0.0 ], [ -45.966851, -5.33504, 0.0 ], [ -45.966087, -5.335079, 0.0 ], [ -45.965761, -5.334831, 0.0 ], [ -45.965723, -5.334525, 0.0 ], [ -45.965932, -5.333873, 0.0 ], [ -45.965798, -5.333663, 0.0 ], [ -45.965205, -5.333396, 0.0 ], [ -45.96486, -5.332764, 0.0 ], [ -45.964554, -5.332516, 0.0 ], [ -45.963733, -5.332441, 0.0 ], [ -45.963141, -5.332652, 0.0 ], [ -45.962434, -5.332577, 0.0 ] ] } },
{ "type": "Feature", "properties": { "nome": "Rio Grajaú", "comprimento": 3.73264672616 }, "geometry": { "type": "LineString", "coordinates": [ [ -45.705587, -5.043516, 0.0 ], [ -45.705023, -5.043555, 0.0 ], [ -45.704304, -5.044311, 0.0 ], [ -45.703767, -5.044276, 0.0 ], [ -45.70383, -5.043853, 0.0 ], [ -45.70445, -5.043182, 0.0 ], [ -45.704984, -5.042837, 0.0 ], [ -45.704888, -5.042454, 0.0 ], [ -45.704363, -5.041928, 0.0 ], [ -45.703818, -5.041746, 0.0 ], [ -45.703208, -5.042235, 0.0 ], [ -45.702511, -5.042466, 0.0 ], [ -45.700815, -5.042583, 0.0 ], [ -45.700505, -5.042248, 0.0 ], [ -45.700372, -5.041243, 0.0 ], [ -45.700157, -5.040813, 0.0 ], [ -45.6987, -5.039522, 0.0 ], [ -45.698425, -5.039462, 0.0 ], [ -45.698234, -5.039558, 0.0 ], [ -45.697996, -5.040228, 0.0 ], [ -45.69807, -5.042251, 0.0 ], [ -45.697581, -5.042814, 0.0 ], [ -45.697355, -5.042826, 0.0 ], [ -45.697104, -5.04279, 0.0 ], [ -45.696757, -5.042312, 0.0 ], [ -45.696446, -5.040864, 0.0 ], [ -45.695012, -5.039789, 0.0 ], [ -45.69475, -5.039753, 0.0 ], [ -45.694523, -5.039897, 0.0 ], [ -45.694238, -5.041178, 0.0 ], [ -45.693558, -5.040867, 0.0 ], [ -45.692769, -5.039947, 0.0 ], [ -45.692029, -5.03972, 0.0 ], [ -45.691217, -5.039697, 0.0 ], [ -45.690967, -5.039889, 0.0 ], [ -45.690669, -5.04038, 0.0 ], [ -45.690479, -5.041134, 0.0 ], [ -45.690205, -5.041194, 0.0 ], [ -45.68962, -5.040979, 0.0 ], [ -45.689201, -5.040226, 0.0 ], [ -45.688712, -5.039999, 0.0 ], [ -45.687399, -5.039929, 0.0 ], [ -45.68679, -5.040085, 0.0 ], [ -45.686086, -5.039942, 0.0 ] ] } },
{ "type": "Feature", "properties": { "nome": "Rio Grajaú", "comprimento": 2.7311776053900001 }, "geometry": { "type": "LineString", "coordinates": [ [ -45.3983, -4.671314, 0.0 ], [ -45.39788, -4.670912, 0.0 ], [ -45.398194, -4.670022, 0.0 ], [ -45.398241, -4.669304, 0.0 ], [ -45.397907, -4.668873, 0.0 ], [ -45.39762, -4.66806, 0.0 ], [ -45.39762, -4.667389, 0.0 ], [ -45.399051, -4.666575, 0.0 ], [ -45.400479, -4.663224, 0.0 ], [ -45.400211, -4.662267, 0.0 ], [ -45.399925, -4.661807, 0.0 ], [ -45.399333, -4.661444, 0.0 ], [ -45.39773, -4.661368, 0.0 ], [ -45.397214, -4.659856, 0.0 ], [ -45.395858, -4.658669, 0.0 ], [ -45.394923, -4.658249, 0.0 ], [ -45.393682, -4.657139, 0.0 ], [ -45.392059, -4.656182, 0.0 ], [ -45.39181, -4.655531, 0.0 ], [ -45.391733, -4.654229, 0.0 ], [ -45.391084, -4.653272, 0.0 ] ] } },
{ "type": "Feature", "properties": { "nome": "Rio Grajaú", "comprimento": 4.7127777131700004 }, "geometry": { "type": "LineString", "coordinates": [ [ -45.354489, -4.161625, 0.0 ], [ -45.352914, -4.15998, 0.0 ], [ -45.349587, -4.157361, 0.0 ], [ -45.349658, -4.156283, 0.0 ], [ -45.351516, -4.152046, 0.0 ], [ -45.352087, -4.149999, 0.0 ], [ -45.352087, -4.148922, 0.0 ], [ -45.351764, -4.148025, 0.0 ], [ -45.351192, -4.147199, 0.0 ], [ -45.350441, -4.146697, 0.0 ], [ -45.349582, -4.146553, 0.0 ], [ -45.347473, -4.147093, 0.0 ], [ -45.345077, -4.147094, 0.0 ], [ -45.34379, -4.146807, 0.0 ], [ -45.343039, -4.146485, 0.0 ], [ -45.341357, -4.14548, 0.0 ], [ -45.340034, -4.143434, 0.0 ], [ -45.339282, -4.141495, 0.0 ], [ -45.338709, -4.140419, 0.0 ], [ -45.337886, -4.139342, 0.0 ], [ -45.336992, -4.13866, 0.0 ], [ -45.336348, -4.137152, 0.0 ], [ -45.33556, -4.134244, 0.0 ], [ -45.334916, -4.133455, 0.0 ], [ -45.334201, -4.13306, 0.0 ] ] } },
{ "type": "Feature", "properties": { "nome": "Rio Grajaú", "comprimento": 5.7583517909599999 }, "geometry": { "type": "LineString", "coordinates": [ [ -45.794433, -5.153615, 0.0 ], [ -45.794477, -5.152709, 0.0 ], [ -45.795932, -5.151391, 0.0 ], [ -45.797148, -5.150815, 0.0 ], [ -45.79753, -5.150432, 0.0 ], [ -45.797648, -5.149857, 0.0 ], [ -45.7976, -5.149402, 0.0 ], [ -45.797074, -5.148733, 0.0 ], [ -45.795045, -5.148568, 0.0 ], [ -45.794424, -5.14809, 0.0 ], [ -45.794422, -5.147013, 0.0 ], [ -45.794898, -5.145864, 0.0 ], [ -45.797092, -5.143779, 0.0 ], [ -45.79838, -5.143059, 0.0 ], [ -45.799335, -5.143154, 0.0 ], [ -45.79974, -5.14301, 0.0 ], [ -45.799907, -5.142626, 0.0 ], [ -45.799883, -5.142172, 0.0 ], [ -45.799548, -5.141837, 0.0 ], [ -45.798903, -5.141599, 0.0 ], [ -45.7974, -5.141816, 0.0 ], [ -45.797017, -5.141433, 0.0 ], [ -45.796108, -5.13952, 0.0 ], [ -45.796322, -5.139017, 0.0 ], [ -45.796799, -5.138609, 0.0 ], [ -45.7973, -5.138513, 0.0 ], [ -45.798519, -5.139565, 0.0 ], [ -45.798782, -5.140282, 0.0 ], [ -45.799069, -5.140497, 0.0 ], [ -45.799451, -5.140473, 0.0 ], [ -45.79957, -5.140138, 0.0 ], [ -45.799568, -5.138821, 0.0 ], [ -45.799401, -5.138534, 0.0 ], [ -45.79847, -5.138631, 0.0 ], [ -45.797562, -5.137867, 0.0 ], [ -45.797083, -5.137006, 0.0 ], [ -45.797131, -5.136575, 0.0 ], [ -45.797488, -5.136239, 0.0 ], [ -45.798443, -5.136118, 0.0 ], [ -45.79923, -5.135471, 0.0 ], [ -45.799325, -5.134968, 0.0 ], [ -45.799205, -5.13461, 0.0 ], [ -45.798488, -5.133988, 0.0 ], [ -45.797722, -5.131955, 0.0 ], [ -45.797841, -5.131715, 0.0 ], [ -45.798175, -5.131595, 0.0 ], [ -45.798867, -5.131977, 0.0 ], [ -45.799178, -5.131905, 0.0 ], [ -45.799224, -5.131139, 0.0 ], [ -45.798889, -5.130254, 0.0 ], [ -45.799008, -5.129967, 0.0 ], [ -45.799413, -5.129631, 0.0 ], [ -45.799987, -5.129989, 0.0 ], [ -45.800345, -5.129941, 0.0 ], [ -45.800607, -5.129701, 0.0 ], [ -45.800631, -5.12939, 0.0 ], [ -45.800535, -5.129031, 0.0 ], [ -45.799913, -5.12841, 0.0 ], [ -45.799673, -5.127573, 0.0 ], [ -45.799458, -5.127357, 0.0 ], [ -45.797142, -5.126929, 0.0 ], [ -45.796951, -5.12669, 0.0 ] ] } },
{ "type": "Feature", "properties": { "nome": "Rio Grajaú", "comprimento": 3.1119202135199999 }, "geometry": { "type": "LineString", "coordinates": [ [ -45.810339, -5.16164, 0.0 ], [ -45.810028, -5.161258, 0.0 ], [ -45.809574, -5.160995, 0.0 ], [ -45.809168, -5.161187, 0.0 ], [ -45.808716, -5.162169, 0.0 ], [ -45.80738, -5.162769, 0.0 ], [ -45.806999, -5.163631, 0.0 ], [ -45.806689, -5.163966, 0.0 ], [ -45.806116, -5.163943, 0.0 ], [ -45.805662, -5.163681, 0.0 ], [ -45.805519, -5.16337, 0.0 ], [ -45.805517, -5.162269, 0.0 ], [ -45.805302, -5.161719, 0.0 ], [ -45.804872, -5.161288, 0.0 ], [ -45.804227, -5.161098, 0.0 ], [ -45.803677, -5.160739, 0.0 ], [ -45.803152, -5.160716, 0.0 ], [ -45.80277, -5.160836, 0.0 ], [ -45.802294, -5.161483, 0.0 ], [ -45.802055, -5.161483, 0.0 ], [ -45.801385, -5.159713, 0.0 ], [ -45.80105, -5.159187, 0.0 ], [ -45.800761, -5.157751, 0.0 ], [ -45.800474, -5.157201, 0.0 ], [ -45.799901, -5.156604, 0.0 ], [ -45.799494, -5.156341, 0.0 ], [ -45.798921, -5.15627, 0.0 ], [ -45.797585, -5.156654, 0.0 ], [ -45.797179, -5.156392, 0.0 ], [ -45.79694, -5.155913, 0.0 ], [ -45.797034, -5.155219, 0.0 ], [ -45.797511, -5.154261, 0.0 ], [ -45.797415, -5.15383, 0.0 ], [ -45.797128, -5.153472, 0.0 ], [ -45.796746, -5.15352, 0.0 ], [ -45.796507, -5.153808, 0.0 ], [ -45.796389, -5.154358, 0.0 ], [ -45.795578, -5.154646, 0.0 ], [ -45.794981, -5.154671, 0.0 ], [ -45.794646, -5.154336, 0.0 ], [ -45.794433, -5.153615, 0.0 ] ] } },
{ "type": "Feature", "properties": { "nome": "Rio Grajaú", "comprimento": 3.5241193681 }, "geometry": { "type": "LineString", "coordinates": [ [ -46.001632, -5.359914, 0.0 ], [ -46.000749, -5.359628, 0.0 ], [ -45.999674, -5.35951, 0.0 ], [ -45.998839, -5.359894, 0.0 ], [ -45.998195, -5.360518, 0.0 ], [ -45.997789, -5.360399, 0.0 ], [ -45.99755, -5.360064, 0.0 ], [ -45.997549, -5.359585, 0.0 ], [ -45.997739, -5.35913, 0.0 ], [ -45.998478, -5.358603, 0.0 ], [ -45.998573, -5.358148, 0.0 ], [ -45.998382, -5.357837, 0.0 ], [ -45.996327, -5.357338, 0.0 ], [ -45.995994, -5.357625, 0.0 ], [ -45.995923, -5.358128, 0.0 ], [ -45.996019, -5.358678, 0.0 ], [ -45.996569, -5.359324, 0.0 ], [ -45.996666, -5.359754, 0.0 ], [ -45.99595, -5.36021, 0.0 ], [ -45.995591, -5.359947, 0.0 ], [ -45.995328, -5.359397, 0.0 ], [ -45.995014, -5.3571, 0.0 ], [ -45.994727, -5.356694, 0.0 ], [ -45.994249, -5.356599, 0.0 ], [ -45.99296, -5.356888, 0.0 ], [ -45.992769, -5.356625, 0.0 ], [ -45.992768, -5.356243, 0.0 ], [ -45.992958, -5.35562, 0.0 ], [ -45.992695, -5.355237, 0.0 ], [ -45.992384, -5.355262, 0.0 ], [ -45.99179, -5.356842, 0.0 ], [ -45.991098, -5.357394, 0.0 ], [ -45.990644, -5.357179, 0.0 ], [ -45.990548, -5.356509, 0.0 ], [ -45.990642, -5.355648, 0.0 ], [ -45.990474, -5.355361, 0.0 ], [ -45.989471, -5.355147, 0.0 ], [ -45.989042, -5.355339, 0.0 ], [ -45.988804, -5.35601, 0.0 ], [ -45.989068, -5.356655, 0.0 ], [ -45.989713, -5.357133, 0.0 ], [ -45.989618, -5.35766, 0.0 ], [ -45.989237, -5.357828, 0.0 ], [ -45.988807, -5.357661, 0.0 ], [ -45.988328, -5.357159, 0.0 ] ] } },
{ "type": "Feature", "properties": { "nome": "Rio Grajaú", "comprimento": 5.0207938234 }, "geometry": { "type": "LineString", "coordinates": [ [ -45.840785, -5.205566, 0.0 ], [ -45.840807, -5.204633, 0.0 ], [ -45.842001, -5.204296, 0.0 ], [ -45.842287, -5.203961, 0.0 ], [ -45.842286, -5.203578, 0.0 ], [ -45.841951, -5.202884, 0.0 ], [ -45.842332, -5.202429, 0.0 ], [ -45.842427, -5.201854, 0.0 ], [ -45.841638, -5.201042, 0.0 ], [ -45.840659, -5.200373, 0.0 ], [ -45.840229, -5.20023, 0.0 ], [ -45.839704, -5.200302, 0.0 ], [ -45.839203, -5.200686, 0.0 ], [ -45.839132, -5.201141, 0.0 ], [ -45.839372, -5.202337, 0.0 ], [ -45.839062, -5.202768, 0.0 ], [ -45.838561, -5.202793, 0.0 ], [ -45.83794, -5.202578, 0.0 ], [ -45.837557, -5.201813, 0.0 ], [ -45.837628, -5.201358, 0.0 ], [ -45.837986, -5.200879, 0.0 ], [ -45.838892, -5.200231, 0.0 ], [ -45.839082, -5.19992, 0.0 ], [ -45.838986, -5.199537, 0.0 ], [ -45.838174, -5.199084, 0.0 ], [ -45.836432, -5.19923, 0.0 ], [ -45.835978, -5.199039, 0.0 ], [ -45.835619, -5.198537, 0.0 ], [ -45.835331, -5.197268, 0.0 ], [ -45.834756, -5.196073, 0.0 ], [ -45.833227, -5.194758, 0.0 ], [ -45.832606, -5.194448, 0.0 ], [ -45.831745, -5.193468, 0.0 ], [ -45.831625, -5.193157, 0.0 ], [ -45.831815, -5.192582, 0.0 ], [ -45.832411, -5.191863, 0.0 ], [ -45.832459, -5.1916, 0.0 ], [ -45.831981, -5.191002, 0.0 ], [ -45.830834, -5.190382, 0.0 ], [ -45.830189, -5.190191, 0.0 ], [ -45.829688, -5.190192, 0.0 ], [ -45.828925, -5.190791, 0.0 ], [ -45.828423, -5.190887, 0.0 ], [ -45.827372, -5.190338, 0.0 ], [ -45.826895, -5.190291, 0.0 ], [ -45.826585, -5.190555, 0.0 ], [ -45.82618, -5.19156, 0.0 ], [ -45.825059, -5.191849, 0.0 ], [ -45.824414, -5.191611, 0.0 ], [ -45.824007, -5.191013, 0.0 ], [ -45.823217, -5.189195, 0.0 ], [ -45.823025, -5.18807, 0.0 ], [ -45.823429, -5.187136, 0.0 ], [ -45.824455, -5.186417, 0.0 ], [ -45.824816, -5.185788, 0.0 ] ] } },
{ "type": "Feature", "properties": { "nome": "Rio Grajaú", "comprimento": 1.2948614942800001 }, "geometry": { "type": "LineString", "coordinates": [ [ -45.331429, -4.398527, 0.0 ], [ -45.331358, -4.39788, 0.0 ], [ -45.331536, -4.396731, 0.0 ], [ -45.331894, -4.396336, 0.0 ], [ -45.334612, -4.395761, 0.0 ], [ -45.33522, -4.395401, 0.0 ], [ -45.335398, -4.394719, 0.0 ], [ -45.335362, -4.393821, 0.0 ], [ -45.334896, -4.392242, 0.0 ], [ -45.334968, -4.391631, 0.0 ], [ -45.335754, -4.391057, 0.0 ], [ -45.336756, -4.391056, 0.0 ] ] } },
{ "type": "Feature", "properties": { "nome": "Rio Grajaú", "comprimento": 2.8565824882299999 }, "geometry": { "type": "LineString", "coordinates": [ [ -45.796951, -5.12669, 0.0 ], [ -45.796879, -5.12626, 0.0 ], [ -45.79707, -5.1259, 0.0 ], [ -45.797427, -5.125637, 0.0 ], [ -45.798549, -5.125635, 0.0 ], [ -45.798596, -5.125204, 0.0 ], [ -45.797999, -5.124511, 0.0 ], [ -45.79647, -5.123747, 0.0 ], [ -45.796111, -5.123245, 0.0 ], [ -45.796182, -5.12279, 0.0 ], [ -45.796063, -5.122407, 0.0 ], [ -45.794366, -5.121021, 0.0 ], [ -45.793171, -5.119539, 0.0 ], [ -45.792048, -5.118511, 0.0 ], [ -45.791642, -5.118464, 0.0 ], [ -45.79107, -5.119422, 0.0 ], [ -45.790666, -5.120739, 0.0 ], [ -45.79043, -5.122558, 0.0 ], [ -45.790024, -5.123013, 0.0 ], [ -45.789404, -5.123182, 0.0 ], [ -45.786468, -5.123065, 0.0 ], [ -45.785203, -5.123546, 0.0 ], [ -45.784749, -5.123379, 0.0 ], [ -45.784415, -5.12302, 0.0 ], [ -45.784414, -5.121991, 0.0 ], [ -45.784198, -5.121632, 0.0 ], [ -45.783768, -5.121393, 0.0 ] ] } },
{ "type": "Feature", "properties": { "nome": "Rio Grajaú", "comprimento": 1.5863542347 }, "geometry": { "type": "LineString", "coordinates": [ [ -45.988328, -5.357159, 0.0 ], [ -45.98761, -5.356059, 0.0 ], [ -45.987346, -5.35539, 0.0 ], [ -45.987249, -5.354217, 0.0 ], [ -45.98739, -5.351693, 0.0 ], [ -45.987158, -5.349932, 0.0 ], [ -45.987196, -5.349491, 0.0 ], [ -45.988035, -5.34859, 0.0 ], [ -45.988146, -5.346311, 0.0 ], [ -45.987952, -5.344857, 0.0 ], [ -45.988084, -5.343497, 0.0 ] ] } },
{ "type": "Feature", "properties": { "nome": "Rio Grajaú", "comprimento": 5.4343350259000003 }, "geometry": { "type": "LineString", "coordinates": [ [ -45.963631, -5.328152, 0.0 ], [ -45.963382, -5.327942, 0.0 ], [ -45.963, -5.327904, 0.0 ], [ -45.962409, -5.328326, 0.0 ], [ -45.962046, -5.328384, 0.0 ], [ -45.961033, -5.328041, 0.0 ], [ -45.960345, -5.328177, 0.0 ], [ -45.959926, -5.328981, 0.0 ], [ -45.959813, -5.329977, 0.0 ], [ -45.959584, -5.33015, 0.0 ], [ -45.959221, -5.33015, 0.0 ], [ -45.958208, -5.329463, 0.0 ], [ -45.957959, -5.328984, 0.0 ], [ -45.957957, -5.328008, 0.0 ], [ -45.957823, -5.32774, 0.0 ], [ -45.957498, -5.327549, 0.0 ], [ -45.957155, -5.327607, 0.0 ], [ -45.95664, -5.328623, 0.0 ], [ -45.956642, -5.329465, 0.0 ], [ -45.956892, -5.330862, 0.0 ], [ -45.956683, -5.331246, 0.0 ], [ -45.956301, -5.331457, 0.0 ], [ -45.955823, -5.331362, 0.0 ], [ -45.955058, -5.330291, 0.0 ], [ -45.954961, -5.32941, 0.0 ], [ -45.955094, -5.329046, 0.0 ], [ -45.955418, -5.328816, 0.0 ], [ -45.955761, -5.328011, 0.0 ], [ -45.95576, -5.327514, 0.0 ], [ -45.955549, -5.327093, 0.0 ], [ -45.955262, -5.326883, 0.0 ], [ -45.954422, -5.326769, 0.0 ], [ -45.954193, -5.32698, 0.0 ], [ -45.953717, -5.328034, 0.0 ], [ -45.953354, -5.328168, 0.0 ], [ -45.952704, -5.327825, 0.0 ], [ -45.952455, -5.326868, 0.0 ], [ -45.952206, -5.326696, 0.0 ], [ -45.951442, -5.32664, 0.0 ], [ -45.950734, -5.326277, 0.0 ], [ -45.950447, -5.325397, 0.0 ], [ -45.950217, -5.325167, 0.0 ], [ -45.949835, -5.32511, 0.0 ], [ -45.949472, -5.325149, 0.0 ], [ -45.948671, -5.325763, 0.0 ], [ -45.947046, -5.32572, 0.0 ], [ -45.946307, -5.326439, 0.0 ], [ -45.945853, -5.32644, 0.0 ], [ -45.944562, -5.325317, 0.0 ], [ -45.94449, -5.324815, 0.0 ], [ -45.944059, -5.324169, 0.0 ], [ -45.94284, -5.323381, 0.0 ], [ -45.942386, -5.322903, 0.0 ], [ -45.942479, -5.321371, 0.0 ], [ -45.942168, -5.320845, 0.0 ], [ -45.941045, -5.320727, 0.0 ], [ -45.94052, -5.320369, 0.0 ], [ -45.940448, -5.320178, 0.0 ], [ -45.940614, -5.319866, 0.0 ], [ -45.941091, -5.319411, 0.0 ], [ -45.941303, -5.318518, 0.0 ], [ -45.940837, -5.317891, 0.0 ], [ -45.939764, -5.317853, 0.0 ], [ -45.939348, -5.317516, 0.0 ], [ -45.939225, -5.31715, 0.0 ], [ -45.939662, -5.31642, 0.0 ], [ -45.939625, -5.31614, 0.0 ], [ -45.938642, -5.315079, 0.0 ] ] } },
{ "type": "Feature", "properties": { "nome": "Rio Grajaú", "comprimento": 3.52584855971 }, "geometry": { "type": "LineString", "coordinates": [ [ -45.330352, -4.53912, 0.0 ], [ -45.329333, -4.537752, 0.0 ], [ -45.327574, -4.537005, 0.0 ], [ -45.326441, -4.536796, 0.0 ], [ -45.325277, -4.535839, 0.0 ], [ -45.325277, -4.534343, 0.0 ], [ -45.325127, -4.533505, 0.0 ], [ -45.324799, -4.532877, 0.0 ], [ -45.324232, -4.532279, 0.0 ], [ -45.32295, -4.531531, 0.0 ], [ -45.322592, -4.531083, 0.0 ], [ -45.322383, -4.530514, 0.0 ], [ -45.322322, -4.52854, 0.0 ], [ -45.322173, -4.527792, 0.0 ], [ -45.321815, -4.526356, 0.0 ], [ -45.321486, -4.525698, 0.0 ], [ -45.321039, -4.525249, 0.0 ], [ -45.319727, -4.52501, 0.0 ], [ -45.316597, -4.525909, 0.0 ], [ -45.315703, -4.525581, 0.0 ], [ -45.315434, -4.525102, 0.0 ], [ -45.315255, -4.524174, 0.0 ], [ -45.314927, -4.523606, 0.0 ], [ -45.313972, -4.522679, 0.0 ], [ -45.311974, -4.521543, 0.0 ], [ -45.311646, -4.521094, 0.0 ], [ -45.311467, -4.520376, 0.0 ], [ -45.311615, -4.519598, 0.0 ] ] } },
{ "type": "Feature", "properties": { "nome": "Rio Grajaú", "comprimento": 2.7923798010600001 }, "geometry": { "type": "LineString", "coordinates": [ [ -45.296507, -4.022454, 0.0 ], [ -45.296793, -4.021844, 0.0 ], [ -45.297829, -4.020838, 0.0 ], [ -45.299365, -4.018001, 0.0 ], [ -45.299723, -4.017534, 0.0 ], [ -45.30033, -4.017139, 0.0 ], [ -45.300974, -4.017139, 0.0 ], [ -45.303155, -4.01843, 0.0 ], [ -45.304407, -4.018538, 0.0 ], [ -45.304657, -4.018214, 0.0 ], [ -45.304871, -4.016958, 0.0 ], [ -45.304656, -4.016204, 0.0 ], [ -45.302188, -4.013691, 0.0 ], [ -45.301831, -4.012937, 0.0 ], [ -45.302045, -4.012112, 0.0 ], [ -45.302509, -4.011537, 0.0 ], [ -45.303153, -4.011214, 0.0 ], [ -45.305083, -4.01071, 0.0 ], [ -45.306156, -4.01071, 0.0 ], [ -45.308015, -4.01096, 0.0 ] ] } },
{ "type": "Feature", "properties": { "nome": "Rio Grajaú", "comprimento": 2.1148499013499999 }, "geometry": { "type": "LineString", "coordinates": [ [ -45.311615, -4.519598, 0.0 ], [ -45.313552, -4.516755, 0.0 ], [ -45.314982, -4.513762, 0.0 ], [ -45.31522, -4.512925, 0.0 ], [ -45.31516, -4.511608, 0.0 ], [ -45.314354, -4.510172, 0.0 ], [ -45.314413, -4.509215, 0.0 ], [ -45.314682, -4.508826, 0.0 ], [ -45.315009, -4.508527, 0.0 ], [ -45.316708, -4.507688, 0.0 ], [ -45.319034, -4.506909, 0.0 ], [ -45.321277, -4.506829, 0.0 ] ] } },
{ "type": "Feature", "properties": { "nome": "Rio Grajaú", "comprimento": 3.0006915459700001 }, "geometry": { "type": "LineString", "coordinates": [ [ -45.315663, -4.095763, 0.0 ], [ -45.315019, -4.094363, 0.0 ], [ -45.31484, -4.092532, 0.0 ], [ -45.314553, -4.091922, 0.0 ], [ -45.314374, -4.091024, 0.0 ], [ -45.313086, -4.089122, 0.0 ], [ -45.312693, -4.088261, 0.0 ], [ -45.312442, -4.087255, 0.0 ], [ -45.312406, -4.085963, 0.0 ], [ -45.312763, -4.085316, 0.0 ], [ -45.313692, -4.084993, 0.0 ], [ -45.314586, -4.084203, 0.0 ], [ -45.315372, -4.082515, 0.0 ], [ -45.315765, -4.080791, 0.0 ], [ -45.315728, -4.079319, 0.0 ], [ -45.315263, -4.078494, 0.0 ], [ -45.314441, -4.077955, 0.0 ], [ -45.312581, -4.077417, 0.0 ], [ -45.311508, -4.076843, 0.0 ], [ -45.310864, -4.076233, 0.0 ], [ -45.310506, -4.075444, 0.0 ], [ -45.310506, -4.074546, 0.0 ], [ -45.310756, -4.073792, 0.0 ] ] } },
{ "type": "Feature", "properties": { "nome": "Rio Grajaú", "comprimento": 1.69643117974 }, "geometry": { "type": "LineString", "coordinates": [ [ -45.67458, -5.02914, 0.0 ], [ -45.674421, -5.029119, 0.0 ], [ -45.673658, -5.029809, 0.0 ], [ -45.672397, -5.029025, 0.0 ], [ -45.67148, -5.028873, 0.0 ], [ -45.67127, -5.029045, 0.0 ], [ -45.671099, -5.029811, 0.0 ], [ -45.671252, -5.030137, 0.0 ], [ -45.672265, -5.030863, 0.0 ], [ -45.672284, -5.031189, 0.0 ], [ -45.672132, -5.031399, 0.0 ], [ -45.671788, -5.031457, 0.0 ], [ -45.669858, -5.029966, 0.0 ], [ -45.667604, -5.028877, 0.0 ], [ -45.665732, -5.027691, 0.0 ], [ -45.665082, -5.027099, 0.0 ] ] } },
{ "type": "Feature", "properties": { "nome": "Rio Grajaú", "comprimento": 0.55141020671899998 }, "geometry": { "type": "LineString", "coordinates": [ [ -45.862779, -5.222554, 0.0 ], [ -45.860855, -5.217956, 0.0 ] ] } },
{ "type": "Feature", "properties": { "nome": "Rio Grajaú", "comprimento": 1.2938246065800001 }, "geometry": { "type": "LineString", "coordinates": [ [ -45.767713, -5.108943, 0.0 ], [ -45.766374, -5.106911, 0.0 ], [ -45.766181, -5.105188, 0.0 ], [ -45.76563, -5.103944, 0.0 ], [ -45.764172, -5.101665, 0.0 ], [ -45.763408, -5.100197, 0.0 ], [ -45.762147, -5.098935, 0.0 ] ] } },
{ "type": "Feature", "properties": { "nome": "Rio Grajaú", "comprimento": 3.2272454938599999 }, "geometry": { "type": "LineString", "coordinates": [ [ -45.919278, -5.285397, 0.0 ], [ -45.919073, -5.284129, 0.0 ], [ -45.91875, -5.283591, 0.0 ], [ -45.918344, -5.283281, 0.0 ], [ -45.917341, -5.283246, 0.0 ], [ -45.917065, -5.282756, 0.0 ], [ -45.917172, -5.282014, 0.0 ], [ -45.917708, -5.28102, 0.0 ], [ -45.917635, -5.280302, 0.0 ], [ -45.917133, -5.279908, 0.0 ], [ -45.916703, -5.279957, 0.0 ], [ -45.915988, -5.280317, 0.0 ], [ -45.915782, -5.280108, 0.0 ], [ -45.915445, -5.278792, 0.0 ], [ -45.915516, -5.277978, 0.0 ], [ -45.915777, -5.277355, 0.0 ], [ -45.915753, -5.276925, 0.0 ], [ -45.915562, -5.276638, 0.0 ], [ -45.914869, -5.276615, 0.0 ], [ -45.914607, -5.276902, 0.0 ], [ -45.914225, -5.276999, 0.0 ], [ -45.910781, -5.27315, 0.0 ], [ -45.909347, -5.2721, 0.0 ], [ -45.909084, -5.271717, 0.0 ], [ -45.908916, -5.271119, 0.0 ], [ -45.908963, -5.270521, 0.0 ], [ -45.909201, -5.270042, 0.0 ], [ -45.910467, -5.270399, 0.0 ], [ -45.911207, -5.270063, 0.0 ], [ -45.911682, -5.268817, 0.0 ], [ -45.912422, -5.26817, 0.0 ], [ -45.912348, -5.266662, 0.0 ] ] } },
{ "type": "Feature", "properties": { "nome": "Rio Grajaú", "comprimento": 1.49494398047 }, "geometry": { "type": "LineString", "coordinates": [ [ -45.739404, -5.07063, 0.0 ], [ -45.739018, -5.070573, 0.0 ], [ -45.738188, -5.071163, 0.0 ], [ -45.7375, -5.071091, 0.0 ], [ -45.737041, -5.07046, 0.0 ], [ -45.736452, -5.068709, 0.0 ], [ -45.736194, -5.068494, 0.0 ], [ -45.733874, -5.068167, 0.0 ], [ -45.733229, -5.06773, 0.0 ], [ -45.7331, -5.067428, 0.0 ], [ -45.733315, -5.066969, 0.0 ], [ -45.734918, -5.066916, 0.0 ], [ -45.735247, -5.066413, 0.0 ], [ -45.73536, -5.065479, 0.0 ], [ -45.735231, -5.065106, 0.0 ], [ -45.734471, -5.064805, 0.0 ] ] } },
{ "type": "Feature", "properties": { "nome": "Rio Grajaú", "comprimento": 2.37089808167 }, "geometry": { "type": "LineString", "coordinates": [ [ -45.051603, -3.724319, 0.0 ], [ -45.051032, -3.724773, 0.0 ], [ -45.049959, -3.724773, 0.0 ], [ -45.049316, -3.724414, 0.0 ], [ -45.048792, -3.723912, 0.0 ], [ -45.048506, -3.723242, 0.0 ], [ -45.048506, -3.722523, 0.0 ], [ -45.049435, -3.720608, 0.0 ], [ -45.049697, -3.71934, 0.0 ], [ -45.049554, -3.718741, 0.0 ], [ -45.049268, -3.718358, 0.0 ], [ -45.047838, -3.717114, 0.0 ], [ -45.04729, -3.716994, 0.0 ], [ -45.046313, -3.717473, 0.0 ], [ -45.045765, -3.718047, 0.0 ], [ -45.045384, -3.718742, 0.0 ], [ -45.044693, -3.720226, 0.0 ], [ -45.044336, -3.72238, 0.0 ], [ -45.044074, -3.722859, 0.0 ], [ -45.042883, -3.723266, 0.0 ], [ -45.041501, -3.723362, 0.0 ] ] } },
{ "type": "Feature", "properties": { "nome": "Rio Grajaú", "comprimento": 0.3851407892 }, "geometry": { "type": "LineString", "coordinates": [ [ -45.339256, -4.555711, 0.0 ], [ -45.339065, -4.554562, 0.0 ], [ -45.339088, -4.553533, 0.0 ], [ -45.338717, -4.552302, 0.0 ] ] } },
{ "type": "Feature", "properties": { "nome": "Rio Grajaú", "comprimento": 1.8874556301400001 }, "geometry": { "type": "LineString", "coordinates": [ [ -45.335463, -4.379603, 0.0 ], [ -45.33514, -4.378096, 0.0 ], [ -45.335354, -4.375403, 0.0 ], [ -45.334995, -4.373751, 0.0 ], [ -45.33453, -4.372962, 0.0 ], [ -45.332741, -4.37106, 0.0 ], [ -45.331953, -4.369336, 0.0 ], [ -45.332132, -4.368834, 0.0 ], [ -45.333812, -4.366858, 0.0 ], [ -45.334348, -4.365925, 0.0 ], [ -45.3347, -4.364489, 0.0 ] ] } },
{ "type": "Feature", "properties": { "nome": "Rio Grajaú", "comprimento": 13.6410090981 }, "geometry": { "type": "LineString", "coordinates": [ [ -44.92209, -3.743168, 0.0 ], [ -44.922246, -3.744058, 0.0 ], [ -44.923205, -3.745159, 0.0 ], [ -44.925916, -3.746894, 0.0 ], [ -44.926333, -3.746954, 0.0 ], [ -44.927822, -3.746655, 0.0 ], [ -44.928745, -3.746087, 0.0 ], [ -44.930175, -3.745728, 0.0 ], [ -44.93089, -3.745878, 0.0 ], [ -44.931247, -3.746326, 0.0 ], [ -44.931247, -3.746775, 0.0 ], [ -44.930562, -3.748152, 0.0 ], [ -44.92952, -3.749258, 0.0 ], [ -44.928805, -3.750695, 0.0 ], [ -44.927673, -3.75228, 0.0 ], [ -44.927136, -3.75258, 0.0 ], [ -44.926541, -3.752699, 0.0 ], [ -44.924694, -3.752729, 0.0 ], [ -44.924009, -3.75246, 0.0 ], [ -44.922669, -3.751592, 0.0 ], [ -44.921418, -3.751262, 0.0 ], [ -44.920792, -3.751502, 0.0 ], [ -44.91975, -3.75225, 0.0 ], [ -44.918916, -3.752549, 0.0 ], [ -44.918022, -3.752728, 0.0 ], [ -44.91661, -3.752531, 0.0 ], [ -44.914608, -3.751777, 0.0 ], [ -44.914001, -3.751166, 0.0 ], [ -44.913715, -3.750735, 0.0 ], [ -44.913465, -3.74912, 0.0 ], [ -44.913107, -3.748294, 0.0 ], [ -44.912643, -3.747791, 0.0 ], [ -44.911892, -3.747683, 0.0 ], [ -44.910212, -3.747863, 0.0 ], [ -44.908675, -3.747324, 0.0 ], [ -44.907925, -3.747324, 0.0 ], [ -44.907246, -3.74736, 0.0 ], [ -44.905709, -3.747862, 0.0 ], [ -44.905173, -3.74779, 0.0 ], [ -44.90385, -3.746928, 0.0 ], [ -44.901813, -3.746964, 0.0 ], [ -44.900812, -3.746533, 0.0 ], [ -44.899669, -3.74542, 0.0 ], [ -44.899347, -3.742943, 0.0 ], [ -44.899026, -3.741901, 0.0 ], [ -44.898471, -3.740661, 0.0 ], [ -44.897899, -3.740063, 0.0 ], [ -44.896803, -3.739991, 0.0 ], [ -44.895468, -3.740326, 0.0 ], [ -44.893753, -3.741451, 0.0 ], [ -44.891823, -3.742336, 0.0 ], [ -44.890845, -3.743413, 0.0 ], [ -44.889773, -3.743413, 0.0 ], [ -44.888749, -3.743149, 0.0 ], [ -44.887676, -3.742431, 0.0 ], [ -44.887009, -3.741402, 0.0 ], [ -44.886652, -3.740109, 0.0 ], [ -44.88608, -3.73999, 0.0 ], [ -44.885484, -3.741091, 0.0 ], [ -44.884722, -3.741928, 0.0 ], [ -44.883649, -3.742766, 0.0 ], [ -44.883197, -3.743532, 0.0 ], [ -44.883292, -3.743795, 0.0 ], [ -44.884841, -3.74492, 0.0 ], [ -44.884817, -3.745255, 0.0 ], [ -44.884578, -3.745519, 0.0 ], [ -44.883816, -3.745495, 0.0 ], [ -44.882291, -3.744585, 0.0 ], [ -44.881672, -3.744441, 0.0 ], [ -44.881266, -3.744537, 0.0 ], [ -44.879884, -3.746332, 0.0 ], [ -44.879598, -3.746571, 0.0 ], [ -44.878526, -3.74681, 0.0 ], [ -44.878264, -3.747026, 0.0 ], [ -44.878121, -3.747433, 0.0 ], [ -44.87824, -3.748821, 0.0 ], [ -44.878549, -3.74985, 0.0 ], [ -44.878621, -3.751287, 0.0 ], [ -44.879192, -3.753345, 0.0 ], [ -44.879383, -3.753848, 0.0 ], [ -44.880026, -3.754518, 0.0 ], [ -44.880765, -3.755595, 0.0 ], [ -44.880884, -3.755979, 0.0 ], [ -44.880717, -3.756768, 0.0 ], [ -44.880788, -3.758205, 0.0 ], [ -44.88055, -3.759737, 0.0 ], [ -44.880573, -3.760311, 0.0 ], [ -44.880954, -3.761316, 0.0 ], [ -44.88074, -3.761651, 0.0 ], [ -44.880406, -3.761843, 0.0 ], [ -44.880096, -3.76359, 0.0 ], [ -44.880144, -3.763973, 0.0 ], [ -44.880787, -3.765003, 0.0 ], [ -44.880811, -3.765505, 0.0 ], [ -44.879786, -3.769144, 0.0 ], [ -44.878952, -3.770639, 0.0 ], [ -44.874364, -3.774349, 0.0 ], [ -44.870838, -3.777872, 0.0 ] ] } },
{ "type": "Feature", "properties": { "nome": "Rio Grajaú", "comprimento": 4.0009010374000002 }, "geometry": { "type": "LineString", "coordinates": [ [ -45.782287, -5.120222, 0.0 ], [ -45.781786, -5.120247, 0.0 ], [ -45.781333, -5.120535, 0.0 ], [ -45.78033, -5.120177, 0.0 ], [ -45.780232, -5.118669, 0.0 ], [ -45.779945, -5.118047, 0.0 ], [ -45.779659, -5.118072, 0.0 ], [ -45.779373, -5.118407, 0.0 ], [ -45.779254, -5.118982, 0.0 ], [ -45.779327, -5.119939, 0.0 ], [ -45.779614, -5.120752, 0.0 ], [ -45.779447, -5.121016, 0.0 ], [ -45.779018, -5.121016, 0.0 ], [ -45.778707, -5.120801, 0.0 ], [ -45.778444, -5.120514, 0.0 ], [ -45.778419, -5.119413, 0.0 ], [ -45.77744, -5.11896, 0.0 ], [ -45.777438, -5.117356, 0.0 ], [ -45.778391, -5.116159, 0.0 ], [ -45.778367, -5.115847, 0.0 ], [ -45.777818, -5.115441, 0.0 ], [ -45.777412, -5.115585, 0.0 ], [ -45.777079, -5.116735, 0.0 ], [ -45.776817, -5.117142, 0.0 ], [ -45.775504, -5.117024, 0.0 ], [ -45.775361, -5.116856, 0.0 ], [ -45.77567, -5.11597, 0.0 ], [ -45.775692, -5.114223, 0.0 ], [ -45.775906, -5.113864, 0.0 ], [ -45.775881, -5.113194, 0.0 ], [ -45.775595, -5.113003, 0.0 ], [ -45.774712, -5.113028, 0.0 ], [ -45.774282, -5.113244, 0.0 ], [ -45.774044, -5.113603, 0.0 ], [ -45.774116, -5.114321, 0.0 ], [ -45.773974, -5.11468, 0.0 ], [ -45.773568, -5.1148, 0.0 ], [ -45.773138, -5.114657, 0.0 ], [ -45.77235, -5.113916, 0.0 ], [ -45.771681, -5.113821, 0.0 ], [ -45.771276, -5.114013, 0.0 ], [ -45.77099, -5.114349, 0.0 ], [ -45.770632, -5.114373, 0.0 ], [ -45.769053, -5.112077, 0.0 ], [ -45.767713, -5.108943, 0.0 ] ] } },
{ "type": "Feature", "properties": { "nome": "Rio Grajaú", "comprimento": 2.3561000808000001 }, "geometry": { "type": "LineString", "coordinates": [ [ -45.340307, -3.859515, 0.0 ], [ -45.340487, -3.856954, 0.0 ], [ -45.340344, -3.8562, 0.0 ], [ -45.340058, -3.855734, 0.0 ], [ -45.339557, -3.855375, 0.0 ], [ -45.33895, -3.855231, 0.0 ], [ -45.337413, -3.855483, 0.0 ], [ -45.336912, -3.85595, 0.0 ], [ -45.33627, -3.857458, 0.0 ], [ -45.335948, -3.858967, 0.0 ], [ -45.335484, -3.86008, 0.0 ], [ -45.334555, -3.860403, 0.0 ], [ -45.333947, -3.860368, 0.0 ], [ -45.333125, -3.859865, 0.0 ], [ -45.33241, -3.859112, 0.0 ], [ -45.330693, -3.856563, 0.0 ], [ -45.329799, -3.856097, 0.0 ], [ -45.328941, -3.855846, 0.0 ], [ -45.328012, -3.855774, 0.0 ] ] } },
{ "type": "Feature", "properties": { "nome": "Rio Grajaú", "comprimento": 12.456312582200001 }, "geometry": { "type": "LineString", "coordinates": [ [ -44.870838, -3.777872, 0.0 ], [ -44.866762, -3.777264, 0.0 ], [ -44.864346, -3.777567, 0.0 ], [ -44.862685, -3.777415, 0.0 ], [ -44.86178, -3.775747, 0.0 ], [ -44.862384, -3.772037, 0.0 ], [ -44.862956, -3.770099, 0.0 ], [ -44.864744, -3.766867, 0.0 ], [ -44.864887, -3.765647, 0.0 ], [ -44.864458, -3.763851, 0.0 ], [ -44.863672, -3.762271, 0.0 ], [ -44.863458, -3.760835, 0.0 ], [ -44.863458, -3.759327, 0.0 ], [ -44.864244, -3.758681, 0.0 ], [ -44.86546, -3.758322, 0.0 ], [ -44.866389, -3.757461, 0.0 ], [ -44.866389, -3.756743, 0.0 ], [ -44.866032, -3.755881, 0.0 ], [ -44.866032, -3.754085, 0.0 ], [ -44.865747, -3.751572, 0.0 ], [ -44.864961, -3.749992, 0.0 ], [ -44.864032, -3.748556, 0.0 ], [ -44.858692, -3.745535, 0.0 ], [ -44.858246, -3.742393, 0.0 ], [ -44.855863, -3.73955, 0.0 ], [ -44.85363, -3.737755, 0.0 ], [ -44.851992, -3.73566, 0.0 ], [ -44.851397, -3.733715, 0.0 ], [ -44.851844, -3.731022, 0.0 ], [ -44.852887, -3.729077, 0.0 ], [ -44.852589, -3.726983, 0.0 ], [ -44.849611, -3.724439, 0.0 ], [ -44.846782, -3.722793, 0.0 ], [ -44.844697, -3.720399, 0.0 ], [ -44.845294, -3.718005, 0.0 ], [ -44.845294, -3.716061, 0.0 ], [ -44.843954, -3.713068, 0.0 ], [ -44.84455, -3.709478, 0.0 ], [ -44.84604, -3.706037, 0.0 ], [ -44.84619, -3.703644, 0.0 ], [ -44.84619, -3.702447, 0.0 ], [ -44.845575, -3.699494, 0.0 ], [ -44.845425, -3.694792, 0.0 ], [ -44.84618, -3.692517, 0.0 ], [ -44.847841, -3.689636, 0.0 ], [ -44.847815, -3.688517, 0.0 ], [ -44.84761, -3.687627, 0.0 ] ] } },
{ "type": "Feature", "properties": { "nome": "Rio Grajaú", "comprimento": 3.8805823419599998 }, "geometry": { "type": "LineString", "coordinates": [ [ -45.912348, -5.266662, 0.0 ], [ -45.912394, -5.265322, 0.0 ], [ -45.91194, -5.265299, 0.0 ], [ -45.911797, -5.265538, 0.0 ], [ -45.91175, -5.266233, 0.0 ], [ -45.911607, -5.26652, 0.0 ], [ -45.911345, -5.266592, 0.0 ], [ -45.91015, -5.265852, 0.0 ], [ -45.910029, -5.264416, 0.0 ], [ -45.909766, -5.264153, 0.0 ], [ -45.909336, -5.26413, 0.0 ], [ -45.909074, -5.264418, 0.0 ], [ -45.908812, -5.265303, 0.0 ], [ -45.908574, -5.265639, 0.0 ], [ -45.908264, -5.26552, 0.0 ], [ -45.908261, -5.264108, 0.0 ], [ -45.908475, -5.26303, 0.0 ], [ -45.90826, -5.262911, 0.0 ], [ -45.907257, -5.263128, 0.0 ], [ -45.906947, -5.262961, 0.0 ], [ -45.906779, -5.262674, 0.0 ], [ -45.906706, -5.261932, 0.0 ], [ -45.90735, -5.26095, 0.0 ], [ -45.907396, -5.260256, 0.0 ], [ -45.905938, -5.258654, 0.0 ], [ -45.905889, -5.258224, 0.0 ], [ -45.906176, -5.25808, 0.0 ], [ -45.907585, -5.258269, 0.0 ], [ -45.908133, -5.258149, 0.0 ], [ -45.908467, -5.257526, 0.0 ], [ -45.908371, -5.257191, 0.0 ], [ -45.907726, -5.256737, 0.0 ], [ -45.907271, -5.255972, 0.0 ], [ -45.906817, -5.255853, 0.0 ], [ -45.905194, -5.256047, 0.0 ], [ -45.90474, -5.255856, 0.0 ], [ -45.902684, -5.253944, 0.0 ], [ -45.902205, -5.252724, 0.0 ], [ -45.90187, -5.252486, 0.0 ], [ -45.90082, -5.252511, 0.0 ], [ -45.900414, -5.252679, 0.0 ], [ -45.899626, -5.252608, 0.0 ], [ -45.899172, -5.252011, 0.0 ], [ -45.899099, -5.251054, 0.0 ] ] } },
{ "type": "Feature", "properties": { "nome": "Rio Grajaú", "comprimento": 2.6372827798 }, "geometry": { "type": "LineString", "coordinates": [ [ -45.319667, -4.45727, 0.0 ], [ -45.31965, -4.456947, 0.0 ], [ -45.320222, -4.455906, 0.0 ], [ -45.321009, -4.455367, 0.0 ], [ -45.321438, -4.454864, 0.0 ], [ -45.321795, -4.453679, 0.0 ], [ -45.321509, -4.452997, 0.0 ], [ -45.320185, -4.451992, 0.0 ], [ -45.319218, -4.450952, 0.0 ], [ -45.319075, -4.450521, 0.0 ], [ -45.31911, -4.449264, 0.0 ], [ -45.319289, -4.44851, 0.0 ], [ -45.319181, -4.447648, 0.0 ], [ -45.318859, -4.446931, 0.0 ], [ -45.317677, -4.442838, 0.0 ], [ -45.316997, -4.441725, 0.0 ], [ -45.315279, -4.440362, 0.0 ], [ -45.314384, -4.43907, 0.0 ], [ -45.314455, -4.438459, 0.0 ], [ -45.314991, -4.437023, 0.0 ] ] } },
{ "type": "Feature", "properties": { "nome": "Rio Grajaú", "comprimento": 2.6303725741 }, "geometry": { "type": "LineString", "coordinates": [ [ -45.762147, -5.098935, 0.0 ], [ -45.761558, -5.096438, 0.0 ], [ -45.761264, -5.096262, 0.0 ], [ -45.760796, -5.096263, 0.0 ], [ -45.760473, -5.096528, 0.0 ], [ -45.76024, -5.097057, 0.0 ], [ -45.759595, -5.097498, 0.0 ], [ -45.759214, -5.09744, 0.0 ], [ -45.758833, -5.097147, 0.0 ], [ -45.758657, -5.096677, 0.0 ], [ -45.758685, -5.096118, 0.0 ], [ -45.759329, -5.095265, 0.0 ], [ -45.759826, -5.09406, 0.0 ], [ -45.759913, -5.093472, 0.0 ], [ -45.759737, -5.09309, 0.0 ], [ -45.758652, -5.092886, 0.0 ], [ -45.75751, -5.09324, 0.0 ], [ -45.756631, -5.093741, 0.0 ], [ -45.756221, -5.09377, 0.0 ], [ -45.755693, -5.093712, 0.0 ], [ -45.755166, -5.093448, 0.0 ], [ -45.75496, -5.093155, 0.0 ], [ -45.754754, -5.092567, 0.0 ], [ -45.754929, -5.091451, 0.0 ], [ -45.755485, -5.091009, 0.0 ], [ -45.756071, -5.090891, 0.0 ], [ -45.756657, -5.091008, 0.0 ], [ -45.757126, -5.09086, 0.0 ], [ -45.757389, -5.090478, 0.0 ], [ -45.757418, -5.08989, 0.0 ], [ -45.757154, -5.089509, 0.0 ], [ -45.756215, -5.088775, 0.0 ], [ -45.756009, -5.088158, 0.0 ], [ -45.756009, -5.087629, 0.0 ] ] } },
{ "type": "Feature", "properties": { "nome": "Rio Grajaú", "comprimento": 12.221479953299999 }, "geometry": { "type": "LineString", "coordinates": [ [ -45.318048, -3.974585, 0.0 ], [ -45.319048, -3.973831, 0.0 ], [ -45.319441, -3.973364, 0.0 ], [ -45.31987, -3.972574, 0.0 ], [ -45.319941, -3.971964, 0.0 ], [ -45.320191, -3.971389, 0.0 ], [ -45.320584, -3.970743, 0.0 ], [ -45.324265, -3.966684, 0.0 ], [ -45.324765, -3.965858, 0.0 ], [ -45.325015, -3.965068, 0.0 ], [ -45.324872, -3.964458, 0.0 ], [ -45.32269, -3.962053, 0.0 ], [ -45.321296, -3.961048, 0.0 ], [ -45.319972, -3.95972, 0.0 ], [ -45.319722, -3.959182, 0.0 ], [ -45.319471, -3.957459, 0.0 ], [ -45.318648, -3.956095, 0.0 ], [ -45.318076, -3.95552, 0.0 ], [ -45.317468, -3.954372, 0.0 ], [ -45.317396, -3.953618, 0.0 ], [ -45.31761, -3.952864, 0.0 ], [ -45.318146, -3.952145, 0.0 ], [ -45.318897, -3.951391, 0.0 ], [ -45.322364, -3.949199, 0.0 ], [ -45.322685, -3.948876, 0.0 ], [ -45.322971, -3.947978, 0.0 ], [ -45.322899, -3.947296, 0.0 ], [ -45.322506, -3.94665, 0.0 ], [ -45.321647, -3.946148, 0.0 ], [ -45.321111, -3.94604, 0.0 ], [ -45.320325, -3.946184, 0.0 ], [ -45.318644, -3.946185, 0.0 ], [ -45.317965, -3.945898, 0.0 ], [ -45.317715, -3.945395, 0.0 ], [ -45.317714, -3.944893, 0.0 ], [ -45.317929, -3.944246, 0.0 ], [ -45.318715, -3.943313, 0.0 ], [ -45.319001, -3.942594, 0.0 ], [ -45.319536, -3.939291, 0.0 ], [ -45.319606, -3.937603, 0.0 ], [ -45.320357, -3.936634, 0.0 ], [ -45.321286, -3.935843, 0.0 ], [ -45.323037, -3.933868, 0.0 ], [ -45.325324, -3.931103, 0.0 ], [ -45.326003, -3.929774, 0.0 ], [ -45.326395, -3.928589, 0.0 ], [ -45.326502, -3.927619, 0.0 ], [ -45.326323, -3.92683, 0.0 ], [ -45.325786, -3.925717, 0.0 ], [ -45.325322, -3.925286, 0.0 ], [ -45.324535, -3.924855, 0.0 ], [ -45.323534, -3.924784, 0.0 ], [ -45.322497, -3.924928, 0.0 ], [ -45.320353, -3.925503, 0.0 ], [ -45.319709, -3.925288, 0.0 ], [ -45.319351, -3.924893, 0.0 ], [ -45.318814, -3.921267, 0.0 ], [ -45.31842, -3.920262, 0.0 ], [ -45.317991, -3.919724, 0.0 ], [ -45.31724, -3.919329, 0.0 ], [ -45.316275, -3.919186, 0.0 ], [ -45.314773, -3.91933, 0.0 ], [ -45.314237, -3.919222, 0.0 ], [ -45.313379, -3.917679, 0.0 ], [ -45.313021, -3.916386, 0.0 ], [ -45.312734, -3.913622, 0.0 ], [ -45.312876, -3.912617, 0.0 ], [ -45.312732, -3.909313, 0.0 ], [ -45.31291, -3.908739, 0.0 ], [ -45.31384, -3.908739, 0.0 ], [ -45.31527, -3.908307, 0.0 ], [ -45.315913, -3.908307, 0.0 ], [ -45.317236, -3.90766, 0.0 ], [ -45.318236, -3.90687, 0.0 ], [ -45.319987, -3.904571, 0.0 ], [ -45.321023, -3.903781, 0.0 ], [ -45.32206, -3.903852, 0.0 ], [ -45.323634, -3.905432, 0.0 ], [ -45.324563, -3.906042, 0.0 ], [ -45.325314, -3.906113, 0.0 ], [ -45.329247, -3.905518, 0.0 ] ] } },
{ "type": "Feature", "properties": { "nome": "Rio Grajaú", "comprimento": 5.1449117800600002 }, "geometry": { "type": "LineString", "coordinates": [ [ -45.734471, -5.064805, 0.0 ], [ -45.733841, -5.064562, 0.0 ], [ -45.733153, -5.063658, 0.0 ], [ -45.732622, -5.063213, 0.0 ], [ -45.731671, -5.062917, 0.0 ], [ -45.731266, -5.063037, 0.0 ], [ -45.731182, -5.063205, 0.0 ], [ -45.731268, -5.064677, 0.0 ], [ -45.730922, -5.064797, 0.0 ], [ -45.730575, -5.064666, 0.0 ], [ -45.729871, -5.063948, 0.0 ], [ -45.729822, -5.06329, 0.0 ], [ -45.729988, -5.06256, 0.0 ], [ -45.729833, -5.061986, 0.0 ], [ -45.729558, -5.061926, 0.0 ], [ -45.728759, -5.062358, 0.0 ], [ -45.728329, -5.062191, 0.0 ], [ -45.727934, -5.060839, 0.0 ], [ -45.726715, -5.059488, 0.0 ], [ -45.726714, -5.058866, 0.0 ], [ -45.727203, -5.05859, 0.0 ], [ -45.72774, -5.058542, 0.0 ], [ -45.728504, -5.058816, 0.0 ], [ -45.728898, -5.05866, 0.0 ], [ -45.728993, -5.05811, 0.0 ], [ -45.728873, -5.057811, 0.0 ], [ -45.728407, -5.057464, 0.0 ], [ -45.728383, -5.057213, 0.0 ], [ -45.728538, -5.056698, 0.0 ], [ -45.729015, -5.056291, 0.0 ], [ -45.72911, -5.055907, 0.0 ], [ -45.728763, -5.055645, 0.0 ], [ -45.727809, -5.055957, 0.0 ], [ -45.727391, -5.055742, 0.0 ], [ -45.727318, -5.054605, 0.0 ], [ -45.727425, -5.054031, 0.0 ], [ -45.727222, -5.0536, 0.0 ], [ -45.726935, -5.053552, 0.0 ], [ -45.726732, -5.05372, 0.0 ], [ -45.726268, -5.054439, 0.0 ], [ -45.725874, -5.054296, 0.0 ], [ -45.725742, -5.054056, 0.0 ], [ -45.725789, -5.05347, 0.0 ], [ -45.726421, -5.052895, 0.0 ], [ -45.726277, -5.052404, 0.0 ], [ -45.726039, -5.052333, 0.0 ], [ -45.725085, -5.052836, 0.0 ], [ -45.724296, -5.052371, 0.0 ], [ -45.724356, -5.05188, 0.0 ], [ -45.724546, -5.051616, 0.0 ], [ -45.725178, -5.051352, 0.0 ], [ -45.725703, -5.051268, 0.0 ], [ -45.726062, -5.051387, 0.0 ], [ -45.726587, -5.052153, 0.0 ], [ -45.726969, -5.052272, 0.0 ], [ -45.72716, -5.052152, 0.0 ], [ -45.727208, -5.051853, 0.0 ], [ -45.726216, -5.05043, 0.0 ], [ -45.725726, -5.050418, 0.0 ], [ -45.725273, -5.05091, 0.0 ], [ -45.72507, -5.050898, 0.0 ], [ -45.724796, -5.050575, 0.0 ], [ -45.724867, -5.050192, 0.0 ], [ -45.725617, -5.048731, 0.0 ], [ -45.725833, -5.048574, 0.0 ], [ -45.726417, -5.048682, 0.0 ], [ -45.72666, -5.048423, 0.0 ], [ -45.726287, -5.047792, 0.0 ], [ -45.725555, -5.047046, 0.0 ], [ -45.723674, -5.045792, 0.0 ] ] } },
{ "type": "Feature", "properties": { "nome": "Rio Grajaú", "comprimento": 4.4440016597199996 }, "geometry": { "type": "LineString", "coordinates": [ [ -46.049029, -5.432126, 0.0 ], [ -46.048842, -5.432105, 0.0 ], [ -46.048593, -5.4318, 0.0 ], [ -46.048323, -5.43046, 0.0 ], [ -46.048113, -5.430116, 0.0 ], [ -46.046832, -5.42962, 0.0 ], [ -46.046143, -5.429047, 0.0 ], [ -46.046047, -5.428741, 0.0 ], [ -46.046136, -5.428143, 0.0 ], [ -46.045926, -5.427963, 0.0 ], [ -46.045192, -5.428144, 0.0 ], [ -46.044989, -5.428061, 0.0 ], [ -46.044905, -5.427511, 0.0 ], [ -46.044295, -5.427069, 0.0 ], [ -46.042826, -5.427047, 0.0 ], [ -46.042444, -5.426725, 0.0 ], [ -46.042479, -5.426318, 0.0 ], [ -46.042275, -5.425888, 0.0 ], [ -46.04169, -5.425805, 0.0 ], [ -46.040915, -5.426249, 0.0 ], [ -46.040604, -5.426262, 0.0 ], [ -46.040186, -5.425975, 0.0 ], [ -46.040089, -5.425389, 0.0 ], [ -46.039253, -5.425283, 0.0 ], [ -46.03905, -5.425104, 0.0 ], [ -46.038942, -5.424721, 0.0 ], [ -46.039693, -5.423942, 0.0 ], [ -46.039636, -5.423487, 0.0 ], [ -46.039215, -5.423411, 0.0 ], [ -46.038929, -5.423526, 0.0 ], [ -46.038567, -5.424159, 0.0 ], [ -46.038338, -5.424159, 0.0 ], [ -46.037955, -5.423566, 0.0 ], [ -46.038698, -5.422703, 0.0 ], [ -46.038869, -5.422205, 0.0 ], [ -46.038811, -5.421918, 0.0 ], [ -46.038582, -5.421765, 0.0 ], [ -46.038276, -5.421823, 0.0 ], [ -46.037667, -5.422743, 0.0 ], [ -46.037074, -5.422783, 0.0 ], [ -46.036673, -5.422362, 0.0 ], [ -46.036767, -5.421673, 0.0 ], [ -46.037473, -5.421231, 0.0 ], [ -46.037568, -5.421021, 0.0 ], [ -46.037437, -5.420618, 0.0 ], [ -46.0369, -5.42044, 0.0 ], [ -46.036572, -5.4205, 0.0 ], [ -46.036333, -5.42071, 0.0 ], [ -46.036125, -5.421368, 0.0 ], [ -46.035797, -5.421399, 0.0 ], [ -46.035647, -5.42119, 0.0 ], [ -46.035706, -5.420741, 0.0 ], [ -46.036123, -5.419996, 0.0 ], [ -46.036689, -5.419517, 0.0 ], [ -46.037375, -5.419306, 0.0 ], [ -46.037703, -5.419036, 0.0 ], [ -46.037822, -5.418438, 0.0 ], [ -46.037672, -5.418288, 0.0 ], [ -46.037284, -5.418259, 0.0 ], [ -46.036268, -5.417603, 0.0 ], [ -46.03591, -5.417603, 0.0 ], [ -46.035732, -5.418232, 0.0 ], [ -46.035464, -5.418412, 0.0 ], [ -46.035135, -5.418353, 0.0 ], [ -46.034861, -5.417454, 0.0 ], [ -46.035576, -5.416592, 0.0 ], [ -46.035504, -5.416276, 0.0 ], [ -46.035145, -5.415903, 0.0 ], [ -46.035059, -5.41553, 0.0 ], [ -46.035158, -5.415185, 0.0 ] ] } },
{ "type": "Feature", "properties": { "nome": "Rio Grajaú", "comprimento": 4.3077756592399998 }, "geometry": { "type": "LineString", "coordinates": [ [ -45.226767, -3.776172, 0.0 ], [ -45.224316, -3.77367, 0.0 ], [ -45.223637, -3.773203, 0.0 ], [ -45.222672, -3.772845, 0.0 ], [ -45.221528, -3.772701, 0.0 ], [ -45.218597, -3.772594, 0.0 ], [ -45.217918, -3.772774, 0.0 ], [ -45.216524, -3.774605, 0.0 ], [ -45.215988, -3.775036, 0.0 ], [ -45.215417, -3.775791, 0.0 ], [ -45.213487, -3.77773, 0.0 ], [ -45.210271, -3.780352, 0.0 ], [ -45.209056, -3.781716, 0.0 ], [ -45.208663, -3.782399, 0.0 ], [ -45.208413, -3.783225, 0.0 ], [ -45.207949, -3.78581, 0.0 ], [ -45.207556, -3.78642, 0.0 ], [ -45.206912, -3.786887, 0.0 ], [ -45.20534, -3.786852, 0.0 ], [ -45.20441, -3.786457, 0.0 ], [ -45.202193, -3.783477, 0.0 ], [ -45.199405, -3.781826, 0.0 ], [ -45.199047, -3.781216, 0.0 ] ] } },
{ "type": "Feature", "properties": { "nome": "Rio Grajaú", "comprimento": 7.4179402668199996 }, "geometry": { "type": "LineString", "coordinates": [ [ -46.088915, -5.45915, 0.0 ], [ -46.088998, -5.458695, 0.0 ], [ -46.089951, -5.457425, 0.0 ], [ -46.089974, -5.457114, 0.0 ], [ -46.08971, -5.456492, 0.0 ], [ -46.089184, -5.456146, 0.0 ], [ -46.088492, -5.456446, 0.0 ], [ -46.088469, -5.456793, 0.0 ], [ -46.088829, -5.457583, 0.0 ], [ -46.088519, -5.457775, 0.0 ], [ -46.088256, -5.457775, 0.0 ], [ -46.087717, -5.457034, 0.0 ], [ -46.086642, -5.456857, 0.0 ], [ -46.086451, -5.45651, 0.0 ], [ -46.08651, -5.456247, 0.0 ], [ -46.086951, -5.456102, 0.0 ], [ -46.087106, -5.455803, 0.0 ], [ -46.086598, -5.45499, 0.0 ], [ -46.086702, -5.454253, 0.0 ], [ -46.086949, -5.453812, 0.0 ], [ -46.086709, -5.452817, 0.0 ], [ -46.086966, -5.452635, 0.0 ], [ -46.087531, -5.453103, 0.0 ], [ -46.087903, -5.453007, 0.0 ], [ -46.088001, -5.452805, 0.0 ], [ -46.08795, -5.452547, 0.0 ], [ -46.087319, -5.452168, 0.0 ], [ -46.08734, -5.451758, 0.0 ], [ -46.087575, -5.451356, 0.0 ], [ -46.087146, -5.45038, 0.0 ], [ -46.087527, -5.44965, 0.0 ], [ -46.087478, -5.449052, 0.0 ], [ -46.087072, -5.449124, 0.0 ], [ -46.08656, -5.449975, 0.0 ], [ -46.086059, -5.45037, 0.0 ], [ -46.085533, -5.45006, 0.0 ], [ -46.084952, -5.449174, 0.0 ], [ -46.083985, -5.449199, 0.0 ], [ -46.082969, -5.448998, 0.0 ], [ -46.080783, -5.447997, 0.0 ], [ -46.080006, -5.447783, 0.0 ], [ -46.07923, -5.447688, 0.0 ], [ -46.07874, -5.447809, 0.0 ], [ -46.077607, -5.448541, 0.0 ], [ -46.077321, -5.448422, 0.0 ], [ -46.077046, -5.448135, 0.0 ], [ -46.076985, -5.44768, 0.0 ], [ -46.077056, -5.447441, 0.0 ], [ -46.077378, -5.447177, 0.0 ], [ -46.078428, -5.446792, 0.0 ], [ -46.079228, -5.446743, 0.0 ], [ -46.080637, -5.44692, 0.0 ], [ -46.081186, -5.446751, 0.0 ], [ -46.081376, -5.446182, 0.0 ], [ -46.081009, -5.445349, 0.0 ], [ -46.080615, -5.44512, 0.0 ], [ -46.079813, -5.445395, 0.0 ], [ -46.078361, -5.445019, 0.0 ], [ -46.077501, -5.445128, 0.0 ], [ -46.07725, -5.444686, 0.0 ], [ -46.07825, -5.443284, 0.0 ], [ -46.078177, -5.44265, 0.0 ], [ -46.077759, -5.442376, 0.0 ], [ -46.077556, -5.442424, 0.0 ], [ -46.077008, -5.443107, 0.0 ], [ -46.076292, -5.443635, 0.0 ], [ -46.075564, -5.443828, 0.0 ], [ -46.075112, -5.44457, 0.0 ], [ -46.074694, -5.444631, 0.0 ], [ -46.074419, -5.444332, 0.0 ], [ -46.074465, -5.443327, 0.0 ], [ -46.074321, -5.443028, 0.0 ], [ -46.073468, -5.442863, 0.0 ], [ -46.073014, -5.442469, 0.0 ], [ -46.07256, -5.442338, 0.0 ], [ -46.072297, -5.44247, 0.0 ], [ -46.07225, -5.442746, 0.0 ], [ -46.072406, -5.443044, 0.0 ], [ -46.073183, -5.443534, 0.0 ], [ -46.073255, -5.443881, 0.0 ], [ -46.073184, -5.444192, 0.0 ], [ -46.072624, -5.444875, 0.0 ], [ -46.072373, -5.444887, 0.0 ], [ -46.07132, -5.443441, 0.0 ], [ -46.071391, -5.442951, 0.0 ], [ -46.071737, -5.442514, 0.0 ], [ -46.071665, -5.44194, 0.0 ], [ -46.0709, -5.441846, 0.0 ], [ -46.070293, -5.44266, 0.0 ], [ -46.069959, -5.442697, 0.0 ], [ -46.069743, -5.442518, 0.0 ], [ -46.069742, -5.441812, 0.0 ], [ -46.070064, -5.441476, 0.0 ], [ -46.071174, -5.441283, 0.0 ], [ -46.071472, -5.441019, 0.0 ], [ -46.071351, -5.440373, 0.0 ], [ -46.070873, -5.440123, 0.0 ] ] } },
{ "type": "Feature", "properties": { "nome": "Rio Grajaú", "comprimento": 23.217133330799999 }, "geometry": { "type": "LineString", "coordinates": [ [ -45.041501, -3.723362, 0.0 ], [ -45.041191, -3.72238, 0.0 ], [ -45.041143, -3.720585, 0.0 ], [ -45.040881, -3.719556, 0.0 ], [ -45.040452, -3.718574, 0.0 ], [ -45.039928, -3.717928, 0.0 ], [ -45.039499, -3.717641, 0.0 ], [ -45.038879, -3.717593, 0.0 ], [ -45.03826, -3.717808, 0.0 ], [ -45.037616, -3.718239, 0.0 ], [ -45.03633, -3.719436, 0.0 ], [ -45.035663, -3.719508, 0.0 ], [ -45.035377, -3.719341, 0.0 ], [ -45.033637, -3.717641, 0.0 ], [ -45.032946, -3.717138, 0.0 ], [ -45.031493, -3.716516, 0.0 ], [ -45.031183, -3.716133, 0.0 ], [ -45.030945, -3.714865, 0.0 ], [ -45.031159, -3.71295, 0.0 ], [ -45.030992, -3.712638, 0.0 ], [ -45.030611, -3.712375, 0.0 ], [ -45.030111, -3.712495, 0.0 ], [ -45.02961, -3.71283, 0.0 ], [ -45.029062, -3.713524, 0.0 ], [ -45.028753, -3.714099, 0.0 ], [ -45.028419, -3.715655, 0.0 ], [ -45.0278, -3.716588, 0.0 ], [ -45.026989, -3.716516, 0.0 ], [ -45.026322, -3.715607, 0.0 ], [ -45.025179, -3.714745, 0.0 ], [ -45.024583, -3.714577, 0.0 ], [ -45.023082, -3.714673, 0.0 ], [ -45.022272, -3.71453, 0.0 ], [ -45.021628, -3.713668, 0.0 ], [ -45.020961, -3.713093, 0.0 ], [ -45.020556, -3.71307, 0.0 ], [ -45.020246, -3.713261, 0.0 ], [ -45.020008, -3.713668, 0.0 ], [ -45.019674, -3.7152, 0.0 ], [ -45.019031, -3.715846, 0.0 ], [ -45.018173, -3.715727, 0.0 ], [ -45.017101, -3.715248, 0.0 ], [ -45.015386, -3.714769, 0.0 ], [ -45.012645, -3.715152, 0.0 ], [ -45.012121, -3.715056, 0.0 ], [ -45.010954, -3.714314, 0.0 ], [ -45.010453, -3.713668, 0.0 ], [ -45.010239, -3.71283, 0.0 ], [ -45.010406, -3.712088, 0.0 ], [ -45.011049, -3.710939, 0.0 ], [ -45.011168, -3.710269, 0.0 ], [ -45.011168, -3.70924, 0.0 ], [ -45.010834, -3.70833, 0.0 ], [ -45.009619, -3.707014, 0.0 ], [ -45.004902, -3.705003, 0.0 ], [ -45.003782, -3.703734, 0.0 ], [ -45.003424, -3.703639, 0.0 ], [ -45.003091, -3.703711, 0.0 ], [ -45.002543, -3.704716, 0.0 ], [ -45.002114, -3.707038, 0.0 ], [ -45.000357, -3.708761, 0.0 ], [ -45.000065, -3.709407, 0.0 ], [ -44.999874, -3.711705, 0.0 ], [ -44.99966, -3.712208, 0.0 ], [ -44.999374, -3.712567, 0.0 ], [ -44.998397, -3.712735, 0.0 ], [ -44.997968, -3.712615, 0.0 ], [ -44.997682, -3.712304, 0.0 ], [ -44.996896, -3.711059, 0.0 ], [ -44.995288, -3.709557, 0.0 ], [ -44.994525, -3.708313, 0.0 ], [ -44.993894, -3.707642, 0.0 ], [ -44.992965, -3.707642, 0.0 ], [ -44.992464, -3.70793, 0.0 ], [ -44.990927, -3.709509, 0.0 ], [ -44.990427, -3.709725, 0.0 ], [ -44.989962, -3.709725, 0.0 ], [ -44.988175, -3.708935, 0.0 ], [ -44.987139, -3.707858, 0.0 ], [ -44.986496, -3.707391, 0.0 ], [ -44.985709, -3.707319, 0.0 ], [ -44.984208, -3.707499, 0.0 ], [ -44.983708, -3.707355, 0.0 ], [ -44.98335, -3.707068, 0.0 ], [ -44.982993, -3.705955, 0.0 ], [ -44.982207, -3.704662, 0.0 ], [ -44.98092, -3.703836, 0.0 ], [ -44.97731, -3.703046, 0.0 ], [ -44.976059, -3.703657, 0.0 ], [ -44.974523, -3.703728, 0.0 ], [ -44.973986, -3.703477, 0.0 ], [ -44.972914, -3.702615, 0.0 ], [ -44.971735, -3.702328, 0.0 ], [ -44.971199, -3.702364, 0.0 ], [ -44.968804, -3.703154, 0.0 ], [ -44.965552, -3.703082, 0.0 ], [ -44.965051, -3.702938, 0.0 ], [ -44.964551, -3.702148, 0.0 ], [ -44.963979, -3.700066, 0.0 ], [ -44.962371, -3.697481, 0.0 ], [ -44.961907, -3.696152, 0.0 ], [ -44.961299, -3.695218, 0.0 ], [ -44.956724, -3.693136, 0.0 ], [ -44.956188, -3.693064, 0.0 ], [ -44.95458, -3.693243, 0.0 ], [ -44.951864, -3.6931, 0.0 ], [ -44.951292, -3.693315, 0.0 ], [ -44.949183, -3.695218, 0.0 ], [ -44.946932, -3.694751, 0.0 ], [ -44.945967, -3.69493, 0.0 ], [ -44.945538, -3.695218, 0.0 ], [ -44.944966, -3.697408, 0.0 ], [ -44.942678, -3.699849, 0.0 ], [ -44.942499, -3.700316, 0.0 ], [ -44.942499, -3.702614, 0.0 ], [ -44.94207, -3.703152, 0.0 ], [ -44.941463, -3.703547, 0.0 ], [ -44.940355, -3.704624, 0.0 ], [ -44.938889, -3.706779, 0.0 ], [ -44.936423, -3.70764, 0.0 ], [ -44.934171, -3.707891, 0.0 ], [ -44.933564, -3.707676, 0.0 ], [ -44.931634, -3.705952, 0.0 ], [ -44.930312, -3.705952, 0.0 ], [ -44.929525, -3.706275, 0.0 ], [ -44.925844, -3.708573, 0.0 ], [ -44.925058, -3.708824, 0.0 ], [ -44.924057, -3.70947, 0.0 ], [ -44.923806, -3.709973, 0.0 ], [ -44.923806, -3.711517, 0.0 ], [ -44.922877, -3.715754, 0.0 ], [ -44.922662, -3.717405, 0.0 ], [ -44.922662, -3.718087, 0.0 ], [ -44.923341, -3.72017, 0.0 ], [ -44.923234, -3.721678, 0.0 ], [ -44.922697, -3.723114, 0.0 ], [ -44.921696, -3.724981, 0.0 ], [ -44.921482, -3.726992, 0.0 ], [ -44.921196, -3.728248, 0.0 ], [ -44.920481, -3.729469, 0.0 ], [ -44.920302, -3.730079, 0.0 ], [ -44.920409, -3.73069, 0.0 ], [ -44.921696, -3.73288, 0.0 ], [ -44.921982, -3.73367, 0.0 ], [ -44.921946, -3.734281, 0.0 ], [ -44.921267, -3.734855, 0.0 ], [ -44.919158, -3.735357, 0.0 ], [ -44.918765, -3.735788, 0.0 ], [ -44.917656, -3.738804, 0.0 ], [ -44.917656, -3.739271, 0.0 ], [ -44.919729, -3.740492, 0.0 ], [ -44.920944, -3.741533, 0.0 ], [ -44.921945, -3.742682, 0.0 ], [ -44.92209, -3.743168, 0.0 ] ] } },
{ "type": "Feature", "properties": { "nome": "Rio Grajaú", "comprimento": 5.0994499607900003 }, "geometry": { "type": "LineString", "coordinates": [ [ -46.007615, -5.383759, 0.0 ], [ -46.007141, -5.382884, 0.0 ], [ -46.006617, -5.382683, 0.0 ], [ -46.006306, -5.382312, 0.0 ], [ -46.006449, -5.382037, 0.0 ], [ -46.007285, -5.382203, 0.0 ], [ -46.007463, -5.382083, 0.0 ], [ -46.00745, -5.38127, 0.0 ], [ -46.006375, -5.380936, 0.0 ], [ -46.005647, -5.381249, 0.0 ], [ -46.005432, -5.381117, 0.0 ], [ -46.00536, -5.38083, 0.0 ], [ -46.005467, -5.380519, 0.0 ], [ -46.005729, -5.380327, 0.0 ], [ -46.0069, -5.380457, 0.0 ], [ -46.007234, -5.380229, 0.0 ], [ -46.007364, -5.379774, 0.0 ], [ -46.007196, -5.379236, 0.0 ], [ -46.007291, -5.378697, 0.0 ], [ -46.007003, -5.377944, 0.0 ], [ -46.006836, -5.377872, 0.0 ], [ -46.006168, -5.378328, 0.0 ], [ -46.005861, -5.378342, 0.0 ], [ -46.005893, -5.375889, 0.0 ], [ -46.006345, -5.375002, 0.0 ], [ -46.007921, -5.374569, 0.0 ], [ -46.008123, -5.374365, 0.0 ], [ -46.008134, -5.373755, 0.0 ], [ -46.007967, -5.373576, 0.0 ], [ -46.00725, -5.373505, 0.0 ], [ -46.005592, -5.374274, 0.0 ], [ -46.005365, -5.374346, 0.0 ], [ -46.005078, -5.374203, 0.0 ], [ -46.004863, -5.373988, 0.0 ], [ -46.004827, -5.373701, 0.0 ], [ -46.004876, -5.37209, 0.0 ], [ -46.005209, -5.371275, 0.0 ], [ -46.005088, -5.370701, 0.0 ], [ -46.004539, -5.370463, 0.0 ], [ -46.004229, -5.370751, 0.0 ], [ -46.004086, -5.371134, 0.0 ], [ -46.003824, -5.371302, 0.0 ], [ -46.003513, -5.371159, 0.0 ], [ -46.003464, -5.370273, 0.0 ], [ -46.003869, -5.36977, 0.0 ], [ -46.004059, -5.369243, 0.0 ], [ -46.004011, -5.368836, 0.0 ], [ -46.003843, -5.368502, 0.0 ], [ -46.002768, -5.367953, 0.0 ], [ -46.002433, -5.367642, 0.0 ], [ -46.002194, -5.367236, 0.0 ], [ -46.002169, -5.366614, 0.0 ], [ -46.002454, -5.366063, 0.0 ], [ -46.003552, -5.365534, 0.0 ], [ -46.004314, -5.364504, 0.0 ], [ -46.004314, -5.364049, 0.0 ], [ -46.003955, -5.363763, 0.0 ], [ -46.003621, -5.363763, 0.0 ], [ -46.003072, -5.364243, 0.0 ], [ -46.002644, -5.364938, 0.0 ], [ -46.002262, -5.365082, 0.0 ], [ -46.001975, -5.364867, 0.0 ], [ -46.001831, -5.36458, 0.0 ], [ -46.002307, -5.363407, 0.0 ], [ -46.002258, -5.363072, 0.0 ], [ -46.001158, -5.361853, 0.0 ], [ -46.00111, -5.361614, 0.0 ], [ -46.001205, -5.361255, 0.0 ], [ -46.001681, -5.360584, 0.0 ], [ -46.001752, -5.360248, 0.0 ], [ -46.001632, -5.359914, 0.0 ] ] } },
{ "type": "Feature", "properties": { "nome": "Rio Grajaú", "comprimento": 3.2661430875700002 }, "geometry": { "type": "LineString", "coordinates": [ [ -45.824816, -5.185788, 0.0 ], [ -45.824763, -5.185029, 0.0 ], [ -45.824429, -5.184646, 0.0 ], [ -45.823879, -5.18436, 0.0 ], [ -45.823426, -5.184312, 0.0 ], [ -45.822948, -5.184409, 0.0 ], [ -45.822019, -5.185583, 0.0 ], [ -45.821685, -5.185583, 0.0 ], [ -45.820249, -5.183072, 0.0 ], [ -45.819674, -5.181349, 0.0 ], [ -45.819553, -5.180392, 0.0 ], [ -45.818693, -5.179532, 0.0 ], [ -45.818166, -5.178671, 0.0 ], [ -45.818166, -5.178168, 0.0 ], [ -45.81838, -5.177881, 0.0 ], [ -45.819645, -5.177783, 0.0 ], [ -45.82153, -5.17656, 0.0 ], [ -45.821696, -5.175914, 0.0 ], [ -45.821576, -5.175651, 0.0 ], [ -45.821075, -5.17558, 0.0 ], [ -45.820645, -5.175221, 0.0 ], [ -45.82031, -5.17448, 0.0 ], [ -45.819951, -5.174337, 0.0 ], [ -45.81957, -5.174576, 0.0 ], [ -45.819403, -5.174983, 0.0 ], [ -45.819069, -5.175295, 0.0 ], [ -45.817852, -5.175488, 0.0 ], [ -45.817374, -5.175082, 0.0 ], [ -45.816943, -5.173862, 0.0 ], [ -45.816632, -5.17379, 0.0 ], [ -45.81637, -5.17403, 0.0 ], [ -45.816371, -5.174581, 0.0 ], [ -45.81642, -5.175753, 0.0 ], [ -45.816612, -5.17616, 0.0 ], [ -45.81666, -5.17695, 0.0 ], [ -45.81647, -5.177213, 0.0 ], [ -45.815706, -5.177118, 0.0 ] ] } },
{ "type": "Feature", "properties": { "nome": "Rio Grajaú", "comprimento": 5.1454828144100002 }, "geometry": { "type": "LineString", "coordinates": [ [ -45.359907, -4.205, 0.0 ], [ -45.360229, -4.204605, 0.0 ], [ -45.360372, -4.203923, 0.0 ], [ -45.360121, -4.203349, 0.0 ], [ -45.358333, -4.202057, 0.0 ], [ -45.356866, -4.20055, 0.0 ], [ -45.356579, -4.199581, 0.0 ], [ -45.356686, -4.198037, 0.0 ], [ -45.357257, -4.196385, 0.0 ], [ -45.358222, -4.194805, 0.0 ], [ -45.358758, -4.194158, 0.0 ], [ -45.359473, -4.193619, 0.0 ], [ -45.360903, -4.192972, 0.0 ], [ -45.361654, -4.191679, 0.0 ], [ -45.361582, -4.191213, 0.0 ], [ -45.359435, -4.189023, 0.0 ], [ -45.359006, -4.188162, 0.0 ], [ -45.359256, -4.186941, 0.0 ], [ -45.35972, -4.186654, 0.0 ], [ -45.360042, -4.186223, 0.0 ], [ -45.360542, -4.184894, 0.0 ], [ -45.360649, -4.18414, 0.0 ], [ -45.360505, -4.183207, 0.0 ], [ -45.359647, -4.182094, 0.0 ], [ -45.359432, -4.181555, 0.0 ], [ -45.359789, -4.181017, 0.0 ], [ -45.361649, -4.180729, 0.0 ], [ -45.362578, -4.180226, 0.0 ], [ -45.363043, -4.179651, 0.0 ], [ -45.363293, -4.178861, 0.0 ], [ -45.363578, -4.176922, 0.0 ], [ -45.363506, -4.17624, 0.0 ], [ -45.363327, -4.175665, 0.0 ], [ -45.361681, -4.174086, 0.0 ], [ -45.361467, -4.173692, 0.0 ], [ -45.361574, -4.173081, 0.0 ], [ -45.362968, -4.172075, 0.0 ], [ -45.364791, -4.170243, 0.0 ], [ -45.365112, -4.169597, 0.0 ], [ -45.365219, -4.168986, 0.0 ] ] } },
{ "type": "Feature", "properties": { "nome": "Rio Grajaú", "comprimento": 4.0617823774900002 }, "geometry": { "type": "LineString", "coordinates": [ [ -45.250449, -3.792477, 0.0 ], [ -45.249913, -3.791041, 0.0 ], [ -45.248662, -3.789928, 0.0 ], [ -45.248483, -3.789461, 0.0 ], [ -45.248447, -3.788061, 0.0 ], [ -45.248268, -3.78763, 0.0 ], [ -45.247517, -3.786984, 0.0 ], [ -45.246265, -3.785441, 0.0 ], [ -45.245515, -3.785046, 0.0 ], [ -45.244514, -3.784795, 0.0 ], [ -45.243799, -3.784831, 0.0 ], [ -45.240761, -3.785694, 0.0 ], [ -45.240118, -3.785658, 0.0 ], [ -45.239438, -3.785263, 0.0 ], [ -45.238902, -3.784617, 0.0 ], [ -45.237972, -3.783002, 0.0 ], [ -45.237615, -3.782822, 0.0 ], [ -45.236972, -3.782966, 0.0 ], [ -45.236364, -3.783469, 0.0 ], [ -45.235221, -3.785157, 0.0 ], [ -45.234363, -3.785588, 0.0 ], [ -45.233827, -3.785516, 0.0 ], [ -45.232325, -3.784655, 0.0 ], [ -45.231539, -3.783291, 0.0 ], [ -45.231145, -3.78128, 0.0 ], [ -45.231145, -3.780275, 0.0 ], [ -45.23068, -3.778551, 0.0 ], [ -45.230107, -3.777941, 0.0 ], [ -45.227283, -3.776649, 0.0 ], [ -45.226767, -3.776172, 0.0 ] ] } },
{ "type": "Feature", "properties": { "nome": "Rio Grajaú", "comprimento": 2.4749764780199999 }, "geometry": { "type": "LineString", "coordinates": [ [ -46.108206, -5.46036, 0.0 ], [ -46.108146, -5.459833, 0.0 ], [ -46.108408, -5.459713, 0.0 ], [ -46.109137, -5.460202, 0.0 ], [ -46.109271, -5.461279, 0.0 ], [ -46.109772, -5.461123, 0.0 ], [ -46.110393, -5.461289, 0.0 ], [ -46.110751, -5.46124, 0.0 ], [ -46.110846, -5.460905, 0.0 ], [ -46.110511, -5.460236, 0.0 ], [ -46.110905, -5.460271, 0.0 ], [ -46.111227, -5.460486, 0.0 ], [ -46.111657, -5.460377, 0.0 ], [ -46.111668, -5.459671, 0.0 ], [ -46.111846, -5.459216, 0.0 ], [ -46.111773, -5.458558, 0.0 ], [ -46.111355, -5.458248, 0.0 ], [ -46.110567, -5.458465, 0.0 ], [ -46.110364, -5.458369, 0.0 ], [ -46.110231, -5.457424, 0.0 ], [ -46.10998, -5.45715, 0.0 ], [ -46.109706, -5.457724, 0.0 ], [ -46.109216, -5.457749, 0.0 ], [ -46.108331, -5.456518, 0.0 ], [ -46.107736, -5.456387, 0.0 ], [ -46.106015, -5.455491, 0.0 ], [ -46.103682, -5.453944, 0.0 ], [ -46.10286, -5.453773, 0.0 ], [ -46.102306, -5.453851, 0.0 ], [ -46.101256, -5.454408, 0.0 ] ] } },
{ "type": "Feature", "properties": { "nome": "Rio Grajaú", "comprimento": 2.18617145748 }, "geometry": { "type": "LineString", "coordinates": [ [ -45.355441, -4.290741, 0.0 ], [ -45.355297, -4.289951, 0.0 ], [ -45.355511, -4.288156, 0.0 ], [ -45.357476, -4.283775, 0.0 ], [ -45.357476, -4.282877, 0.0 ], [ -45.357797, -4.281226, 0.0 ], [ -45.357796, -4.280328, 0.0 ], [ -45.357367, -4.279502, 0.0 ], [ -45.356651, -4.278785, 0.0 ], [ -45.356651, -4.2776, 0.0 ], [ -45.356829, -4.277025, 0.0 ], [ -45.358581, -4.275983, 0.0 ], [ -45.358831, -4.275444, 0.0 ], [ -45.358831, -4.274762, 0.0 ], [ -45.358509, -4.273973, 0.0 ], [ -45.357894, -4.273238, 0.0 ] ] } },
{ "type": "Feature", "properties": { "nome": "Rio Grajaú", "comprimento": 2.0377578023799998 }, "geometry": { "type": "LineString", "coordinates": [ [ -45.3347, -4.364489, 0.0 ], [ -45.336135, -4.361723, 0.0 ], [ -45.336814, -4.361005, 0.0 ], [ -45.337529, -4.360573, 0.0 ], [ -45.338996, -4.360393, 0.0 ], [ -45.340784, -4.360752, 0.0 ], [ -45.341571, -4.360751, 0.0 ], [ -45.342286, -4.360715, 0.0 ], [ -45.342644, -4.360392, 0.0 ], [ -45.342894, -4.359709, 0.0 ], [ -45.343036, -4.357735, 0.0 ], [ -45.343251, -4.357268, 0.0 ], [ -45.343823, -4.356442, 0.0 ], [ -45.345968, -4.353999, 0.0 ], [ -45.346498, -4.353568, 0.0 ] ] } },
{ "type": "Feature", "properties": { "nome": "Rio Grajaú", "comprimento": 0.89991797515500005 }, "geometry": { "type": "LineString", "coordinates": [ [ -45.365219, -4.168986, 0.0 ], [ -45.36504, -4.168448, 0.0 ], [ -45.364611, -4.167838, 0.0 ], [ -45.364074, -4.167443, 0.0 ], [ -45.363001, -4.166977, 0.0 ], [ -45.362, -4.166905, 0.0 ], [ -45.358174, -4.167912, 0.0 ] ] } },
{ "type": "Feature", "properties": { "nome": "Rio Grajaú", "comprimento": 1.48475595223 }, "geometry": { "type": "LineString", "coordinates": [ [ -45.338717, -4.552302, 0.0 ], [ -45.337716, -4.551355, 0.0 ], [ -45.336474, -4.549633, 0.0 ], [ -45.33595, -4.549394, 0.0 ], [ -45.335401, -4.549537, 0.0 ], [ -45.33502, -4.549944, 0.0 ], [ -45.33471, -4.550926, 0.0 ], [ -45.334352, -4.551309, 0.0 ], [ -45.333804, -4.551549, 0.0 ], [ -45.333208, -4.551573, 0.0 ], [ -45.332874, -4.551286, 0.0 ], [ -45.332825, -4.54985, 0.0 ], [ -45.333154, -4.548312, 0.0 ], [ -45.33378, -4.547414, 0.0 ], [ -45.333942, -4.546548, 0.0 ] ] } },
{ "type": "Feature", "properties": { "nome": "Rio Grajaú", "comprimento": 3.2733258784400001 }, "geometry": { "type": "LineString", "coordinates": [ [ -45.686086, -5.039942, 0.0 ], [ -45.685346, -5.03956, 0.0 ], [ -45.684522, -5.038735, 0.0 ], [ -45.684366, -5.038125, 0.0 ], [ -45.684419, -5.037136, 0.0 ], [ -45.684746, -5.036178, 0.0 ], [ -45.684745, -5.035759, 0.0 ], [ -45.684536, -5.03549, 0.0 ], [ -45.68379, -5.035581, 0.0 ], [ -45.683254, -5.036509, 0.0 ], [ -45.683016, -5.036718, 0.0 ], [ -45.682688, -5.036719, 0.0 ], [ -45.68221, -5.036211, 0.0 ], [ -45.682599, -5.034701, 0.0 ], [ -45.682503, -5.034146, 0.0 ], [ -45.682235, -5.033936, 0.0 ], [ -45.681567, -5.034377, 0.0 ], [ -45.681186, -5.035315, 0.0 ], [ -45.680633, -5.035297, 0.0 ], [ -45.680098, -5.035776, 0.0 ], [ -45.679926, -5.03568, 0.0 ], [ -45.679543, -5.034264, 0.0 ], [ -45.678932, -5.033748, 0.0 ], [ -45.678263, -5.033691, 0.0 ], [ -45.678072, -5.033231, 0.0 ], [ -45.678205, -5.033021, 0.0 ], [ -45.678511, -5.032925, 0.0 ], [ -45.679217, -5.033058, 0.0 ], [ -45.679676, -5.033364, 0.0 ], [ -45.679962, -5.033325, 0.0 ], [ -45.680096, -5.033057, 0.0 ], [ -45.680038, -5.032349, 0.0 ], [ -45.679789, -5.032215, 0.0 ], [ -45.679217, -5.03233, 0.0 ], [ -45.677517, -5.031873, 0.0 ], [ -45.677211, -5.031413, 0.0 ], [ -45.676714, -5.031318, 0.0 ], [ -45.676561, -5.031012, 0.0 ], [ -45.676599, -5.030284, 0.0 ], [ -45.676274, -5.02994, 0.0 ], [ -45.676083, -5.02994, 0.0 ], [ -45.675434, -5.030477, 0.0 ], [ -45.674957, -5.030573, 0.0 ], [ -45.674823, -5.03042, 0.0 ], [ -45.675013, -5.029769, 0.0 ], [ -45.674898, -5.029252, 0.0 ], [ -45.67458, -5.02914, 0.0 ] ] } },
{ "type": "Feature", "properties": { "nome": "Rio Grajaú", "comprimento": 1.5908717889899999 }, "geometry": { "type": "LineString", "coordinates": [ [ -45.322323, -4.470208, 0.0 ], [ -45.322232, -4.469584, 0.0 ], [ -45.321444, -4.468831, 0.0 ], [ -45.320907, -4.46779, 0.0 ], [ -45.320835, -4.466964, 0.0 ], [ -45.320978, -4.465815, 0.0 ], [ -45.321729, -4.464774, 0.0 ], [ -45.321907, -4.464199, 0.0 ], [ -45.322085, -4.462368, 0.0 ], [ -45.321942, -4.461506, 0.0 ], [ -45.320904, -4.459568, 0.0 ], [ -45.320403, -4.459101, 0.0 ], [ -45.319937, -4.458348, 0.0 ], [ -45.319667, -4.45727, 0.0 ] ] } },
{ "type": "Feature", "properties": { "nome": "Rio Grajaú", "comprimento": 4.9734704124800002 }, "geometry": { "type": "LineString", "coordinates": [ [ -46.164882, -5.545764, 0.0 ], [ -46.165485, -5.544537, 0.0 ], [ -46.166273, -5.544056, 0.0 ], [ -46.166868, -5.543361, 0.0 ], [ -46.166891, -5.542667, 0.0 ], [ -46.166484, -5.542405, 0.0 ], [ -46.165028, -5.542886, 0.0 ], [ -46.164526, -5.542648, 0.0 ], [ -46.164239, -5.542242, 0.0 ], [ -46.164046, -5.541381, 0.0 ], [ -46.16445, -5.540183, 0.0 ], [ -46.164473, -5.539537, 0.0 ], [ -46.164281, -5.539131, 0.0 ], [ -46.163994, -5.538892, 0.0 ], [ -46.163587, -5.538845, 0.0 ], [ -46.1628, -5.539421, 0.0 ], [ -46.162108, -5.53935, 0.0 ], [ -46.161868, -5.5388, 0.0 ], [ -46.16208, -5.537484, 0.0 ], [ -46.161887, -5.536551, 0.0 ], [ -46.16062, -5.535811, 0.0 ], [ -46.15995, -5.535047, 0.0 ], [ -46.15971, -5.534497, 0.0 ], [ -46.15849, -5.533686, 0.0 ], [ -46.158418, -5.533159, 0.0 ], [ -46.15856, -5.532657, 0.0 ], [ -46.159012, -5.532034, 0.0 ], [ -46.159107, -5.531339, 0.0 ], [ -46.158318, -5.530814, 0.0 ], [ -46.157481, -5.530481, 0.0 ], [ -46.157146, -5.530147, 0.0 ], [ -46.157193, -5.529692, 0.0 ], [ -46.159221, -5.528683, 0.0 ], [ -46.159793, -5.527964, 0.0 ], [ -46.159792, -5.527701, 0.0 ], [ -46.159457, -5.527127, 0.0 ], [ -46.158931, -5.526817, 0.0 ], [ -46.158118, -5.526651, 0.0 ], [ -46.157688, -5.526245, 0.0 ], [ -46.158712, -5.524825, 0.0 ], [ -46.159258, -5.522981, 0.0 ], [ -46.158541, -5.52291, 0.0 ], [ -46.157825, -5.523079, 0.0 ], [ -46.157324, -5.523391, 0.0 ], [ -46.156585, -5.524207, 0.0 ], [ -46.156322, -5.524159, 0.0 ], [ -46.15625, -5.52392, 0.0 ], [ -46.156151, -5.521862, 0.0 ], [ -46.156507, -5.521, 0.0 ], [ -46.156482, -5.520186, 0.0 ], [ -46.156672, -5.519803, 0.0 ], [ -46.157106, -5.519649, 0.0 ], [ -46.157378, -5.519275, 0.0 ], [ -46.157391, -5.518801, 0.0 ] ] } },
{ "type": "Feature", "properties": { "nome": "Rio Grajaú", "comprimento": 3.3594177943900001 }, "geometry": { "type": "LineString", "coordinates": [ [ -45.346498, -4.353568, 0.0 ], [ -45.349472, -4.351448, 0.0 ], [ -45.349793, -4.350946, 0.0 ], [ -45.349972, -4.350012, 0.0 ], [ -45.349685, -4.349294, 0.0 ], [ -45.348648, -4.348325, 0.0 ], [ -45.348397, -4.347787, 0.0 ], [ -45.348539, -4.346602, 0.0 ], [ -45.349362, -4.345596, 0.0 ], [ -45.34954, -4.344914, 0.0 ], [ -45.349504, -4.344232, 0.0 ], [ -45.348037, -4.343407, 0.0 ], [ -45.347643, -4.342258, 0.0 ], [ -45.34775, -4.341109, 0.0 ], [ -45.347607, -4.340319, 0.0 ], [ -45.347213, -4.339314, 0.0 ], [ -45.346568, -4.338381, 0.0 ], [ -45.345709, -4.336586, 0.0 ], [ -45.345852, -4.335832, 0.0 ], [ -45.346424, -4.334934, 0.0 ], [ -45.347031, -4.333067, 0.0 ], [ -45.347567, -4.331989, 0.0 ], [ -45.348246, -4.331235, 0.0 ], [ -45.35009, -4.328443, 0.0 ] ] } },
{ "type": "Feature", "properties": { "nome": "Rio Grajaú", "comprimento": 1.4638258772499999 }, "geometry": { "type": "LineString", "coordinates": [ [ -45.307123, -3.820272, 0.0 ], [ -45.306837, -3.819806, 0.0 ], [ -45.306694, -3.819016, 0.0 ], [ -45.306979, -3.818154, 0.0 ], [ -45.308301, -3.816287, 0.0 ], [ -45.308909, -3.814958, 0.0 ], [ -45.308692, -3.809895, 0.0 ], [ -45.308513, -3.808747, 0.0 ], [ -45.308191, -3.807813, 0.0 ] ] } },
{ "type": "Feature", "properties": { "nome": "Rio Grajaú", "comprimento": 7.1664944311700003 }, "geometry": { "type": "LineString", "coordinates": [ [ -46.131199, -5.469876, 0.0 ], [ -46.131008, -5.469877, 0.0 ], [ -46.129566, -5.47116, 0.0 ], [ -46.129567, -5.471722, 0.0 ], [ -46.129843, -5.472487, 0.0 ], [ -46.129831, -5.472667, 0.0 ], [ -46.129533, -5.472931, 0.0 ], [ -46.129067, -5.472884, 0.0 ], [ -46.128577, -5.472334, 0.0 ], [ -46.127848, -5.472336, 0.0 ], [ -46.127705, -5.472204, 0.0 ], [ -46.127716, -5.471989, 0.0 ], [ -46.128348, -5.471401, 0.0 ], [ -46.128622, -5.470898, 0.0 ], [ -46.128657, -5.470384, 0.0 ], [ -46.128405, -5.469953, 0.0 ], [ -46.128107, -5.46999, 0.0 ], [ -46.127201, -5.471045, 0.0 ], [ -46.127107, -5.471751, 0.0 ], [ -46.127216, -5.472815, 0.0 ], [ -46.126667, -5.472793, 0.0 ], [ -46.126404, -5.472614, 0.0 ], [ -46.126035, -5.473141, 0.0 ], [ -46.125677, -5.473381, 0.0 ], [ -46.125056, -5.47319, 0.0 ], [ -46.124304, -5.473192, 0.0 ], [ -46.123861, -5.47281, 0.0 ], [ -46.123644, -5.471386, 0.0 ], [ -46.123428, -5.471111, 0.0 ], [ -46.123082, -5.47104, 0.0 ], [ -46.121876, -5.471378, 0.0 ], [ -46.12147, -5.471295, 0.0 ], [ -46.120992, -5.470865, 0.0 ], [ -46.119885, -5.470751, 0.0 ], [ -46.119753, -5.47038, 0.0 ], [ -46.120454, -5.469859, 0.0 ], [ -46.120324, -5.469486, 0.0 ], [ -46.119937, -5.469443, 0.0 ], [ -46.119379, -5.46999, 0.0 ], [ -46.118491, -5.47025, 0.0 ], [ -46.118034, -5.470768, 0.0 ], [ -46.117633, -5.470697, 0.0 ], [ -46.117675, -5.470309, 0.0 ], [ -46.118347, -5.469719, 0.0 ], [ -46.118404, -5.469504, 0.0 ], [ -46.118375, -5.46926, 0.0 ], [ -46.117975, -5.469102, 0.0 ], [ -46.117874, -5.468858, 0.0 ], [ -46.11777, -5.467107, 0.0 ], [ -46.11744, -5.466806, 0.0 ], [ -46.116581, -5.46708, 0.0 ], [ -46.116151, -5.466981, 0.0 ], [ -46.116093, -5.466607, 0.0 ], [ -46.116478, -5.46576, 0.0 ], [ -46.116506, -5.4653, 0.0 ], [ -46.11619, -5.465071, 0.0 ], [ -46.115904, -5.465071, 0.0 ], [ -46.115576, -5.465819, 0.0 ], [ -46.115563, -5.466608, 0.0 ], [ -46.114689, -5.466969, 0.0 ], [ -46.114576, -5.467443, 0.0 ], [ -46.115136, -5.467973, 0.0 ], [ -46.116396, -5.467899, 0.0 ], [ -46.116568, -5.467741, 0.0 ], [ -46.117084, -5.467654, 0.0 ], [ -46.1172, -5.468616, 0.0 ], [ -46.117, -5.468903, 0.0 ], [ -46.116484, -5.468918, 0.0 ], [ -46.115597, -5.469337, 0.0 ], [ -46.115066, -5.469352, 0.0 ], [ -46.114535, -5.468922, 0.0 ], [ -46.114419, -5.467917, 0.0 ], [ -46.113702, -5.467761, 0.0 ], [ -46.113388, -5.468235, 0.0 ], [ -46.113618, -5.468766, 0.0 ], [ -46.113668, -5.469666, 0.0 ], [ -46.113487, -5.470011, 0.0 ], [ -46.113182, -5.470127, 0.0 ], [ -46.112664, -5.46919, 0.0 ], [ -46.112329, -5.468874, 0.0 ], [ -46.112021, -5.467592, 0.0 ], [ -46.11096, -5.466991, 0.0 ], [ -46.110129, -5.466986, 0.0 ], [ -46.109785, -5.466891, 0.0 ], [ -46.109651, -5.46668, 0.0 ], [ -46.10965, -5.466489, 0.0 ], [ -46.110471, -5.465817, 0.0 ], [ -46.110852, -5.465242, 0.0 ], [ -46.11083, -5.464036, 0.0 ], [ -46.110754, -5.463845, 0.0 ], [ -46.110295, -5.463654, 0.0 ], [ -46.109015, -5.46381, 0.0 ], [ -46.108805, -5.463676, 0.0 ], [ -46.108632, -5.463121, 0.0 ], [ -46.108613, -5.460933, 0.0 ], [ -46.108206, -5.46036, 0.0 ] ] } },
{ "type": "Feature", "properties": { "nome": "Rio Grajaú", "comprimento": 2.8768389648000001 }, "geometry": { "type": "LineString", "coordinates": [ [ -46.137682, -5.478468, 0.0 ], [ -46.136795, -5.477208, 0.0 ], [ -46.136106, -5.47652, 0.0 ], [ -46.135404, -5.476306, 0.0 ], [ -46.134487, -5.476494, 0.0 ], [ -46.1342, -5.476351, 0.0 ], [ -46.134286, -5.476064, 0.0 ], [ -46.134615, -5.475776, 0.0 ], [ -46.134657, -5.475388, 0.0 ], [ -46.134283, -5.4748, 0.0 ], [ -46.134297, -5.474441, 0.0 ], [ -46.13464, -5.474225, 0.0 ], [ -46.135314, -5.474253, 0.0 ], [ -46.135557, -5.47385, 0.0 ], [ -46.135427, -5.473362, 0.0 ], [ -46.134366, -5.473264, 0.0 ], [ -46.134242, -5.473001, 0.0 ], [ -46.134322, -5.472589, 0.0 ], [ -46.135114, -5.472138, 0.0 ], [ -46.134922, -5.471655, 0.0 ], [ -46.134353, -5.471359, 0.0 ], [ -46.133976, -5.471412, 0.0 ], [ -46.133943, -5.471891, 0.0 ], [ -46.13372, -5.472341, 0.0 ], [ -46.133058, -5.473338, 0.0 ], [ -46.132829, -5.473396, 0.0 ], [ -46.132384, -5.473282, 0.0 ], [ -46.131682, -5.472568, 0.0 ], [ -46.13118, -5.472569, 0.0 ], [ -46.131085, -5.472892, 0.0 ], [ -46.131205, -5.473275, 0.0 ], [ -46.131744, -5.474123, 0.0 ], [ -46.131614, -5.474518, 0.0 ], [ -46.131053, -5.474471, 0.0 ], [ -46.130536, -5.472929, 0.0 ], [ -46.130535, -5.472546, 0.0 ], [ -46.131263, -5.471886, 0.0 ], [ -46.131058, -5.471037, 0.0 ], [ -46.131487, -5.470654, 0.0 ], [ -46.131618, -5.470151, 0.0 ], [ -46.131199, -5.469876, 0.0 ] ] } },
{ "type": "Feature", "properties": { "nome": "Rio Grajaú", "comprimento": 1.8482317671099999 }, "geometry": { "type": "LineString", "coordinates": [ [ -45.314991, -4.437023, 0.0 ], [ -45.315242, -4.436448, 0.0 ], [ -45.315706, -4.436017, 0.0 ], [ -45.31728, -4.435514, 0.0 ], [ -45.321251, -4.434974, 0.0 ], [ -45.322717, -4.434363, 0.0 ], [ -45.32311, -4.433931, 0.0 ], [ -45.323289, -4.433177, 0.0 ], [ -45.323288, -4.43131, 0.0 ], [ -45.323681, -4.430628, 0.0 ], [ -45.32504, -4.429335, 0.0 ], [ -45.325648, -4.428976, 0.0 ], [ -45.326399, -4.428868, 0.0 ], [ -45.327186, -4.429011, 0.0 ] ] } },
{ "type": "Feature", "properties": { "nome": "Rio Grajaú", "comprimento": 18.768797062600001 }, "geometry": { "type": "LineString", "coordinates": [ [ -45.121009, -3.744458, 0.0 ], [ -45.119818, -3.745745, 0.0 ], [ -45.118477, -3.746702, 0.0 ], [ -45.115201, -3.748199, 0.0 ], [ -45.112026, -3.748914, 0.0 ], [ -45.110739, -3.74877, 0.0 ], [ -45.109047, -3.747598, 0.0 ], [ -45.108332, -3.747047, 0.0 ], [ -45.108189, -3.74664, 0.0 ], [ -45.108261, -3.74609, 0.0 ], [ -45.108689, -3.745635, 0.0 ], [ -45.109357, -3.745228, 0.0 ], [ -45.112168, -3.744438, 0.0 ], [ -45.112383, -3.744079, 0.0 ], [ -45.112359, -3.743648, 0.0 ], [ -45.111453, -3.743241, 0.0 ], [ -45.110667, -3.743169, 0.0 ], [ -45.10826, -3.743313, 0.0 ], [ -45.107593, -3.74305, 0.0 ], [ -45.107307, -3.742763, 0.0 ], [ -45.107331, -3.742116, 0.0 ], [ -45.108951, -3.739292, 0.0 ], [ -45.108903, -3.73855, 0.0 ], [ -45.108641, -3.73831, 0.0 ], [ -45.107759, -3.738478, 0.0 ], [ -45.106139, -3.739795, 0.0 ], [ -45.104019, -3.740728, 0.0 ], [ -45.103137, -3.740729, 0.0 ], [ -45.102494, -3.740322, 0.0 ], [ -45.102446, -3.739915, 0.0 ], [ -45.103025, -3.73858, 0.0 ], [ -45.10393, -3.737527, 0.0 ], [ -45.105646, -3.736114, 0.0 ], [ -45.105693, -3.735325, 0.0 ], [ -45.105193, -3.73499, 0.0 ], [ -45.102453, -3.735636, 0.0 ], [ -45.101809, -3.735421, 0.0 ], [ -45.100975, -3.733865, 0.0 ], [ -45.10057, -3.732525, 0.0 ], [ -45.100617, -3.731447, 0.0 ], [ -45.10107, -3.730107, 0.0 ], [ -45.101022, -3.729556, 0.0 ], [ -45.100855, -3.729197, 0.0 ], [ -45.100426, -3.728838, 0.0 ], [ -45.09902, -3.727929, 0.0 ], [ -45.09821, -3.728049, 0.0 ], [ -45.097591, -3.728384, 0.0 ], [ -45.096805, -3.72927, 0.0 ], [ -45.096733, -3.7297, 0.0 ], [ -45.097424, -3.730754, 0.0 ], [ -45.097806, -3.732333, 0.0 ], [ -45.097758, -3.732812, 0.0 ], [ -45.096901, -3.734057, 0.0 ], [ -45.095304, -3.73523, 0.0 ], [ -45.094256, -3.735374, 0.0 ], [ -45.093827, -3.735302, 0.0 ], [ -45.093374, -3.734943, 0.0 ], [ -45.092325, -3.73243, 0.0 ], [ -45.091968, -3.730587, 0.0 ], [ -45.091753, -3.730204, 0.0 ], [ -45.091324, -3.72994, 0.0 ], [ -45.090633, -3.729941, 0.0 ], [ -45.089966, -3.73018, 0.0 ], [ -45.089609, -3.730587, 0.0 ], [ -45.089561, -3.730994, 0.0 ], [ -45.0898, -3.731568, 0.0 ], [ -45.090848, -3.732095, 0.0 ], [ -45.091206, -3.732813, 0.0 ], [ -45.091206, -3.733148, 0.0 ], [ -45.090967, -3.733531, 0.0 ], [ -45.090658, -3.733818, 0.0 ], [ -45.089562, -3.734201, 0.0 ], [ -45.088656, -3.734225, 0.0 ], [ -45.088513, -3.734058, 0.0 ], [ -45.088275, -3.732813, 0.0 ], [ -45.087083, -3.730539, 0.0 ], [ -45.087035, -3.730132, 0.0 ], [ -45.087083, -3.729797, 0.0 ], [ -45.088227, -3.728983, 0.0 ], [ -45.088727, -3.728385, 0.0 ], [ -45.088822, -3.727762, 0.0 ], [ -45.088012, -3.725465, 0.0 ], [ -45.088083, -3.724699, 0.0 ], [ -45.088655, -3.723717, 0.0 ], [ -45.088655, -3.72276, 0.0 ], [ -45.088298, -3.722305, 0.0 ], [ -45.087726, -3.721994, 0.0 ], [ -45.085224, -3.721396, 0.0 ], [ -45.082936, -3.71996, 0.0 ], [ -45.080506, -3.719505, 0.0 ], [ -45.078504, -3.719745, 0.0 ], [ -45.077742, -3.719457, 0.0 ], [ -45.077551, -3.719051, 0.0 ], [ -45.077551, -3.718548, 0.0 ], [ -45.077789, -3.718285, 0.0 ], [ -45.078313, -3.718189, 0.0 ], [ -45.080077, -3.718308, 0.0 ], [ -45.081959, -3.717063, 0.0 ], [ -45.082364, -3.716609, 0.0 ], [ -45.082745, -3.715531, 0.0 ], [ -45.082721, -3.714167, 0.0 ], [ -45.082388, -3.713976, 0.0 ], [ -45.079385, -3.713521, 0.0 ], [ -45.077503, -3.713425, 0.0 ], [ -45.077146, -3.713593, 0.0 ], [ -45.077003, -3.714, 0.0 ], [ -45.07717, -3.715676, 0.0 ], [ -45.077074, -3.716178, 0.0 ], [ -45.076074, -3.716896, 0.0 ], [ -45.075025, -3.717256, 0.0 ], [ -45.072809, -3.717112, 0.0 ], [ -45.07188, -3.716801, 0.0 ], [ -45.070021, -3.716514, 0.0 ], [ -45.06833, -3.716514, 0.0 ], [ -45.065208, -3.717137, 0.0 ], [ -45.06478, -3.716993, 0.0 ], [ -45.06447, -3.716634, 0.0 ], [ -45.063374, -3.714743, 0.0 ], [ -45.06161, -3.713905, 0.0 ], [ -45.061134, -3.713331, 0.0 ], [ -45.061134, -3.712948, 0.0 ], [ -45.061729, -3.711847, 0.0 ], [ -45.061801, -3.711416, 0.0 ], [ -45.061515, -3.710746, 0.0 ], [ -45.060609, -3.709764, 0.0 ], [ -45.060299, -3.709573, 0.0 ], [ -45.059704, -3.709525, 0.0 ], [ -45.058322, -3.709836, 0.0 ], [ -45.057083, -3.710483, 0.0 ], [ -45.055844, -3.71156, 0.0 ], [ -45.055558, -3.712039, 0.0 ], [ -45.055415, -3.712613, 0.0 ], [ -45.05563, -3.714289, 0.0 ], [ -45.055558, -3.714815, 0.0 ], [ -45.055344, -3.715174, 0.0 ], [ -45.054129, -3.715558, 0.0 ], [ -45.052532, -3.715845, 0.0 ], [ -45.05208, -3.716132, 0.0 ], [ -45.050602, -3.71831, 0.0 ], [ -45.050483, -3.720178, 0.0 ], [ -45.050698, -3.720824, 0.0 ], [ -45.05146, -3.721733, 0.0 ], [ -45.05177, -3.722475, 0.0 ], [ -45.051818, -3.723768, 0.0 ], [ -45.051603, -3.724319, 0.0 ] ] } },
{ "type": "Feature", "properties": { "nome": "Rio Grajaú", "comprimento": 5.9260652919199996 }, "geometry": { "type": "LineString", "coordinates": [ [ -45.308015, -4.01096, 0.0 ], [ -45.309481, -4.010888, 0.0 ], [ -45.30991, -4.010708, 0.0 ], [ -45.310124, -4.010349, 0.0 ], [ -45.310195, -4.008805, 0.0 ], [ -45.310552, -4.008015, 0.0 ], [ -45.311338, -4.006938, 0.0 ], [ -45.311803, -4.005932, 0.0 ], [ -45.311946, -4.005178, 0.0 ], [ -45.311945, -4.00446, 0.0 ], [ -45.311731, -4.004029, 0.0 ], [ -45.309907, -4.002953, 0.0 ], [ -45.309442, -4.002235, 0.0 ], [ -45.309299, -4.001409, 0.0 ], [ -45.307975, -3.998968, 0.0 ], [ -45.30751, -3.997712, 0.0 ], [ -45.307473, -3.996958, 0.0 ], [ -45.308009, -3.994265, 0.0 ], [ -45.308831, -3.992972, 0.0 ], [ -45.310081, -3.991499, 0.0 ], [ -45.31051, -3.990171, 0.0 ], [ -45.310581, -3.989058, 0.0 ], [ -45.310402, -3.988376, 0.0 ], [ -45.309686, -3.987047, 0.0 ], [ -45.309543, -3.986042, 0.0 ], [ -45.31015, -3.984965, 0.0 ], [ -45.310865, -3.984677, 0.0 ], [ -45.31226, -3.985072, 0.0 ], [ -45.312975, -3.985036, 0.0 ], [ -45.313511, -3.984389, 0.0 ], [ -45.313511, -3.983707, 0.0 ], [ -45.31326, -3.982989, 0.0 ], [ -45.312974, -3.98263, 0.0 ], [ -45.31183, -3.982379, 0.0 ], [ -45.311222, -3.981913, 0.0 ], [ -45.310113, -3.980692, 0.0 ], [ -45.309612, -3.979903, 0.0 ], [ -45.309254, -3.978538, 0.0 ], [ -45.309433, -3.977856, 0.0 ], [ -45.309611, -3.977425, 0.0 ], [ -45.310648, -3.976707, 0.0 ], [ -45.31122, -3.976635, 0.0 ], [ -45.313615, -3.97728, 0.0 ], [ -45.314509, -3.9771, 0.0 ], [ -45.31526, -3.976597, 0.0 ], [ -45.316403, -3.975448, 0.0 ], [ -45.318048, -3.974585, 0.0 ] ] } },
{ "type": "Feature", "properties": { "nome": "Rio Grajaú", "comprimento": 2.71174571878 }, "geometry": { "type": "LineString", "coordinates": [ [ -45.316806, -4.484025, 0.0 ], [ -45.316662, -4.483451, 0.0 ], [ -45.316709, -4.48235, 0.0 ], [ -45.317758, -4.480147, 0.0 ], [ -45.317853, -4.47974, 0.0 ], [ -45.317733, -4.478711, 0.0 ], [ -45.317352, -4.478161, 0.0 ], [ -45.315014, -4.476893, 0.0 ], [ -45.314656, -4.476008, 0.0 ], [ -45.314679, -4.475577, 0.0 ], [ -45.314894, -4.475122, 0.0 ], [ -45.315251, -4.474835, 0.0 ], [ -45.316992, -4.474571, 0.0 ], [ -45.318089, -4.474211, 0.0 ], [ -45.318733, -4.473469, 0.0 ], [ -45.318732, -4.472248, 0.0 ], [ -45.31773, -4.47019, 0.0 ], [ -45.31792, -4.469855, 0.0 ], [ -45.318397, -4.469639, 0.0 ], [ -45.319685, -4.469447, 0.0 ], [ -45.320234, -4.469662, 0.0 ], [ -45.320926, -4.470596, 0.0 ], [ -45.321379, -4.470835, 0.0 ], [ -45.322142, -4.470667, 0.0 ], [ -45.322323, -4.470208, 0.0 ] ] } },
{ "type": "Feature", "properties": { "nome": "Rio Grajaú", "comprimento": 3.4138548094200001 }, "geometry": { "type": "LineString", "coordinates": [ [ -45.308191, -3.807813, 0.0 ], [ -45.307655, -3.807203, 0.0 ], [ -45.30694, -3.806737, 0.0 ], [ -45.303222, -3.804871, 0.0 ], [ -45.302506, -3.804009, 0.0 ], [ -45.301219, -3.801137, 0.0 ], [ -45.300146, -3.80024, 0.0 ], [ -45.298241, -3.799391, 0.0 ], [ -45.297633, -3.799356, 0.0 ], [ -45.296096, -3.799679, 0.0 ], [ -45.29481, -3.799464, 0.0 ], [ -45.292308, -3.799537, 0.0 ], [ -45.289627, -3.799933, 0.0 ], [ -45.288805, -3.800256, 0.0 ], [ -45.287661, -3.801118, 0.0 ], [ -45.287304, -3.801765, 0.0 ], [ -45.286483, -3.804135, 0.0 ], [ -45.285947, -3.804889, 0.0 ], [ -45.284911, -3.805356, 0.0 ], [ -45.284088, -3.805284, 0.0 ] ] } },
{ "type": "Feature", "properties": { "nome": "Rio Grajaú", "comprimento": 0.36437884299099998 }, "geometry": { "type": "LineString", "coordinates": [ [ -45.35009, -4.328443, 0.0 ], [ -45.350688, -4.327244, 0.0 ], [ -45.350833, -4.325303, 0.0 ] ] } },
{ "type": "Feature", "properties": { "nome": "Rio Grajaú", "comprimento": 0.94303705855700004 }, "geometry": { "type": "LineString", "coordinates": [ [ -45.333942, -4.546548, 0.0 ], [ -45.333928, -4.546217, 0.0 ], [ -45.333421, -4.5452, 0.0 ], [ -45.332437, -4.544422, 0.0 ], [ -45.3319, -4.543735, 0.0 ], [ -45.331093, -4.540324, 0.0 ], [ -45.330352, -4.53912, 0.0 ] ] } },
{ "type": "Feature", "properties": { "nome": "Rio Grajaú", "comprimento": 5.7729820051400003 }, "geometry": { "type": "LineString", "coordinates": [ [ -45.284088, -3.805284, 0.0 ], [ -45.283588, -3.804638, 0.0 ], [ -45.283123, -3.803597, 0.0 ], [ -45.28298, -3.802915, 0.0 ], [ -45.283407, -3.799001, 0.0 ], [ -45.283371, -3.797422, 0.0 ], [ -45.282799, -3.79656, 0.0 ], [ -45.282191, -3.796165, 0.0 ], [ -45.280904, -3.796058, 0.0 ], [ -45.280297, -3.796489, 0.0 ], [ -45.27926, -3.797495, 0.0 ], [ -45.278868, -3.798967, 0.0 ], [ -45.27851, -3.79929, 0.0 ], [ -45.27801, -3.799434, 0.0 ], [ -45.27751, -3.799326, 0.0 ], [ -45.271468, -3.795487, 0.0 ], [ -45.269001, -3.794733, 0.0 ], [ -45.268072, -3.794877, 0.0 ], [ -45.266249, -3.795596, 0.0 ], [ -45.26532, -3.796171, 0.0 ], [ -45.264748, -3.796781, 0.0 ], [ -45.262926, -3.799977, 0.0 ], [ -45.261926, -3.801091, 0.0 ], [ -45.261497, -3.801342, 0.0 ], [ -45.260103, -3.801558, 0.0 ], [ -45.259173, -3.801163, 0.0 ], [ -45.258208, -3.80041, 0.0 ], [ -45.255348, -3.797287, 0.0 ], [ -45.25449, -3.796712, 0.0 ], [ -45.251844, -3.795672, 0.0 ], [ -45.251165, -3.795026, 0.0 ], [ -45.250879, -3.794523, 0.0 ], [ -45.250449, -3.792477, 0.0 ] ] } },
{ "type": "Feature", "properties": { "nome": "Rio Grajaú", "comprimento": 1.4754512853899999 }, "geometry": { "type": "LineString", "coordinates": [ [ -45.358588, -4.21229, 0.0 ], [ -45.359624, -4.210997, 0.0 ], [ -45.359624, -4.210458, 0.0 ], [ -45.359373, -4.210171, 0.0 ], [ -45.357728, -4.209777, 0.0 ], [ -45.356655, -4.209346, 0.0 ], [ -45.355761, -4.208772, 0.0 ], [ -45.355439, -4.208162, 0.0 ], [ -45.356117, -4.206367, 0.0 ], [ -45.356689, -4.20572, 0.0 ], [ -45.35744, -4.205325, 0.0 ], [ -45.359907, -4.205, 0.0 ] ] } },
{ "type": "Feature", "properties": { "nome": "Rio Grajaú", "comprimento": 5.3173718760800002 }, "geometry": { "type": "LineString", "coordinates": [ [ -45.756009, -5.087629, 0.0 ], [ -45.756096, -5.087071, 0.0 ], [ -45.755949, -5.086395, 0.0 ], [ -45.755685, -5.086072, 0.0 ], [ -45.755772, -5.085867, 0.0 ], [ -45.756036, -5.08569, 0.0 ], [ -45.756446, -5.085925, 0.0 ], [ -45.757296, -5.085865, 0.0 ], [ -45.757589, -5.085424, 0.0 ], [ -45.757558, -5.084689, 0.0 ], [ -45.757176, -5.083632, 0.0 ], [ -45.75615, -5.083163, 0.0 ], [ -45.753305, -5.080757, 0.0 ], [ -45.753128, -5.080022, 0.0 ], [ -45.753274, -5.079493, 0.0 ], [ -45.753596, -5.079169, 0.0 ], [ -45.754358, -5.079022, 0.0 ], [ -45.754504, -5.078493, 0.0 ], [ -45.753945, -5.076848, 0.0 ], [ -45.753885, -5.07579, 0.0 ], [ -45.75368, -5.075496, 0.0 ], [ -45.753093, -5.075115, 0.0 ], [ -45.751832, -5.074617, 0.0 ], [ -45.751188, -5.074588, 0.0 ], [ -45.750132, -5.074208, 0.0 ], [ -45.75016, -5.072591, 0.0 ], [ -45.749867, -5.072474, 0.0 ], [ -45.749456, -5.072563, 0.0 ], [ -45.748491, -5.073798, 0.0 ], [ -45.748139, -5.073975, 0.0 ], [ -45.746615, -5.073947, 0.0 ], [ -45.746469, -5.074417, 0.0 ], [ -45.746588, -5.075328, 0.0 ], [ -45.746324, -5.075417, 0.0 ], [ -45.745621, -5.075212, 0.0 ], [ -45.744156, -5.07586, 0.0 ], [ -45.743629, -5.075861, 0.0 ], [ -45.742925, -5.075597, 0.0 ], [ -45.741957, -5.07454, 0.0 ], [ -45.741459, -5.07457, 0.0 ], [ -45.741254, -5.074952, 0.0 ], [ -45.741167, -5.076098, 0.0 ], [ -45.740758, -5.076716, 0.0 ], [ -45.739, -5.07757, 0.0 ], [ -45.738353, -5.077594, 0.0 ], [ -45.738196, -5.077379, 0.0 ], [ -45.738214, -5.076981, 0.0 ], [ -45.739024, -5.075857, 0.0 ], [ -45.739052, -5.075197, 0.0 ], [ -45.73776, -5.073044, 0.0 ], [ -45.737573, -5.072226, 0.0 ], [ -45.737959, -5.071895, 0.0 ], [ -45.738833, -5.071995, 0.0 ], [ -45.739391, -5.071204, 0.0 ], [ -45.739404, -5.07063, 0.0 ] ] } },
{ "type": "Feature", "properties": { "nome": "Rio Grajaú", "comprimento": 0.85794870695600001 }, "geometry": { "type": "LineString", "coordinates": [ [ -45.358174, -4.167912, 0.0 ], [ -45.357459, -4.167661, 0.0 ], [ -45.357029, -4.166944, 0.0 ], [ -45.356707, -4.166082, 0.0 ], [ -45.356527, -4.164143, 0.0 ], [ -45.356205, -4.163354, 0.0 ], [ -45.354489, -4.161625, 0.0 ] ] } },
{ "type": "Feature", "properties": { "nome": "Rio Grajaú", "comprimento": 3.4360291354700001 }, "geometry": { "type": "LineString", "coordinates": [ [ -46.160072, -5.518479, 0.0 ], [ -46.159511, -5.516335, 0.0 ], [ -46.15954, -5.516036, 0.0 ], [ -46.15982, -5.515646, 0.0 ], [ -46.159791, -5.515244, 0.0 ], [ -46.159461, -5.51513, 0.0 ], [ -46.158989, -5.515533, 0.0 ], [ -46.158373, -5.515721, 0.0 ], [ -46.158086, -5.515477, 0.0 ], [ -46.1581, -5.515118, 0.0 ], [ -46.159746, -5.514483, 0.0 ], [ -46.161079, -5.514682, 0.0 ], [ -46.161265, -5.514251, 0.0 ], [ -46.16092, -5.513777, 0.0 ], [ -46.160059, -5.513449, 0.0 ], [ -46.159284, -5.512718, 0.0 ], [ -46.158696, -5.512461, 0.0 ], [ -46.15808, -5.512505, 0.0 ], [ -46.157737, -5.513152, 0.0 ], [ -46.157566, -5.513167, 0.0 ], [ -46.157264, -5.512837, 0.0 ], [ -46.157163, -5.512335, 0.0 ], [ -46.157406, -5.512033, 0.0 ], [ -46.158695, -5.511915, 0.0 ], [ -46.158924, -5.511728, 0.0 ], [ -46.158506, -5.510638, 0.0 ], [ -46.157285, -5.509746, 0.0 ], [ -46.157442, -5.509186, 0.0 ], [ -46.1581, -5.508782, 0.0 ], [ -46.158057, -5.508452, 0.0 ], [ -46.156881, -5.508167, 0.0 ], [ -46.15632, -5.506919, 0.0 ], [ -46.156047, -5.506862, 0.0 ], [ -46.155475, -5.507165, 0.0 ], [ -46.155276, -5.507955, 0.0 ], [ -46.154631, -5.508028, 0.0 ], [ -46.154401, -5.507756, 0.0 ], [ -46.154386, -5.507052, 0.0 ], [ -46.154627, -5.506205, 0.0 ], [ -46.155113, -5.505084, 0.0 ], [ -46.155613, -5.504666, 0.0 ], [ -46.15576, -5.504234, 0.0 ] ] } },
{ "type": "Feature", "properties": { "nome": "Rio Grajaú", "comprimento": 4.16614844339 }, "geometry": { "type": "LineString", "coordinates": [ [ -45.656541, -5.022099, 0.0 ], [ -45.656038, -5.020219, 0.0 ], [ -45.656055, -5.018936, 0.0 ], [ -45.655252, -5.017826, 0.0 ], [ -45.655137, -5.017463, 0.0 ], [ -45.655538, -5.016773, 0.0 ], [ -45.655919, -5.016734, 0.0 ], [ -45.656855, -5.017021, 0.0 ], [ -45.657046, -5.016944, 0.0 ], [ -45.657122, -5.016446, 0.0 ], [ -45.656778, -5.016236, 0.0 ], [ -45.655613, -5.016026, 0.0 ], [ -45.65504, -5.015682, 0.0 ], [ -45.655002, -5.015337, 0.0 ], [ -45.655192, -5.015107, 0.0 ], [ -45.65649, -5.014876, 0.0 ], [ -45.656566, -5.014398, 0.0 ], [ -45.656184, -5.013804, 0.0 ], [ -45.65626, -5.013517, 0.0 ], [ -45.657177, -5.013689, 0.0 ], [ -45.657386, -5.013229, 0.0 ], [ -45.657023, -5.01277, 0.0 ], [ -45.656259, -5.012617, 0.0 ], [ -45.655954, -5.012694, 0.0 ], [ -45.655534, -5.01325, 0.0 ], [ -45.654446, -5.013366, 0.0 ], [ -45.653988, -5.013883, 0.0 ], [ -45.653664, -5.013903, 0.0 ], [ -45.653453, -5.013424, 0.0 ], [ -45.65351, -5.01306, 0.0 ], [ -45.654177, -5.01126, 0.0 ], [ -45.654501, -5.010915, 0.0 ], [ -45.6545, -5.010455, 0.0 ], [ -45.653908, -5.010303, 0.0 ], [ -45.652322, -5.009232, 0.0 ], [ -45.651902, -5.009194, 0.0 ], [ -45.650719, -5.010019, 0.0 ], [ -45.65028, -5.010211, 0.0 ], [ -45.649918, -5.010173, 0.0 ], [ -45.649821, -5.008718, 0.0 ], [ -45.65066, -5.007645, 0.0 ], [ -45.650736, -5.007147, 0.0 ], [ -45.650602, -5.006783, 0.0 ], [ -45.65022, -5.006534, 0.0 ], [ -45.649551, -5.006458, 0.0 ], [ -45.648616, -5.0069, 0.0 ], [ -45.648234, -5.006766, 0.0 ], [ -45.647852, -5.006211, 0.0 ], [ -45.64787, -5.00579, 0.0 ], [ -45.648061, -5.005445, 0.0 ], [ -45.648519, -5.005196, 0.0 ], [ -45.648652, -5.004947, 0.0 ], [ -45.648537, -5.004621, 0.0 ] ] } },
{ "type": "Feature", "properties": { "nome": "Rio Grajaú", "comprimento": 2.8121148229499999 }, "geometry": { "type": "LineString", "coordinates": [ [ -45.366014, -4.23271, 0.0 ], [ -45.366607, -4.231459, 0.0 ], [ -45.366643, -4.230633, 0.0 ], [ -45.366285, -4.229664, 0.0 ], [ -45.365605, -4.228659, 0.0 ], [ -45.364746, -4.227833, 0.0 ], [ -45.362099, -4.226111, 0.0 ], [ -45.361669, -4.225321, 0.0 ], [ -45.361633, -4.22428, 0.0 ], [ -45.361811, -4.223203, 0.0 ], [ -45.362525, -4.220582, 0.0 ], [ -45.362346, -4.21911, 0.0 ], [ -45.361738, -4.218643, 0.0 ], [ -45.359878, -4.21789, 0.0 ], [ -45.359091, -4.21728, 0.0 ], [ -45.358232, -4.21606, 0.0 ], [ -45.357838, -4.21509, 0.0 ], [ -45.35798, -4.213008, 0.0 ], [ -45.358588, -4.21229, 0.0 ] ] } },
{ "type": "Feature", "properties": { "nome": "Rio Grajaú", "comprimento": 3.1498684144200002 }, "geometry": { "type": "LineString", "coordinates": [ [ -45.307168, -4.039361, 0.0 ], [ -45.306846, -4.038643, 0.0 ], [ -45.306666, -4.037386, 0.0 ], [ -45.308203, -4.034406, 0.0 ], [ -45.308202, -4.033795, 0.0 ], [ -45.308023, -4.033508, 0.0 ], [ -45.307487, -4.033221, 0.0 ], [ -45.30645, -4.033186, 0.0 ], [ -45.306021, -4.033545, 0.0 ], [ -45.305342, -4.034551, 0.0 ], [ -45.304377, -4.035305, 0.0 ], [ -45.303662, -4.035664, 0.0 ], [ -45.30284, -4.035844, 0.0 ], [ -45.301982, -4.035665, 0.0 ], [ -45.301338, -4.035234, 0.0 ], [ -45.301052, -4.034839, 0.0 ], [ -45.300908, -4.031141, 0.0 ], [ -45.300264, -4.029885, 0.0 ], [ -45.299298, -4.028844, 0.0 ], [ -45.298332, -4.027049, 0.0 ], [ -45.298045, -4.02608, 0.0 ], [ -45.297938, -4.025039, 0.0 ], [ -45.297652, -4.024392, 0.0 ], [ -45.29665, -4.023172, 0.0 ], [ -45.296507, -4.022454, 0.0 ] ] } },
{ "type": "Feature", "properties": { "nome": "Rio Grajaú", "comprimento": 2.5308403692399999 }, "geometry": { "type": "LineString", "coordinates": [ [ -45.353922, -4.265032, 0.0 ], [ -45.354141, -4.264173, 0.0 ], [ -45.354606, -4.263526, 0.0 ], [ -45.355213, -4.263023, 0.0 ], [ -45.356644, -4.262376, 0.0 ], [ -45.357323, -4.261874, 0.0 ], [ -45.357716, -4.261299, 0.0 ], [ -45.357895, -4.260329, 0.0 ], [ -45.357679, -4.259288, 0.0 ], [ -45.357429, -4.258355, 0.0 ], [ -45.356283, -4.25656, 0.0 ], [ -45.356033, -4.25577, 0.0 ], [ -45.356068, -4.254945, 0.0 ], [ -45.356497, -4.254406, 0.0 ], [ -45.357248, -4.254334, 0.0 ], [ -45.359931, -4.254979, 0.0 ], [ -45.360717, -4.254942, 0.0 ], [ -45.361289, -4.254655, 0.0 ], [ -45.361611, -4.25408, 0.0 ], [ -45.361252, -4.251926, 0.0 ], [ -45.361347, -4.249932, 0.0 ] ] } },
{ "type": "Feature", "properties": { "nome": "Rio Grajaú", "comprimento": 0.23715350037499999 }, "geometry": { "type": "LineString", "coordinates": [ [ -45.783768, -5.121393, 0.0 ], [ -45.783242, -5.120437, 0.0 ], [ -45.782932, -5.120198, 0.0 ], [ -45.782287, -5.120222, 0.0 ] ] } },
{ "type": "Feature", "properties": { "nome": "Rio Grajaú", "comprimento": 4.9865343535899997 }, "geometry": { "type": "LineString", "coordinates": [ [ -46.02544, -5.395472, 0.0 ], [ -46.024822, -5.394842, 0.0 ], [ -46.024636, -5.394483, 0.0 ], [ -46.024433, -5.393076, 0.0 ], [ -46.023349, -5.391928, 0.0 ], [ -46.023318, -5.39136, 0.0 ], [ -46.023019, -5.390882, 0.0 ], [ -46.022153, -5.390763, 0.0 ], [ -46.021854, -5.390554, 0.0 ], [ -46.021971, -5.389088, 0.0 ], [ -46.021534, -5.388173, 0.0 ], [ -46.021547, -5.387613, 0.0 ], [ -46.021733, -5.387469, 0.0 ], [ -46.022078, -5.38787, 0.0 ], [ -46.022465, -5.387927, 0.0 ], [ -46.023223, -5.387265, 0.0 ], [ -46.023208, -5.386719, 0.0 ], [ -46.023064, -5.38659, 0.0 ], [ -46.022663, -5.386548, 0.0 ], [ -46.022348, -5.386807, 0.0 ], [ -46.021202, -5.38645, 0.0 ], [ -46.020844, -5.386853, 0.0 ], [ -46.020702, -5.387614, 0.0 ], [ -46.020459, -5.387643, 0.0 ], [ -46.01911, -5.386439, 0.0 ], [ -46.017734, -5.386255, 0.0 ], [ -46.017289, -5.385767, 0.0 ], [ -46.01726, -5.385322, 0.0 ], [ -46.01703, -5.384992, 0.0 ], [ -46.016715, -5.384835, 0.0 ], [ -46.016099, -5.384893, 0.0 ], [ -46.015898, -5.385109, 0.0 ], [ -46.015743, -5.386459, 0.0 ], [ -46.015242, -5.386661, 0.0 ], [ -46.014898, -5.386575, 0.0 ], [ -46.014696, -5.386073, 0.0 ], [ -46.014694, -5.384537, 0.0 ], [ -46.015567, -5.383904, 0.0 ], [ -46.015537, -5.383214, 0.0 ], [ -46.015035, -5.382885, 0.0 ], [ -46.01472, -5.3829, 0.0 ], [ -46.014004, -5.383274, 0.0 ], [ -46.013503, -5.383361, 0.0 ], [ -46.013231, -5.383319, 0.0 ], [ -46.013058, -5.382903, 0.0 ], [ -46.013186, -5.382543, 0.0 ], [ -46.01456, -5.381823, 0.0 ], [ -46.014703, -5.381593, 0.0 ], [ -46.014617, -5.381105, 0.0 ], [ -46.014058, -5.381063, 0.0 ], [ -46.013484, -5.380619, 0.0 ], [ -46.012797, -5.380835, 0.0 ], [ -46.011277, -5.379976, 0.0 ], [ -46.010618, -5.380135, 0.0 ], [ -46.01026, -5.38061, 0.0 ], [ -46.010218, -5.380926, 0.0 ], [ -46.01085, -5.381959, 0.0 ], [ -46.010679, -5.382548, 0.0 ], [ -46.010421, -5.382692, 0.0 ], [ -46.009705, -5.382621, 0.0 ], [ -46.009333, -5.38278, 0.0 ], [ -46.008704, -5.383542, 0.0 ], [ -46.008303, -5.383758, 0.0 ], [ -46.007615, -5.383759, 0.0 ] ] } },
{ "type": "Feature", "properties": { "nome": "Rio Grajaú", "comprimento": 5.9361358122199999 }, "geometry": { "type": "LineString", "coordinates": [ [ -46.070873, -5.440123, 0.0 ], [ -46.070018, -5.440141, 0.0 ], [ -46.06893, -5.440669, 0.0 ], [ -46.068194, -5.440316, 0.0 ], [ -46.067229, -5.440289, 0.0 ], [ -46.066426, -5.439841, 0.0 ], [ -46.065976, -5.43944, 0.0 ], [ -46.065612, -5.438617, 0.0 ], [ -46.065949, -5.437561, 0.0 ], [ -46.065953, -5.436096, 0.0 ], [ -46.065459, -5.435738, 0.0 ], [ -46.065151, -5.435976, 0.0 ], [ -46.06531, -5.436952, 0.0 ], [ -46.064659, -5.437527, 0.0 ], [ -46.064561, -5.438396, 0.0 ], [ -46.064017, -5.438649, 0.0 ], [ -46.063529, -5.438499, 0.0 ], [ -46.063113, -5.438069, 0.0 ], [ -46.063091, -5.437652, 0.0 ], [ -46.064156, -5.436301, 0.0 ], [ -46.064083, -5.435899, 0.0 ], [ -46.063338, -5.43595, 0.0 ], [ -46.062535, -5.435428, 0.0 ], [ -46.061898, -5.435802, 0.0 ], [ -46.061275, -5.435782, 0.0 ], [ -46.061045, -5.435588, 0.0 ], [ -46.061294, -5.434719, 0.0 ], [ -46.060978, -5.434224, 0.0 ], [ -46.059889, -5.434521, 0.0 ], [ -46.058915, -5.43443, 0.0 ], [ -46.058944, -5.434896, 0.0 ], [ -46.059317, -5.435032, 0.0 ], [ -46.059547, -5.435297, 0.0 ], [ -46.059404, -5.435671, 0.0 ], [ -46.059642, -5.436424, 0.0 ], [ -46.058948, -5.437021, 0.0 ], [ -46.058289, -5.437044, 0.0 ], [ -46.058188, -5.436398, 0.0 ], [ -46.057254, -5.435552, 0.0 ], [ -46.057134, -5.435134, 0.0 ], [ -46.057385, -5.434311, 0.0 ], [ -46.057327, -5.433833, 0.0 ], [ -46.057136, -5.433584, 0.0 ], [ -46.056314, -5.433337, 0.0 ], [ -46.055912, -5.432993, 0.0 ], [ -46.055854, -5.432687, 0.0 ], [ -46.056177, -5.431805, 0.0 ], [ -46.056004, -5.43127, 0.0 ], [ -46.055756, -5.431174, 0.0 ], [ -46.055336, -5.431156, 0.0 ], [ -46.054763, -5.431502, 0.0 ], [ -46.054649, -5.431751, 0.0 ], [ -46.054728, -5.433378, 0.0 ], [ -46.054366, -5.433915, 0.0 ], [ -46.053698, -5.434203, 0.0 ], [ -46.052397, -5.432942, 0.0 ], [ -46.052147, -5.432253, 0.0 ], [ -46.05205, -5.431047, 0.0 ], [ -46.05182, -5.430741, 0.0 ], [ -46.051227, -5.430436, 0.0 ], [ -46.049795, -5.43063, 0.0 ], [ -46.049412, -5.430113, 0.0 ], [ -46.049276, -5.429233, 0.0 ], [ -46.049047, -5.429004, 0.0 ], [ -46.048779, -5.429004, 0.0 ], [ -46.048493, -5.4291, 0.0 ], [ -46.048436, -5.429636, 0.0 ], [ -46.048859, -5.43065, 0.0 ], [ -46.049127, -5.431014, 0.0 ], [ -46.049604, -5.43107, 0.0 ], [ -46.050006, -5.431491, 0.0 ], [ -46.049835, -5.432027, 0.0 ], [ -46.049029, -5.432126, 0.0 ] ] } },
{ "type": "Feature", "properties": { "nome": "Rio Grajaú", "comprimento": 0.23694958172800001 }, "geometry": { "type": "LineString", "coordinates": [ [ -45.665082, -5.027099, 0.0 ], [ -45.66447, -5.026563, 0.0 ], [ -45.663655, -5.025516, 0.0 ] ] } },
{ "type": "Feature", "properties": { "nome": "Rio Grajaú", "comprimento": 2.9396366774899998 }, "geometry": { "type": "LineString", "coordinates": [ [ -46.035158, -5.415185, 0.0 ], [ -46.03533, -5.414955, 0.0 ], [ -46.035645, -5.414868, 0.0 ], [ -46.036662, -5.414967, 0.0 ], [ -46.036963, -5.414838, 0.0 ], [ -46.037292, -5.414449, 0.0 ], [ -46.037463, -5.413875, 0.0 ], [ -46.036731, -5.413474, 0.0 ], [ -46.035799, -5.412686, 0.0 ], [ -46.035727, -5.412456, 0.0 ], [ -46.036013, -5.412111, 0.0 ], [ -46.036701, -5.412311, 0.0 ], [ -46.037145, -5.412224, 0.0 ], [ -46.037488, -5.411879, 0.0 ], [ -46.037488, -5.411649, 0.0 ], [ -46.037143, -5.41142, 0.0 ], [ -46.035825, -5.411322, 0.0 ], [ -46.035753, -5.411049, 0.0 ], [ -46.035938, -5.410532, 0.0 ], [ -46.035308, -5.410245, 0.0 ], [ -46.035207, -5.410045, 0.0 ], [ -46.035205, -5.408925, 0.0 ], [ -46.035076, -5.408738, 0.0 ], [ -46.034187, -5.408237, 0.0 ], [ -46.033641, -5.407578, 0.0 ], [ -46.032594, -5.406804, 0.0 ], [ -46.032464, -5.406574, 0.0 ], [ -46.032318, -5.404837, 0.0 ], [ -46.032002, -5.404249, 0.0 ], [ -46.031715, -5.40402, 0.0 ], [ -46.031657, -5.403618, 0.0 ], [ -46.032459, -5.403071, 0.0 ], [ -46.032558, -5.402769, 0.0 ], [ -46.0324, -5.402209, 0.0 ], [ -46.031869, -5.402067, 0.0 ], [ -46.031125, -5.402413, 0.0 ], [ -46.030452, -5.402471, 0.0 ], [ -46.029348, -5.402258, 0.0 ], [ -46.029061, -5.402086, 0.0 ], [ -46.028788, -5.401655, 0.0 ], [ -46.029017, -5.401196, 0.0 ], [ -46.029073, -5.400492, 0.0 ] ] } },
{ "type": "Feature", "properties": { "nome": "Rio Grajaú", "comprimento": 1.2888548551300001 }, "geometry": { "type": "LineString", "coordinates": [ [ -45.357894, -4.273238, 0.0 ], [ -45.357435, -4.272752, 0.0 ], [ -45.356613, -4.272466, 0.0 ], [ -45.353859, -4.272251, 0.0 ], [ -45.353715, -4.271964, 0.0 ], [ -45.354001, -4.270636, 0.0 ], [ -45.354072, -4.269271, 0.0 ], [ -45.353713, -4.266255, 0.0 ], [ -45.353922, -4.265032, 0.0 ] ] } },
{ "type": "Feature", "properties": { "nome": "Rio Grajaú", "comprimento": 2.4494278929000002 }, "geometry": { "type": "LineString", "coordinates": [ [ -44.84761, -3.687627, 0.0 ], [ -44.847243, -3.686123, 0.0 ], [ -44.847387, -3.684927, 0.0 ], [ -44.847863, -3.683634, 0.0 ], [ -44.848912, -3.681767, 0.0 ], [ -44.848912, -3.68081, 0.0 ], [ -44.848483, -3.679565, 0.0 ], [ -44.847864, -3.679038, 0.0 ], [ -44.846959, -3.678751, 0.0 ], [ -44.846053, -3.678751, 0.0 ], [ -44.845529, -3.67832, 0.0 ], [ -44.84572, -3.674969, 0.0 ], [ -44.845197, -3.672575, 0.0 ], [ -44.846484, -3.669463, 0.0 ], [ -44.846532, -3.66841, 0.0 ] ] } },
{ "type": "Feature", "properties": { "nome": "Rio Grajaú", "comprimento": 3.9385485632599999 }, "geometry": { "type": "LineString", "coordinates": [ [ -45.321277, -4.506829, 0.0 ], [ -45.322516, -4.506618, 0.0 ], [ -45.322873, -4.506283, 0.0 ], [ -45.323493, -4.50523, 0.0 ], [ -45.325114, -4.503817, 0.0 ], [ -45.325352, -4.503458, 0.0 ], [ -45.324658, -4.498312, 0.0 ], [ -45.324992, -4.496995, 0.0 ], [ -45.326255, -4.495989, 0.0 ], [ -45.326493, -4.493931, 0.0 ], [ -45.326063, -4.493284, 0.0 ], [ -45.325133, -4.492878, 0.0 ], [ -45.324036, -4.493046, 0.0 ], [ -45.323654, -4.493238, 0.0 ], [ -45.32313, -4.493238, 0.0 ], [ -45.322104, -4.492712, 0.0 ], [ -45.321769, -4.491252, 0.0 ], [ -45.321625, -4.489026, 0.0 ], [ -45.321124, -4.48771, 0.0 ], [ -45.321123, -4.485843, 0.0 ], [ -45.321385, -4.483975, 0.0 ], [ -45.321217, -4.483425, 0.0 ], [ -45.320931, -4.483042, 0.0 ], [ -45.320478, -4.482755, 0.0 ], [ -45.319834, -4.482851, 0.0 ], [ -45.319214, -4.483091, 0.0 ], [ -45.318237, -4.484049, 0.0 ], [ -45.317259, -4.484265, 0.0 ], [ -45.316806, -4.484025, 0.0 ] ] } },
{ "type": "Feature", "properties": { "nome": "Rio Grajaú", "comprimento": 2.8805657921800001 }, "geometry": { "type": "LineString", "coordinates": [ [ -45.815706, -5.177118, 0.0 ], [ -45.814702, -5.175923, 0.0 ], [ -45.814414, -5.175086, 0.0 ], [ -45.814389, -5.174511, 0.0 ], [ -45.814723, -5.173745, 0.0 ], [ -45.816655, -5.17245, 0.0 ], [ -45.816749, -5.171517, 0.0 ], [ -45.816151, -5.170847, 0.0 ], [ -45.815077, -5.170849, 0.0 ], [ -45.814337, -5.170538, 0.0 ], [ -45.814026, -5.170204, 0.0 ], [ -45.814049, -5.169797, 0.0 ], [ -45.814717, -5.168982, 0.0 ], [ -45.814978, -5.168431, 0.0 ], [ -45.814953, -5.167378, 0.0 ], [ -45.8145, -5.167283, 0.0 ], [ -45.813617, -5.167763, 0.0 ], [ -45.813235, -5.167476, 0.0 ], [ -45.813234, -5.167022, 0.0 ], [ -45.813925, -5.166087, 0.0 ], [ -45.814569, -5.165728, 0.0 ], [ -45.815142, -5.165679, 0.0 ], [ -45.815404, -5.165511, 0.0 ], [ -45.815308, -5.164482, 0.0 ], [ -45.814854, -5.164387, 0.0 ], [ -45.814042, -5.164508, 0.0 ], [ -45.813445, -5.163719, 0.0 ], [ -45.811821, -5.163362, 0.0 ], [ -45.810674, -5.16219, 0.0 ], [ -45.810339, -5.16164, 0.0 ] ] } },
{ "type": "Feature", "properties": { "nome": "Rio Grajaú", "comprimento": 15.7267175959 }, "geometry": { "type": "LineString", "coordinates": [ [ -45.199047, -3.781216, 0.0 ], [ -45.198833, -3.780426, 0.0 ], [ -45.199654, -3.774825, 0.0 ], [ -45.199153, -3.773102, 0.0 ], [ -45.198652, -3.772671, 0.0 ], [ -45.197651, -3.772563, 0.0 ], [ -45.195721, -3.772636, 0.0 ], [ -45.194649, -3.77278, 0.0 ], [ -45.193899, -3.773103, 0.0 ], [ -45.192862, -3.774144, 0.0 ], [ -45.191004, -3.77673, 0.0 ], [ -45.189718, -3.777807, 0.0 ], [ -45.187716, -3.777844, 0.0 ], [ -45.187001, -3.777557, 0.0 ], [ -45.186143, -3.776623, 0.0 ], [ -45.185464, -3.77569, 0.0 ], [ -45.185285, -3.774756, 0.0 ], [ -45.185463, -3.773931, 0.0 ], [ -45.186285, -3.771956, 0.0 ], [ -45.186464, -3.770735, 0.0 ], [ -45.18607, -3.770376, 0.0 ], [ -45.185212, -3.770053, 0.0 ], [ -45.183604, -3.769945, 0.0 ], [ -45.182674, -3.768797, 0.0 ], [ -45.18246, -3.767612, 0.0 ], [ -45.182031, -3.76675, 0.0 ], [ -45.181351, -3.76456, 0.0 ], [ -45.1811, -3.762801, 0.0 ], [ -45.180564, -3.761796, 0.0 ], [ -45.179563, -3.761221, 0.0 ], [ -45.177597, -3.76054, 0.0 ], [ -45.17724, -3.760181, 0.0 ], [ -45.177204, -3.759534, 0.0 ], [ -45.177597, -3.758924, 0.0 ], [ -45.178848, -3.758421, 0.0 ], [ -45.180384, -3.757236, 0.0 ], [ -45.180849, -3.756482, 0.0 ], [ -45.18092, -3.7558, 0.0 ], [ -45.179884, -3.754507, 0.0 ], [ -45.179347, -3.754364, 0.0 ], [ -45.17874, -3.754507, 0.0 ], [ -45.177382, -3.755226, 0.0 ], [ -45.17538, -3.755765, 0.0 ], [ -45.173665, -3.755657, 0.0 ], [ -45.172771, -3.755119, 0.0 ], [ -45.172092, -3.754221, 0.0 ], [ -45.17084, -3.75099, 0.0 ], [ -45.170161, -3.750272, 0.0 ], [ -45.169303, -3.749806, 0.0 ], [ -45.166301, -3.749447, 0.0 ], [ -45.165729, -3.749196, 0.0 ], [ -45.165228, -3.748442, 0.0 ], [ -45.165192, -3.747724, 0.0 ], [ -45.165406, -3.746862, 0.0 ], [ -45.165299, -3.745821, 0.0 ], [ -45.164798, -3.744744, 0.0 ], [ -45.164048, -3.74399, 0.0 ], [ -45.161152, -3.741872, 0.0 ], [ -45.159973, -3.741442, 0.0 ], [ -45.157828, -3.741119, 0.0 ], [ -45.157328, -3.740904, 0.0 ], [ -45.15697, -3.740473, 0.0 ], [ -45.156541, -3.738678, 0.0 ], [ -45.15529, -3.735734, 0.0 ], [ -45.155575, -3.734477, 0.0 ], [ -45.156361, -3.73401, 0.0 ], [ -45.156933, -3.733471, 0.0 ], [ -45.157255, -3.732717, 0.0 ], [ -45.157183, -3.731102, 0.0 ], [ -45.156611, -3.73024, 0.0 ], [ -45.155789, -3.729737, 0.0 ], [ -45.155145, -3.729558, 0.0 ], [ -45.154252, -3.729774, 0.0 ], [ -45.152537, -3.730959, 0.0 ], [ -45.151178, -3.731103, 0.0 ], [ -45.150392, -3.730923, 0.0 ], [ -45.148498, -3.730062, 0.0 ], [ -45.148033, -3.730098, 0.0 ], [ -45.146639, -3.731426, 0.0 ], [ -45.145639, -3.73175, 0.0 ], [ -45.143744, -3.731176, 0.0 ], [ -45.142529, -3.73035, 0.0 ], [ -45.140349, -3.729201, 0.0 ], [ -45.137537, -3.728478, 0.0 ], [ -45.137209, -3.728538, 0.0 ], [ -45.136584, -3.728807, 0.0 ], [ -45.135423, -3.729944, 0.0 ], [ -45.134827, -3.731381, 0.0 ], [ -45.133606, -3.732847, 0.0 ], [ -45.132891, -3.733266, 0.0 ], [ -45.130926, -3.734882, 0.0 ], [ -45.130032, -3.736049, 0.0 ], [ -45.124672, -3.73976, 0.0 ], [ -45.123749, -3.740688, 0.0 ], [ -45.121009, -3.744458, 0.0 ] ] } },
{ "type": "Feature", "properties": { "nome": "Rio Grajaú", "comprimento": 1.31325845552 }, "geometry": { "type": "LineString", "coordinates": [ [ -45.663655, -5.025516, 0.0 ], [ -45.662998, -5.024286, 0.0 ], [ -45.662654, -5.024114, 0.0 ], [ -45.662272, -5.02421, 0.0 ], [ -45.662081, -5.024478, 0.0 ], [ -45.662083, -5.025761, 0.0 ], [ -45.661911, -5.026087, 0.0 ], [ -45.661625, -5.026413, 0.0 ], [ -45.66046, -5.026376, 0.0 ], [ -45.660059, -5.026165, 0.0 ], [ -45.659772, -5.025438, 0.0 ], [ -45.658607, -5.025018, 0.0 ], [ -45.65767, -5.023889, 0.0 ], [ -45.656541, -5.022099, 0.0 ] ] } },
{ "type": "Feature", "properties": { "nome": "Rio Grajaú", "comprimento": 3.4212682837499999 }, "geometry": { "type": "LineString", "coordinates": [ [ -45.933293, -5.293777, 0.0 ], [ -45.932551, -5.292581, 0.0 ], [ -45.932431, -5.292151, 0.0 ], [ -45.93262, -5.290906, 0.0 ], [ -45.933573, -5.289445, 0.0 ], [ -45.933369, -5.288536, 0.0 ], [ -45.933034, -5.288093, 0.0 ], [ -45.932747, -5.287986, 0.0 ], [ -45.931888, -5.288191, 0.0 ], [ -45.930028, -5.289402, 0.0 ], [ -45.929395, -5.289571, 0.0 ], [ -45.928714, -5.289213, 0.0 ], [ -45.928439, -5.288866, 0.0 ], [ -45.927756, -5.287264, 0.0 ], [ -45.926944, -5.286954, 0.0 ], [ -45.92667, -5.28711, 0.0 ], [ -45.92642, -5.287517, 0.0 ], [ -45.92703, -5.288701, 0.0 ], [ -45.927031, -5.289, 0.0 ], [ -45.92659, -5.289371, 0.0 ], [ -45.925539, -5.289409, 0.0 ], [ -45.925036, -5.288452, 0.0 ], [ -45.925167, -5.28777, 0.0 ], [ -45.925619, -5.287075, 0.0 ], [ -45.925642, -5.286465, 0.0 ], [ -45.925486, -5.285544, 0.0 ], [ -45.925079, -5.285018, 0.0 ], [ -45.924255, -5.284804, 0.0 ], [ -45.923061, -5.284746, 0.0 ], [ -45.922048, -5.285776, 0.0 ], [ -45.921369, -5.286711, 0.0 ], [ -45.92113, -5.286903, 0.0 ], [ -45.920713, -5.286951, 0.0 ], [ -45.920044, -5.286593, 0.0 ], [ -45.919732, -5.285911, 0.0 ], [ -45.919278, -5.285397, 0.0 ] ] } },
{ "type": "Feature", "properties": { "nome": "Rio Grajaú", "comprimento": 1.3580048727 }, "geometry": { "type": "LineString", "coordinates": [ [ -45.336756, -4.391056, 0.0 ], [ -45.337185, -4.390912, 0.0 ], [ -45.337435, -4.390589, 0.0 ], [ -45.337721, -4.389799, 0.0 ], [ -45.337863, -4.38786, 0.0 ], [ -45.336179, -4.381614, 0.0 ], [ -45.335714, -4.38068, 0.0 ], [ -45.335463, -4.379603, 0.0 ] ] } },
{ "type": "Feature", "properties": { "nome": "Rio Grajaú", "comprimento": 1.0764981796299999 }, "geometry": { "type": "LineString", "coordinates": [ [ -45.899099, -5.251054, 0.0 ], [ -45.899027, -5.250743, 0.0 ], [ -45.898788, -5.250504, 0.0 ], [ -45.897618, -5.250769, 0.0 ], [ -45.896973, -5.25065, 0.0 ], [ -45.896686, -5.250172, 0.0 ], [ -45.896757, -5.24943, 0.0 ], [ -45.896303, -5.249143, 0.0 ], [ -45.895969, -5.249143, 0.0 ], [ -45.895516, -5.249623, 0.0 ], [ -45.895135, -5.250916, 0.0 ], [ -45.894849, -5.251227, 0.0 ], [ -45.89442, -5.251228, 0.0 ], [ -45.893751, -5.250798, 0.0 ], [ -45.89251, -5.251207, 0.0 ] ] } },
{ "type": "Feature", "properties": { "nome": "Rio Grajaú", "comprimento": 4.33137468323 }, "geometry": { "type": "LineString", "coordinates": [ [ -45.876495, -5.23742, 0.0 ], [ -45.87647, -5.236822, 0.0 ], [ -45.876637, -5.23663, 0.0 ], [ -45.877711, -5.236341, 0.0 ], [ -45.877925, -5.236006, 0.0 ], [ -45.877662, -5.235671, 0.0 ], [ -45.877256, -5.235624, 0.0 ], [ -45.876754, -5.235026, 0.0 ], [ -45.876467, -5.234907, 0.0 ], [ -45.875656, -5.235267, 0.0 ], [ -45.875513, -5.235124, 0.0 ], [ -45.87556, -5.234645, 0.0 ], [ -45.875703, -5.234406, 0.0 ], [ -45.876347, -5.234046, 0.0 ], [ -45.87637, -5.233615, 0.0 ], [ -45.876274, -5.233352, 0.0 ], [ -45.875486, -5.232778, 0.0 ], [ -45.874888, -5.232085, 0.0 ], [ -45.874386, -5.231918, 0.0 ], [ -45.874076, -5.231967, 0.0 ], [ -45.873909, -5.232278, 0.0 ], [ -45.874174, -5.233618, 0.0 ], [ -45.874151, -5.234647, 0.0 ], [ -45.873317, -5.235725, 0.0 ], [ -45.872935, -5.23575, 0.0 ], [ -45.87272, -5.235559, 0.0 ], [ -45.872695, -5.234793, 0.0 ], [ -45.871333, -5.233718, 0.0 ], [ -45.871023, -5.23379, 0.0 ], [ -45.870784, -5.234149, 0.0 ], [ -45.871072, -5.235154, 0.0 ], [ -45.870595, -5.235585, 0.0 ], [ -45.870143, -5.236304, 0.0 ], [ -45.869785, -5.2364, 0.0 ], [ -45.868996, -5.235994, 0.0 ], [ -45.868495, -5.235923, 0.0 ], [ -45.868065, -5.236068, 0.0 ], [ -45.867612, -5.236475, 0.0 ], [ -45.866083, -5.235017, 0.0 ], [ -45.865198, -5.233942, 0.0 ], [ -45.865075, -5.23162, 0.0 ], [ -45.864618, -5.228821, 0.0 ], [ -45.863634, -5.224897, 0.0 ], [ -45.862779, -5.222554, 0.0 ] ] } },
{ "type": "Feature", "properties": { "nome": "Rio Grajaú", "comprimento": 8.4431843086199994 }, "geometry": { "type": "LineString", "coordinates": [ [ -45.329247, -3.905518, 0.0 ], [ -45.331999, -3.905608, 0.0 ], [ -45.334322, -3.904063, 0.0 ], [ -45.335823, -3.904098, 0.0 ], [ -45.336789, -3.904493, 0.0 ], [ -45.337361, -3.904349, 0.0 ], [ -45.337825, -3.903882, 0.0 ], [ -45.338218, -3.903056, 0.0 ], [ -45.338218, -3.902482, 0.0 ], [ -45.337252, -3.900543, 0.0 ], [ -45.336465, -3.899754, 0.0 ], [ -45.335714, -3.899323, 0.0 ], [ -45.33507, -3.898605, 0.0 ], [ -45.33482, -3.897851, 0.0 ], [ -45.335106, -3.897205, 0.0 ], [ -45.336571, -3.896953, 0.0 ], [ -45.338395, -3.897599, 0.0 ], [ -45.338895, -3.897634, 0.0 ], [ -45.339681, -3.896629, 0.0 ], [ -45.339681, -3.895659, 0.0 ], [ -45.339394, -3.894475, 0.0 ], [ -45.337677, -3.891064, 0.0 ], [ -45.337641, -3.890454, 0.0 ], [ -45.338462, -3.888335, 0.0 ], [ -45.338462, -3.887653, 0.0 ], [ -45.337854, -3.886828, 0.0 ], [ -45.334708, -3.885321, 0.0 ], [ -45.334064, -3.884711, 0.0 ], [ -45.334064, -3.883885, 0.0 ], [ -45.334814, -3.882125, 0.0 ], [ -45.335993, -3.881048, 0.0 ], [ -45.336958, -3.880616, 0.0 ], [ -45.339889, -3.880041, 0.0 ], [ -45.340246, -3.879394, 0.0 ], [ -45.339852, -3.876666, 0.0 ], [ -45.339423, -3.875876, 0.0 ], [ -45.335847, -3.87437, 0.0 ], [ -45.335204, -3.873759, 0.0 ], [ -45.334989, -3.872682, 0.0 ], [ -45.335453, -3.872108, 0.0 ], [ -45.336883, -3.870994, 0.0 ], [ -45.340064, -3.870239, 0.0 ], [ -45.340564, -3.870059, 0.0 ], [ -45.341172, -3.869592, 0.0 ], [ -45.341493, -3.868192, 0.0 ], [ -45.341207, -3.867474, 0.0 ], [ -45.339848, -3.866146, 0.0 ], [ -45.338775, -3.865787, 0.0 ], [ -45.33806, -3.865285, 0.0 ], [ -45.337809, -3.864639, 0.0 ], [ -45.337881, -3.863921, 0.0 ], [ -45.338309, -3.86331, 0.0 ], [ -45.339346, -3.862304, 0.0 ], [ -45.339882, -3.861478, 0.0 ], [ -45.340307, -3.859515, 0.0 ] ] } },
{ "type": "Feature", "properties": { "nome": "Rio Grajaú", "comprimento": 2.4949923856999998 }, "geometry": { "type": "LineString", "coordinates": [ [ -45.350833, -4.325303, 0.0 ], [ -45.350806, -4.324731, 0.0 ], [ -45.350209, -4.322876, 0.0 ], [ -45.350209, -4.321261, 0.0 ], [ -45.350923, -4.319405, 0.0 ], [ -45.351041, -4.31743, 0.0 ], [ -45.350266, -4.315516, 0.0 ], [ -45.350146, -4.314199, 0.0 ], [ -45.350622, -4.313601, 0.0 ], [ -45.350801, -4.312883, 0.0 ], [ -45.351397, -4.312104, 0.0 ], [ -45.353899, -4.310129, 0.0 ], [ -45.356224, -4.30905, 0.0 ], [ -45.357833, -4.308571, 0.0 ], [ -45.358846, -4.308092, 0.0 ] ] } },
{ "type": "Feature", "properties": { "nome": "Rio Grajaú", "comprimento": 0.5549193314 }, "geometry": { "type": "LineString", "coordinates": [ [ -45.962434, -5.332577, 0.0 ], [ -45.962147, -5.331907, 0.0 ], [ -45.962223, -5.331562, 0.0 ], [ -45.962888, -5.329551, 0.0 ], [ -45.963727, -5.328765, 0.0 ], [ -45.963631, -5.328152, 0.0 ] ] } },
{ "type": "Feature", "properties": { "nome": "Rio Grajaú", "comprimento": 4.5937482546800004 }, "geometry": { "type": "LineString", "coordinates": [ [ -45.327186, -4.429011, 0.0 ], [ -45.329583, -4.429477, 0.0 ], [ -45.330298, -4.429369, 0.0 ], [ -45.331407, -4.428865, 0.0 ], [ -45.332337, -4.427537, 0.0 ], [ -45.333337, -4.424736, 0.0 ], [ -45.333408, -4.42294, 0.0 ], [ -45.333658, -4.422294, 0.0 ], [ -45.334087, -4.421468, 0.0 ], [ -45.335803, -4.419421, 0.0 ], [ -45.33616, -4.418846, 0.0 ], [ -45.336303, -4.418307, 0.0 ], [ -45.336303, -4.417769, 0.0 ], [ -45.336088, -4.417266, 0.0 ], [ -45.333726, -4.415185, 0.0 ], [ -45.33344, -4.414287, 0.0 ], [ -45.333439, -4.413641, 0.0 ], [ -45.333618, -4.413174, 0.0 ], [ -45.334905, -4.412492, 0.0 ], [ -45.335907, -4.411486, 0.0 ], [ -45.336049, -4.40987, 0.0 ], [ -45.335798, -4.409044, 0.0 ], [ -45.335726, -4.407393, 0.0 ], [ -45.335547, -4.406531, 0.0 ], [ -45.335224, -4.405885, 0.0 ], [ -45.334366, -4.405203, 0.0 ], [ -45.333042, -4.405204, 0.0 ], [ -45.332148, -4.404953, 0.0 ], [ -45.331647, -4.404594, 0.0 ], [ -45.331289, -4.404092, 0.0 ], [ -45.331074, -4.402907, 0.0 ], [ -45.331502, -4.40025, 0.0 ], [ -45.331429, -4.398527, 0.0 ] ] } },
{ "type": "Feature", "properties": { "nome": "Rio Grajaú", "comprimento": 3.87510349193 }, "geometry": { "type": "LineString", "coordinates": [ [ -44.846532, -3.66841, 0.0 ], [ -44.846008, -3.667788, 0.0 ], [ -44.844197, -3.667692, 0.0 ], [ -44.841624, -3.66659, 0.0 ], [ -44.841147, -3.667021, 0.0 ], [ -44.841004, -3.667787, 0.0 ], [ -44.84048, -3.668648, 0.0 ], [ -44.83824, -3.671425, 0.0 ], [ -44.837382, -3.671903, 0.0 ], [ -44.835142, -3.672477, 0.0 ], [ -44.834332, -3.673052, 0.0 ], [ -44.832711, -3.675253, 0.0 ], [ -44.832044, -3.675588, 0.0 ], [ -44.831377, -3.675828, 0.0 ], [ -44.827803, -3.675923, 0.0 ], [ -44.826088, -3.675156, 0.0 ], [ -44.825468, -3.675348, 0.0 ], [ -44.822609, -3.677789, 0.0 ], [ -44.821703, -3.678363, 0.0 ], [ -44.820988, -3.678602, 0.0 ], [ -44.819225, -3.677788, 0.0 ], [ -44.818606, -3.677309, 0.0 ], [ -44.818463, -3.676735, 0.0 ] ] } },
{ "type": "Feature", "properties": { "nome": "Rio Grajaú", "comprimento": 6.5701217270100001 }, "geometry": { "type": "LineString", "coordinates": [ [ -46.186163, -5.57268, 0.0 ], [ -46.185933, -5.572278, 0.0 ], [ -46.185701, -5.570881, 0.0 ], [ -46.185452, -5.570499, 0.0 ], [ -46.184859, -5.570347, 0.0 ], [ -46.184134, -5.570654, 0.0 ], [ -46.184214, -5.572301, 0.0 ], [ -46.183985, -5.572588, 0.0 ], [ -46.183392, -5.572532, 0.0 ], [ -46.183105, -5.572303, 0.0 ], [ -46.182894, -5.571786, 0.0 ], [ -46.182893, -5.570863, 0.0 ], [ -46.182663, -5.570346, 0.0 ], [ -46.181903, -5.56996, 0.0 ], [ -46.180268, -5.569461, 0.0 ], [ -46.18021, -5.56893, 0.0 ], [ -46.180381, -5.568585, 0.0 ], [ -46.181225, -5.56788, 0.0 ], [ -46.181425, -5.56742, 0.0 ], [ -46.181309, -5.566917, 0.0 ], [ -46.180663, -5.566279, 0.0 ], [ -46.180079, -5.565936, 0.0 ], [ -46.179191, -5.565995, 0.0 ], [ -46.178486, -5.566963, 0.0 ], [ -46.178142, -5.56705, 0.0 ], [ -46.178027, -5.566916, 0.0 ], [ -46.177931, -5.566438, 0.0 ], [ -46.17813, -5.565815, 0.0 ], [ -46.178866, -5.565699, 0.0 ], [ -46.179085, -5.565382, 0.0 ], [ -46.179753, -5.565075, 0.0 ], [ -46.1804, -5.563877, 0.0 ], [ -46.180935, -5.562455, 0.0 ], [ -46.18104, -5.561582, 0.0 ], [ -46.1808, -5.560852, 0.0 ], [ -46.179843, -5.559897, 0.0 ], [ -46.179735, -5.55949, 0.0 ], [ -46.179866, -5.55937, 0.0 ], [ -46.18075, -5.559847, 0.0 ], [ -46.181062, -5.560194, 0.0 ], [ -46.18123, -5.560696, 0.0 ], [ -46.181433, -5.560827, 0.0 ], [ -46.1824, -5.560885, 0.0 ], [ -46.182663, -5.560633, 0.0 ], [ -46.182184, -5.559928, 0.0 ], [ -46.18199, -5.558672, 0.0 ], [ -46.181583, -5.558099, 0.0 ], [ -46.180932, -5.557658, 0.0 ], [ -46.180812, -5.557335, 0.0 ], [ -46.180869, -5.556413, 0.0 ], [ -46.180272, -5.556044, 0.0 ], [ -46.179507, -5.555949, 0.0 ], [ -46.178874, -5.555664, 0.0 ], [ -46.178456, -5.555724, 0.0 ], [ -46.178098, -5.556096, 0.0 ], [ -46.177718, -5.55703, 0.0 ], [ -46.177744, -5.557939, 0.0 ], [ -46.177625, -5.558263, 0.0 ], [ -46.177386, -5.558395, 0.0 ], [ -46.177123, -5.558299, 0.0 ], [ -46.176536, -5.55726, 0.0 ], [ -46.176342, -5.555908, 0.0 ], [ -46.176449, -5.555405, 0.0 ], [ -46.177009, -5.554547, 0.0 ], [ -46.177079, -5.554116, 0.0 ], [ -46.176888, -5.553757, 0.0 ], [ -46.176672, -5.553566, 0.0 ], [ -46.176314, -5.553519, 0.0 ], [ -46.175622, -5.55376, 0.0 ], [ -46.174594, -5.553594, 0.0 ], [ -46.174308, -5.553834, 0.0 ], [ -46.174238, -5.554385, 0.0 ], [ -46.174455, -5.555509, 0.0 ], [ -46.174312, -5.555916, 0.0 ], [ -46.173763, -5.555989, 0.0 ], [ -46.173141, -5.555176, 0.0 ], [ -46.172614, -5.554795, 0.0 ], [ -46.17247, -5.554508, 0.0 ], [ -46.172444, -5.553359, 0.0 ], [ -46.171797, -5.552307, 0.0 ], [ -46.171797, -5.552044, 0.0 ], [ -46.172369, -5.551469, 0.0 ], [ -46.172488, -5.551181, 0.0 ], [ -46.172415, -5.550823, 0.0 ] ] } },
{ "type": "Feature", "properties": { "nome": "Rio Grajaú", "comprimento": 6.0761861859600002 }, "geometry": { "type": "LineString", "coordinates": [ [ -46.218098, -5.59143, 0.0 ], [ -46.217583, -5.590993, 0.0 ], [ -46.217267, -5.590994, 0.0 ], [ -46.216639, -5.5919, 0.0 ], [ -46.215406, -5.59173, 0.0 ], [ -46.215076, -5.591444, 0.0 ], [ -46.214887, -5.590123, 0.0 ], [ -46.214255, -5.589665, 0.0 ], [ -46.212994, -5.589438, 0.0 ], [ -46.212463, -5.589539, 0.0 ], [ -46.212068, -5.589818, 0.0 ], [ -46.211889, -5.590177, 0.0 ], [ -46.211801, -5.591015, 0.0 ], [ -46.211983, -5.592091, 0.0 ], [ -46.211625, -5.592511, 0.0 ], [ -46.210968, -5.592452, 0.0 ], [ -46.21049, -5.591945, 0.0 ], [ -46.209174, -5.59111, 0.0 ], [ -46.208964, -5.590333, 0.0 ], [ -46.209231, -5.589913, 0.0 ], [ -46.210872, -5.588983, 0.0 ], [ -46.21111, -5.588563, 0.0 ], [ -46.211138, -5.587696, 0.0 ], [ -46.210838, -5.587338, 0.0 ], [ -46.21042, -5.587159, 0.0 ], [ -46.208899, -5.58788, 0.0 ], [ -46.208391, -5.587791, 0.0 ], [ -46.207526, -5.588002, 0.0 ], [ -46.20699, -5.58905, 0.0 ], [ -46.206603, -5.589321, 0.0 ], [ -46.206245, -5.589321, 0.0 ], [ -46.205946, -5.589112, 0.0 ], [ -46.205915, -5.588664, 0.0 ], [ -46.206033, -5.588215, 0.0 ], [ -46.206778, -5.587466, 0.0 ], [ -46.207195, -5.586717, 0.0 ], [ -46.207253, -5.586268, 0.0 ], [ -46.206983, -5.585611, 0.0 ], [ -46.206505, -5.585492, 0.0 ], [ -46.206088, -5.585582, 0.0 ], [ -46.205078, -5.586187, 0.0 ], [ -46.204313, -5.586188, 0.0 ], [ -46.203261, -5.585616, 0.0 ], [ -46.202782, -5.584852, 0.0 ], [ -46.201395, -5.584256, 0.0 ], [ -46.201107, -5.583611, 0.0 ], [ -46.20082, -5.583324, 0.0 ], [ -46.200534, -5.583277, 0.0 ], [ -46.200056, -5.583445, 0.0 ], [ -46.198457, -5.584166, 0.0 ], [ -46.197717, -5.583976, 0.0 ], [ -46.197213, -5.583164, 0.0 ], [ -46.19702, -5.582063, 0.0 ], [ -46.197149, -5.57957, 0.0 ], [ -46.196811, -5.577752, 0.0 ], [ -46.19638, -5.577226, 0.0 ], [ -46.195615, -5.576988, 0.0 ], [ -46.194803, -5.57699, 0.0 ], [ -46.194039, -5.57747, 0.0 ], [ -46.19318, -5.577711, 0.0 ], [ -46.192798, -5.577616, 0.0 ], [ -46.19243, -5.577233, 0.0 ], [ -46.192213, -5.576468, 0.0 ], [ -46.19264, -5.57515, 0.0 ], [ -46.192425, -5.57484, 0.0 ], [ -46.191684, -5.574554, 0.0 ] ] } },
{ "type": "Feature", "properties": { "nome": "Rio Grajaú", "comprimento": 14.0337915945 }, "geometry": { "type": "LineString", "coordinates": [ [ -46.135508, -5.758291, 0.0 ], [ -46.135418, -5.758035, 0.0 ], [ -46.135561, -5.757618, 0.0 ], [ -46.13609, -5.757028, 0.0 ], [ -46.136132, -5.756569, 0.0 ], [ -46.13557, -5.755278, 0.0 ], [ -46.135453, -5.754072, 0.0 ], [ -46.135553, -5.753827, 0.0 ], [ -46.13594, -5.753654, 0.0 ], [ -46.136886, -5.75371, 0.0 ], [ -46.138179, -5.754856, 0.0 ], [ -46.139211, -5.755199, 0.0 ], [ -46.139555, -5.755126, 0.0 ], [ -46.139842, -5.754881, 0.0 ], [ -46.140027, -5.754436, 0.0 ], [ -46.140843, -5.753932, 0.0 ], [ -46.143485, -5.753829, 0.0 ], [ -46.144921, -5.754611, 0.0 ], [ -46.145226, -5.754343, 0.0 ], [ -46.145243, -5.753538, 0.0 ], [ -46.14398, -5.752852, 0.0 ], [ -46.143501, -5.75224, 0.0 ], [ -46.143288, -5.750786, 0.0 ], [ -46.142942, -5.749676, 0.0 ], [ -46.142999, -5.749312, 0.0 ], [ -46.143973, -5.749157, 0.0 ], [ -46.145005, -5.749212, 0.0 ], [ -46.145541, -5.749537, 0.0 ], [ -46.146328, -5.751335, 0.0 ], [ -46.146961, -5.752233, 0.0 ], [ -46.147899, -5.752978, 0.0 ], [ -46.148779, -5.753244, 0.0 ], [ -46.149562, -5.753185, 0.0 ], [ -46.150211, -5.752744, 0.0 ], [ -46.150993, -5.751804, 0.0 ], [ -46.151202, -5.751095, 0.0 ], [ -46.150874, -5.749717, 0.0 ], [ -46.151026, -5.749258, 0.0 ], [ -46.152478, -5.748834, 0.0 ], [ -46.153453, -5.748812, 0.0 ], [ -46.154906, -5.749212, 0.0 ], [ -46.156244, -5.749209, 0.0 ], [ -46.157354, -5.74957, 0.0 ], [ -46.158349, -5.7502, 0.0 ], [ -46.158807, -5.750218, 0.0 ], [ -46.159342, -5.749949, 0.0 ], [ -46.159971, -5.748895, 0.0 ], [ -46.160925, -5.747993, 0.0 ], [ -46.161, -5.747668, 0.0 ], [ -46.160866, -5.747381, 0.0 ], [ -46.160388, -5.747343, 0.0 ], [ -46.160005, -5.747, 0.0 ], [ -46.159584, -5.746924, 0.0 ], [ -46.158761, -5.746351, 0.0 ], [ -46.15662, -5.745934, 0.0 ], [ -46.155625, -5.745553, 0.0 ], [ -46.155185, -5.745191, 0.0 ], [ -46.154992, -5.744502, 0.0 ], [ -46.155109, -5.743913, 0.0 ], [ -46.15536, -5.743757, 0.0 ], [ -46.15714, -5.743825, 0.0 ], [ -46.157832, -5.743273, 0.0 ], [ -46.158034, -5.742842, 0.0 ], [ -46.158212, -5.742399, 0.0 ], [ -46.158211, -5.7418, 0.0 ], [ -46.157396, -5.740187, 0.0 ], [ -46.157236, -5.738949, 0.0 ], [ -46.15783, -5.737003, 0.0 ], [ -46.159703, -5.732961, 0.0 ], [ -46.160269, -5.732212, 0.0 ], [ -46.160298, -5.731733, 0.0 ], [ -46.160004, -5.731018, 0.0 ], [ -46.157894, -5.72748, 0.0 ], [ -46.157534, -5.726787, 0.0 ], [ -46.15739, -5.726117, 0.0 ], [ -46.158033, -5.725183, 0.0 ], [ -46.160538, -5.723478, 0.0 ], [ -46.161634, -5.721897, 0.0 ], [ -46.161415, -5.720832, 0.0 ], [ -46.161032, -5.720315, 0.0 ], [ -46.160381, -5.7198, 0.0 ], [ -46.159769, -5.719476, 0.0 ], [ -46.15866, -5.719172, 0.0 ], [ -46.15671, -5.719061, 0.0 ], [ -46.156327, -5.718678, 0.0 ], [ -46.15621, -5.71753, 0.0 ], [ -46.156476, -5.716974, 0.0 ], [ -46.157564, -5.716149, 0.0 ], [ -46.158367, -5.715937, 0.0 ], [ -46.161233, -5.715835, 0.0 ], [ -46.1619, -5.714992, 0.0 ], [ -46.161976, -5.714436, 0.0 ], [ -46.160848, -5.712239, 0.0 ], [ -46.159964, -5.709427, 0.0 ], [ -46.159541, -5.708566, 0.0 ], [ -46.15929, -5.707112, 0.0 ], [ -46.159518, -5.706556, 0.0 ], [ -46.160186, -5.705904, 0.0 ], [ -46.160528, -5.70508, 0.0 ], [ -46.160814, -5.704773, 0.0 ], [ -46.161347, -5.703288, 0.0 ], [ -46.161488, -5.702391, 0.0 ], [ -46.161916, -5.7016, 0.0 ], [ -46.163132, -5.700413, 0.0 ], [ -46.164455, -5.698795, 0.0 ], [ -46.164597, -5.698077, 0.0 ], [ -46.164523, -5.696856, 0.0 ], [ -46.164052, -5.694345, 0.0 ], [ -46.164013, -5.69255, 0.0 ], [ -46.164082, -5.691473, 0.0 ], [ -46.164544, -5.689641, 0.0 ], [ -46.16441, -5.688254, 0.0 ] ] } },
{ "type": "Feature", "properties": { "nome": "Rio Grajaú", "comprimento": 6.2915130529400001 }, "geometry": { "type": "LineString", "coordinates": [ [ -46.235724, -6.001835, 0.0 ], [ -46.23635, -6.001056, 0.0 ], [ -46.236665, -6.000209, 0.0 ], [ -46.235418, -5.998355, 0.0 ], [ -46.234821, -5.996442, 0.0 ], [ -46.234731, -5.995263, 0.0 ], [ -46.233637, -5.993504, 0.0 ], [ -46.232909, -5.992798, 0.0 ], [ -46.232448, -5.991823, 0.0 ], [ -46.231851, -5.98989, 0.0 ], [ -46.231379, -5.987832, 0.0 ], [ -46.230688, -5.986915, 0.0 ], [ -46.229611, -5.986056, 0.0 ], [ -46.229308, -5.985554, 0.0 ], [ -46.228961, -5.984033, 0.0 ], [ -46.228285, -5.983029, 0.0 ], [ -46.227563, -5.981101, 0.0 ], [ -46.227605, -5.980426, 0.0 ], [ -46.228878, -5.978887, 0.0 ], [ -46.228991, -5.978284, 0.0 ], [ -46.228172, -5.977381, 0.0 ], [ -46.227234, -5.975172, 0.0 ], [ -46.226817, -5.971367, 0.0 ], [ -46.22685, -5.968993, 0.0 ], [ -46.226485, -5.968056, 0.0 ], [ -46.226025, -5.967617, 0.0 ], [ -46.225719, -5.967541, 0.0 ], [ -46.224782, -5.967696, 0.0 ], [ -46.223656, -5.968273, 0.0 ], [ -46.223706, -5.968868, 0.0 ], [ -46.222918, -5.969337, 0.0 ], [ -46.221648, -5.968938, 0.0 ], [ -46.220917, -5.968817, 0.0 ], [ -46.220064, -5.968884, 0.0 ], [ -46.219334, -5.968645, 0.0 ], [ -46.218759, -5.968227, 0.0 ], [ -46.217849, -5.967176, 0.0 ], [ -46.217405, -5.966388, 0.0 ], [ -46.216887, -5.964857, 0.0 ], [ -46.216514, -5.964335, 0.0 ], [ -46.21497, -5.963381, 0.0 ], [ -46.214909, -5.9624, 0.0 ], [ -46.214046, -5.961253, 0.0 ], [ -46.213852, -5.960261, 0.0 ] ] } },
{ "type": "Feature", "properties": { "nome": "Rio Grajaú", "comprimento": 2.0648410362299998 }, "geometry": { "type": "LineString", "coordinates": [ [ -46.211924, -5.958138, 0.0 ], [ -46.211307, -5.95776, 0.0 ], [ -46.211103, -5.957186, 0.0 ], [ -46.210325, -5.956673, 0.0 ], [ -46.209499, -5.955861, 0.0 ], [ -46.208444, -5.955263, 0.0 ], [ -46.207461, -5.954057, 0.0 ], [ -46.205895, -5.953582, 0.0 ], [ -46.2055, -5.9532, 0.0 ], [ -46.20377, -5.952287, 0.0 ], [ -46.202807, -5.951399, 0.0 ], [ -46.202561, -5.950366, 0.0 ], [ -46.203016, -5.948886, 0.0 ], [ -46.203388, -5.948325, 0.0 ], [ -46.203344, -5.948024, 0.0 ], [ -46.203114, -5.94778, 0.0 ], [ -46.202225, -5.947595, 0.0 ], [ -46.201952, -5.947352, 0.0 ], [ -46.201999, -5.945954, 0.0 ], [ -46.201853, -5.945634, 0.0 ] ] } },
{ "type": "Feature", "properties": { "nome": "Rio Grajaú", "comprimento": 2.4268867925299999 }, "geometry": { "type": "LineString", "coordinates": [ [ -46.191138, -5.937633, 0.0 ], [ -46.190832, -5.937748, 0.0 ], [ -46.18957, -5.937751, 0.0 ], [ -46.189206, -5.937465, 0.0 ], [ -46.188899, -5.937025, 0.0 ], [ -46.188649, -5.936068, 0.0 ], [ -46.188589, -5.935092, 0.0 ], [ -46.188722, -5.934747, 0.0 ], [ -46.189009, -5.934517, 0.0 ], [ -46.190556, -5.933997, 0.0 ], [ -46.191627, -5.93409, 0.0 ], [ -46.192163, -5.934338, 0.0 ], [ -46.193999, -5.93443, 0.0 ], [ -46.194858, -5.933911, 0.0 ], [ -46.194914, -5.933451, 0.0 ], [ -46.194665, -5.932877, 0.0 ], [ -46.192865, -5.931637, 0.0 ], [ -46.192136, -5.930442, 0.0 ], [ -46.191673, -5.928912, 0.0 ], [ -46.190751, -5.926731, 0.0 ], [ -46.190731, -5.926099, 0.0 ], [ -46.19033, -5.924966, 0.0 ] ] } },
{ "type": "Feature", "properties": { "nome": "Rio Grajaú", "comprimento": 1.2557685247199999 }, "geometry": { "type": "LineString", "coordinates": [ [ -46.19033, -5.924966, 0.0 ], [ -46.189732, -5.923957, 0.0 ], [ -46.189232, -5.92258, 0.0 ], [ -46.18873, -5.920284, 0.0 ], [ -46.18848, -5.919787, 0.0 ], [ -46.187503, -5.918774, 0.0 ], [ -46.186161, -5.916882, 0.0 ], [ -46.185429, -5.914945, 0.0 ] ] } },
{ "type": "Feature", "properties": { "nome": "Rio Grajaú", "comprimento": 4.8218908748500002 }, "geometry": { "type": "LineString", "coordinates": [ [ -46.185429, -5.914945, 0.0 ], [ -46.184853, -5.913553, 0.0 ], [ -46.184547, -5.913363, 0.0 ], [ -46.183992, -5.913268, 0.0 ], [ -46.182578, -5.913443, 0.0 ], [ -46.178867, -5.912513, 0.0 ], [ -46.17355, -5.911854, 0.0 ], [ -46.171656, -5.911227, 0.0 ], [ -46.170566, -5.911114, 0.0 ], [ -46.16942, -5.911442, 0.0 ], [ -46.167892, -5.912192, 0.0 ], [ -46.165544, -5.914073, 0.0 ], [ -46.164551, -5.914649, 0.0 ], [ -46.160901, -5.915614, 0.0 ], [ -46.157224, -5.916173, 0.0 ], [ -46.154102, -5.914672, 0.0 ], [ -46.153204, -5.91392, 0.0 ], [ -46.152844, -5.912952, 0.0 ], [ -46.15162, -5.910693, 0.0 ], [ -46.150758, -5.909582, 0.0 ], [ -46.150575, -5.908111, 0.0 ], [ -46.150652, -5.906399, 0.0 ] ] } },
{ "type": "Feature", "properties": { "nome": "Rio Grajaú", "comprimento": 1.07116287809 }, "geometry": { "type": "LineString", "coordinates": [ [ -46.191684, -5.574554, 0.0 ], [ -46.19037, -5.5747, 0.0 ], [ -46.190036, -5.574605, 0.0 ], [ -46.190011, -5.574031, 0.0 ], [ -46.190416, -5.573456, 0.0 ], [ -46.190391, -5.572786, 0.0 ], [ -46.189865, -5.572548, 0.0 ], [ -46.189316, -5.57274, 0.0 ], [ -46.188623, -5.572742, 0.0 ], [ -46.187441, -5.571528, 0.0 ], [ -46.187078, -5.571433, 0.0 ], [ -46.186563, -5.571702, 0.0 ], [ -46.186736, -5.572353, 0.0 ], [ -46.186622, -5.57264, 0.0 ], [ -46.186163, -5.57268, 0.0 ] ] } },
{ "type": "Feature", "properties": { "nome": "Rio Grajaú", "comprimento": 16.185603900099998 }, "geometry": { "type": "LineString", "coordinates": [ [ -46.183725, -5.659671, 0.0 ], [ -46.18428, -5.659976, 0.0 ], [ -46.184797, -5.660741, 0.0 ], [ -46.185524, -5.66095, 0.0 ], [ -46.185868, -5.660815, 0.0 ], [ -46.18642, -5.660086, 0.0 ], [ -46.186418, -5.658842, 0.0 ], [ -46.186951, -5.658075, 0.0 ], [ -46.187658, -5.657978, 0.0 ], [ -46.187907, -5.658169, 0.0 ], [ -46.188176, -5.658762, 0.0 ], [ -46.189572, -5.659314, 0.0 ], [ -46.189973, -5.659352, 0.0 ], [ -46.190317, -5.659159, 0.0 ], [ -46.190564, -5.65868, 0.0 ], [ -46.190808, -5.656191, 0.0 ], [ -46.190614, -5.654909, 0.0 ], [ -46.190307, -5.654412, 0.0 ], [ -46.189196, -5.653284, 0.0 ], [ -46.189081, -5.652634, 0.0 ], [ -46.189156, -5.652021, 0.0 ], [ -46.189809, -5.650852, 0.0 ], [ -46.18996, -5.650143, 0.0 ], [ -46.189366, -5.649244, 0.0 ], [ -46.18925, -5.64846, 0.0 ], [ -46.18944, -5.648019, 0.0 ], [ -46.189937, -5.647961, 0.0 ], [ -46.190243, -5.648132, 0.0 ], [ -46.191009, -5.64905, 0.0 ], [ -46.191449, -5.649202, 0.0 ], [ -46.191869, -5.648856, 0.0 ], [ -46.191753, -5.648263, 0.0 ], [ -46.191101, -5.647288, 0.0 ], [ -46.190642, -5.647155, 0.0 ], [ -46.189209, -5.647215, 0.0 ], [ -46.187374, -5.646951, 0.0 ], [ -46.187163, -5.646473, 0.0 ], [ -46.187123, -5.645918, 0.0 ], [ -46.187254, -5.644673, 0.0 ], [ -46.187177, -5.644118, 0.0 ], [ -46.186928, -5.643755, 0.0 ], [ -46.186677, -5.642722, 0.0 ], [ -46.186736, -5.642396, 0.0 ], [ -46.187223, -5.642007, 0.0 ], [ -46.188512, -5.641646, 0.0 ], [ -46.1892, -5.641716, 0.0 ], [ -46.191266, -5.642559, 0.0 ], [ -46.191724, -5.642573, 0.0 ], [ -46.192154, -5.642356, 0.0 ], [ -46.192554, -5.64191, 0.0 ], [ -46.193054, -5.640933, 0.0 ], [ -46.192996, -5.640617, 0.0 ], [ -46.192723, -5.640302, 0.0 ], [ -46.191002, -5.639631, 0.0 ], [ -46.190541, -5.638512, 0.0 ], [ -46.19041, -5.637579, 0.0 ], [ -46.190731, -5.636732, 0.0 ], [ -46.191169, -5.636368, 0.0 ], [ -46.192068, -5.636423, 0.0 ], [ -46.19308, -5.636115, 0.0 ], [ -46.19373, -5.636114, 0.0 ], [ -46.194206, -5.635462, 0.0 ], [ -46.194434, -5.634695, 0.0 ], [ -46.193953, -5.632993, 0.0 ], [ -46.193684, -5.63261, 0.0 ], [ -46.193263, -5.632286, 0.0 ], [ -46.1929, -5.63221, 0.0 ], [ -46.19118, -5.632175, 0.0 ], [ -46.190988, -5.631869, 0.0 ], [ -46.191045, -5.631467, 0.0 ], [ -46.192228, -5.630852, 0.0 ], [ -46.193413, -5.630639, 0.0 ], [ -46.194883, -5.630119, 0.0 ], [ -46.195189, -5.630138, 0.0 ], [ -46.195553, -5.630443, 0.0 ], [ -46.19567, -5.631668, 0.0 ], [ -46.196052, -5.631859, 0.0 ], [ -46.196358, -5.631724, 0.0 ], [ -46.196509, -5.631111, 0.0 ], [ -46.195934, -5.630117, 0.0 ], [ -46.195517, -5.628084, 0.0 ], [ -46.195687, -5.627409, 0.0 ], [ -46.195902, -5.627136, 0.0 ], [ -46.196202, -5.626949, 0.0 ], [ -46.197048, -5.626918, 0.0 ], [ -46.19752, -5.626573, 0.0 ], [ -46.197878, -5.626515, 0.0 ], [ -46.199068, -5.626512, 0.0 ], [ -46.200459, -5.627155, 0.0 ], [ -46.201348, -5.627067, 0.0 ], [ -46.201834, -5.626707, 0.0 ], [ -46.202064, -5.625737, 0.0 ], [ -46.202884, -5.625161, 0.0 ], [ -46.20317, -5.624797, 0.0 ], [ -46.20315, -5.624357, 0.0 ], [ -46.202863, -5.624013, 0.0 ], [ -46.201792, -5.623785, 0.0 ], [ -46.201656, -5.622694, 0.0 ], [ -46.201445, -5.622178, 0.0 ], [ -46.200891, -5.622026, 0.0 ], [ -46.200146, -5.622257, 0.0 ], [ -46.19942, -5.622239, 0.0 ], [ -46.199113, -5.62201, 0.0 ], [ -46.199016, -5.621302, 0.0 ], [ -46.199493, -5.620535, 0.0 ], [ -46.199701, -5.619692, 0.0 ], [ -46.199586, -5.619367, 0.0 ], [ -46.198839, -5.618833, 0.0 ], [ -46.198742, -5.618067, 0.0 ], [ -46.198933, -5.617703, 0.0 ], [ -46.19973, -5.617032, 0.0 ], [ -46.200206, -5.616098, 0.0 ], [ -46.201017, -5.615546, 0.0 ], [ -46.202139, -5.615304, 0.0 ], [ -46.205124, -5.615083, 0.0 ], [ -46.207201, -5.614576, 0.0 ], [ -46.207989, -5.614072, 0.0 ], [ -46.208607, -5.612826, 0.0 ], [ -46.209585, -5.61213, 0.0 ], [ -46.21066, -5.612224, 0.0 ], [ -46.2114, -5.612103, 0.0 ], [ -46.211758, -5.611767, 0.0 ], [ -46.211852, -5.611264, 0.0 ], [ -46.211804, -5.610905, 0.0 ], [ -46.211205, -5.610021, 0.0 ], [ -46.211323, -5.609351, 0.0 ], [ -46.211585, -5.609087, 0.0 ], [ -46.211943, -5.608967, 0.0 ], [ -46.212624, -5.609137, 0.0 ], [ -46.212825, -5.609438, 0.0 ], [ -46.212812, -5.610012, 0.0 ], [ -46.213041, -5.610098, 0.0 ], [ -46.213729, -5.609938, 0.0 ], [ -46.214301, -5.609162, 0.0 ], [ -46.214731, -5.609276, 0.0 ], [ -46.214889, -5.60962, 0.0 ], [ -46.215262, -5.609792, 0.0 ], [ -46.215506, -5.609762, 0.0 ], [ -46.21615, -5.609287, 0.0 ], [ -46.216779, -5.608554, 0.0 ], [ -46.217035, -5.607893, 0.0 ], [ -46.216991, -5.60739, 0.0 ], [ -46.216545, -5.606544, 0.0 ], [ -46.215956, -5.605842, 0.0 ], [ -46.2152, -5.605267, 0.0 ], [ -46.215142, -5.604923, 0.0 ], [ -46.215328, -5.604491, 0.0 ], [ -46.216028, -5.6037, 0.0 ], [ -46.216587, -5.603556, 0.0 ], [ -46.217447, -5.603884, 0.0 ], [ -46.217506, -5.604602, 0.0 ], [ -46.21788, -5.605333, 0.0 ], [ -46.218282, -5.605677, 0.0 ], [ -46.218712, -5.605604, 0.0 ], [ -46.219284, -5.604871, 0.0 ], [ -46.219484, -5.604468, 0.0 ], [ -46.219296, -5.604009, 0.0 ], [ -46.218924, -5.60391, 0.0 ], [ -46.218335, -5.603279, 0.0 ], [ -46.218102, -5.601557, 0.0 ], [ -46.218243, -5.600609, 0.0 ], [ -46.219159, -5.599832, 0.0 ], [ -46.219243, -5.599042, 0.0 ], [ -46.218884, -5.598655, 0.0 ], [ -46.217679, -5.598198, 0.0 ], [ -46.217177, -5.597854, 0.0 ], [ -46.216947, -5.597625, 0.0 ], [ -46.216515, -5.596563, 0.0 ], [ -46.215339, -5.596164, 0.0 ], [ -46.215008, -5.595447, 0.0 ], [ -46.215079, -5.594987, 0.0 ], [ -46.215501, -5.59458, 0.0 ], [ -46.216117, -5.594521, 0.0 ], [ -46.216675, -5.59419, 0.0 ], [ -46.217492, -5.594159, 0.0 ], [ -46.217792, -5.593886, 0.0 ], [ -46.217775, -5.592579, 0.0 ], [ -46.218098, -5.59143, 0.0 ] ] } },
{ "type": "Feature", "properties": { "nome": "Rio Grajaú", "comprimento": 5.1127315482900002 }, "geometry": { "type": "LineString", "coordinates": [ [ -46.16441, -5.688254, 0.0 ], [ -46.164678, -5.687685, 0.0 ], [ -46.168111, -5.687289, 0.0 ], [ -46.168319, -5.68672, 0.0 ], [ -46.167809, -5.685794, 0.0 ], [ -46.167569, -5.684957, 0.0 ], [ -46.167567, -5.684119, 0.0 ], [ -46.167984, -5.683341, 0.0 ], [ -46.169086, -5.682142, 0.0 ], [ -46.169502, -5.681304, 0.0 ], [ -46.170482, -5.678669, 0.0 ], [ -46.170867, -5.676694, 0.0 ], [ -46.171998, -5.674787, 0.0 ], [ -46.172443, -5.673769, 0.0 ], [ -46.172798, -5.672153, 0.0 ], [ -46.173156, -5.671525, 0.0 ], [ -46.174306, -5.670526, 0.0 ], [ -46.176349, -5.669315, 0.0 ], [ -46.176883, -5.669046, 0.0 ], [ -46.178947, -5.668774, 0.0 ], [ -46.179481, -5.668543, 0.0 ], [ -46.180015, -5.667949, 0.0 ], [ -46.180186, -5.667489, 0.0 ], [ -46.180127, -5.6668, 0.0 ], [ -46.179533, -5.665825, 0.0 ], [ -46.17871, -5.665271, 0.0 ], [ -46.177028, -5.66514, 0.0 ], [ -46.176569, -5.664931, 0.0 ], [ -46.176263, -5.664721, 0.0 ], [ -46.176128, -5.664319, 0.0 ], [ -46.176146, -5.663668, 0.0 ], [ -46.176718, -5.662882, 0.0 ], [ -46.177863, -5.662286, 0.0 ], [ -46.178416, -5.661806, 0.0 ], [ -46.179811, -5.661727, 0.0 ], [ -46.181073, -5.661973, 0.0 ], [ -46.182067, -5.661971, 0.0 ], [ -46.182563, -5.661798, 0.0 ], [ -46.183041, -5.661491, 0.0 ], [ -46.183439, -5.659863, 0.0 ], [ -46.183725, -5.659671, 0.0 ] ] } },
{ "type": "Feature", "properties": { "nome": "Rio Grajaú", "comprimento": 2.7574534825799999 }, "geometry": { "type": "LineString", "coordinates": [ [ -46.143139, -5.774093, 0.0 ], [ -46.142886, -5.772099, 0.0 ], [ -46.142857, -5.769994, 0.0 ], [ -46.143022, -5.768845, 0.0 ], [ -46.142902, -5.768247, 0.0 ], [ -46.142422, -5.767242, 0.0 ], [ -46.142421, -5.766812, 0.0 ], [ -46.142969, -5.765817, 0.0 ], [ -46.144495, -5.764397, 0.0 ], [ -46.145009, -5.763267, 0.0 ], [ -46.145046, -5.762673, 0.0 ], [ -46.144758, -5.762157, 0.0 ], [ -46.143782, -5.761642, 0.0 ], [ -46.143284, -5.761183, 0.0 ], [ -46.142574, -5.759615, 0.0 ], [ -46.140927, -5.758316, 0.0 ], [ -46.140373, -5.758088, 0.0 ], [ -46.138773, -5.757956, 0.0 ], [ -46.137698, -5.758447, 0.0 ], [ -46.136854, -5.759109, 0.0 ], [ -46.136496, -5.759124, 0.0 ], [ -46.136036, -5.758967, 0.0 ], [ -46.13562, -5.758609, 0.0 ], [ -46.135508, -5.758291, 0.0 ] ] } },
{ "type": "Feature", "properties": { "nome": "Rio Grajaú", "comprimento": 10.501357024600001 }, "geometry": { "type": "LineString", "coordinates": [ [ -46.137189, -5.83697, 0.0 ], [ -46.137845, -5.83634, 0.0 ], [ -46.138442, -5.83601, 0.0 ], [ -46.140085, -5.835977, 0.0 ], [ -46.141219, -5.835645, 0.0 ], [ -46.141606, -5.835196, 0.0 ], [ -46.141589, -5.834405, 0.0 ], [ -46.142919, -5.83255, 0.0 ], [ -46.144737, -5.831111, 0.0 ], [ -46.14518, -5.830334, 0.0 ], [ -46.145063, -5.829329, 0.0 ], [ -46.144264, -5.826784, 0.0 ], [ -46.143421, -5.825752, 0.0 ], [ -46.141738, -5.825372, 0.0 ], [ -46.141489, -5.824913, 0.0 ], [ -46.141545, -5.82432, 0.0 ], [ -46.142745, -5.822384, 0.0 ], [ -46.143088, -5.821579, 0.0 ], [ -46.143603, -5.821008, 0.0 ], [ -46.144233, -5.820777, 0.0 ], [ -46.144419, -5.820519, 0.0 ], [ -46.144504, -5.819772, 0.0 ], [ -46.145217, -5.817861, 0.0 ], [ -46.145203, -5.815729, 0.0 ], [ -46.145676, -5.813488, 0.0 ], [ -46.145675, -5.81299, 0.0 ], [ -46.145273, -5.812474, 0.0 ], [ -46.143934, -5.812017, 0.0 ], [ -46.139975, -5.81147, 0.0 ], [ -46.139497, -5.811184, 0.0 ], [ -46.139094, -5.810572, 0.0 ], [ -46.13894, -5.809979, 0.0 ], [ -46.138725, -5.807651, 0.0 ], [ -46.138418, -5.807211, 0.0 ], [ -46.136791, -5.805817, 0.0 ], [ -46.136484, -5.805358, 0.0 ], [ -46.136292, -5.804746, 0.0 ], [ -46.136252, -5.803827, 0.0 ], [ -46.13648, -5.803118, 0.0 ], [ -46.136765, -5.802639, 0.0 ], [ -46.137987, -5.801526, 0.0 ], [ -46.140029, -5.799991, 0.0 ], [ -46.140804, -5.799167, 0.0 ], [ -46.141016, -5.797623, 0.0 ], [ -46.141014, -5.796582, 0.0 ], [ -46.140797, -5.795793, 0.0 ], [ -46.140115, -5.795076, 0.0 ], [ -46.137926, -5.793788, 0.0 ], [ -46.137387, -5.793035, 0.0 ], [ -46.13717, -5.792138, 0.0 ], [ -46.137381, -5.790523, 0.0 ], [ -46.13781, -5.78984, 0.0 ], [ -46.138812, -5.788976, 0.0 ], [ -46.140316, -5.788399, 0.0 ], [ -46.142932, -5.788358, 0.0 ], [ -46.145477, -5.788496, 0.0 ], [ -46.146338, -5.78871, 0.0 ], [ -46.147594, -5.789318, 0.0 ], [ -46.149599, -5.788416, 0.0 ], [ -46.150207, -5.787661, 0.0 ], [ -46.150635, -5.786547, 0.0 ], [ -46.150632, -5.785435, 0.0 ], [ -46.150162, -5.783318, 0.0 ], [ -46.149765, -5.782098, 0.0 ], [ -46.148974, -5.780556, 0.0 ], [ -46.148183, -5.779301, 0.0 ], [ -46.147034, -5.778263, 0.0 ], [ -46.145993, -5.777475, 0.0 ], [ -46.144773, -5.776832, 0.0 ], [ -46.143537, -5.775257, 0.0 ], [ -46.143139, -5.774093, 0.0 ] ] } },
{ "type": "Feature", "properties": { "nome": "Rio Grajaú", "comprimento": 4.75403536506 }, "geometry": { "type": "LineString", "coordinates": [ [ -46.127759, -5.864386, 0.0 ], [ -46.127797, -5.863844, 0.0 ], [ -46.12825, -5.863364, 0.0 ], [ -46.128728, -5.86322, 0.0 ], [ -46.12966, -5.863289, 0.0 ], [ -46.131403, -5.862736, 0.0 ], [ -46.132143, -5.86216, 0.0 ], [ -46.132309, -5.861489, 0.0 ], [ -46.132283, -5.860795, 0.0 ], [ -46.131349, -5.859481, 0.0 ], [ -46.130153, -5.858957, 0.0 ], [ -46.127567, -5.856467, 0.0 ], [ -46.126489, -5.854914, 0.0 ], [ -46.1262, -5.853742, 0.0 ], [ -46.126461, -5.853048, 0.0 ], [ -46.127321, -5.852926, 0.0 ], [ -46.128253, -5.853092, 0.0 ], [ -46.129662, -5.852347, 0.0 ], [ -46.130377, -5.851747, 0.0 ], [ -46.130472, -5.851221, 0.0 ], [ -46.130328, -5.850766, 0.0 ], [ -46.12846, -5.848999, 0.0 ], [ -46.127981, -5.847847, 0.0 ], [ -46.128028, -5.847225, 0.0 ], [ -46.128313, -5.846697, 0.0 ], [ -46.129411, -5.845786, 0.0 ], [ -46.129863, -5.844828, 0.0 ], [ -46.12983, -5.840568, 0.0 ], [ -46.130307, -5.839682, 0.0 ], [ -46.130784, -5.83937, 0.0 ], [ -46.131142, -5.839249, 0.0 ], [ -46.132534, -5.839253, 0.0 ], [ -46.133698, -5.838981, 0.0 ], [ -46.134415, -5.83865, 0.0 ], [ -46.135846, -5.837631, 0.0 ], [ -46.137189, -5.83697, 0.0 ] ] } },
{ "type": "Feature", "properties": { "nome": "Rio Grajaú", "comprimento": 1.3875144048600001 }, "geometry": { "type": "LineString", "coordinates": [ [ -46.124717, -5.874134, 0.0 ], [ -46.125314, -5.873714, 0.0 ], [ -46.125461, -5.872637, 0.0 ], [ -46.125968, -5.872277, 0.0 ], [ -46.127848, -5.871555, 0.0 ], [ -46.129262, -5.867406, 0.0 ], [ -46.129331, -5.866281, 0.0 ], [ -46.128206, -5.865303, 0.0 ], [ -46.127871, -5.864873, 0.0 ], [ -46.127759, -5.864386, 0.0 ] ] } },
{ "type": "Feature", "properties": { "nome": "Rio Grajaú", "comprimento": 1.3836905768700001 }, "geometry": { "type": "LineString", "coordinates": [ [ -46.133377, -5.881907, 0.0 ], [ -46.129834, -5.8787, 0.0 ], [ -46.128309, -5.877806, 0.0 ], [ -46.126695, -5.877301, 0.0 ], [ -46.125199, -5.876107, 0.0 ], [ -46.12454, -5.875331, 0.0 ], [ -46.124389, -5.874583, 0.0 ], [ -46.124717, -5.874134, 0.0 ] ] } },
{ "type": "Feature", "properties": { "nome": "Rio Grajaú", "comprimento": 1.2877601464099999 }, "geometry": { "type": "LineString", "coordinates": [ [ -46.139387, -5.891073, 0.0 ], [ -46.139053, -5.890294, 0.0 ], [ -46.137902, -5.885833, 0.0 ], [ -46.137064, -5.885027, 0.0 ], [ -46.13551, -5.884402, 0.0 ], [ -46.134881, -5.883895, 0.0 ], [ -46.133377, -5.881907, 0.0 ] ] } },
{ "type": "Feature", "properties": { "nome": "Rio Grajaú", "comprimento": 3.1926368085700001 }, "geometry": { "type": "LineString", "coordinates": [ [ -46.150652, -5.906399, 0.0 ], [ -46.150793, -5.905155, 0.0 ], [ -46.151317, -5.904053, 0.0 ], [ -46.151387, -5.903191, 0.0 ], [ -46.151266, -5.902665, 0.0 ], [ -46.150404, -5.901686, 0.0 ], [ -46.148274, -5.900134, 0.0 ], [ -46.147341, -5.899873, 0.0 ], [ -46.146457, -5.899875, 0.0 ], [ -46.145907, -5.90002, 0.0 ], [ -46.144475, -5.901028, 0.0 ], [ -46.143019, -5.901653, 0.0 ], [ -46.142135, -5.901655, 0.0 ], [ -46.141895, -5.901368, 0.0 ], [ -46.141942, -5.900937, 0.0 ], [ -46.1423, -5.900577, 0.0 ], [ -46.142628, -5.897538, 0.0 ], [ -46.142842, -5.896939, 0.0 ], [ -46.143986, -5.895261, 0.0 ], [ -46.1442, -5.894735, 0.0 ], [ -46.144174, -5.894017, 0.0 ], [ -46.143983, -5.89373, 0.0 ], [ -46.141377, -5.893281, 0.0 ], [ -46.140826, -5.892971, 0.0 ], [ -46.140395, -5.892589, 0.0 ], [ -46.139387, -5.891073, 0.0 ] ] } },
{ "type": "Feature", "properties": { "nome": "Rio Grajaú", "comprimento": 1.7916248019300001 }, "geometry": { "type": "LineString", "coordinates": [ [ -46.201853, -5.945634, 0.0 ], [ -46.20135, -5.944196, 0.0 ], [ -46.199081, -5.939463, 0.0 ], [ -46.198722, -5.939105, 0.0 ], [ -46.198325, -5.938101, 0.0 ], [ -46.197319, -5.937098, 0.0 ], [ -46.196422, -5.936705, 0.0 ], [ -46.195885, -5.936706, 0.0 ], [ -46.195094, -5.936839, 0.0 ], [ -46.193661, -5.937417, 0.0 ], [ -46.191138, -5.937633, 0.0 ] ] } },
{ "type": "Feature", "properties": { "nome": "Rio Grajaú", "comprimento": 0.376532253747 }, "geometry": { "type": "LineString", "coordinates": [ [ -46.213852, -5.960261, 0.0 ], [ -46.213845, -5.959501, 0.0 ], [ -46.213137, -5.958342, 0.0 ], [ -46.212838, -5.958151, 0.0 ], [ -46.211924, -5.958138, 0.0 ] ] } },
{ "type": "Feature", "properties": { "nome": "Rio Grajaú", "comprimento": 1.7502524910799999 }, "geometry": { "type": "LineString", "coordinates": [ [ -46.172415, -5.550823, 0.0 ], [ -46.171841, -5.550058, 0.0 ], [ -46.17153, -5.549915, 0.0 ], [ -46.170694, -5.549917, 0.0 ], [ -46.170074, -5.550396, 0.0 ], [ -46.169764, -5.550469, 0.0 ], [ -46.169429, -5.55035, 0.0 ], [ -46.169118, -5.549992, 0.0 ], [ -46.169046, -5.549681, 0.0 ], [ -46.169045, -5.549274, 0.0 ], [ -46.169448, -5.548029, 0.0 ], [ -46.169281, -5.547742, 0.0 ], [ -46.168517, -5.547863, 0.0 ], [ -46.168066, -5.549419, 0.0 ], [ -46.167684, -5.549635, 0.0 ], [ -46.166609, -5.54947, 0.0 ], [ -46.165868, -5.548945, 0.0 ], [ -46.164721, -5.548852, 0.0 ], [ -46.164458, -5.548708, 0.0 ], [ -46.16429, -5.548374, 0.0 ], [ -46.164882, -5.545764, 0.0 ] ] } },
{ "type": "Feature", "properties": { "nome": "Rio Grajaú", "comprimento": 1.10572129846 }, "geometry": { "type": "LineString", "coordinates": [ [ -46.029073, -5.400492, 0.0 ], [ -46.028972, -5.399889, 0.0 ], [ -46.028613, -5.399631, 0.0 ], [ -46.027654, -5.400365, 0.0 ], [ -46.027182, -5.400438, 0.0 ], [ -46.026508, -5.400137, 0.0 ], [ -46.026062, -5.399047, 0.0 ], [ -46.026017, -5.397898, 0.0 ], [ -46.026302, -5.397366, 0.0 ], [ -46.027261, -5.396733, 0.0 ], [ -46.02729, -5.396575, 0.0 ], [ -46.026429, -5.396189, 0.0 ], [ -46.02544, -5.395472, 0.0 ] ] } },
{ "type": "Feature", "properties": { "nome": "Rio Grajaú", "comprimento": 3.0770419002599998 }, "geometry": { "type": "LineString", "coordinates": [ [ -45.723674, -5.045792, 0.0 ], [ -45.723172, -5.044668, 0.0 ], [ -45.722766, -5.044213, 0.0 ], [ -45.72236, -5.044094, 0.0 ], [ -45.722002, -5.04431, 0.0 ], [ -45.721478, -5.045603, 0.0 ], [ -45.720953, -5.045771, 0.0 ], [ -45.720643, -5.045652, 0.0 ], [ -45.720332, -5.045125, 0.0 ], [ -45.720594, -5.044455, 0.0 ], [ -45.720378, -5.043618, 0.0 ], [ -45.720449, -5.042947, 0.0 ], [ -45.720306, -5.042756, 0.0 ], [ -45.719351, -5.042996, 0.0 ], [ -45.718945, -5.042805, 0.0 ], [ -45.717995, -5.041945, 0.0 ], [ -45.717529, -5.04182, 0.0 ], [ -45.716861, -5.042132, 0.0 ], [ -45.715913, -5.042912, 0.0 ], [ -45.71567, -5.043314, 0.0 ], [ -45.715599, -5.043745, 0.0 ], [ -45.715758, -5.045123, 0.0 ], [ -45.715587, -5.045655, 0.0 ], [ -45.715272, -5.045885, 0.0 ], [ -45.714885, -5.045799, 0.0 ], [ -45.714699, -5.045527, 0.0 ], [ -45.714541, -5.045168, 0.0 ], [ -45.714754, -5.044234, 0.0 ], [ -45.714582, -5.044005, 0.0 ], [ -45.714239, -5.043962, 0.0 ], [ -45.713337, -5.044351, 0.0 ], [ -45.71255, -5.044768, 0.0 ], [ -45.711935, -5.04553, 0.0 ], [ -45.712079, -5.046276, 0.0 ], [ -45.712552, -5.046491, 0.0 ], [ -45.712852, -5.046405, 0.0 ], [ -45.713081, -5.046519, 0.0 ], [ -45.713196, -5.046864, 0.0 ], [ -45.71314, -5.047352, 0.0 ], [ -45.711007, -5.048288, 0.0 ], [ -45.710477, -5.048202, 0.0 ] ] } },
{ "type": "Feature", "properties": { "nome": "Rio Grajaú", "comprimento": 0.47079899965200001 }, "geometry": { "type": "LineString", "coordinates": [ [ -45.938642, -5.315079, 0.0 ], [ -45.93783, -5.315101, 0.0 ], [ -45.936972, -5.315724, 0.0 ], [ -45.935563, -5.315535, 0.0 ], [ -45.934656, -5.315656, 0.0 ] ] } },
{ "type": "Feature", "properties": { "nome": "Rio Grajaú", "comprimento": 0.15606193558500001 }, "geometry": { "type": "LineString", "coordinates": [ [ -45.89251, -5.251207, 0.0 ], [ -45.892057, -5.251471, 0.0 ], [ -45.891579, -5.251471, 0.0 ], [ -45.891268, -5.251208, 0.0 ] ] } },
{ "type": "Feature", "properties": { "nome": "Rio Grajaú", "comprimento": 3.95897091342 }, "geometry": { "type": "LineString", "coordinates": [ [ -45.891268, -5.251208, 0.0 ], [ -45.891101, -5.250993, 0.0 ], [ -45.891291, -5.250275, 0.0 ], [ -45.891242, -5.249677, 0.0 ], [ -45.890932, -5.249534, 0.0 ], [ -45.890144, -5.249511, 0.0 ], [ -45.889786, -5.249751, 0.0 ], [ -45.889119, -5.250613, 0.0 ], [ -45.888761, -5.250638, 0.0 ], [ -45.888569, -5.250494, 0.0 ], [ -45.888496, -5.249346, 0.0 ], [ -45.888614, -5.24846, 0.0 ], [ -45.889353, -5.247669, 0.0 ], [ -45.889568, -5.247214, 0.0 ], [ -45.889303, -5.246066, 0.0 ], [ -45.889468, -5.244582, 0.0 ], [ -45.88887, -5.243553, 0.0 ], [ -45.888891, -5.241495, 0.0 ], [ -45.888365, -5.241089, 0.0 ], [ -45.8871, -5.241282, 0.0 ], [ -45.886789, -5.24078, 0.0 ], [ -45.887074, -5.239894, 0.0 ], [ -45.886739, -5.239416, 0.0 ], [ -45.886023, -5.239106, 0.0 ], [ -45.885712, -5.239154, 0.0 ], [ -45.885522, -5.239442, 0.0 ], [ -45.885355, -5.239825, 0.0 ], [ -45.885404, -5.240519, 0.0 ], [ -45.885954, -5.241308, 0.0 ], [ -45.885883, -5.241619, 0.0 ], [ -45.885191, -5.241931, 0.0 ], [ -45.884737, -5.241836, 0.0 ], [ -45.884403, -5.241573, 0.0 ], [ -45.884139, -5.24076, 0.0 ], [ -45.8839, -5.240664, 0.0 ], [ -45.883494, -5.240665, 0.0 ], [ -45.882874, -5.241097, 0.0 ], [ -45.882206, -5.240978, 0.0 ], [ -45.881751, -5.240428, 0.0 ], [ -45.881678, -5.239256, 0.0 ], [ -45.881224, -5.238801, 0.0 ], [ -45.880173, -5.238875, 0.0 ], [ -45.8796, -5.238445, 0.0 ], [ -45.879337, -5.238445, 0.0 ], [ -45.878813, -5.238877, 0.0 ], [ -45.878526, -5.238733, 0.0 ], [ -45.878333, -5.237561, 0.0 ], [ -45.878094, -5.237418, 0.0 ], [ -45.87745, -5.237562, 0.0 ], [ -45.876781, -5.237563, 0.0 ], [ -45.876495, -5.23742, 0.0 ] ] } },
{ "type": "Feature", "properties": { "nome": "Rio Grajaú", "comprimento": 1.6371590114600001 }, "geometry": { "type": "LineString", "coordinates": [ [ -45.710477, -5.048202, 0.0 ], [ -45.710348, -5.047944, 0.0 ], [ -45.710404, -5.046565, 0.0 ], [ -45.710246, -5.046307, 0.0 ], [ -45.709515, -5.045906, 0.0 ], [ -45.709443, -5.045331, 0.0 ], [ -45.709657, -5.045058, 0.0 ], [ -45.710345, -5.045014, 0.0 ], [ -45.710588, -5.044813, 0.0 ], [ -45.71063, -5.044138, 0.0 ], [ -45.710043, -5.043895, 0.0 ], [ -45.709126, -5.044082, 0.0 ], [ -45.708768, -5.043738, 0.0 ], [ -45.708956, -5.043215, 0.0 ], [ -45.710054, -5.042984, 0.0 ], [ -45.710302, -5.042658, 0.0 ], [ -45.710206, -5.042553, 0.0 ], [ -45.709652, -5.04241, 0.0 ], [ -45.708469, -5.043101, 0.0 ], [ -45.707352, -5.043092, 0.0 ], [ -45.706264, -5.043572, 0.0 ], [ -45.705587, -5.043516, 0.0 ] ] } },
{ "type": "Feature", "properties": { "nome": "Rio Grajaú", "comprimento": 2.8603546190400002 }, "geometry": { "type": "LineString", "coordinates": [ [ -45.619496, -4.996516, 0.0 ], [ -45.619163, -4.996852, 0.0 ], [ -45.618639, -4.997953, 0.0 ], [ -45.618185, -4.998193, 0.0 ], [ -45.616515, -4.99847, 0.0 ], [ -45.615263, -4.999728, 0.0 ], [ -45.614846, -4.999872, 0.0 ], [ -45.614392, -4.999752, 0.0 ], [ -45.613998, -4.999454, 0.0 ], [ -45.613389, -4.998652, 0.0 ], [ -45.609983, -4.995862, 0.0 ], [ -45.607614, -4.994811, 0.0 ], [ -45.606812, -4.994065, 0.0 ], [ -45.606525, -4.99353, 0.0 ], [ -45.606504, -4.992055, 0.0 ], [ -45.605147, -4.990913, 0.0 ], [ -45.604985, -4.990584, 0.0 ], [ -45.605152, -4.990171, 0.0 ], [ -45.605653, -4.989866, 0.0 ], [ -45.605845, -4.989545, 0.0 ], [ -45.605958, -4.987898, 0.0 ], [ -45.606262, -4.987247, 0.0 ], [ -45.606186, -4.986692, 0.0 ], [ -45.605753, -4.985756, 0.0 ] ] } },
{ "type": "Feature", "properties": { "nome": "Rio Grajaú", "comprimento": 0.69495556000600001 }, "geometry": { "type": "LineString", "coordinates": [ [ -45.624014, -4.995335, 0.0 ], [ -45.623536, -4.995058, 0.0 ], [ -45.622597, -4.99412, 0.0 ], [ -45.62231, -4.994168, 0.0 ], [ -45.622096, -4.994384, 0.0 ], [ -45.621596, -4.995629, 0.0 ], [ -45.621167, -4.996132, 0.0 ], [ -45.620737, -4.996444, 0.0 ], [ -45.619496, -4.996516, 0.0 ] ] } },
{ "type": "Feature", "properties": { "nome": "Rio Grajaú", "comprimento": 0.51691641659599996 }, "geometry": { "type": "LineString", "coordinates": [ [ -45.606076, -4.985174, 0.0 ], [ -45.607087, -4.984777, 0.0 ], [ -45.607173, -4.984461, 0.0 ], [ -45.606958, -4.984203, 0.0 ], [ -45.605096, -4.983716, 0.0 ], [ -45.604752, -4.983444, 0.0 ], [ -45.604544, -4.982953, 0.0 ] ] } },
{ "type": "Feature", "properties": { "nome": "Rio Grajaú", "comprimento": 0.88269698879799996 }, "geometry": { "type": "LineString", "coordinates": [ [ -45.605115, -4.981785, 0.0 ], [ -45.605696, -4.98143, 0.0 ], [ -45.60578, -4.98119, 0.0 ], [ -45.60566, -4.980975, 0.0 ], [ -45.603547, -4.980199, 0.0 ], [ -45.602399, -4.979355, 0.0 ], [ -45.602207, -4.978936, 0.0 ], [ -45.602397, -4.977931, 0.0 ], [ -45.602206, -4.977739, 0.0 ], [ -45.601872, -4.977656, 0.0 ], [ -45.601574, -4.977788, 0.0 ], [ -45.601308, -4.978379, 0.0 ] ] } },
{ "type": "Feature", "properties": { "nome": "Rio Grajaú", "comprimento": 1.95691795816 }, "geometry": { "type": "LineString", "coordinates": [ [ -45.60083, -4.97861, 0.0 ], [ -45.599179, -4.979233, 0.0 ], [ -45.59789, -4.979378, 0.0 ], [ -45.597102, -4.978933, 0.0 ], [ -45.596471, -4.9779, 0.0 ], [ -45.595998, -4.97747, 0.0 ], [ -45.595426, -4.977528, 0.0 ], [ -45.594307, -4.978378, 0.0 ], [ -45.593766, -4.978491, 0.0 ], [ -45.593121, -4.978406, 0.0 ], [ -45.593063, -4.977673, 0.0 ], [ -45.593377, -4.976811, 0.0 ], [ -45.593291, -4.976453, 0.0 ], [ -45.592976, -4.976237, 0.0 ], [ -45.59183, -4.976282, 0.0 ], [ -45.591473, -4.976425, 0.0 ], [ -45.5906, -4.977245, 0.0 ], [ -45.590328, -4.977288, 0.0 ], [ -45.590142, -4.977173, 0.0 ], [ -45.590083, -4.976154, 0.0 ], [ -45.589883, -4.975867, 0.0 ], [ -45.58931, -4.975896, 0.0 ], [ -45.588981, -4.97614, 0.0 ], [ -45.588666, -4.976672, 0.0 ] ] } },
{ "type": "Feature", "properties": { "nome": "Rio Grajaú", "comprimento": 0.62212294676299995 }, "geometry": { "type": "LineString", "coordinates": [ [ -45.587549, -4.970523, 0.0 ], [ -45.588034, -4.970009, 0.0 ], [ -45.588167, -4.969282, 0.0 ], [ -45.588031, -4.967539, 0.0 ], [ -45.587725, -4.966927, 0.0 ], [ -45.587076, -4.966602, 0.0 ], [ -45.586094, -4.966393, 0.0 ] ] } },
{ "type": "Feature", "properties": { "nome": "Rio Grajaú", "comprimento": 0.75970041269800004 }, "geometry": { "type": "LineString", "coordinates": [ [ -45.588262, -4.977632, 0.0 ], [ -45.587983, -4.977124, 0.0 ], [ -45.587829, -4.975966, 0.0 ], [ -45.587255, -4.975325, 0.0 ], [ -45.58671, -4.974263, 0.0 ], [ -45.586757, -4.97343, 0.0 ], [ -45.587339, -4.971313, 0.0 ] ] } },
{ "type": "Feature", "properties": { "nome": "Rio Grajaú", "comprimento": 1.63729547794 }, "geometry": { "type": "LineString", "coordinates": [ [ -45.587092, -4.96533, 0.0 ], [ -45.587914, -4.964763, 0.0 ], [ -45.588009, -4.963997, 0.0 ], [ -45.587742, -4.96371, 0.0 ], [ -45.585412, -4.963387, 0.0 ], [ -45.585049, -4.963119, 0.0 ], [ -45.584838, -4.961836, 0.0 ], [ -45.584359, -4.960515, 0.0 ], [ -45.58365, -4.957472, 0.0 ], [ -45.583077, -4.956898, 0.0 ], [ -45.581683, -4.956018, 0.0 ], [ -45.581129, -4.95598, 0.0 ], [ -45.580805, -4.956306, 0.0 ], [ -45.58067, -4.956752, 0.0 ] ] } },
{ "type": "Feature", "properties": { "nome": "Rio Grajaú", "comprimento": 1.2762656701599999 }, "geometry": { "type": "LineString", "coordinates": [ [ -45.580285, -4.957195, 0.0 ], [ -45.579436, -4.956013, 0.0 ], [ -45.577657, -4.954902, 0.0 ], [ -45.577766, -4.952309, 0.0 ], [ -45.577634, -4.951603, 0.0 ], [ -45.577228, -4.951484, 0.0 ], [ -45.576369, -4.951831, 0.0 ], [ -45.575843, -4.950863, 0.0 ], [ -45.5749, -4.950002, 0.0 ], [ -45.574622, -4.949248, 0.0 ] ] } },
{ "type": "Feature", "properties": { "nome": "Rio Grajaú", "comprimento": 1.63357561188 }, "geometry": { "type": "LineString", "coordinates": [ [ -45.576261, -4.9453, 0.0 ], [ -45.575986, -4.94536, 0.0 ], [ -45.575235, -4.946114, 0.0 ], [ -45.574603, -4.946199, 0.0 ], [ -45.574245, -4.945912, 0.0 ], [ -45.574173, -4.945553, 0.0 ], [ -45.574375, -4.944643, 0.0 ], [ -45.574291, -4.944512, 0.0 ], [ -45.573003, -4.944489, 0.0 ], [ -45.572621, -4.944429, 0.0 ], [ -45.57237, -4.944226, 0.0 ], [ -45.571556, -4.94156, 0.0 ], [ -45.571412, -4.940435, 0.0 ], [ -45.572066, -4.938124, 0.0 ], [ -45.572006, -4.937418, 0.0 ], [ -45.571654, -4.936931, 0.0 ], [ -45.570621, -4.936457, 0.0 ] ] } },
{ "type": "Feature", "properties": { "nome": "Rio Grajaú", "comprimento": 0.29423523229300003 }, "geometry": { "type": "LineString", "coordinates": [ [ -45.572063, -4.93578, 0.0 ], [ -45.572572, -4.9362, 0.0 ], [ -45.573049, -4.936092, 0.0 ], [ -45.573251, -4.935422, 0.0 ], [ -45.572959, -4.934725, 0.0 ] ] } },
{ "type": "Feature", "properties": { "nome": "Rio Grajaú", "comprimento": 0.55546210823599995 }, "geometry": { "type": "LineString", "coordinates": [ [ -45.573867, -4.934012, 0.0 ], [ -45.57417, -4.93401, 0.0 ], [ -45.574586, -4.934239, 0.0 ], [ -45.574772, -4.934153, 0.0 ], [ -45.574571, -4.933493, 0.0 ], [ -45.573883, -4.93279, 0.0 ], [ -45.573123, -4.931627, 0.0 ], [ -45.572324, -4.931172, 0.0 ] ] } },
{ "type": "Feature", "properties": { "nome": "Rio Grajaú", "comprimento": 0.93381776246000003 }, "geometry": { "type": "LineString", "coordinates": [ [ -45.575146, -4.931561, 0.0 ], [ -45.575514, -4.931654, 0.0 ], [ -45.575871, -4.930634, 0.0 ], [ -45.575698, -4.928394, 0.0 ], [ -45.575597, -4.927791, 0.0 ], [ -45.574293, -4.927131, 0.0 ], [ -45.575195, -4.926556, 0.0 ], [ -45.57518, -4.926211, 0.0 ], [ -45.574979, -4.92591, 0.0 ], [ -45.574679, -4.925695, 0.0 ], [ -45.574263, -4.925666, 0.0 ] ] } },
{ "type": "Feature", "properties": { "nome": "Rio Grajaú", "comprimento": 0.92083295116399999 }, "geometry": { "type": "LineString", "coordinates": [ [ -45.569115, -4.928166, 0.0 ], [ -45.56896, -4.926554, 0.0 ], [ -45.569398, -4.925443, 0.0 ], [ -45.56936, -4.925098, 0.0 ], [ -45.569035, -4.924697, 0.0 ], [ -45.568309, -4.924448, 0.0 ], [ -45.56745, -4.924641, 0.0 ], [ -45.56619, -4.924259, 0.0 ], [ -45.565865, -4.924374, 0.0 ], [ -45.565751, -4.924661, 0.0 ], [ -45.56579, -4.925178, 0.0 ], [ -45.565996, -4.925591, 0.0 ] ] } },
{ "type": "Feature", "properties": { "nome": "Rio Grajaú", "comprimento": 0.474271718181 }, "geometry": { "type": "LineString", "coordinates": [ [ -45.565399, -4.926777, 0.0 ], [ -45.565294, -4.926098, 0.0 ], [ -45.564644, -4.92493, 0.0 ], [ -45.56493, -4.924202, 0.0 ], [ -45.565407, -4.92401, 0.0 ], [ -45.565711, -4.923125, 0.0 ] ] } },
{ "type": "Feature", "properties": { "nome": "Rio Grajaú", "comprimento": 0.98462570336300004 }, "geometry": { "type": "LineString", "coordinates": [ [ -45.566978, -4.922742, 0.0 ], [ -45.567449, -4.923243, 0.0 ], [ -45.56785, -4.923185, 0.0 ], [ -45.568079, -4.92284, 0.0 ], [ -45.568021, -4.922323, 0.0 ], [ -45.567582, -4.92196, 0.0 ], [ -45.567581, -4.921117, 0.0 ], [ -45.567084, -4.920294, 0.0 ], [ -45.567273, -4.918949, 0.0 ], [ -45.567086, -4.918475, 0.0 ], [ -45.566671, -4.918145, 0.0 ], [ -45.565453, -4.917859, 0.0 ], [ -45.564979, -4.917247, 0.0 ] ] } },
{ "type": "Feature", "properties": { "nome": "Rio Grajaú", "comprimento": 0.4706219585 }, "geometry": { "type": "LineString", "coordinates": [ [ -45.565521, -4.916128, 0.0 ], [ -45.566317, -4.916204, 0.0 ], [ -45.566507, -4.915897, 0.0 ], [ -45.566507, -4.915533, 0.0 ], [ -45.565762, -4.914825, 0.0 ], [ -45.564807, -4.914348, 0.0 ], [ -45.564353, -4.913931, 0.0 ] ] } },
{ "type": "Feature", "properties": { "nome": "Rio Grajaú", "comprimento": 1.8707265417600001 }, "geometry": { "type": "LineString", "coordinates": [ [ -45.564414, -4.913317, 0.0 ], [ -45.565016, -4.913007, 0.0 ], [ -45.565111, -4.91249, 0.0 ], [ -45.563583, -4.911285, 0.0 ], [ -45.563277, -4.910845, 0.0 ], [ -45.563085, -4.91029, 0.0 ], [ -45.563066, -4.909466, 0.0 ], [ -45.562807, -4.90872, 0.0 ], [ -45.561546, -4.90717, 0.0 ], [ -45.561044, -4.906079, 0.0 ], [ -45.560671, -4.904758, 0.0 ], [ -45.55994, -4.904155, 0.0 ], [ -45.559165, -4.902663, 0.0 ], [ -45.558518, -4.901963, 0.0 ], [ -45.557917, -4.901805, 0.0 ], [ -45.557187, -4.902653, 0.0 ], [ -45.55703, -4.903142, 0.0 ], [ -45.557063, -4.903654, 0.0 ] ] } },
{ "type": "Feature", "properties": { "nome": "Rio Grajaú", "comprimento": 1.2482482002499999 }, "geometry": { "type": "LineString", "coordinates": [ [ -45.55402, -4.895776, 0.0 ], [ -45.553074, -4.89536, 0.0 ], [ -45.551958, -4.895648, 0.0 ], [ -45.551457, -4.895548, 0.0 ], [ -45.551113, -4.895089, 0.0 ], [ -45.551127, -4.89473, 0.0 ], [ -45.551456, -4.894543, 0.0 ], [ -45.551642, -4.894241, 0.0 ], [ -45.551527, -4.89394, 0.0 ], [ -45.551298, -4.893854, 0.0 ], [ -45.550525, -4.894199, 0.0 ], [ -45.549852, -4.894817, 0.0 ], [ -45.549381, -4.895545, 0.0 ], [ -45.548822, -4.895479, 0.0 ], [ -45.548134, -4.894775, 0.0 ], [ -45.547633, -4.894919, 0.0 ], [ -45.547362, -4.895796, 0.0 ], [ -45.547399, -4.896425, 0.0 ] ] } },
{ "type": "Feature", "properties": { "nome": "Rio Grajaú", "comprimento": 1.3186377381900001 }, "geometry": { "type": "LineString", "coordinates": [ [ -45.546681, -4.897631, 0.0 ], [ -45.546086, -4.897227, 0.0 ], [ -45.544069, -4.897052, 0.0 ], [ -45.542092, -4.895934, 0.0 ], [ -45.541713, -4.89587, 0.0 ], [ -45.540454, -4.896998, 0.0 ], [ -45.540272, -4.896962, 0.0 ], [ -45.539914, -4.89656, 0.0 ], [ -45.539828, -4.896187, 0.0 ], [ -45.539784, -4.895512, 0.0 ], [ -45.539984, -4.894191, 0.0 ], [ -45.539793, -4.892557, 0.0 ] ] } },
{ "type": "Feature", "properties": { "nome": "Rio Grajaú", "comprimento": 0.37103842191300002 }, "geometry": { "type": "LineString", "coordinates": [ [ -45.535366, -4.892954, 0.0 ], [ -45.533825, -4.891797, 0.0 ], [ -45.53351, -4.891194, 0.0 ], [ -45.533445, -4.890464, 0.0 ] ] } },
{ "type": "Feature", "properties": { "nome": "Rio Grajaú", "comprimento": 1.0432219218400001 }, "geometry": { "type": "LineString", "coordinates": [ [ -45.533718, -4.889782, 0.0 ], [ -45.534194, -4.889297, 0.0 ], [ -45.534051, -4.888851, 0.0 ], [ -45.533391, -4.888177, 0.0 ], [ -45.532947, -4.887962, 0.0 ], [ -45.532389, -4.888192, 0.0 ], [ -45.531014, -4.887446, 0.0 ], [ -45.530642, -4.887432, 0.0 ], [ -45.529812, -4.887821, 0.0 ], [ -45.529511, -4.887778, 0.0 ], [ -45.528666, -4.887175, 0.0 ], [ -45.528165, -4.88709, 0.0 ], [ -45.527704, -4.88721, 0.0 ], [ -45.52759, -4.887418, 0.0 ], [ -45.52764, -4.887712, 0.0 ], [ -45.527947, -4.888064, 0.0 ] ] } },
{ "type": "Feature", "properties": { "nome": "Rio Grajaú", "comprimento": 0.80495759329899996 }, "geometry": { "type": "LineString", "coordinates": [ [ -45.527899, -4.889585, 0.0 ], [ -45.526868, -4.888568, 0.0 ], [ -45.526352, -4.887678, 0.0 ], [ -45.525642, -4.887233, 0.0 ], [ -45.524603, -4.885982, 0.0 ], [ -45.524202, -4.884968, 0.0 ], [ -45.524125, -4.884432, 0.0 ], [ -45.524236, -4.88376, 0.0 ] ] } },
{ "type": "Feature", "properties": { "nome": "Rio Grajaú", "comprimento": 2.8775243820999998 }, "geometry": { "type": "LineString", "coordinates": [ [ -45.524907, -4.882909, 0.0 ], [ -45.526085, -4.882273, 0.0 ], [ -45.526099, -4.881914, 0.0 ], [ -45.525812, -4.881642, 0.0 ], [ -45.52491, -4.881355, 0.0 ], [ -45.524824, -4.881183, 0.0 ], [ -45.525396, -4.880479, 0.0 ], [ -45.525496, -4.879976, 0.0 ], [ -45.524708, -4.879589, 0.0 ], [ -45.524665, -4.879373, 0.0 ], [ -45.52488, -4.879115, 0.0 ], [ -45.525782, -4.87897, 0.0 ], [ -45.52581, -4.87854, 0.0 ], [ -45.525351, -4.877937, 0.0 ], [ -45.525036, -4.877851, 0.0 ], [ -45.524335, -4.878038, 0.0 ], [ -45.523805, -4.877478, 0.0 ], [ -45.522687, -4.876847, 0.0 ], [ -45.522429, -4.876489, 0.0 ], [ -45.521908, -4.875274, 0.0 ], [ -45.522051, -4.874699, 0.0 ], [ -45.52238, -4.874354, 0.0 ], [ -45.522394, -4.87378, 0.0 ], [ -45.521706, -4.872761, 0.0 ], [ -45.521634, -4.871856, 0.0 ], [ -45.521132, -4.870952, 0.0 ], [ -45.520272, -4.869961, 0.0 ], [ -45.519341, -4.869172, 0.0 ], [ -45.517236, -4.868485, 0.0 ], [ -45.515876, -4.868859, 0.0 ], [ -45.514397, -4.869846, 0.0 ] ] } },
{ "type": "Feature", "properties": { "nome": "Rio Grajaú", "comprimento": 1.60474538025 }, "geometry": { "type": "LineString", "coordinates": [ [ -45.513607, -4.870411, 0.0 ], [ -45.512466, -4.870704, 0.0 ], [ -45.512103, -4.870704, 0.0 ], [ -45.511721, -4.870475, 0.0 ], [ -45.510746, -4.868905, 0.0 ], [ -45.509753, -4.868236, 0.0 ], [ -45.509199, -4.867279, 0.0 ], [ -45.508817, -4.866973, 0.0 ], [ -45.507633, -4.867088, 0.0 ], [ -45.506946, -4.867434, 0.0 ], [ -45.506145, -4.867262, 0.0 ], [ -45.506259, -4.866438, 0.0 ], [ -45.507117, -4.866093, 0.0 ], [ -45.507289, -4.865768, 0.0 ], [ -45.507193, -4.865385, 0.0 ], [ -45.506926, -4.865117, 0.0 ], [ -45.506544, -4.865002, 0.0 ], [ -45.506028, -4.865117, 0.0 ], [ -45.505685, -4.865501, 0.0 ], [ -45.505423, -4.866131, 0.0 ] ] } },
{ "type": "Feature", "properties": { "nome": "Rio Grajaú", "comprimento": 0.70132339049699999 }, "geometry": { "type": "LineString", "coordinates": [ [ -45.504685, -4.866789, 0.0 ], [ -45.504405, -4.866572, 0.0 ], [ -45.5045, -4.865308, 0.0 ], [ -45.503831, -4.864926, 0.0 ], [ -45.503511, -4.864266, 0.0 ], [ -45.50359, -4.863971, 0.0 ], [ -45.504685, -4.863425, 0.0 ], [ -45.504903, -4.863062, 0.0 ], [ -45.504817, -4.862918, 0.0 ], [ -45.504187, -4.862933, 0.0 ], [ -45.503872, -4.86279, 0.0 ] ] } },
{ "type": "Feature", "properties": { "nome": "Rio Grajaú", "comprimento": 0.20716942490199999 }, "geometry": { "type": "LineString", "coordinates": [ [ -45.50117, -4.864258, 0.0 ], [ -45.500597, -4.864715, 0.0 ], [ -45.500482, -4.864988, 0.0 ], [ -45.500468, -4.865405, 0.0 ], [ -45.500683, -4.865765, 0.0 ] ] } },
{ "type": "Feature", "properties": { "nome": "Rio Grajaú", "comprimento": 1.36277261572 }, "geometry": { "type": "LineString", "coordinates": [ [ -45.498786, -4.869574, 0.0 ], [ -45.498047, -4.869193, 0.0 ], [ -45.496494, -4.86704, 0.0 ], [ -45.49573, -4.866753, 0.0 ], [ -45.49511, -4.867137, 0.0 ], [ -45.493369, -4.867473, 0.0 ], [ -45.492343, -4.868551, 0.0 ], [ -45.491843, -4.869365, 0.0 ], [ -45.491509, -4.869557, 0.0 ], [ -45.491175, -4.869557, 0.0 ], [ -45.491103, -4.869078, 0.0 ], [ -45.49084, -4.868815, 0.0 ], [ -45.490435, -4.868887, 0.0 ], [ -45.490101, -4.869127, 0.0 ], [ -45.489886, -4.869692, 0.0 ] ] } },
{ "type": "Feature", "properties": { "nome": "Rio Grajaú", "comprimento": 0.8181842268 }, "geometry": { "type": "LineString", "coordinates": [ [ -45.489061, -4.870434, 0.0 ], [ -45.488605, -4.870247, 0.0 ], [ -45.488299, -4.869615, 0.0 ], [ -45.487669, -4.869348, 0.0 ], [ -45.487287, -4.868563, 0.0 ], [ -45.487782, -4.86726, 0.0 ], [ -45.488735, -4.8659, 0.0 ], [ -45.488754, -4.865383, 0.0 ], [ -45.487988, -4.8647, 0.0 ] ] } },
{ "type": "Feature", "properties": { "nome": "Rio Grajaú", "comprimento": 0.38444549742099998 }, "geometry": { "type": "LineString", "coordinates": [ [ -45.48731, -4.864087, 0.0 ], [ -45.486997, -4.863176, 0.0 ], [ -45.486519, -4.862596, 0.0 ], [ -45.486102, -4.862818, 0.0 ], [ -45.48598, -4.864056, 0.0 ] ] } },
{ "type": "Feature", "properties": { "nome": "Rio Grajaú", "comprimento": 5.5065352413599999 }, "geometry": { "type": "LineString", "coordinates": [ [ -45.485315, -4.865597, 0.0 ], [ -45.485018, -4.865485, 0.0 ], [ -45.48454, -4.864815, 0.0 ], [ -45.484005, -4.864758, 0.0 ], [ -45.483853, -4.864566, 0.0 ], [ -45.483776, -4.86403, 0.0 ], [ -45.483985, -4.862824, 0.0 ], [ -45.484862, -4.861904, 0.0 ], [ -45.484977, -4.861617, 0.0 ], [ -45.484991, -4.861215, 0.0 ], [ -45.483964, -4.860114, 0.0 ], [ -45.484083, -4.859516, 0.0 ], [ -45.484703, -4.859324, 0.0 ], [ -45.485849, -4.859802, 0.0 ], [ -45.48604, -4.860328, 0.0 ], [ -45.48647, -4.860831, 0.0 ], [ -45.486995, -4.861118, 0.0 ], [ -45.487305, -4.860926, 0.0 ], [ -45.488093, -4.860997, 0.0 ], [ -45.488498, -4.86059, 0.0 ], [ -45.488569, -4.859752, 0.0 ], [ -45.488258, -4.859106, 0.0 ], [ -45.487662, -4.858843, 0.0 ], [ -45.487303, -4.85846, 0.0 ], [ -45.487279, -4.857982, 0.0 ], [ -45.487589, -4.857599, 0.0 ], [ -45.487923, -4.857503, 0.0 ], [ -45.488568, -4.857837, 0.0 ], [ -45.488925, -4.857646, 0.0 ], [ -45.489044, -4.856592, 0.0 ], [ -45.488016, -4.854678, 0.0 ], [ -45.487896, -4.853745, 0.0 ], [ -45.488015, -4.853122, 0.0 ], [ -45.488659, -4.852476, 0.0 ], [ -45.488802, -4.852117, 0.0 ], [ -45.487536, -4.849509, 0.0 ], [ -45.487295, -4.847043, 0.0 ], [ -45.48653, -4.84544, 0.0 ], [ -45.486435, -4.844914, 0.0 ], [ -45.486482, -4.844459, 0.0 ], [ -45.486768, -4.844219, 0.0 ], [ -45.487412, -4.844147, 0.0 ], [ -45.487699, -4.843908, 0.0 ], [ -45.487913, -4.843237, 0.0 ], [ -45.487888, -4.842567, 0.0 ], [ -45.487578, -4.842184, 0.0 ], [ -45.487053, -4.841993, 0.0 ], [ -45.485836, -4.842042, 0.0 ], [ -45.485526, -4.841803, 0.0 ], [ -45.485478, -4.841444, 0.0 ], [ -45.486097, -4.840271, 0.0 ], [ -45.486359, -4.83905, 0.0 ], [ -45.486406, -4.837973, 0.0 ], [ -45.486143, -4.83759, 0.0 ], [ -45.48569, -4.837471, 0.0 ], [ -45.484855, -4.837734, 0.0 ], [ -45.484401, -4.837567, 0.0 ], [ -45.484115, -4.837113, 0.0 ], [ -45.483947, -4.836562, 0.0 ], [ -45.483994, -4.836036, 0.0 ], [ -45.484352, -4.835102, 0.0 ], [ -45.484327, -4.834599, 0.0 ], [ -45.483802, -4.833379, 0.0 ], [ -45.483707, -4.832618, 0.0 ] ] } },
{ "type": "Feature", "properties": { "nome": "Rio Grajaú", "comprimento": 5.4185578258199998 }, "geometry": { "type": "LineString", "coordinates": [ [ -45.367637, -4.618743, 0.0 ], [ -45.368126, -4.617687, 0.0 ], [ -45.368526, -4.61514, 0.0 ], [ -45.368697, -4.614719, 0.0 ], [ -45.369575, -4.613627, 0.0 ], [ -45.369727, -4.61267, 0.0 ], [ -45.369402, -4.611712, 0.0 ], [ -45.369096, -4.611406, 0.0 ], [ -45.368677, -4.611253, 0.0 ], [ -45.36818, -4.611311, 0.0 ], [ -45.367837, -4.611713, 0.0 ], [ -45.367552, -4.613169, 0.0 ], [ -45.367094, -4.613801, 0.0 ], [ -45.366751, -4.613858, 0.0 ], [ -45.36635, -4.613629, 0.0 ], [ -45.366082, -4.612614, 0.0 ], [ -45.366883, -4.610986, 0.0 ], [ -45.367398, -4.610469, 0.0 ], [ -45.368523, -4.60997, 0.0 ], [ -45.368695, -4.609645, 0.0 ], [ -45.368618, -4.608898, 0.0 ], [ -45.368274, -4.608611, 0.0 ], [ -45.367702, -4.608515, 0.0 ], [ -45.365584, -4.609283, 0.0 ], [ -45.365145, -4.609283, 0.0 ], [ -45.364649, -4.608996, 0.0 ], [ -45.364553, -4.608613, 0.0 ], [ -45.36461, -4.608192, 0.0 ], [ -45.364915, -4.607674, 0.0 ], [ -45.365831, -4.606697, 0.0 ], [ -45.366231, -4.605701, 0.0 ], [ -45.365715, -4.604342, 0.0 ], [ -45.365715, -4.604017, 0.0 ], [ -45.365925, -4.603193, 0.0 ], [ -45.366592, -4.602254, 0.0 ], [ -45.366763, -4.601584, 0.0 ], [ -45.366801, -4.600933, 0.0 ], [ -45.366437, -4.597965, 0.0 ], [ -45.366914, -4.597352, 0.0 ], [ -45.367982, -4.597237, 0.0 ], [ -45.368249, -4.596988, 0.0 ], [ -45.368402, -4.596528, 0.0 ], [ -45.36842, -4.595571, 0.0 ], [ -45.368229, -4.595284, 0.0 ], [ -45.366893, -4.594346, 0.0 ], [ -45.364048, -4.590537, 0.0 ], [ -45.363437, -4.590039, 0.0 ], [ -45.362521, -4.589599, 0.0 ], [ -45.360651, -4.589236, 0.0 ] ] } },
{ "type": "Feature", "properties": { "nome": "Rio Grajaú", "comprimento": 0.48187006552599998 }, "geometry": { "type": "LineString", "coordinates": [ [ -45.575946, -4.948344, 0.0 ], [ -45.577182, -4.948171, 0.0 ], [ -45.576381, -4.946281, 0.0 ], [ -45.576261, -4.9453, 0.0 ] ] } },
{ "type": "Feature", "properties": { "nome": "Rio Grajaú", "comprimento": 0.53583429241500002 }, "geometry": { "type": "LineString", "coordinates": [ [ -45.574263, -4.925666, 0.0 ], [ -45.573619, -4.925954, 0.0 ], [ -45.573347, -4.925882, 0.0 ], [ -45.57296, -4.924964, 0.0 ], [ -45.57223, -4.924936, 0.0 ], [ -45.571729, -4.925597, 0.0 ], [ -45.571242, -4.925755, 0.0 ], [ -45.570923, -4.926393, 0.0 ] ] } },
{ "type": "Feature", "properties": { "nome": "Rio Grajaú", "comprimento": 1.2473643722100001 }, "geometry": { "type": "LineString", "coordinates": [ [ -45.556359, -4.904838, 0.0 ], [ -45.556244, -4.904377, 0.0 ], [ -45.5563, -4.903343, 0.0 ], [ -45.556071, -4.902941, 0.0 ], [ -45.555784, -4.902798, 0.0 ], [ -45.555512, -4.902138, 0.0 ], [ -45.555654, -4.901764, 0.0 ], [ -45.555912, -4.901549, 0.0 ], [ -45.556942, -4.901088, 0.0 ], [ -45.557114, -4.900399, 0.0 ], [ -45.55574, -4.898948, 0.0 ], [ -45.555209, -4.897541, 0.0 ], [ -45.55402, -4.895776, 0.0 ] ] } },
{ "type": "Feature", "properties": { "nome": "Rio Grajaú", "comprimento": 0.32176822525900001 }, "geometry": { "type": "LineString", "coordinates": [ [ -45.539793, -4.892557, 0.0 ], [ -45.539595, -4.891922, 0.0 ], [ -45.539294, -4.891736, 0.0 ], [ -45.538879, -4.891707, 0.0 ], [ -45.538464, -4.891909, 0.0 ], [ -45.537742, -4.892608, 0.0 ] ] } },
{ "type": "Feature", "properties": { "nome": "Rio Grajaú", "comprimento": 0.23524875205699999 }, "geometry": { "type": "LineString", "coordinates": [ [ -45.503872, -4.86279, 0.0 ], [ -45.503342, -4.862603, 0.0 ], [ -45.502066, -4.863493, 0.0 ] ] } },
{ "type": "Feature", "properties": { "nome": "Rio Grajaú", "comprimento": 1.29734071227 }, "geometry": { "type": "LineString", "coordinates": [ [ -45.483707, -4.832618, 0.0 ], [ -45.483395, -4.831919, 0.0 ], [ -45.483013, -4.831728, 0.0 ], [ -45.482512, -4.831848, 0.0 ], [ -45.482035, -4.832207, 0.0 ], [ -45.481749, -4.833093, 0.0 ], [ -45.480557, -4.833884, 0.0 ], [ -45.479149, -4.834244, 0.0 ], [ -45.478362, -4.834723, 0.0 ], [ -45.477814, -4.834724, 0.0 ], [ -45.476787, -4.834413, 0.0 ], [ -45.476573, -4.834605, 0.0 ], [ -45.476621, -4.83494, 0.0 ], [ -45.477099, -4.83616, 0.0 ], [ -45.477027, -4.836519, 0.0 ], [ -45.476398, -4.836766, 0.0 ] ] } },
{ "type": "Feature", "properties": { "nome": "Rio Grajaú", "comprimento": 4.8782002892499996 }, "geometry": { "type": "LineString", "coordinates": [ [ -45.474773, -4.835307, 0.0 ], [ -45.474385, -4.834913, 0.0 ], [ -45.473162, -4.834495, 0.0 ], [ -45.471969, -4.834736, 0.0 ], [ -45.471074, -4.835305, 0.0 ], [ -45.470746, -4.835395, 0.0 ], [ -45.470478, -4.835275, 0.0 ], [ -45.470388, -4.834497, 0.0 ], [ -45.470596, -4.83366, 0.0 ], [ -45.470417, -4.833331, 0.0 ], [ -45.470089, -4.833151, 0.0 ], [ -45.469611, -4.833211, 0.0 ], [ -45.469075, -4.834229, 0.0 ], [ -45.468181, -4.834768, 0.0 ], [ -45.468062, -4.835127, 0.0 ], [ -45.468122, -4.836025, 0.0 ], [ -45.467734, -4.836085, 0.0 ], [ -45.467525, -4.835666, 0.0 ], [ -45.467227, -4.835517, 0.0 ], [ -45.466302, -4.835488, 0.0 ], [ -45.464631, -4.834531, 0.0 ], [ -45.464273, -4.834053, 0.0 ], [ -45.463765, -4.832886, 0.0 ], [ -45.46293, -4.832229, 0.0 ], [ -45.463108, -4.83178, 0.0 ], [ -45.463556, -4.83163, 0.0 ], [ -45.46454, -4.831659, 0.0 ], [ -45.465375, -4.83106, 0.0 ], [ -45.465404, -4.830402, 0.0 ], [ -45.464897, -4.829774, 0.0 ], [ -45.463316, -4.829506, 0.0 ], [ -45.462928, -4.829147, 0.0 ], [ -45.463225, -4.828519, 0.0 ], [ -45.463941, -4.828249, 0.0 ], [ -45.464209, -4.82765, 0.0 ], [ -45.464149, -4.827082, 0.0 ], [ -45.463552, -4.826155, 0.0 ], [ -45.463641, -4.825915, 0.0 ], [ -45.46391, -4.825825, 0.0 ], [ -45.464357, -4.826034, 0.0 ], [ -45.4654, -4.825166, 0.0 ], [ -45.46543, -4.824568, 0.0 ], [ -45.465041, -4.823491, 0.0 ], [ -45.465101, -4.823072, 0.0 ], [ -45.465369, -4.822773, 0.0 ], [ -45.466115, -4.822952, 0.0 ], [ -45.466473, -4.822712, 0.0 ], [ -45.466681, -4.822084, 0.0 ], [ -45.466621, -4.821545, 0.0 ], [ -45.465875, -4.820708, 0.0 ], [ -45.465367, -4.819841, 0.0 ], [ -45.465426, -4.819182, 0.0 ], [ -45.465635, -4.818943, 0.0 ], [ -45.46653, -4.818852, 0.0 ], [ -45.467454, -4.818523, 0.0 ], [ -45.467812, -4.818133, 0.0 ], [ -45.468348, -4.816966, 0.0 ], [ -45.468198, -4.81565, 0.0 ] ] } },
{ "type": "Feature", "properties": { "nome": "Rio Grajaú", "comprimento": 4.5931347118300003 }, "geometry": { "type": "LineString", "coordinates": [ [ -45.468198, -4.81565, 0.0 ], [ -45.468018, -4.815082, 0.0 ], [ -45.467988, -4.814244, 0.0 ], [ -45.468405, -4.813526, 0.0 ], [ -45.468642, -4.8117, 0.0 ], [ -45.469, -4.811341, 0.0 ], [ -45.470163, -4.810981, 0.0 ], [ -45.470431, -4.810772, 0.0 ], [ -45.470431, -4.809844, 0.0 ], [ -45.470162, -4.809186, 0.0 ], [ -45.469385, -4.80781, 0.0 ], [ -45.468222, -4.807213, 0.0 ], [ -45.467923, -4.806794, 0.0 ], [ -45.467624, -4.805597, 0.0 ], [ -45.467266, -4.805478, 0.0 ], [ -45.465924, -4.805539, 0.0 ], [ -45.465745, -4.80512, 0.0 ], [ -45.465804, -4.804761, 0.0 ], [ -45.466311, -4.804581, 0.0 ], [ -45.466489, -4.803414, 0.0 ], [ -45.46628, -4.802696, 0.0 ], [ -45.465683, -4.801859, 0.0 ], [ -45.464728, -4.8018, 0.0 ], [ -45.464013, -4.802399, 0.0 ], [ -45.463536, -4.802399, 0.0 ], [ -45.462551, -4.801682, 0.0 ], [ -45.461626, -4.800246, 0.0 ], [ -45.461416, -4.799618, 0.0 ], [ -45.461325, -4.797284, 0.0 ], [ -45.459952, -4.795759, 0.0 ], [ -45.459713, -4.795101, 0.0 ], [ -45.459683, -4.793725, 0.0 ], [ -45.460695, -4.79151, 0.0 ], [ -45.460903, -4.790493, 0.0 ], [ -45.460841, -4.786663, 0.0 ], [ -45.461169, -4.785736, 0.0 ], [ -45.461645, -4.784957, 0.0 ], [ -45.461913, -4.784658, 0.0 ], [ -45.46268, -4.784346, 0.0 ] ] } },
{ "type": "Feature", "properties": { "nome": "Rio Grajaú", "comprimento": 9.497991693 }, "geometry": { "type": "LineString", "coordinates": [ [ -45.46268, -4.784346, 0.0 ], [ -45.463494, -4.784088, 0.0 ], [ -45.463792, -4.783729, 0.0 ], [ -45.463881, -4.783131, 0.0 ], [ -45.462955, -4.781247, 0.0 ], [ -45.461493, -4.780051, 0.0 ], [ -45.461373, -4.779602, 0.0 ], [ -45.461909, -4.778525, 0.0 ], [ -45.461969, -4.778106, 0.0 ], [ -45.46161, -4.777388, 0.0 ], [ -45.45994, -4.776611, 0.0 ], [ -45.458627, -4.776702, 0.0 ], [ -45.457822, -4.776493, 0.0 ], [ -45.456897, -4.775177, 0.0 ], [ -45.456509, -4.775177, 0.0 ], [ -45.455972, -4.775357, 0.0 ], [ -45.455734, -4.775806, 0.0 ], [ -45.455346, -4.776076, 0.0 ], [ -45.45478, -4.776196, 0.0 ], [ -45.453974, -4.775807, 0.0 ], [ -45.453497, -4.775778, 0.0 ], [ -45.453229, -4.775987, 0.0 ], [ -45.45317, -4.776855, 0.0 ], [ -45.452872, -4.777753, 0.0 ], [ -45.452544, -4.777873, 0.0 ], [ -45.452156, -4.777693, 0.0 ], [ -45.452155, -4.776377, 0.0 ], [ -45.451558, -4.77524, 0.0 ], [ -45.451379, -4.774223, 0.0 ], [ -45.45114, -4.774014, 0.0 ], [ -45.450663, -4.774014, 0.0 ], [ -45.450424, -4.774373, 0.0 ], [ -45.449709, -4.774553, 0.0 ], [ -45.448217, -4.774405, 0.0 ], [ -45.447889, -4.774495, 0.0 ], [ -45.447801, -4.775392, 0.0 ], [ -45.448427, -4.77632, 0.0 ], [ -45.448368, -4.776529, 0.0 ], [ -45.447861, -4.776589, 0.0 ], [ -45.447563, -4.77644, 0.0 ], [ -45.446637, -4.775363, 0.0 ], [ -45.445772, -4.774885, 0.0 ], [ -45.445742, -4.774526, 0.0 ], [ -45.446368, -4.773927, 0.0 ], [ -45.446785, -4.77282, 0.0 ], [ -45.446755, -4.772162, 0.0 ], [ -45.446366, -4.770816, 0.0 ], [ -45.445978, -4.770427, 0.0 ], [ -45.444695, -4.76977, 0.0 ], [ -45.444367, -4.76962, 0.0 ], [ -45.443174, -4.76986, 0.0 ], [ -45.44222, -4.769472, 0.0 ], [ -45.441862, -4.769562, 0.0 ], [ -45.441534, -4.77025, 0.0 ], [ -45.441148, -4.771747, 0.0 ], [ -45.440879, -4.771866, 0.0 ], [ -45.440491, -4.771747, 0.0 ], [ -45.439715, -4.770341, 0.0 ], [ -45.439238, -4.769953, 0.0 ], [ -45.438731, -4.770043, 0.0 ], [ -45.438075, -4.770462, 0.0 ], [ -45.437777, -4.770462, 0.0 ], [ -45.437418, -4.769774, 0.0 ], [ -45.436911, -4.769535, 0.0 ], [ -45.436345, -4.769536, 0.0 ], [ -45.435391, -4.770165, 0.0 ], [ -45.435063, -4.770195, 0.0 ], [ -45.434436, -4.770075, 0.0 ], [ -45.433989, -4.769747, 0.0 ], [ -45.43378, -4.769507, 0.0 ], [ -45.4336, -4.768819, 0.0 ], [ -45.433659, -4.767982, 0.0 ], [ -45.434047, -4.767173, 0.0 ], [ -45.434165, -4.766455, 0.0 ], [ -45.434076, -4.765767, 0.0 ], [ -45.433717, -4.76487, 0.0 ], [ -45.432284, -4.762866, 0.0 ], [ -45.431986, -4.762118, 0.0 ], [ -45.431806, -4.76149, 0.0 ], [ -45.431865, -4.759665, 0.0 ], [ -45.431476, -4.758618, 0.0 ], [ -45.431566, -4.758169, 0.0 ], [ -45.431804, -4.75793, 0.0 ], [ -45.432371, -4.757959, 0.0 ], [ -45.432878, -4.758258, 0.0 ], [ -45.433057, -4.758797, 0.0 ], [ -45.433475, -4.759185, 0.0 ], [ -45.433773, -4.759215, 0.0 ], [ -45.434071, -4.759155, 0.0 ], [ -45.43425, -4.758078, 0.0 ], [ -45.433533, -4.75739, 0.0 ], [ -45.432877, -4.75757, 0.0 ], [ -45.43237, -4.757541, 0.0 ], [ -45.432042, -4.756374, 0.0 ], [ -45.431385, -4.755656, 0.0 ], [ -45.430848, -4.755507, 0.0 ], [ -45.429958, -4.755558, 0.0 ], [ -45.429825, -4.755194, 0.0 ], [ -45.430034, -4.754849, 0.0 ], [ -45.430492, -4.754696, 0.0 ], [ -45.431275, -4.754963, 0.0 ], [ -45.431714, -4.754963, 0.0 ], [ -45.432057, -4.754695, 0.0 ], [ -45.432114, -4.754427, 0.0 ], [ -45.43179, -4.753852, 0.0 ], [ -45.431885, -4.753412, 0.0 ], [ -45.431751, -4.753067, 0.0 ], [ -45.431102, -4.753106, 0.0 ], [ -45.430835, -4.752915, 0.0 ], [ -45.430834, -4.75257, 0.0 ], [ -45.431082, -4.751976, 0.0 ], [ -45.432036, -4.751593, 0.0 ], [ -45.432121, -4.751443, 0.0 ] ] } },
{ "type": "Feature", "properties": { "nome": "Rio Grajaú", "comprimento": 2.8759316157799999 }, "geometry": { "type": "LineString", "coordinates": [ [ -45.432121, -4.751443, 0.0 ], [ -45.432131, -4.750923, 0.0 ], [ -45.431234, -4.749889, 0.0 ], [ -45.430851, -4.748511, 0.0 ], [ -45.430412, -4.748205, 0.0 ], [ -45.429954, -4.748033, 0.0 ], [ -45.429534, -4.748052, 0.0 ], [ -45.428389, -4.748589, 0.0 ], [ -45.427855, -4.748647, 0.0 ], [ -45.427225, -4.74857, 0.0 ], [ -45.426461, -4.747767, 0.0 ], [ -45.426346, -4.747403, 0.0 ], [ -45.427052, -4.746694, 0.0 ], [ -45.427147, -4.746215, 0.0 ], [ -45.426803, -4.745028, 0.0 ], [ -45.42644, -4.744511, 0.0 ], [ -45.426134, -4.744454, 0.0 ], [ -45.425715, -4.745431, 0.0 ], [ -45.425276, -4.745872, 0.0 ], [ -45.424952, -4.745776, 0.0 ], [ -45.424741, -4.745432, 0.0 ], [ -45.424703, -4.744953, 0.0 ], [ -45.425161, -4.744072, 0.0 ], [ -45.425714, -4.743784, 0.0 ], [ -45.426954, -4.742711, 0.0 ], [ -45.427106, -4.742424, 0.0 ], [ -45.42706, -4.741112, 0.0 ], [ -45.427418, -4.740825, 0.0 ], [ -45.428098, -4.74104, 0.0 ], [ -45.428491, -4.740788, 0.0 ], [ -45.428491, -4.73928, 0.0 ], [ -45.428704, -4.737377, 0.0 ], [ -45.428417, -4.736803, 0.0 ] ] } },
{ "type": "Feature", "properties": { "nome": "Rio Grajaú", "comprimento": 7.5194776283699998 }, "geometry": { "type": "LineString", "coordinates": [ [ -45.427113, -4.716703, 0.0 ], [ -45.42667, -4.716154, 0.0 ], [ -45.426308, -4.716115, 0.0 ], [ -45.425545, -4.716518, 0.0 ], [ -45.42438, -4.716174, 0.0 ], [ -45.424094, -4.7165, 0.0 ], [ -45.423961, -4.717572, 0.0 ], [ -45.423446, -4.717745, 0.0 ], [ -45.421631, -4.715372, 0.0 ], [ -45.421459, -4.714912, 0.0 ], [ -45.421516, -4.714165, 0.0 ], [ -45.42268, -4.713131, 0.0 ], [ -45.422718, -4.712728, 0.0 ], [ -45.422431, -4.711752, 0.0 ], [ -45.422488, -4.711235, 0.0 ], [ -45.422926, -4.710775, 0.0 ], [ -45.423193, -4.710105, 0.0 ], [ -45.423117, -4.709856, 0.0 ], [ -45.422506, -4.709569, 0.0 ], [ -45.422563, -4.709109, 0.0 ], [ -45.422792, -4.708841, 0.0 ], [ -45.423307, -4.708803, 0.0 ], [ -45.423784, -4.708975, 0.0 ], [ -45.424185, -4.709683, 0.0 ], [ -45.424472, -4.709874, 0.0 ], [ -45.424701, -4.709759, 0.0 ], [ -45.424891, -4.709376, 0.0 ], [ -45.42491, -4.708993, 0.0 ], [ -45.424299, -4.70794, 0.0 ], [ -45.424298, -4.706657, 0.0 ], [ -45.423934, -4.705068, 0.0 ], [ -45.42401, -4.70457, 0.0 ], [ -45.424182, -4.704264, 0.0 ], [ -45.425021, -4.703766, 0.0 ], [ -45.425765, -4.702942, 0.0 ], [ -45.426853, -4.702481, 0.0 ], [ -45.427005, -4.701773, 0.0 ], [ -45.426928, -4.700854, 0.0 ], [ -45.427081, -4.700509, 0.0 ], [ -45.427863, -4.70003, 0.0 ], [ -45.427901, -4.699858, 0.0 ], [ -45.427863, -4.699455, 0.0 ], [ -45.427595, -4.699264, 0.0 ], [ -45.427061, -4.699284, 0.0 ], [ -45.42666, -4.699494, 0.0 ], [ -45.426393, -4.699495, 0.0 ], [ -45.426202, -4.699265, 0.0 ], [ -45.426469, -4.698461, 0.0 ], [ -45.427041, -4.698288, 0.0 ], [ -45.427614, -4.698575, 0.0 ], [ -45.427881, -4.698383, 0.0 ], [ -45.428223, -4.696411, 0.0 ], [ -45.427898, -4.695587, 0.0 ], [ -45.426524, -4.695014, 0.0 ], [ -45.426237, -4.694765, 0.0 ], [ -45.426275, -4.69442, 0.0 ], [ -45.427343, -4.693233, 0.0 ], [ -45.428316, -4.692677, 0.0 ], [ -45.428469, -4.692351, 0.0 ], [ -45.42822, -4.690341, 0.0 ], [ -45.427933, -4.690015, 0.0 ], [ -45.427456, -4.689901, 0.0 ], [ -45.426445, -4.690016, 0.0 ], [ -45.426158, -4.690189, 0.0 ], [ -45.426159, -4.690629, 0.0 ], [ -45.426808, -4.69105, 0.0 ], [ -45.426732, -4.69128, 0.0 ], [ -45.426216, -4.691452, 0.0 ], [ -45.42551, -4.691453, 0.0 ], [ -45.425243, -4.691185, 0.0 ], [ -45.425051, -4.689672, 0.0 ], [ -45.424555, -4.689347, 0.0 ], [ -45.423104, -4.688908, 0.0 ], [ -45.422989, -4.688391, 0.0 ], [ -45.423847, -4.68682, 0.0 ], [ -45.423847, -4.686341, 0.0 ], [ -45.423312, -4.685576, 0.0 ], [ -45.423178, -4.684657, 0.0 ], [ -45.423348, -4.681612, 0.0 ], [ -45.423652, -4.680405, 0.0 ], [ -45.424015, -4.679831, 0.0 ], [ -45.424568, -4.679447, 0.0 ], [ -45.425522, -4.679753, 0.0 ], [ -45.426209, -4.679714, 0.0 ], [ -45.426457, -4.679427, 0.0 ], [ -45.426476, -4.678795, 0.0 ] ] } },
{ "type": "Feature", "properties": { "nome": "Rio Grajaú", "comprimento": 1.5494716496100001 }, "geometry": { "type": "LineString", "coordinates": [ [ -45.426476, -4.678795, 0.0 ], [ -45.426075, -4.678221, 0.0 ], [ -45.424929, -4.677571, 0.0 ], [ -45.423117, -4.678089, 0.0 ], [ -45.422067, -4.67876, 0.0 ], [ -45.421056, -4.678741, 0.0 ], [ -45.420636, -4.678416, 0.0 ], [ -45.420578, -4.678014, 0.0 ], [ -45.420788, -4.677554, 0.0 ], [ -45.422388, -4.676126, 0.0 ], [ -45.422578, -4.675647, 0.0 ], [ -45.421261, -4.674671, 0.0 ], [ -45.419447, -4.673791, 0.0 ] ] } },
{ "type": "Feature", "properties": { "nome": "Rio Grajaú", "comprimento": 0.63266468938800002 }, "geometry": { "type": "LineString", "coordinates": [ [ -45.416681, -4.675057, 0.0 ], [ -45.416432, -4.673755, 0.0 ], [ -45.416164, -4.673315, 0.0 ], [ -45.41584, -4.673085, 0.0 ], [ -45.413778, -4.672512, 0.0 ], [ -45.412481, -4.672493, 0.0 ] ] } },
{ "type": "Feature", "properties": { "nome": "Rio Grajaú", "comprimento": 0.96766033139399998 }, "geometry": { "type": "LineString", "coordinates": [ [ -45.386712, -4.649962, 0.0 ], [ -45.385833, -4.648526, 0.0 ], [ -45.384669, -4.647914, 0.0 ], [ -45.38423, -4.647531, 0.0 ], [ -45.383446, -4.645579, 0.0 ], [ -45.383522, -4.645004, 0.0 ], [ -45.383808, -4.64464, 0.0 ], [ -45.384457, -4.644353, 0.0 ], [ -45.3848, -4.64395, 0.0 ], [ -45.384953, -4.643701, 0.0 ], [ -45.384914, -4.643242, 0.0 ] ] } },
{ "type": "Feature", "properties": { "nome": "Rio Grajaú", "comprimento": 5.3432708941499998 }, "geometry": { "type": "LineString", "coordinates": [ [ -45.380637, -4.638093, 0.0 ], [ -45.380541, -4.637308, 0.0 ], [ -45.380731, -4.636523, 0.0 ], [ -45.380617, -4.636197, 0.0 ], [ -45.3797, -4.635413, 0.0 ], [ -45.379719, -4.634628, 0.0 ], [ -45.379566, -4.634207, 0.0 ], [ -45.379261, -4.6339, 0.0 ], [ -45.378096, -4.633499, 0.0 ], [ -45.377562, -4.633671, 0.0 ], [ -45.376284, -4.635204, 0.0 ], [ -45.375826, -4.635511, 0.0 ], [ -45.375292, -4.635549, 0.0 ], [ -45.374929, -4.635339, 0.0 ], [ -45.374719, -4.634937, 0.0 ], [ -45.374585, -4.633999, 0.0 ], [ -45.374318, -4.63375, 0.0 ], [ -45.373726, -4.633597, 0.0 ], [ -45.373211, -4.63398, 0.0 ], [ -45.372468, -4.635264, 0.0 ], [ -45.372411, -4.635685, 0.0 ], [ -45.372965, -4.636967, 0.0 ], [ -45.372793, -4.637197, 0.0 ], [ -45.372163, -4.637313, 0.0 ], [ -45.371113, -4.636624, 0.0 ], [ -45.370807, -4.635686, 0.0 ], [ -45.370464, -4.635533, 0.0 ], [ -45.37012, -4.635667, 0.0 ], [ -45.36993, -4.636012, 0.0 ], [ -45.369949, -4.636299, 0.0 ], [ -45.37035, -4.636969, 0.0 ], [ -45.370408, -4.637543, 0.0 ], [ -45.370198, -4.637716, 0.0 ], [ -45.369263, -4.637352, 0.0 ], [ -45.369014, -4.637161, 0.0 ], [ -45.368995, -4.636816, 0.0 ], [ -45.3693, -4.635476, 0.0 ], [ -45.368937, -4.63517, 0.0 ], [ -45.368632, -4.635131, 0.0 ], [ -45.367506, -4.635324, 0.0 ], [ -45.36701, -4.635113, 0.0 ], [ -45.365978, -4.633869, 0.0 ], [ -45.365578, -4.63362, 0.0 ], [ -45.363974, -4.633506, 0.0 ], [ -45.363593, -4.633123, 0.0 ], [ -45.363592, -4.63207, 0.0 ], [ -45.362389, -4.630845, 0.0 ], [ -45.361072, -4.630348, 0.0 ], [ -45.360385, -4.629564, 0.0 ], [ -45.360117, -4.629047, 0.0 ], [ -45.360098, -4.628702, 0.0 ], [ -45.360365, -4.628281, 0.0 ], [ -45.361357, -4.627686, 0.0 ], [ -45.362063, -4.626958, 0.0 ], [ -45.362063, -4.626556, 0.0 ], [ -45.361719, -4.626193, 0.0 ], [ -45.361108, -4.626116, 0.0 ], [ -45.360383, -4.626289, 0.0 ], [ -45.359372, -4.626845, 0.0 ], [ -45.359105, -4.626845, 0.0 ], [ -45.358876, -4.626769, 0.0 ], [ -45.35857, -4.62583, 0.0 ], [ -45.358131, -4.625046, 0.0 ], [ -45.357596, -4.625314, 0.0 ], [ -45.357234, -4.625238, 0.0 ] ] } },
{ "type": "Feature", "properties": { "nome": "Rio Grajaú", "comprimento": 1.6918407689 }, "geometry": { "type": "LineString", "coordinates": [ [ -45.351, -4.563451, 0.0 ], [ -45.350756, -4.562384, 0.0 ], [ -45.350469, -4.561953, 0.0 ], [ -45.347892, -4.559704, 0.0 ], [ -45.347463, -4.559465, 0.0 ], [ -45.346366, -4.559346, 0.0 ], [ -45.345817, -4.559059, 0.0 ], [ -45.344767, -4.557934, 0.0 ], [ -45.342882, -4.556954, 0.0 ], [ -45.342262, -4.556835, 0.0 ], [ -45.340592, -4.557003, 0.0 ], [ -45.340091, -4.556836, 0.0 ], [ -45.33959, -4.556573, 0.0 ], [ -45.339256, -4.555711, 0.0 ] ] } },
{ "type": "Feature", "properties": { "nome": "Rio Grajaú", "comprimento": 2.74618547087 }, "geometry": { "type": "LineString", "coordinates": [ [ -45.359752, -4.584909, 0.0 ], [ -45.359026, -4.583799, 0.0 ], [ -45.358835, -4.582938, 0.0 ], [ -45.358872, -4.581138, 0.0 ], [ -45.358681, -4.580716, 0.0 ], [ -45.358318, -4.580372, 0.0 ], [ -45.357822, -4.580257, 0.0 ], [ -45.356639, -4.580813, 0.0 ], [ -45.356163, -4.581752, 0.0 ], [ -45.356564, -4.582939, 0.0 ], [ -45.356622, -4.583877, 0.0 ], [ -45.356126, -4.58426, 0.0 ], [ -45.355839, -4.58426, 0.0 ], [ -45.355419, -4.583954, 0.0 ], [ -45.354446, -4.582576, 0.0 ], [ -45.352708, -4.579494, 0.0 ], [ -45.352135, -4.578881, 0.0 ], [ -45.351028, -4.578231, 0.0 ], [ -45.350589, -4.57781, 0.0 ], [ -45.350378, -4.577025, 0.0 ], [ -45.351008, -4.575914, 0.0 ], [ -45.351084, -4.575359, 0.0 ], [ -45.349938, -4.573731, 0.0 ], [ -45.349851, -4.573083, 0.0 ] ] } },
{ "type": "Feature", "properties": { "nome": "Rio Grajaú", "comprimento": 2.8587476115000001 }, "geometry": { "type": "LineString", "coordinates": [ [ -45.428417, -4.736803, 0.0 ], [ -45.427164, -4.735332, 0.0 ], [ -45.427164, -4.734578, 0.0 ], [ -45.4277, -4.73429, 0.0 ], [ -45.428273, -4.734326, 0.0 ], [ -45.428559, -4.734146, 0.0 ], [ -45.428451, -4.733715, 0.0 ], [ -45.427986, -4.733608, 0.0 ], [ -45.427521, -4.733249, 0.0 ], [ -45.427377, -4.732818, 0.0 ], [ -45.427377, -4.732172, 0.0 ], [ -45.42802, -4.730736, 0.0 ], [ -45.42802, -4.729982, 0.0 ], [ -45.427805, -4.729518, 0.0 ], [ -45.427975, -4.727469, 0.0 ], [ -45.427516, -4.726282, 0.0 ], [ -45.427516, -4.725574, 0.0 ], [ -45.427878, -4.725057, 0.0 ], [ -45.428718, -4.724961, 0.0 ], [ -45.429042, -4.724443, 0.0 ], [ -45.428774, -4.723543, 0.0 ], [ -45.428735, -4.722299, 0.0 ], [ -45.428563, -4.722069, 0.0 ], [ -45.42759, -4.721668, 0.0 ], [ -45.426826, -4.721553, 0.0 ], [ -45.426368, -4.721247, 0.0 ], [ -45.426005, -4.720424, 0.0 ], [ -45.426348, -4.71962, 0.0 ], [ -45.427321, -4.718374, 0.0 ], [ -45.427416, -4.71801, 0.0 ], [ -45.427113, -4.716703, 0.0 ] ] } },
{ "type": "Feature", "properties": { "nome": "Rio Grajaú", "comprimento": 0.44373030167900002 }, "geometry": { "type": "LineString", "coordinates": [ [ -45.419447, -4.673791, 0.0 ], [ -45.418455, -4.673466, 0.0 ], [ -45.417958, -4.673543, 0.0 ], [ -45.417367, -4.674405, 0.0 ], [ -45.417291, -4.675133, 0.0 ], [ -45.417024, -4.67521, 0.0 ], [ -45.416681, -4.675057, 0.0 ] ] } },
{ "type": "Feature", "properties": { "nome": "Rio Grajaú", "comprimento": 1.4844203896799999 }, "geometry": { "type": "LineString", "coordinates": [ [ -45.412481, -4.672493, 0.0 ], [ -45.411469, -4.672513, 0.0 ], [ -45.411011, -4.672762, 0.0 ], [ -45.410992, -4.673126, 0.0 ], [ -45.411699, -4.674102, 0.0 ], [ -45.411795, -4.674523, 0.0 ], [ -45.411413, -4.67483, 0.0 ], [ -45.410497, -4.674677, 0.0 ], [ -45.409981, -4.674008, 0.0 ], [ -45.409847, -4.673318, 0.0 ], [ -45.409542, -4.673089, 0.0 ], [ -45.409084, -4.673319, 0.0 ], [ -45.408722, -4.674181, 0.0 ], [ -45.408551, -4.675042, 0.0 ], [ -45.408742, -4.675387, 0.0 ], [ -45.409792, -4.675961, 0.0 ], [ -45.40983, -4.676305, 0.0 ], [ -45.409124, -4.676555, 0.0 ], [ -45.407826, -4.675904, 0.0 ] ] } },
{ "type": "Feature", "properties": { "nome": "Rio Grajaú", "comprimento": 1.5838066848400001 }, "geometry": { "type": "LineString", "coordinates": [ [ -45.407826, -4.675904, 0.0 ], [ -45.407101, -4.675579, 0.0 ], [ -45.406681, -4.67556, 0.0 ], [ -45.406166, -4.675752, 0.0 ], [ -45.405937, -4.676078, 0.0 ], [ -45.405918, -4.676748, 0.0 ], [ -45.40567, -4.67715, 0.0 ], [ -45.405288, -4.677246, 0.0 ], [ -45.404888, -4.67717, 0.0 ], [ -45.404047, -4.676251, 0.0 ], [ -45.403513, -4.675371, 0.0 ], [ -45.403226, -4.675237, 0.0 ], [ -45.402902, -4.675314, 0.0 ], [ -45.402635, -4.675946, 0.0 ], [ -45.402368, -4.675965, 0.0 ], [ -45.401547, -4.675353, 0.0 ], [ -45.401069, -4.674721, 0.0 ], [ -45.399961, -4.67273, 0.0 ], [ -45.3983, -4.671314, 0.0 ] ] } },
{ "type": "Feature", "properties": { "nome": "Rio Grajaú", "comprimento": 0.63070515403799998 }, "geometry": { "type": "LineString", "coordinates": [ [ -45.391084, -4.653272, 0.0 ], [ -45.390205, -4.651913, 0.0 ], [ -45.389881, -4.651645, 0.0 ], [ -45.387819, -4.650823, 0.0 ], [ -45.387285, -4.650536, 0.0 ], [ -45.386712, -4.649962, 0.0 ] ] } },
{ "type": "Feature", "properties": { "nome": "Rio Grajaú", "comprimento": 1.04631926514 }, "geometry": { "type": "LineString", "coordinates": [ [ -45.384914, -4.643242, 0.0 ], [ -45.383482, -4.641251, 0.0 ], [ -45.3831, -4.641022, 0.0 ], [ -45.381802, -4.640946, 0.0 ], [ -45.381764, -4.640448, 0.0 ], [ -45.382909, -4.639796, 0.0 ], [ -45.382947, -4.639183, 0.0 ], [ -45.382736, -4.638858, 0.0 ], [ -45.381782, -4.638456, 0.0 ], [ -45.38079, -4.63838, 0.0 ], [ -45.380637, -4.638093, 0.0 ] ] } },
{ "type": "Feature", "properties": { "nome": "Rio Grajaú", "comprimento": 1.52412494159 }, "geometry": { "type": "LineString", "coordinates": [ [ -45.357234, -4.625238, 0.0 ], [ -45.357138, -4.624855, 0.0 ], [ -45.357253, -4.624472, 0.0 ], [ -45.357977, -4.623858, 0.0 ], [ -45.358817, -4.622824, 0.0 ], [ -45.35937, -4.622575, 0.0 ], [ -45.360496, -4.622708, 0.0 ], [ -45.361144, -4.622287, 0.0 ], [ -45.363128, -4.619873, 0.0 ], [ -45.363662, -4.619662, 0.0 ], [ -45.36475, -4.619872, 0.0 ], [ -45.365685, -4.61947, 0.0 ], [ -45.367021, -4.61945, 0.0 ], [ -45.367345, -4.619277, 0.0 ], [ -45.367637, -4.618743, 0.0 ] ] } },
{ "type": "Feature", "properties": { "nome": "Rio Grajaú", "comprimento": 0.53746605798900005 }, "geometry": { "type": "LineString", "coordinates": [ [ -45.360651, -4.589236, 0.0 ], [ -45.359963, -4.588528, 0.0 ], [ -45.359982, -4.587513, 0.0 ], [ -45.360344, -4.586096, 0.0 ], [ -45.360133, -4.585311, 0.0 ], [ -45.359752, -4.584909, 0.0 ] ] } },
{ "type": "Feature", "properties": { "nome": "Rio Grajaú", "comprimento": 1.42341795323 }, "geometry": { "type": "LineString", "coordinates": [ [ -45.349851, -4.573083, 0.0 ], [ -45.349806, -4.570418, 0.0 ], [ -45.349519, -4.569365, 0.0 ], [ -45.348516, -4.567786, 0.0 ], [ -45.348516, -4.567164, 0.0 ], [ -45.348659, -4.566733, 0.0 ], [ -45.349088, -4.566573, 0.0 ], [ -45.351092, -4.566548, 0.0 ], [ -45.351593, -4.566285, 0.0 ], [ -45.351878, -4.565327, 0.0 ], [ -45.351783, -4.56492, 0.0 ], [ -45.351067, -4.563891, 0.0 ], [ -45.351, -4.563451, 0.0 ] ] } },
{ "type": "Feature", "properties": { "nome": "Rio Grajaú", "comprimento": 5.9758805581600001 }, "geometry": { "type": "LineString", "coordinates": [ [ -46.464852, -6.281416, 0.0 ], [ -46.462921, -6.281532, 0.0 ], [ -46.461058, -6.282207, 0.0 ], [ -46.458238, -6.282981, 0.0 ], [ -46.45733, -6.283127, 0.0 ], [ -46.456612, -6.283033, 0.0 ], [ -46.456514, -6.281981, 0.0 ], [ -46.457133, -6.281022, 0.0 ], [ -46.457849, -6.280589, 0.0 ], [ -46.457991, -6.280158, 0.0 ], [ -46.457509, -6.27858, 0.0 ], [ -46.457313, -6.277097, 0.0 ], [ -46.457405, -6.275805, 0.0 ], [ -46.456876, -6.274562, 0.0 ], [ -46.456871, -6.272887, 0.0 ], [ -46.458064, -6.271783, 0.0 ], [ -46.458109, -6.27097, 0.0 ], [ -46.457629, -6.27011, 0.0 ], [ -46.457341, -6.269871, 0.0 ], [ -46.456624, -6.269873, 0.0 ], [ -46.454805, -6.269256, 0.0 ], [ -46.452984, -6.268113, 0.0 ], [ -46.451214, -6.267687, 0.0 ], [ -46.450782, -6.267162, 0.0 ], [ -46.451017, -6.26563, 0.0 ], [ -46.451014, -6.26472, 0.0 ], [ -46.450772, -6.263668, 0.0 ], [ -46.450339, -6.262808, 0.0 ], [ -46.449571, -6.261757, 0.0 ], [ -46.448324, -6.260421, 0.0 ], [ -46.447747, -6.259178, 0.0 ], [ -46.447792, -6.258077, 0.0 ], [ -46.44831, -6.2553, 0.0 ], [ -46.45031, -6.252232, 0.0 ], [ -46.45045, -6.251131, 0.0 ], [ -46.449013, -6.25013, 0.0 ], [ -46.447382, -6.248364, 0.0 ], [ -46.447046, -6.247839, 0.0 ], [ -46.447138, -6.246881, 0.0 ] ] } },
{ "type": "Feature", "properties": { "nome": "Rio Grajaú", "comprimento": 3.70963055591 }, "geometry": { "type": "LineString", "coordinates": [ [ -46.447138, -6.246881, 0.0 ], [ -46.447564, -6.244918, 0.0 ], [ -46.447849, -6.244343, 0.0 ], [ -46.447943, -6.243625, 0.0 ], [ -46.447798, -6.243003, 0.0 ], [ -46.446934, -6.242048, 0.0 ], [ -46.44636, -6.241811, 0.0 ], [ -46.445064, -6.240139, 0.0 ], [ -46.443482, -6.238612, 0.0 ], [ -46.441279, -6.237374, 0.0 ], [ -46.44137, -6.235938, 0.0 ], [ -46.441609, -6.23565, 0.0 ], [ -46.442851, -6.235216, 0.0 ], [ -46.443041, -6.234929, 0.0 ], [ -46.442992, -6.234355, 0.0 ], [ -46.442464, -6.233638, 0.0 ], [ -46.442033, -6.233352, 0.0 ], [ -46.440836, -6.232829, 0.0 ], [ -46.439927, -6.232736, 0.0 ], [ -46.438251, -6.232023, 0.0 ], [ -46.437867, -6.231162, 0.0 ], [ -46.437864, -6.230253, 0.0 ], [ -46.438764, -6.227044, 0.0 ], [ -46.438713, -6.225752, 0.0 ], [ -46.436744, -6.222839, 0.0 ], [ -46.43631, -6.221706, 0.0 ] ] } },
{ "type": "Feature", "properties": { "nome": "Rio Grajaú", "comprimento": 5.7009983995600004 }, "geometry": { "type": "LineString", "coordinates": [ [ -46.431621, -6.220699, 0.0 ], [ -46.431237, -6.219982, 0.0 ], [ -46.431235, -6.21936, 0.0 ], [ -46.431568, -6.21845, 0.0 ], [ -46.432139, -6.217635, 0.0 ], [ -46.432377, -6.217012, 0.0 ], [ -46.433473, -6.215574, 0.0 ], [ -46.433471, -6.215095, 0.0 ], [ -46.433039, -6.214378, 0.0 ], [ -46.43256, -6.213997, 0.0 ], [ -46.432033, -6.213807, 0.0 ], [ -46.431364, -6.213809, 0.0 ], [ -46.429404, -6.214197, 0.0 ], [ -46.426253, -6.216119, 0.0 ], [ -46.425203, -6.216601, 0.0 ], [ -46.423867, -6.217944, 0.0 ], [ -46.422767, -6.219355, 0.0 ], [ -46.422322, -6.21941, 0.0 ], [ -46.421384, -6.219052, 0.0 ], [ -46.420042, -6.218194, 0.0 ], [ -46.413869, -6.216583, 0.0 ], [ -46.412672, -6.216012, 0.0 ], [ -46.412192, -6.215439, 0.0 ], [ -46.411661, -6.213527, 0.0 ], [ -46.41185, -6.212473, 0.0 ], [ -46.412804, -6.211801, 0.0 ], [ -46.414524, -6.21127, 0.0 ], [ -46.415814, -6.210596, 0.0 ], [ -46.416052, -6.210117, 0.0 ], [ -46.415614, -6.207438, 0.0 ], [ -46.414893, -6.206005, 0.0 ], [ -46.414223, -6.205671, 0.0 ], [ -46.410015, -6.205874, 0.0 ], [ -46.407052, -6.206696, 0.0 ] ] } },
{ "type": "Feature", "properties": { "nome": "Rio Grajaú", "comprimento": 3.1239551454800001 }, "geometry": { "type": "LineString", "coordinates": [ [ -46.392885, -6.193662, 0.0 ], [ -46.391634, -6.192373, 0.0 ], [ -46.39095, -6.191406, 0.0 ], [ -46.390623, -6.189828, 0.0 ], [ -46.391265, -6.188641, 0.0 ], [ -46.391658, -6.18821, 0.0 ], [ -46.392554, -6.187741, 0.0 ], [ -46.393557, -6.187523, 0.0 ], [ -46.394884, -6.187483, 0.0 ], [ -46.396572, -6.188233, 0.0 ], [ -46.39909, -6.191313, 0.0 ], [ -46.39981, -6.192388, 0.0 ], [ -46.400959, -6.192851, 0.0 ], [ -46.401748, -6.192885, 0.0 ], [ -46.402035, -6.192705, 0.0 ], [ -46.402463, -6.191699, 0.0 ], [ -46.402671, -6.189329, 0.0 ], [ -46.402272, -6.187428, 0.0 ], [ -46.401767, -6.186353, 0.0 ], [ -46.40094, -6.185422, 0.0 ], [ -46.400987, -6.184474, 0.0 ] ] } },
{ "type": "Feature", "properties": { "nome": "Rio Grajaú", "comprimento": 2.75964546243 }, "geometry": { "type": "LineString", "coordinates": [ [ -46.400987, -6.184474, 0.0 ], [ -46.40095, -6.182033, 0.0 ], [ -46.400589, -6.181077, 0.0 ], [ -46.399486, -6.179884, 0.0 ], [ -46.398336, -6.179025, 0.0 ], [ -46.397618, -6.17874, 0.0 ], [ -46.392502, -6.178753, 0.0 ], [ -46.391666, -6.179186, 0.0 ], [ -46.389208, -6.180987, 0.0 ], [ -46.385532, -6.183007, 0.0 ], [ -46.384337, -6.183417, 0.0 ], [ -46.383237, -6.183444, 0.0 ], [ -46.382472, -6.18323, 0.0 ], [ -46.381532, -6.182577, 0.0 ] ] } },
{ "type": "Feature", "properties": { "nome": "Rio Grajaú", "comprimento": 3.6940594638499999 }, "geometry": { "type": "LineString", "coordinates": [ [ -46.379306, -6.170341, 0.0 ], [ -46.378925, -6.170749, 0.0 ], [ -46.378164, -6.172378, 0.0 ], [ -46.378094, -6.172928, 0.0 ], [ -46.377379, -6.173887, 0.0 ], [ -46.374129, -6.17447, 0.0 ], [ -46.372147, -6.175385, 0.0 ], [ -46.371645, -6.175505, 0.0 ], [ -46.371071, -6.175411, 0.0 ], [ -46.370281, -6.175054, 0.0 ], [ -46.36961, -6.174482, 0.0 ], [ -46.369585, -6.174051, 0.0 ], [ -46.369799, -6.1735, 0.0 ], [ -46.370657, -6.172541, 0.0 ], [ -46.370889, -6.169789, 0.0 ], [ -46.370426, -6.166153, 0.0 ], [ -46.369969, -6.165364, 0.0 ], [ -46.368176, -6.165082, 0.0 ], [ -46.367339, -6.165084, 0.0 ], [ -46.366957, -6.165228, 0.0 ], [ -46.365072, -6.166741, 0.0 ], [ -46.36457, -6.166957, 0.0 ], [ -46.364188, -6.16691, 0.0 ], [ -46.362584, -6.166173, 0.0 ], [ -46.3616, -6.164883, 0.0 ], [ -46.361137, -6.163542, 0.0 ] ] } },
{ "type": "Feature", "properties": { "nome": "Rio Grajaú", "comprimento": 2.2092790889799998 }, "geometry": { "type": "LineString", "coordinates": [ [ -46.356509, -6.15725, 0.0 ], [ -46.353559, -6.156892, 0.0 ], [ -46.35293, -6.156504, 0.0 ], [ -46.351812, -6.151692, 0.0 ], [ -46.351452, -6.151184, 0.0 ], [ -46.349925, -6.149782, 0.0 ], [ -46.347082, -6.148264, 0.0 ], [ -46.346272, -6.147189, 0.0 ], [ -46.345882, -6.146412, 0.0 ], [ -46.345043, -6.145487, 0.0 ], [ -46.344205, -6.144891, 0.0 ], [ -46.343397, -6.144534, 0.0 ] ] } },
{ "type": "Feature", "properties": { "nome": "Rio Grajaú", "comprimento": 5.4326725485900003 }, "geometry": { "type": "LineString", "coordinates": [ [ -46.337926, -6.131597, 0.0 ], [ -46.336249, -6.130315, 0.0 ], [ -46.334812, -6.129511, 0.0 ], [ -46.334573, -6.129182, 0.0 ], [ -46.333765, -6.128855, 0.0 ], [ -46.332808, -6.128798, 0.0 ], [ -46.331701, -6.128143, 0.0 ], [ -46.329639, -6.127878, 0.0 ], [ -46.32904, -6.127551, 0.0 ], [ -46.327208, -6.123697, 0.0 ], [ -46.325948, -6.121786, 0.0 ], [ -46.32538, -6.121578, 0.0 ], [ -46.324932, -6.121699, 0.0 ], [ -46.323858, -6.122778, 0.0 ], [ -46.323321, -6.122929, 0.0 ], [ -46.322812, -6.122721, 0.0 ], [ -46.322661, -6.122033, 0.0 ], [ -46.322807, -6.120388, 0.0 ], [ -46.322686, -6.11979, 0.0 ], [ -46.322536, -6.119611, 0.0 ], [ -46.321908, -6.119552, 0.0 ], [ -46.321668, -6.119344, 0.0 ], [ -46.321368, -6.118627, 0.0 ], [ -46.321009, -6.118328, 0.0 ], [ -46.318489, -6.114506, 0.0 ], [ -46.317613, -6.110769, 0.0 ], [ -46.316589, -6.107481, 0.0 ], [ -46.312791, -6.106115, 0.0 ], [ -46.311863, -6.105609, 0.0 ], [ -46.311563, -6.105191, 0.0 ], [ -46.310929, -6.10256, 0.0 ], [ -46.311017, -6.101662, 0.0 ], [ -46.312033, -6.099638, 0.0 ] ] } },
{ "type": "Feature", "properties": { "nome": "Rio Grajaú", "comprimento": 4.8299955752099999 }, "geometry": { "type": "LineString", "coordinates": [ [ -46.307351, -6.087732, 0.0 ], [ -46.307062, -6.086763, 0.0 ], [ -46.307168, -6.086261, 0.0 ], [ -46.307383, -6.086116, 0.0 ], [ -46.307668, -6.08547, 0.0 ], [ -46.307559, -6.085003, 0.0 ], [ -46.307307, -6.08443, 0.0 ], [ -46.30666, -6.084001, 0.0 ], [ -46.306264, -6.08332, 0.0 ], [ -46.305653, -6.082675, 0.0 ], [ -46.305508, -6.08185, 0.0 ], [ -46.304967, -6.080595, 0.0 ], [ -46.30428, -6.07812, 0.0 ], [ -46.304062, -6.077115, 0.0 ], [ -46.304059, -6.075895, 0.0 ], [ -46.30445, -6.07453, 0.0 ], [ -46.303436, -6.070153, 0.0 ], [ -46.303041, -6.069939, 0.0 ], [ -46.302216, -6.069977, 0.0 ], [ -46.299098, -6.070595, 0.0 ], [ -46.295909, -6.071535, 0.0 ], [ -46.29376, -6.072402, 0.0 ], [ -46.293294, -6.072762, 0.0 ], [ -46.292506, -6.0728, 0.0 ], [ -46.292074, -6.072334, 0.0 ], [ -46.292071, -6.071078, 0.0 ], [ -46.291926, -6.070468, 0.0 ], [ -46.29088, -6.067635, 0.0 ], [ -46.291055, -6.065984, 0.0 ], [ -46.291484, -6.065408, 0.0 ], [ -46.295138, -6.063928, 0.0 ], [ -46.295353, -6.063748, 0.0 ], [ -46.295381, -6.062728, 0.0 ] ] } },
{ "type": "Feature", "properties": { "nome": "Rio Grajaú", "comprimento": 5.8113606409800003 }, "geometry": { "type": "LineString", "coordinates": [ [ -46.295381, -6.062728, 0.0 ], [ -46.294343, -6.061417, 0.0 ], [ -46.289681, -6.06089, 0.0 ], [ -46.287635, -6.060285, 0.0 ], [ -46.285484, -6.060469, 0.0 ], [ -46.281647, -6.060083, 0.0 ], [ -46.280929, -6.059654, 0.0 ], [ -46.280066, -6.058759, 0.0 ], [ -46.279634, -6.058114, 0.0 ], [ -46.279595, -6.056535, 0.0 ], [ -46.280381, -6.055384, 0.0 ], [ -46.280794, -6.047953, 0.0 ], [ -46.281292, -6.046552, 0.0 ], [ -46.282544, -6.045401, 0.0 ], [ -46.284516, -6.045073, 0.0 ], [ -46.285161, -6.045036, 0.0 ], [ -46.285843, -6.045249, 0.0 ], [ -46.28692, -6.045965, 0.0 ], [ -46.287566, -6.046107, 0.0 ], [ -46.288031, -6.045819, 0.0 ], [ -46.288172, -6.044777, 0.0 ], [ -46.28792, -6.044204, 0.0 ], [ -46.287525, -6.043881, 0.0 ], [ -46.285587, -6.043096, 0.0 ], [ -46.284475, -6.042955, 0.0 ], [ -46.282898, -6.043103, 0.0 ], [ -46.281248, -6.042927, 0.0 ], [ -46.280065, -6.043253, 0.0 ], [ -46.279312, -6.043255, 0.0 ], [ -46.277268, -6.042901, 0.0 ], [ -46.276407, -6.04258, 0.0 ], [ -46.275975, -6.042114, 0.0 ], [ -46.276223, -6.040785, 0.0 ] ] } },
{ "type": "Feature", "properties": { "nome": "Rio Grajaú", "comprimento": 5.7238546407 }, "geometry": { "type": "LineString", "coordinates": [ [ -46.27645, -6.035239, 0.0 ], [ -46.275958, -6.034935, 0.0 ], [ -46.275274, -6.033752, 0.0 ], [ -46.274736, -6.033682, 0.0 ], [ -46.273803, -6.033253, 0.0 ], [ -46.271538, -6.030351, 0.0 ], [ -46.271139, -6.028665, 0.0 ], [ -46.271137, -6.02766, 0.0 ], [ -46.271279, -6.027014, 0.0 ], [ -46.271707, -6.026115, 0.0 ], [ -46.272889, -6.025682, 0.0 ], [ -46.272635, -6.024462, 0.0 ], [ -46.271843, -6.023028, 0.0 ], [ -46.268575, -6.020846, 0.0 ], [ -46.268106, -6.019268, 0.0 ], [ -46.268317, -6.017724, 0.0 ], [ -46.268961, -6.016969, 0.0 ], [ -46.271324, -6.015815, 0.0 ], [ -46.271825, -6.015311, 0.0 ], [ -46.272433, -6.014376, 0.0 ], [ -46.272396, -6.01391, 0.0 ], [ -46.272144, -6.01348, 0.0 ], [ -46.271104, -6.013374, 0.0 ], [ -46.268666, -6.013524, 0.0 ], [ -46.264216, -6.011919, 0.0 ], [ -46.263751, -6.012099, 0.0 ], [ -46.263, -6.01307, 0.0 ], [ -46.262427, -6.013395, 0.0 ], [ -46.261818, -6.013432, 0.0 ], [ -46.25963, -6.013006, 0.0 ], [ -46.258517, -6.012614, 0.0 ], [ -46.257727, -6.012113, 0.0 ], [ -46.255682, -6.011328, 0.0 ], [ -46.254964, -6.010899, 0.0 ], [ -46.254211, -6.011152, 0.0 ], [ -46.253531, -6.011584, 0.0 ], [ -46.252887, -6.012268, 0.0 ], [ -46.25235, -6.012556, 0.0 ], [ -46.251741, -6.012522, 0.0 ] ] } },
{ "type": "Feature", "properties": { "nome": "Rio Grajaú", "comprimento": 0.58355820874499997 }, "geometry": { "type": "LineString", "coordinates": [ [ -46.43631, -6.221706, 0.0 ], [ -46.435782, -6.220783, 0.0 ], [ -46.435351, -6.220641, 0.0 ], [ -46.433964, -6.220597, 0.0 ], [ -46.433152, -6.220791, 0.0 ], [ -46.431621, -6.220699, 0.0 ] ] } },
{ "type": "Feature", "properties": { "nome": "Rio Grajaú", "comprimento": 3.08886408035 }, "geometry": { "type": "LineString", "coordinates": [ [ -46.407052, -6.206696, 0.0 ], [ -46.40573, -6.206729, 0.0 ], [ -46.405155, -6.206407, 0.0 ], [ -46.403039, -6.206197, 0.0 ], [ -46.401855, -6.205913, 0.0 ], [ -46.400849, -6.205306, 0.0 ], [ -46.400884, -6.204947, 0.0 ], [ -46.402206, -6.203041, 0.0 ], [ -46.403026, -6.201209, 0.0 ], [ -46.403522, -6.199018, 0.0 ], [ -46.403485, -6.198444, 0.0 ], [ -46.402798, -6.196328, 0.0 ], [ -46.402545, -6.195754, 0.0 ], [ -46.401933, -6.195038, 0.0 ], [ -46.401324, -6.195004, 0.0 ], [ -46.399283, -6.196301, 0.0 ], [ -46.398889, -6.19641, 0.0 ], [ -46.396914, -6.195769, 0.0 ], [ -46.393252, -6.193984, 0.0 ], [ -46.392885, -6.193662, 0.0 ] ] } },
{ "type": "Feature", "properties": { "nome": "Rio Grajaú", "comprimento": 2.2453803367999998 }, "geometry": { "type": "LineString", "coordinates": [ [ -46.381532, -6.182577, 0.0 ], [ -46.380889, -6.181416, 0.0 ], [ -46.380886, -6.180315, 0.0 ], [ -46.381452, -6.17737, 0.0 ], [ -46.382332, -6.175286, 0.0 ], [ -46.382903, -6.174423, 0.0 ], [ -46.384119, -6.1732, 0.0 ], [ -46.384764, -6.172792, 0.0 ], [ -46.385024, -6.171738, 0.0 ], [ -46.383966, -6.169468, 0.0 ], [ -46.383583, -6.169086, 0.0 ], [ -46.383128, -6.168967, 0.0 ], [ -46.381024, -6.168805, 0.0 ], [ -46.380141, -6.169334, 0.0 ], [ -46.379306, -6.170341, 0.0 ] ] } },
{ "type": "Feature", "properties": { "nome": "Rio Grajaú", "comprimento": 1.15278711256 }, "geometry": { "type": "LineString", "coordinates": [ [ -46.361137, -6.163542, 0.0 ], [ -46.360954, -6.162137, 0.0 ], [ -46.360853, -6.157591, 0.0 ], [ -46.360583, -6.157352, 0.0 ], [ -46.359119, -6.157476, 0.0 ], [ -46.356509, -6.15725, 0.0 ] ] } },
{ "type": "Feature", "properties": { "nome": "Rio Grajaú", "comprimento": 2.1225283372799999 }, "geometry": { "type": "LineString", "coordinates": [ [ -46.343397, -6.144534, 0.0 ], [ -46.341513, -6.1443, 0.0 ], [ -46.33924, -6.143229, 0.0 ], [ -46.336455, -6.140992, 0.0 ], [ -46.336274, -6.140395, 0.0 ], [ -46.336482, -6.139736, 0.0 ], [ -46.339433, -6.136947, 0.0 ], [ -46.339552, -6.136558, 0.0 ], [ -46.339548, -6.135092, 0.0 ], [ -46.339155, -6.133328, 0.0 ], [ -46.337926, -6.131597, 0.0 ] ] } },
{ "type": "Feature", "properties": { "nome": "Rio Grajaú", "comprimento": 0.656971812707 }, "geometry": { "type": "LineString", "coordinates": [ [ -46.312033, -6.099638, 0.0 ], [ -46.312075, -6.098919, 0.0 ], [ -46.311822, -6.09813, 0.0 ], [ -46.311603, -6.096228, 0.0 ], [ -46.310883, -6.095045, 0.0 ], [ -46.310084, -6.094318, 0.0 ] ] } },
{ "type": "Feature", "properties": { "nome": "Rio Grajaú", "comprimento": 0.88093260389100003 }, "geometry": { "type": "LineString", "coordinates": [ [ -46.310084, -6.094318, 0.0 ], [ -46.309301, -6.093685, 0.0 ], [ -46.308655, -6.0934, 0.0 ], [ -46.3079, -6.092576, 0.0 ], [ -46.307504, -6.091895, 0.0 ], [ -46.307574, -6.091141, 0.0 ], [ -46.30793, -6.089992, 0.0 ], [ -46.307929, -6.089453, 0.0 ], [ -46.30746, -6.088485, 0.0 ], [ -46.307351, -6.087732, 0.0 ] ] } },
{ "type": "Feature", "properties": { "nome": "Rio Grajaú", "comprimento": 0.65593786322699998 }, "geometry": { "type": "LineString", "coordinates": [ [ -46.276223, -6.040785, 0.0 ], [ -46.277183, -6.03723, 0.0 ], [ -46.277182, -6.036727, 0.0 ], [ -46.276498, -6.03576, 0.0 ], [ -46.27645, -6.035239, 0.0 ] ] } },
{ "type": "Feature", "properties": { "nome": "Rio Grajaú", "comprimento": 2.2623387138400002 }, "geometry": { "type": "LineString", "coordinates": [ [ -46.251741, -6.012522, 0.0 ], [ -46.251274, -6.0122, 0.0 ], [ -46.251093, -6.01159, 0.0 ], [ -46.250662, -6.011232, 0.0 ], [ -46.247719, -6.009731, 0.0 ], [ -46.247287, -6.009158, 0.0 ], [ -46.247178, -6.008548, 0.0 ], [ -46.246783, -6.008046, 0.0 ], [ -46.246352, -6.007832, 0.0 ], [ -46.244666, -6.007585, 0.0 ], [ -46.243627, -6.007946, 0.0 ], [ -46.242588, -6.008092, 0.0 ], [ -46.240974, -6.007844, 0.0 ], [ -46.24022, -6.007343, 0.0 ], [ -46.239034, -6.006054, 0.0 ], [ -46.236952, -6.00491, 0.0 ], [ -46.235766, -6.003979, 0.0 ], [ -46.235191, -6.003335, 0.0 ] ] } },
{ "type": "Feature", "properties": { "nome": "Rio Grajaú", "comprimento": 0.583029021014 }, "geometry": { "type": "LineString", "coordinates": [ [ -45.574622, -4.949248, 0.0 ], [ -45.574732, -4.948879, 0.0 ], [ -45.575056, -4.948515, 0.0 ], [ -45.575946, -4.948344, 0.0 ] ] } },
{ "type": "Feature", "properties": { "nome": "Rio Grajaú", "comprimento": 0.583029021014 }, "geometry": { "type": "LineString", "coordinates": [ [ -45.58067, -4.956752, 0.0 ], [ -45.580573, -4.957072, 0.0 ], [ -45.580285, -4.957195, 0.0 ] ] } },
{ "type": "Feature", "properties": { "nome": "Rio Grajaú", "comprimento": 0.583029021014 }, "geometry": { "type": "LineString", "coordinates": [ [ -45.586094, -4.966393, 0.0 ], [ -45.586029, -4.965698, 0.0 ], [ -45.586577, -4.965281, 0.0 ], [ -45.587092, -4.96533, 0.0 ] ] } },
{ "type": "Feature", "properties": { "nome": "Rio Grajaú", "comprimento": 0.583029021014 }, "geometry": { "type": "LineString", "coordinates": [ [ -45.587339, -4.971313, 0.0 ], [ -45.587411, -4.970645, 0.0 ], [ -45.587549, -4.970523, 0.0 ] ] } },
{ "type": "Feature", "properties": { "nome": "Rio Grajaú", "comprimento": 0.43301355968299998 }, "geometry": { "type": "LineString", "coordinates": [ [ -45.588666, -4.976672, 0.0 ], [ -45.588574, -4.977567, 0.0 ], [ -45.588262, -4.977632, 0.0 ] ] } },
{ "type": "Feature", "properties": { "nome": "Rio Grajaú", "comprimento": 0.43301355968299998 }, "geometry": { "type": "LineString", "coordinates": [ [ -45.601308, -4.978379, 0.0 ], [ -45.60083, -4.97861, 0.0 ] ] } },
{ "type": "Feature", "properties": { "nome": "Rio Grajaú", "comprimento": 0.43301355968299998 }, "geometry": { "type": "LineString", "coordinates": [ [ -45.604544, -4.982953, 0.0 ], [ -45.604712, -4.982281, 0.0 ], [ -45.605115, -4.981785, 0.0 ] ] } },
{ "type": "Feature", "properties": { "nome": "Rio Grajaú", "comprimento": 0.43301355968299998 }, "geometry": { "type": "LineString", "coordinates": [ [ -45.605753, -4.985756, 0.0 ], [ -45.605755, -4.985373, 0.0 ], [ -45.606076, -4.985174, 0.0 ] ] } },
{ "type": "Feature", "properties": { "nome": "Rio Grajaú", "comprimento": 0.23682357653700001 }, "geometry": { "type": "LineString", "coordinates": [ [ -45.557063, -4.903654, 0.0 ], [ -45.557167, -4.904532, 0.0 ], [ -45.556881, -4.905018, 0.0 ] ] } },
{ "type": "Feature", "properties": { "nome": "Rio Grajaú", "comprimento": 0.23682357653700001 }, "geometry": { "type": "LineString", "coordinates": [ [ -45.564353, -4.913931, 0.0 ], [ -45.564278, -4.913558, 0.0 ], [ -45.564414, -4.913317, 0.0 ] ] } },
{ "type": "Feature", "properties": { "nome": "Rio Grajaú", "comprimento": 1.0805579409199999 }, "geometry": { "type": "LineString", "coordinates": [ [ -45.564979, -4.917247, 0.0 ], [ -45.564871, -4.916793, 0.0 ], [ -45.564951, -4.916109, 0.0 ], [ -45.565174, -4.915799, 0.0 ], [ -45.565521, -4.915878, 0.0 ] ] } },
{ "type": "Feature", "properties": { "nome": "Rio Grajaú", "comprimento": 1.0805579409199999 }, "geometry": { "type": "LineString", "coordinates": [ [ -45.565711, -4.923125, 0.0 ], [ -45.565484, -4.92252, 0.0 ], [ -45.565523, -4.922261, 0.0 ], [ -45.565884, -4.92202, 0.0 ], [ -45.566738, -4.92234, 0.0 ], [ -45.566978, -4.922742, 0.0 ] ] } },
{ "type": "Feature", "properties": { "nome": "Rio Grajaú", "comprimento": 1.0805579409199999 }, "geometry": { "type": "LineString", "coordinates": [ [ -45.565996, -4.925591, 0.0 ], [ -45.566518, -4.925813, 0.0 ], [ -45.566717, -4.926066, 0.0 ], [ -45.566542, -4.926311, 0.0 ], [ -45.565538, -4.926741, 0.0 ] ] } },
{ "type": "Feature", "properties": { "nome": "Rio Grajaú", "comprimento": 1.0805579409199999 }, "geometry": { "type": "LineString", "coordinates": [ [ -45.570923, -4.926393, 0.0 ], [ -45.570202, -4.927102, 0.0 ], [ -45.569563, -4.928156, 0.0 ], [ -45.56943, -4.928251, 0.0 ], [ -45.569115, -4.928166, 0.0 ] ] } },
{ "type": "Feature", "properties": { "nome": "Rio Grajaú", "comprimento": 0.78601647676099995 }, "geometry": { "type": "LineString", "coordinates": [ [ -45.505423, -4.866131, 0.0 ], [ -45.505121, -4.867071, 0.0 ], [ -45.504907, -4.867086, 0.0 ], [ -45.504685, -4.866789, 0.0 ] ] } },
{ "type": "Feature", "properties": { "nome": "Rio Grajaú", "comprimento": 0.78601647676099995 }, "geometry": { "type": "LineString", "coordinates": [ [ -45.514397, -4.869846, 0.0 ], [ -45.513607, -4.870411, 0.0 ] ] } },
{ "type": "Feature", "properties": { "nome": "Rio Grajaú", "comprimento": 0.78601647676099995 }, "geometry": { "type": "LineString", "coordinates": [ [ -45.524236, -4.88376, 0.0 ], [ -45.524907, -4.882909, 0.0 ] ] } },
{ "type": "Feature", "properties": { "nome": "Rio Grajaú", "comprimento": 0.78601647676099995 }, "geometry": { "type": "LineString", "coordinates": [ [ -45.527947, -4.888064, 0.0 ], [ -45.5285, -4.888937, 0.0 ], [ -45.528729, -4.889657, 0.0 ], [ -45.528462, -4.889787, 0.0 ], [ -45.527899, -4.889585, 0.0 ] ] } },
{ "type": "Feature", "properties": { "nome": "Rio Grajaú", "comprimento": 0.78601647676099995 }, "geometry": { "type": "LineString", "coordinates": [ [ -45.533445, -4.890464, 0.0 ], [ -45.533718, -4.889782, 0.0 ] ] } },
{ "type": "Feature", "properties": { "nome": "Rio Grajaú", "comprimento": 1.41981872996 }, "geometry": { "type": "LineString", "coordinates": [ [ -45.502066, -4.863493, 0.0 ], [ -45.50117, -4.864258, 0.0 ] ] } },
{ "type": "Feature", "properties": { "nome": "Rio Grajaú", "comprimento": 1.41981872996 }, "geometry": { "type": "LineString", "coordinates": [ [ -45.48598, -4.864056, 0.0 ], [ -45.485939, -4.864943, 0.0 ], [ -45.485725, -4.865341, 0.0 ], [ -45.485315, -4.865597, 0.0 ] ] } },
{ "type": "Feature", "properties": { "nome": "Rio Grajaú", "comprimento": 1.41981872996 }, "geometry": { "type": "LineString", "coordinates": [ [ -45.487988, -4.8647, 0.0 ], [ -45.48731, -4.864087, 0.0 ] ] } },
{ "type": "Feature", "properties": { "nome": "Rio Grajaú", "comprimento": 1.41981872996 }, "geometry": { "type": "LineString", "coordinates": [ [ -45.500683, -4.865765, 0.0 ], [ -45.501128, -4.866296, 0.0 ], [ -45.501075, -4.866832, 0.0 ], [ -45.500563, -4.867139, 0.0 ], [ -45.499571, -4.867285, 0.0 ], [ -45.499159, -4.867852, 0.0 ], [ -45.499289, -4.868166, 0.0 ], [ -45.500343, -4.868816, 0.0 ], [ -45.500511, -4.869337, 0.0 ], [ -45.500305, -4.869506, 0.0 ], [ -45.498786, -4.869574, 0.0 ] ] } },
{ "type": "Feature", "properties": { "nome": "Rio Grajaú", "comprimento": 1.41981872996 }, "geometry": { "type": "LineString", "coordinates": [ [ -45.489886, -4.869692, 0.0 ], [ -45.489751, -4.87031, 0.0 ], [ -45.489493, -4.870465, 0.0 ], [ -45.489061, -4.870434, 0.0 ] ] } },
{ "type": "Feature", "properties": { "nome": "Rio Grajaú", "comprimento": 0.79365144623899997 }, "geometry": { "type": "LineString", "coordinates": [ [ -45.572324, -4.931172, 0.0 ], [ -45.572122, -4.930986, 0.0 ], [ -45.572134, -4.930791, 0.0 ], [ -45.572328, -4.930653, 0.0 ], [ -45.57368, -4.93064, 0.0 ], [ -45.574654, -4.931018, 0.0 ], [ -45.575146, -4.931561, 0.0 ] ] } },
{ "type": "Feature", "properties": { "nome": "Rio Grajaú", "comprimento": 0.79365144623899997 }, "geometry": { "type": "LineString", "coordinates": [ [ -45.572959, -4.934725, 0.0 ], [ -45.57315, -4.934166, 0.0 ], [ -45.573561, -4.933964, 0.0 ], [ -45.573867, -4.934012, 0.0 ] ] } },
{ "type": "Feature", "properties": { "nome": "Rio Grajaú", "comprimento": 0.79365144623899997 }, "geometry": { "type": "LineString", "coordinates": [ [ -45.570621, -4.936457, 0.0 ], [ -45.570641, -4.936178, 0.0 ], [ -45.571052, -4.935785, 0.0 ], [ -45.571366, -4.93568, 0.0 ], [ -45.572063, -4.93578, 0.0 ] ] } }
]
}
