{
"type": "FeatureCollection",
"name": "rio_pindare",
"crs": { "type": "name", "properties": { "name": "urn:ogc:def:crs:OGC:1.3:CRS84" } },
"xy_coordinate_resolution": 1e-06,
"features": [
{ "type": "Feature", "properties": { "nome": "Rio Pindaré", "comprimento_m": 202.545160584 }, "geometry": { "type": "LineString", "coordinates": [ [ -46.917024, -5.710782, 0.0 ], [ -46.916598, -5.710267, 0.0 ], [ -46.915493, -5.710041, 0.0 ] ] } },
{ "type": "Feature", "properties": { "nome": "Rio Pindaré", "comprimento_m": 3811.1143913800001 }, "geometry": { "type": "LineString", "coordinates": [ [ -46.910842, -4.542651, 0.0 ], [ -46.909467, -4.541203, 0.0 ], [ -46.909901, -4.538669, 0.0 ], [ -46.90896, -4.538307, 0.0 ], [ -46.908453, -4.536859, 0.0 ], [ -46.907295, -4.535338, 0.0 ], [ -46.906788, -4.535194, 0.0 ], [ -46.905774, -4.533963, 0.0 ], [ -46.904688, -4.533528, 0.0 ], [ -46.903892, -4.532804, 0.0 ], [ -46.903892, -4.532225, 0.0 ], [ -46.904543, -4.531139, 0.0 ], [ -46.904471, -4.530343, 0.0 ], [ -46.904037, -4.529691, 0.0 ], [ -46.90353, -4.529547, 0.0 ], [ -46.902878, -4.529112, 0.0 ], [ -46.902589, -4.527954, 0.0 ], [ -46.902733, -4.527085, 0.0 ], [ -46.902516, -4.526071, 0.0 ], [ -46.901575, -4.524044, 0.0 ], [ -46.901141, -4.521872, 0.0 ], [ -46.900127, -4.518614, 0.0 ], [ -46.899765, -4.518035, 0.0 ], [ -46.898317, -4.517673, 0.0 ], [ -46.898027, -4.516804, 0.0 ], [ -46.897738, -4.514632, 0.0 ] ] } },
{ "type": "Feature", "properties": { "nome": "Rio Pindaré", "comprimento_m": 1764.7624385199999 }, "geometry": { "type": "LineString", "coordinates": [ [ -46.905208, -5.785809, 0.0 ], [ -46.905663, -5.78486, 0.0 ], [ -46.90543, -5.783655, 0.0 ], [ -46.905026, -5.782767, 0.0 ], [ -46.905024, -5.782164, 0.0 ], [ -46.905452, -5.781732, 0.0 ], [ -46.906042, -5.780316, 0.0 ], [ -46.906614, -5.779855, 0.0 ], [ -46.907988, -5.779391, 0.0 ], [ -46.9085, -5.778241, 0.0 ], [ -46.907979, -5.776635, 0.0 ], [ -46.906717, -5.776524, 0.0 ], [ -46.905342, -5.776701, 0.0 ], [ -46.903217, -5.776327, 0.0 ] ] } },
{ "type": "Feature", "properties": { "nome": "Rio Pindaré", "comprimento_m": 740.01636819800001 }, "geometry": { "type": "LineString", "coordinates": [ [ -46.283227, -4.013434, 0.0 ], [ -46.281654, -4.011806, 0.0 ], [ -46.280852, -4.011252, 0.0 ], [ -46.279651, -4.011196, 0.0 ], [ -46.279155, -4.010986, 0.0 ], [ -46.278754, -4.010585, 0.0 ], [ -46.278409, -4.009527, 0.0 ] ] } },
{ "type": "Feature", "properties": { "nome": "Rio Pindaré", "comprimento_m": 1948.4098586299999 }, "geometry": { "type": "LineString", "coordinates": [ [ -46.18336, -3.845081, 0.0 ], [ -46.183151, -3.844693, 0.0 ], [ -46.18312, -3.844154, 0.0 ], [ -46.183298, -3.843795, 0.0 ], [ -46.183298, -3.843406, 0.0 ], [ -46.18301, -3.842279, 0.0 ], [ -46.183562, -3.841512, 0.0 ], [ -46.183409, -3.841053, 0.0 ], [ -46.183522, -3.840363, 0.0 ], [ -46.183426, -3.840095, 0.0 ], [ -46.182663, -3.839522, 0.0 ], [ -46.182357, -3.838929, 0.0 ], [ -46.182338, -3.838546, 0.0 ], [ -46.182737, -3.838105, 0.0 ], [ -46.182832, -3.837416, 0.0 ], [ -46.182507, -3.83688, 0.0 ], [ -46.182145, -3.836689, 0.0 ], [ -46.181458, -3.836767, 0.0 ], [ -46.181077, -3.836404, 0.0 ], [ -46.181171, -3.835714, 0.0 ], [ -46.181457, -3.835427, 0.0 ], [ -46.182752, -3.834889, 0.0 ], [ -46.182752, -3.834602, 0.0 ], [ -46.182084, -3.834181, 0.0 ], [ -46.181912, -3.833665, 0.0 ], [ -46.182204, -3.833294, 0.0 ], [ -46.182814, -3.83291, 0.0 ], [ -46.18287, -3.832336, 0.0 ], [ -46.182698, -3.831762, 0.0 ] ] } },
{ "type": "Feature", "properties": { "nome": "Rio Pindaré", "comprimento_m": 242.823829867 }, "geometry": { "type": "LineString", "coordinates": [ [ -46.05927, -3.703461, 0.0 ], [ -46.058078, -3.703283, 0.0 ], [ -46.057223, -3.702816, 0.0 ] ] } },
{ "type": "Feature", "properties": { "nome": "Rio Pindaré", "comprimento_m": 1725.1146685799999 }, "geometry": { "type": "LineString", "coordinates": [ [ -45.986857, -3.683567, 0.0 ], [ -45.986269, -3.683568, 0.0 ], [ -45.984624, -3.682816, 0.0 ], [ -45.983159, -3.68271, 0.0 ], [ -45.981034, -3.683789, 0.0 ], [ -45.979891, -3.684078, 0.0 ], [ -45.976748, -3.685373, 0.0 ], [ -45.975891, -3.686021, 0.0 ], [ -45.975007, -3.687219, 0.0 ], [ -45.973228, -3.688381, 0.0 ] ] } },
{ "type": "Feature", "properties": { "nome": "Rio Pindaré", "comprimento_m": 1933.4985136800001 }, "geometry": { "type": "LineString", "coordinates": [ [ -46.137511, -3.762165, 0.0 ], [ -46.13741, -3.761447, 0.0 ], [ -46.137895, -3.7607, 0.0 ], [ -46.138008, -3.760154, 0.0 ], [ -46.137765, -3.759767, 0.0 ], [ -46.137164, -3.759437, 0.0 ], [ -46.136949, -3.758677, 0.0 ], [ -46.136619, -3.758261, 0.0 ], [ -46.136518, -3.756868, 0.0 ], [ -46.135887, -3.755835, 0.0 ], [ -46.135644, -3.75562, 0.0 ], [ -46.13543, -3.75562, 0.0 ], [ -46.135059, -3.756209, 0.0 ], [ -46.13433, -3.756325, 0.0 ], [ -46.133229, -3.755939, 0.0 ], [ -46.132728, -3.755595, 0.0 ], [ -46.131899, -3.755424, 0.0 ], [ -46.131697, -3.754175, 0.0 ], [ -46.130366, -3.753157, 0.0 ], [ -46.130121, -3.751204, 0.0 ], [ -46.129866, -3.750691, 0.0 ] ] } },
{ "type": "Feature", "properties": { "nome": "Rio Pindaré", "comprimento_m": 292.83254562100001 }, "geometry": { "type": "LineString", "coordinates": [ [ -46.169441, -3.810357, 0.0 ], [ -46.169916, -3.809207, 0.0 ], [ -46.169629, -3.808882, 0.0 ], [ -46.169039, -3.808864, 0.0 ], [ -46.168886, -3.808577, 0.0 ] ] } },
{ "type": "Feature", "properties": { "nome": "Rio Pindaré", "comprimento_m": 8895.8078085399993 }, "geometry": { "type": "LineString", "coordinates": [ [ -46.560411, -4.277497, 0.0 ], [ -46.560519, -4.276302, 0.0 ], [ -46.560423, -4.275524, 0.0 ], [ -46.55956, -4.273085, 0.0 ], [ -46.55918, -4.272941, 0.0 ], [ -46.558782, -4.273153, 0.0 ], [ -46.55773, -4.273362, 0.0 ], [ -46.557114, -4.272875, 0.0 ], [ -46.556841, -4.272306, 0.0 ], [ -46.556556, -4.272121, 0.0 ], [ -46.555783, -4.272529, 0.0 ], [ -46.554794, -4.273584, 0.0 ], [ -46.553746, -4.274065, 0.0 ], [ -46.5527, -4.274348, 0.0 ], [ -46.551518, -4.275199, 0.0 ], [ -46.550049, -4.275068, 0.0 ], [ -46.549057, -4.274706, 0.0 ], [ -46.547969, -4.274, 0.0 ], [ -46.54613, -4.273425, 0.0 ], [ -46.544935, -4.272882, 0.0 ], [ -46.544056, -4.272285, 0.0 ], [ -46.543537, -4.271625, 0.0 ], [ -46.540972, -4.269841, 0.0 ], [ -46.538734, -4.267532, 0.0 ], [ -46.537757, -4.265313, 0.0 ], [ -46.537257, -4.263171, 0.0 ], [ -46.536909, -4.260874, 0.0 ], [ -46.537156, -4.260108, 0.0 ], [ -46.537154, -4.259361, 0.0 ], [ -46.536915, -4.258826, 0.0 ], [ -46.535608, -4.25857, 0.0 ], [ -46.534401, -4.256972, 0.0 ], [ -46.533299, -4.256036, 0.0 ], [ -46.532448, -4.254956, 0.0 ], [ -46.53178, -4.253903, 0.0 ], [ -46.531681, -4.253357, 0.0 ], [ -46.531845, -4.25288, 0.0 ], [ -46.532093, -4.252667, 0.0 ], [ -46.532442, -4.251365, 0.0 ], [ -46.533394, -4.250562, 0.0 ], [ -46.53393, -4.250345, 0.0 ], [ -46.534011, -4.249137, 0.0 ], [ -46.534189, -4.248825, 0.0 ], [ -46.534951, -4.248417, 0.0 ], [ -46.535486, -4.247698, 0.0 ], [ -46.536046, -4.247657, 0.0 ], [ -46.536247, -4.247415, 0.0 ], [ -46.536178, -4.246998, 0.0 ], [ -46.535858, -4.246644, 0.0 ], [ -46.536057, -4.246319, 0.0 ], [ -46.536415, -4.246294, 0.0 ], [ -46.536562, -4.246097, 0.0 ], [ -46.536601, -4.245781, 0.0 ], [ -46.536378, -4.245165, 0.0 ], [ -46.536005, -4.244477, 0.0 ], [ -46.535461, -4.244305, 0.0 ], [ -46.534544, -4.243245, 0.0 ], [ -46.534218, -4.242106, 0.0 ], [ -46.533631, -4.241639, 0.0 ], [ -46.53363, -4.240386, 0.0 ], [ -46.533261, -4.239759, 0.0 ], [ -46.533206, -4.239291, 0.0 ], [ -46.53282, -4.239033, 0.0 ], [ -46.532134, -4.239422, 0.0 ], [ -46.531747, -4.239279, 0.0 ], [ -46.531148, -4.237793, 0.0 ], [ -46.530557, -4.23753, 0.0 ], [ -46.530299, -4.237229, 0.0 ], [ -46.530275, -4.236555, 0.0 ], [ -46.529811, -4.236254, 0.0 ], [ -46.529353, -4.236226, 0.0 ], [ -46.528853, -4.236557, 0.0 ], [ -46.528439, -4.236601, 0.0 ], [ -46.527981, -4.236545, 0.0 ], [ -46.527265, -4.236072, 0.0 ], [ -46.527288, -4.235632, 0.0 ], [ -46.527751, -4.235211, 0.0 ], [ -46.527877, -4.234506, 0.0 ], [ -46.527764, -4.233556, 0.0 ], [ -46.527179, -4.232863, 0.0 ], [ -46.526311, -4.232157, 0.0 ], [ -46.525225, -4.231614, 0.0 ], [ -46.524519, -4.230962, 0.0 ] ] } },
{ "type": "Feature", "properties": { "nome": "Rio Pindaré", "comprimento_m": 3891.9602194899999 }, "geometry": { "type": "LineString", "coordinates": [ [ -45.659014, -3.626629, 0.0 ], [ -45.658395, -3.625916, 0.0 ], [ -45.657779, -3.62571, 0.0 ], [ -45.655348, -3.62523, 0.0 ], [ -45.653362, -3.625232, 0.0 ], [ -45.651412, -3.62654, 0.0 ], [ -45.65083, -3.627091, 0.0 ], [ -45.650112, -3.627504, 0.0 ], [ -45.64953, -3.627539, 0.0 ], [ -45.648811, -3.627092, 0.0 ], [ -45.647851, -3.625855, 0.0 ], [ -45.646926, -3.624136, 0.0 ], [ -45.646342, -3.622279, 0.0 ], [ -45.645863, -3.621866, 0.0 ], [ -45.645349, -3.62166, 0.0 ], [ -45.644493, -3.621558, 0.0 ], [ -45.643877, -3.621765, 0.0 ], [ -45.643364, -3.622143, 0.0 ], [ -45.643228, -3.622728, 0.0 ], [ -45.643743, -3.625067, 0.0 ], [ -45.64364, -3.625686, 0.0 ], [ -45.643333, -3.626099, 0.0 ], [ -45.641313, -3.626169, 0.0 ], [ -45.639396, -3.62593, 0.0 ], [ -45.638951, -3.626067, 0.0 ], [ -45.637789, -3.628957, 0.0 ], [ -45.636249, -3.630197, 0.0 ], [ -45.635257, -3.630713, 0.0 ] ] } },
{ "type": "Feature", "properties": { "nome": "Rio Pindaré", "comprimento_m": 1029.94267216 }, "geometry": { "type": "LineString", "coordinates": [ [ -46.447197, -4.155635, 0.0 ], [ -46.446978, -4.155403, 0.0 ], [ -46.445908, -4.154917, 0.0 ], [ -46.4454, -4.154111, 0.0 ], [ -46.444804, -4.153992, 0.0 ], [ -46.443345, -4.154473, 0.0 ], [ -46.442599, -4.153996, 0.0 ], [ -46.441137, -4.152593, 0.0 ], [ -46.439663, -4.151593, 0.0 ] ] } },
{ "type": "Feature", "properties": { "nome": "Rio Pindaré", "comprimento_m": 3910.0795096699999 }, "geometry": { "type": "LineString", "coordinates": [ [ -46.084781, -3.72096, 0.0 ], [ -46.084602, -3.720482, 0.0 ], [ -46.084541, -3.719046, 0.0 ], [ -46.083079, -3.716625, 0.0 ], [ -46.083018, -3.715548, 0.0 ], [ -46.082869, -3.715279, 0.0 ], [ -46.082392, -3.71495, 0.0 ], [ -46.0812, -3.714473, 0.0 ], [ -46.079622, -3.714385, 0.0 ], [ -46.079116, -3.714505, 0.0 ], [ -46.078581, -3.715493, 0.0 ], [ -46.077331, -3.716243, 0.0 ], [ -46.076587, -3.716423, 0.0 ], [ -46.075425, -3.716305, 0.0 ], [ -46.072684, -3.714932, 0.0 ], [ -46.072416, -3.714932, 0.0 ], [ -46.07191, -3.715472, 0.0 ], [ -46.072061, -3.716608, 0.0 ], [ -46.071823, -3.716967, 0.0 ], [ -46.071317, -3.717058, 0.0 ], [ -46.069976, -3.71685, 0.0 ], [ -46.069203, -3.71727, 0.0 ], [ -46.06816, -3.717211, 0.0 ], [ -46.06646, -3.715119, 0.0 ], [ -46.065983, -3.714821, 0.0 ], [ -46.064792, -3.714463, 0.0 ], [ -46.064494, -3.714045, 0.0 ], [ -46.06333, -3.712012, 0.0 ], [ -46.062971, -3.710965, 0.0 ], [ -46.062106, -3.70959, 0.0 ], [ -46.062224, -3.708573, 0.0 ] ] } },
{ "type": "Feature", "properties": { "nome": "Rio Pindaré", "comprimento_m": 4660.8092086899997 }, "geometry": { "type": "LineString", "coordinates": [ [ -46.906353, -4.997319, 0.0 ], [ -46.907005, -4.996378, 0.0 ], [ -46.906571, -4.995075, 0.0 ], [ -46.906643, -4.994496, 0.0 ], [ -46.907584, -4.994134, 0.0 ], [ -46.908236, -4.993699, 0.0 ], [ -46.908236, -4.992975, 0.0 ], [ -46.907874, -4.991382, 0.0 ], [ -46.907946, -4.990369, 0.0 ], [ -46.908598, -4.989428, 0.0 ], [ -46.909249, -4.988993, 0.0 ], [ -46.910552, -4.990079, 0.0 ], [ -46.911132, -4.989572, 0.0 ], [ -46.911711, -4.988269, 0.0 ], [ -46.911638, -4.987328, 0.0 ], [ -46.91048, -4.984215, 0.0 ], [ -46.91019, -4.980016, 0.0 ], [ -46.909756, -4.978568, 0.0 ], [ -46.909828, -4.97712, 0.0 ], [ -46.910263, -4.975817, 0.0 ], [ -46.911421, -4.973572, 0.0 ], [ -46.911421, -4.972414, 0.0 ], [ -46.911059, -4.970893, 0.0 ], [ -46.911349, -4.970169, 0.0 ], [ -46.911856, -4.96988, 0.0 ], [ -46.914172, -4.967563, 0.0 ], [ -46.914969, -4.966187, 0.0 ], [ -46.915114, -4.964377, 0.0 ], [ -46.914824, -4.962495, 0.0 ] ] } },
{ "type": "Feature", "properties": { "nome": "Rio Pindaré", "comprimento_m": 1701.55900509 }, "geometry": { "type": "LineString", "coordinates": [ [ -46.926408, -4.68354, 0.0 ], [ -46.926987, -4.681658, 0.0 ], [ -46.928073, -4.680499, 0.0 ], [ -46.930245, -4.680934, 0.0 ], [ -46.931042, -4.680282, 0.0 ], [ -46.93068, -4.678617, 0.0 ], [ -46.9343, -4.674925, 0.0 ], [ -46.935096, -4.673477, 0.0 ] ] } },
{ "type": "Feature", "properties": { "nome": "Rio Pindaré", "comprimento_m": 2648.3099970200001 }, "geometry": { "type": "LineString", "coordinates": [ [ -46.26701, -3.986255, 0.0 ], [ -46.266416, -3.984464, 0.0 ], [ -46.266022, -3.983974, 0.0 ], [ -46.265486, -3.983759, 0.0 ], [ -46.264402, -3.983797, 0.0 ], [ -46.264235, -3.983654, 0.0 ], [ -46.263124, -3.980854, 0.0 ], [ -46.26213, -3.98031, 0.0 ], [ -46.262065, -3.979922, 0.0 ], [ -46.262379, -3.979383, 0.0 ], [ -46.26162, -3.978975, 0.0 ], [ -46.261355, -3.978369, 0.0 ], [ -46.261783, -3.977947, 0.0 ], [ -46.261783, -3.977775, 0.0 ], [ -46.260667, -3.976944, 0.0 ], [ -46.260561, -3.976226, 0.0 ], [ -46.25994, -3.9757, 0.0 ], [ -46.25972, -3.975289, 0.0 ], [ -46.259474, -3.974178, 0.0 ], [ -46.259484, -3.972922, 0.0 ], [ -46.259065, -3.971834, 0.0 ], [ -46.259028, -3.971247, 0.0 ], [ -46.25858, -3.970568, 0.0 ], [ -46.258407, -3.969319, 0.0 ], [ -46.257061, -3.967656, 0.0 ] ] } },
{ "type": "Feature", "properties": { "nome": "Rio Pindaré", "comprimento_m": 7195.6053606300002 }, "geometry": { "type": "LineString", "coordinates": [ [ -46.924472, -4.76228, 0.0 ], [ -46.9243, -4.761705, 0.0 ], [ -46.924395, -4.761494, 0.0 ], [ -46.924909, -4.761167, 0.0 ], [ -46.925344, -4.759827, 0.0 ], [ -46.925781, -4.759098, 0.0 ], [ -46.926771, -4.758579, 0.0 ], [ -46.92721, -4.75852, 0.0 ], [ -46.927248, -4.758328, 0.0 ], [ -46.926923, -4.758176, 0.0 ], [ -46.926824, -4.757047, 0.0 ], [ -46.927377, -4.75695, 0.0 ], [ -46.927338, -4.756663, 0.0 ], [ -46.928384, -4.755244, 0.0 ], [ -46.929108, -4.755108, 0.0 ], [ -46.929279, -4.75484, 0.0 ], [ -46.928993, -4.754687, 0.0 ], [ -46.929106, -4.754419, 0.0 ], [ -46.930059, -4.754091, 0.0 ], [ -46.930651, -4.754166, 0.0 ], [ -46.930936, -4.753974, 0.0 ], [ -46.931031, -4.75361, 0.0 ], [ -46.930876, -4.75273, 0.0 ], [ -46.931352, -4.752575, 0.0 ], [ -46.931428, -4.752384, 0.0 ], [ -46.931084, -4.752308, 0.0 ], [ -46.931235, -4.751753, 0.0 ], [ -46.932073, -4.751196, 0.0 ], [ -46.932434, -4.750659, 0.0 ], [ -46.932395, -4.750257, 0.0 ], [ -46.931899, -4.75043, 0.0 ], [ -46.931766, -4.750316, 0.0 ], [ -46.931936, -4.749703, 0.0 ], [ -46.93243, -4.749204, 0.0 ], [ -46.933516, -4.748723, 0.0 ], [ -46.933667, -4.748206, 0.0 ], [ -46.934678, -4.748126, 0.0 ], [ -46.935516, -4.747607, 0.0 ], [ -46.93582, -4.747243, 0.0 ], [ -46.936259, -4.747069, 0.0 ], [ -46.936525, -4.746743, 0.0 ], [ -46.937737, -4.743754, 0.0 ], [ -46.938341, -4.741264, 0.0 ], [ -46.938797, -4.740632, 0.0 ], [ -46.939688, -4.738811, 0.0 ], [ -46.939399, -4.737606, 0.0 ], [ -46.93932, -4.736554, 0.0 ], [ -46.939466, -4.734352, 0.0 ], [ -46.938928, -4.732938, 0.0 ], [ -46.938927, -4.73244, 0.0 ], [ -46.939268, -4.731597, 0.0 ], [ -46.938578, -4.730451, 0.0 ], [ -46.938232, -4.729437, 0.0 ], [ -46.938706, -4.728403, 0.0 ], [ -46.93851, -4.726777, 0.0 ], [ -46.93809, -4.726625, 0.0 ], [ -46.937291, -4.726873, 0.0 ], [ -46.936933, -4.726755, 0.0 ], [ -46.936723, -4.726366, 0.0 ], [ -46.936692, -4.725764, 0.0 ], [ -46.936328, -4.725268, 0.0 ], [ -46.936042, -4.725211, 0.0 ], [ -46.935985, -4.72546, 0.0 ], [ -46.935757, -4.72548, 0.0 ], [ -46.935678, -4.724523, 0.0 ], [ -46.936096, -4.72412, 0.0 ], [ -46.936133, -4.723507, 0.0 ], [ -46.934986, -4.722707, 0.0 ], [ -46.93487, -4.722095, 0.0 ], [ -46.934886, -4.721253, 0.0 ], [ -46.935019, -4.721003, 0.0 ], [ -46.935686, -4.72058, 0.0 ], [ -46.935761, -4.720274, 0.0 ], [ -46.935531, -4.719643, 0.0 ], [ -46.934653, -4.719493, 0.0 ], [ -46.934214, -4.719647, 0.0 ], [ -46.933165, -4.719631, 0.0 ], [ -46.932134, -4.719212, 0.0 ], [ -46.931827, -4.71862, 0.0 ], [ -46.931784, -4.716968, 0.0 ], [ -46.931186, -4.716047, 0.0 ] ] } },
{ "type": "Feature", "properties": { "nome": "Rio Pindaré", "comprimento_m": 3114.6975513399998 }, "geometry": { "type": "LineString", "coordinates": [ [ -45.628102, -3.631165, 0.0 ], [ -45.627316, -3.63237, 0.0 ], [ -45.627214, -3.633195, 0.0 ], [ -45.626564, -3.634881, 0.0 ], [ -45.626154, -3.635466, 0.0 ], [ -45.624649, -3.636912, 0.0 ], [ -45.623691, -3.638219, 0.0 ], [ -45.622665, -3.639183, 0.0 ], [ -45.62246, -3.639802, 0.0 ], [ -45.622324, -3.641419, 0.0 ], [ -45.622531, -3.644755, 0.0 ], [ -45.622361, -3.645546, 0.0 ], [ -45.621985, -3.646269, 0.0 ], [ -45.621335, -3.646992, 0.0 ], [ -45.61935, -3.648025, 0.0 ], [ -45.618974, -3.648472, 0.0 ], [ -45.618803, -3.648954, 0.0 ], [ -45.618735, -3.650433, 0.0 ], [ -45.619078, -3.651189, 0.0 ], [ -45.619592, -3.651636, 0.0 ], [ -45.620859, -3.652082, 0.0 ], [ -45.62151, -3.652495, 0.0 ], [ -45.62175, -3.653251, 0.0 ], [ -45.621785, -3.654008, 0.0 ] ] } },
{ "type": "Feature", "properties": { "nome": "Rio Pindaré", "comprimento_m": 515.05582769499995 }, "geometry": { "type": "LineString", "coordinates": [ [ -46.141087, -3.764156, 0.0 ], [ -46.140429, -3.764042, 0.0 ], [ -46.139686, -3.764259, 0.0 ], [ -46.139143, -3.764202, 0.0 ], [ -46.138742, -3.763413, 0.0 ], [ -46.137511, -3.762165, 0.0 ] ] } },
{ "type": "Feature", "properties": { "nome": "Rio Pindaré", "comprimento_m": 4731.3753876299998 }, "geometry": { "type": "LineString", "coordinates": [ [ -46.786749, -4.376132, 0.0 ], [ -46.784288, -4.375843, 0.0 ], [ -46.782333, -4.375408, 0.0 ], [ -46.779582, -4.375263, 0.0 ], [ -46.777265, -4.373671, 0.0 ], [ -46.775238, -4.373381, 0.0 ], [ -46.771835, -4.374322, 0.0 ], [ -46.766478, -4.375263, 0.0 ], [ -46.761627, -4.377363, 0.0 ], [ -46.758514, -4.377363, 0.0 ], [ -46.757428, -4.376929, 0.0 ], [ -46.755618, -4.376784, 0.0 ], [ -46.751998, -4.377218, 0.0 ], [ -46.750622, -4.377725, 0.0 ], [ -46.748595, -4.379101, 0.0 ], [ -46.746857, -4.381055, 0.0 ] ] } },
{ "type": "Feature", "properties": { "nome": "Rio Pindaré", "comprimento_m": 5745.9754496599999 }, "geometry": { "type": "LineString", "coordinates": [ [ -45.973228, -3.688381, 0.0 ], [ -45.971544, -3.690382, 0.0 ], [ -45.971259, -3.690921, 0.0 ], [ -45.97126, -3.691639, 0.0 ], [ -45.971439, -3.691998, 0.0 ], [ -45.971761, -3.692177, 0.0 ], [ -45.973654, -3.691708, 0.0 ], [ -45.974047, -3.691995, 0.0 ], [ -45.974084, -3.692462, 0.0 ], [ -45.973905, -3.692893, 0.0 ], [ -45.972906, -3.693504, 0.0 ], [ -45.971692, -3.695121, 0.0 ], [ -45.971085, -3.695409, 0.0 ], [ -45.969477, -3.695554, 0.0 ], [ -45.967298, -3.696059, 0.0 ], [ -45.965083, -3.696779, 0.0 ], [ -45.963012, -3.698002, 0.0 ], [ -45.960548, -3.700015, 0.0 ], [ -45.959727, -3.700232, 0.0 ], [ -45.958976, -3.700197, 0.0 ], [ -45.957796, -3.699444, 0.0 ], [ -45.957401, -3.697542, 0.0 ], [ -45.956721, -3.697076, 0.0 ], [ -45.956114, -3.697005, 0.0 ], [ -45.955435, -3.697364, 0.0 ], [ -45.9539, -3.699089, 0.0 ], [ -45.953615, -3.699628, 0.0 ], [ -45.953438, -3.700562, 0.0 ], [ -45.952261, -3.703184, 0.0 ], [ -45.951547, -3.703974, 0.0 ], [ -45.950655, -3.704657, 0.0 ], [ -45.949834, -3.705807, 0.0 ], [ -45.949262, -3.706059, 0.0 ], [ -45.948119, -3.706132, 0.0 ], [ -45.947118, -3.705666, 0.0 ], [ -45.945974, -3.70556, 0.0 ], [ -45.944259, -3.705957, 0.0 ], [ -45.943008, -3.705024, 0.0 ], [ -45.942293, -3.704774, 0.0 ], [ -45.939934, -3.704489, 0.0 ] ] } },
{ "type": "Feature", "properties": { "nome": "Rio Pindaré", "comprimento_m": 2574.0833565299999 }, "geometry": { "type": "LineString", "coordinates": [ [ -46.659399, -4.340865, 0.0 ], [ -46.657227, -4.340484, 0.0 ], [ -46.656575, -4.339941, 0.0 ], [ -46.655869, -4.339779, 0.0 ], [ -46.655489, -4.340322, 0.0 ], [ -46.654729, -4.340647, 0.0 ], [ -46.653969, -4.341245, 0.0 ], [ -46.65348, -4.341136, 0.0 ], [ -46.651254, -4.341625, 0.0 ], [ -46.649571, -4.341625, 0.0 ], [ -46.647887, -4.339833, 0.0 ], [ -46.647073, -4.338638, 0.0 ], [ -46.644521, -4.336032, 0.0 ], [ -46.643109, -4.335326, 0.0 ], [ -46.639797, -4.334729, 0.0 ] ] } },
{ "type": "Feature", "properties": { "nome": "Rio Pindaré", "comprimento_m": 2153.2575940900001 }, "geometry": { "type": "LineString", "coordinates": [ [ -46.570673, -4.290963, 0.0 ], [ -46.570066, -4.290913, 0.0 ], [ -46.569627, -4.291051, 0.0 ], [ -46.569417, -4.290936, 0.0 ], [ -46.569416, -4.290553, 0.0 ], [ -46.569711, -4.290218, 0.0 ], [ -46.56972, -4.289873, 0.0 ], [ -46.568803, -4.289234, 0.0 ], [ -46.568372, -4.288589, 0.0 ], [ -46.567964, -4.288347, 0.0 ], [ -46.567633, -4.28776, 0.0 ], [ -46.56671, -4.28738, 0.0 ], [ -46.565195, -4.287021, 0.0 ], [ -46.56508, -4.286504, 0.0 ], [ -46.565189, -4.284773, 0.0 ], [ -46.562311, -4.282275, 0.0 ], [ -46.56204, -4.281244, 0.0 ], [ -46.560519, -4.278366, 0.0 ], [ -46.560411, -4.277497, 0.0 ] ] } },
{ "type": "Feature", "properties": { "nome": "Rio Pindaré", "comprimento_m": 1337.8794842 }, "geometry": { "type": "LineString", "coordinates": [ [ -45.930134, -3.696566, 0.0 ], [ -45.926879, -3.693948, 0.0 ], [ -45.925341, -3.692406, 0.0 ], [ -45.924697, -3.692084, 0.0 ], [ -45.923697, -3.691977, 0.0 ], [ -45.919766, -3.692484, 0.0 ] ] } },
{ "type": "Feature", "properties": { "nome": "Rio Pindaré", "comprimento_m": 2962.0562217699999 }, "geometry": { "type": "LineString", "coordinates": [ [ -46.347882, -4.050451, 0.0 ], [ -46.347048, -4.050542, 0.0 ], [ -46.345171, -4.050066, 0.0 ], [ -46.344514, -4.04932, 0.0 ], [ -46.344155, -4.048183, 0.0 ], [ -46.344868, -4.04735, 0.0 ], [ -46.345136, -4.046752, 0.0 ], [ -46.344896, -4.045884, 0.0 ], [ -46.344508, -4.045496, 0.0 ], [ -46.344091, -4.045347, 0.0 ], [ -46.342751, -4.045768, 0.0 ], [ -46.340992, -4.044575, 0.0 ], [ -46.340515, -4.044486, 0.0 ], [ -46.3398, -4.044696, 0.0 ], [ -46.339055, -4.044428, 0.0 ], [ -46.339054, -4.04398, 0.0 ], [ -46.3395, -4.04356, 0.0 ], [ -46.339499, -4.042932, 0.0 ], [ -46.339022, -4.042484, 0.0 ], [ -46.338486, -4.042665, 0.0 ], [ -46.337415, -4.043444, 0.0 ], [ -46.336342, -4.042997, 0.0 ], [ -46.334495, -4.042641, 0.0 ], [ -46.33366, -4.042314, 0.0 ], [ -46.332974, -4.041507, 0.0 ], [ -46.331851, -4.038411, 0.0 ] ] } },
{ "type": "Feature", "properties": { "nome": "Rio Pindaré", "comprimento_m": 330.389886327 }, "geometry": { "type": "LineString", "coordinates": [ [ -46.929087, -4.786202, 0.0 ], [ -46.928797, -4.785478, 0.0 ], [ -46.928689, -4.784458, 0.0 ], [ -46.929304, -4.783451, 0.0 ] ] } },
{ "type": "Feature", "properties": { "nome": "Rio Pindaré", "comprimento_m": 64.377469389500007 }, "geometry": { "type": "LineString", "coordinates": [ [ -46.918612, -5.712729, 0.0 ], [ -46.918077, -5.712502, 0.0 ] ] } },
{ "type": "Feature", "properties": { "nome": "Rio Pindaré", "comprimento_m": 1283.43408082 }, "geometry": { "type": "LineString", "coordinates": [ [ -46.919583, -5.732916, 0.0 ], [ -46.919963, -5.732833, 0.0 ], [ -46.920334, -5.732344, 0.0 ], [ -46.920676, -5.73174, 0.0 ], [ -46.920731, -5.731022, 0.0 ], [ -46.919548, -5.72709, 0.0 ], [ -46.919231, -5.723608, 0.0 ], [ -46.918885, -5.723035, 0.0 ], [ -46.918249, -5.722402, 0.0 ] ] } },
{ "type": "Feature", "properties": { "nome": "Rio Pindaré", "comprimento_m": 1184.0897398699999 }, "geometry": { "type": "LineString", "coordinates": [ [ -46.918663, -5.698237, 0.0 ], [ -46.919836, -5.699491, 0.0 ], [ -46.920265, -5.699418, 0.0 ], [ -46.922145, -5.697211, 0.0 ], [ -46.923599, -5.696441, 0.0 ], [ -46.924051, -5.695841, 0.0 ], [ -46.924189, -5.69431, 0.0 ], [ -46.923853, -5.693808, 0.0 ], [ -46.923327, -5.693547, 0.0 ], [ -46.923086, -5.693117, 0.0 ] ] } },
{ "type": "Feature", "properties": { "nome": "Rio Pindaré", "comprimento_m": 3081.3192215600002 }, "geometry": { "type": "LineString", "coordinates": [ [ -46.411243, -4.111082, 0.0 ], [ -46.409097, -4.110159, 0.0 ], [ -46.40859, -4.109681, 0.0 ], [ -46.408231, -4.109053, 0.0 ], [ -46.40823, -4.108575, 0.0 ], [ -46.408051, -4.108186, 0.0 ], [ -46.40492, -4.106517, 0.0 ], [ -46.404056, -4.106219, 0.0 ], [ -46.403519, -4.105771, 0.0 ], [ -46.403299, -4.104584, 0.0 ], [ -46.402851, -4.104166, 0.0 ], [ -46.399811, -4.103274, 0.0 ], [ -46.398231, -4.10238, 0.0 ], [ -46.39668, -4.101306, 0.0 ], [ -46.396023, -4.10029, 0.0 ], [ -46.395068, -4.099783, 0.0 ], [ -46.391936, -4.097096, 0.0 ], [ -46.389342, -4.095934, 0.0 ] ] } },
{ "type": "Feature", "properties": { "nome": "Rio Pindaré", "comprimento_m": 1928.2927546400001 }, "geometry": { "type": "LineString", "coordinates": [ [ -46.942698, -5.600622, 0.0 ], [ -46.942746, -5.59979, 0.0 ], [ -46.944768, -5.599671, 0.0 ], [ -46.945149, -5.599171, 0.0 ], [ -46.945339, -5.598624, 0.0 ], [ -46.944768, -5.597006, 0.0 ], [ -46.945006, -5.596363, 0.0 ], [ -46.945363, -5.596173, 0.0 ], [ -46.946434, -5.596078, 0.0 ], [ -46.94691, -5.595792, 0.0 ], [ -46.947481, -5.595173, 0.0 ], [ -46.948718, -5.591223, 0.0 ], [ -46.94986, -5.590343, 0.0 ], [ -46.950455, -5.590177, 0.0 ], [ -46.95086, -5.58982, 0.0 ], [ -46.951145, -5.588582, 0.0 ] ] } },
{ "type": "Feature", "properties": { "nome": "Rio Pindaré", "comprimento_m": 16024.2289236 }, "geometry": { "type": "LineString", "coordinates": [ [ -44.992392, -3.335654, 0.0 ], [ -44.991894, -3.33544, 0.0 ], [ -44.991084, -3.335488, 0.0 ], [ -44.988702, -3.336015, 0.0 ], [ -44.984939, -3.336015, 0.0 ], [ -44.981033, -3.335584, 0.0 ], [ -44.978699, -3.334722, 0.0 ], [ -44.977889, -3.334195, 0.0 ], [ -44.976698, -3.333333, 0.0 ], [ -44.974936, -3.331562, 0.0 ], [ -44.972792, -3.330222, 0.0 ], [ -44.970696, -3.329456, 0.0 ], [ -44.96941, -3.329599, 0.0 ], [ -44.968124, -3.330221, 0.0 ], [ -44.966409, -3.332519, 0.0 ], [ -44.965552, -3.333285, 0.0 ], [ -44.960502, -3.335439, 0.0 ], [ -44.958978, -3.33654, 0.0 ], [ -44.954834, -3.340035, 0.0 ], [ -44.953738, -3.340562, 0.0 ], [ -44.952499, -3.340849, 0.0 ], [ -44.951547, -3.340753, 0.0 ], [ -44.950594, -3.339987, 0.0 ], [ -44.95007, -3.339029, 0.0 ], [ -44.950165, -3.33788, 0.0 ], [ -44.95088, -3.336875, 0.0 ], [ -44.951166, -3.336013, 0.0 ], [ -44.951023, -3.335247, 0.0 ], [ -44.950547, -3.334673, 0.0 ], [ -44.949832, -3.334481, 0.0 ], [ -44.948879, -3.334673, 0.0 ], [ -44.947069, -3.337066, 0.0 ], [ -44.946069, -3.337354, 0.0 ], [ -44.945021, -3.336827, 0.0 ], [ -44.944068, -3.336109, 0.0 ], [ -44.940353, -3.332662, 0.0 ], [ -44.937876, -3.330842, 0.0 ], [ -44.936876, -3.329933, 0.0 ], [ -44.936352, -3.328736, 0.0 ], [ -44.936066, -3.327491, 0.0 ], [ -44.936066, -3.325959, 0.0 ], [ -44.93659, -3.324714, 0.0 ], [ -44.937495, -3.324188, 0.0 ], [ -44.938162, -3.324331, 0.0 ], [ -44.940306, -3.326486, 0.0 ], [ -44.941782, -3.326534, 0.0 ], [ -44.942925, -3.326007, 0.0 ], [ -44.943878, -3.325098, 0.0 ], [ -44.944212, -3.323757, 0.0 ], [ -44.944736, -3.322608, 0.0 ], [ -44.946975, -3.318683, 0.0 ], [ -44.947689, -3.316816, 0.0 ], [ -44.948166, -3.314374, 0.0 ], [ -44.948071, -3.313465, 0.0 ], [ -44.94769, -3.312747, 0.0 ], [ -44.946499, -3.312172, 0.0 ], [ -44.945784, -3.312124, 0.0 ], [ -44.94507, -3.312316, 0.0 ], [ -44.944355, -3.312938, 0.0 ], [ -44.943164, -3.314613, 0.0 ], [ -44.942688, -3.315044, 0.0 ], [ -44.942164, -3.315331, 0.0 ], [ -44.941497, -3.315379, 0.0 ], [ -44.940497, -3.31514, 0.0 ], [ -44.940163, -3.314517, 0.0 ], [ -44.939497, -3.312363, 0.0 ], [ -44.939497, -3.311406, 0.0 ], [ -44.939878, -3.310544, 0.0 ], [ -44.942736, -3.306618, 0.0 ], [ -44.946452, -3.299916, 0.0 ], [ -44.946452, -3.29781, 0.0 ], [ -44.945166, -3.295033, 0.0 ], [ -44.945118, -3.293453, 0.0 ], [ -44.945309, -3.292735, 0.0 ], [ -44.945785, -3.292017, 0.0 ], [ -44.947214, -3.290725, 0.0 ], [ -44.947405, -3.289959, 0.0 ], [ -44.947405, -3.289193, 0.0 ], [ -44.944309, -3.286033, 0.0 ], [ -44.943357, -3.285219, 0.0 ], [ -44.942499, -3.284788, 0.0 ], [ -44.941594, -3.28474, 0.0 ] ] } },
{ "type": "Feature", "properties": { "nome": "Rio Pindaré", "comprimento_m": 535.97587389 }, "geometry": { "type": "LineString", "coordinates": [ [ -46.934983, -5.635872, 0.0 ], [ -46.935164, -5.635266, 0.0 ], [ -46.93669, -5.634572, 0.0 ], [ -46.937607, -5.634569, 0.0 ], [ -46.939105, -5.635148, 0.0 ] ] } },
{ "type": "Feature", "properties": { "nome": "Rio Pindaré", "comprimento_m": 3976.2748931800002 }, "geometry": { "type": "LineString", "coordinates": [ [ -45.687606, -3.639514, 0.0 ], [ -45.687162, -3.639755, 0.0 ], [ -45.684081, -3.639826, 0.0 ], [ -45.683053, -3.639655, 0.0 ], [ -45.681615, -3.638487, 0.0 ], [ -45.68045, -3.637009, 0.0 ], [ -45.678771, -3.635944, 0.0 ], [ -45.675998, -3.634914, 0.0 ], [ -45.67384, -3.633678, 0.0 ], [ -45.671718, -3.633782, 0.0 ], [ -45.670246, -3.634334, 0.0 ], [ -45.668569, -3.634438, 0.0 ], [ -45.667952, -3.634129, 0.0 ], [ -45.667061, -3.632995, 0.0 ], [ -45.666616, -3.632685, 0.0 ], [ -45.665863, -3.632617, 0.0 ], [ -45.663501, -3.633272, 0.0 ], [ -45.662098, -3.633067, 0.0 ], [ -45.661515, -3.632036, 0.0 ], [ -45.660247, -3.630523, 0.0 ], [ -45.659904, -3.629905, 0.0 ], [ -45.659596, -3.629251, 0.0 ], [ -45.659458, -3.627841, 0.0 ], [ -45.659014, -3.626629, 0.0 ] ] } },
{ "type": "Feature", "properties": { "nome": "Rio Pindaré", "comprimento_m": 4216.8156510199997 }, "geometry": { "type": "LineString", "coordinates": [ [ -46.929594, -4.573276, 0.0 ], [ -46.929087, -4.570887, 0.0 ], [ -46.928652, -4.566687, 0.0 ], [ -46.927422, -4.565239, 0.0 ], [ -46.925032, -4.563212, 0.0 ], [ -46.924453, -4.561837, 0.0 ], [ -46.923078, -4.559447, 0.0 ], [ -46.922643, -4.558434, 0.0 ], [ -46.921195, -4.556407, 0.0 ], [ -46.920544, -4.555972, 0.0 ], [ -46.919964, -4.555248, 0.0 ], [ -46.918372, -4.55199, 0.0 ], [ -46.917503, -4.551339, 0.0 ], [ -46.916417, -4.551411, 0.0 ], [ -46.915838, -4.549456, 0.0 ], [ -46.915114, -4.54895, 0.0 ], [ -46.914317, -4.54866, 0.0 ], [ -46.912869, -4.547646, 0.0 ], [ -46.912362, -4.546633, 0.0 ], [ -46.912218, -4.545619, 0.0 ], [ -46.911566, -4.543664, 0.0 ], [ -46.910842, -4.542651, 0.0 ] ] } },
{ "type": "Feature", "properties": { "nome": "Rio Pindaré", "comprimento_m": 1357.23524026 }, "geometry": { "type": "LineString", "coordinates": [ [ -46.389342, -4.095934, 0.0 ], [ -46.387941, -4.09504, 0.0 ], [ -46.387226, -4.094951, 0.0 ], [ -46.385978, -4.094254, 0.0 ], [ -46.386007, -4.093686, 0.0 ], [ -46.386304, -4.093087, 0.0 ], [ -46.386302, -4.09231, 0.0 ], [ -46.384811, -4.091325, 0.0 ], [ -46.382935, -4.091478, 0.0 ], [ -46.382665, -4.090701, 0.0 ], [ -46.382307, -4.090163, 0.0 ], [ -46.381919, -4.089864, 0.0 ], [ -46.381561, -4.089177, 0.0 ] ] } },
{ "type": "Feature", "properties": { "nome": "Rio Pindaré", "comprimento_m": 1715.3476738100001 }, "geometry": { "type": "LineString", "coordinates": [ [ -46.129866, -3.750691, 0.0 ], [ -46.129448, -3.750401, 0.0 ], [ -46.128376, -3.750173, 0.0 ], [ -46.128175, -3.749986, 0.0 ], [ -46.127859, -3.748938, 0.0 ], [ -46.127387, -3.748566, 0.0 ], [ -46.126172, -3.748381, 0.0 ], [ -46.124556, -3.747507, 0.0 ], [ -46.123055, -3.747351, 0.0 ], [ -46.122553, -3.746662, 0.0 ], [ -46.121348, -3.743117, 0.0 ], [ -46.120261, -3.742128, 0.0 ], [ -46.119826, -3.741018, 0.0 ] ] } },
{ "type": "Feature", "properties": { "nome": "Rio Pindaré", "comprimento_m": 1116.5018650699999 }, "geometry": { "type": "LineString", "coordinates": [ [ -46.924743, -4.795108, 0.0 ], [ -46.92496, -4.793949, 0.0 ], [ -46.927132, -4.790836, 0.0 ], [ -46.928942, -4.787506, 0.0 ], [ -46.929087, -4.786202, 0.0 ] ] } },
{ "type": "Feature", "properties": { "nome": "Rio Pindaré", "comprimento_m": 771.000072069 }, "geometry": { "type": "LineString", "coordinates": [ [ -46.951145, -5.588582, 0.0 ], [ -46.951573, -5.588059, 0.0 ], [ -46.952168, -5.587797, 0.0 ], [ -46.952644, -5.587749, 0.0 ], [ -46.953358, -5.587964, 0.0 ], [ -46.955166, -5.58813, 0.0 ], [ -46.955714, -5.587702, 0.0 ], [ -46.955809, -5.587178, 0.0 ], [ -46.955452, -5.58587, 0.0 ] ] } },
{ "type": "Feature", "properties": { "nome": "Rio Pindaré", "comprimento_m": 177.24310292300001 }, "geometry": { "type": "LineString", "coordinates": [ [ -46.887086, -5.823497, 0.0 ], [ -46.887175, -5.821897, 0.0 ] ] } },
{ "type": "Feature", "properties": { "nome": "Rio Pindaré", "comprimento_m": 817.25297085600005 }, "geometry": { "type": "LineString", "coordinates": [ [ -46.917759, -5.755167, 0.0 ], [ -46.919903, -5.754781, 0.0 ], [ -46.920956, -5.754227, 0.0 ], [ -46.920997, -5.752757, 0.0 ], [ -46.919803, -5.75221, 0.0 ], [ -46.91884, -5.752305, 0.0 ], [ -46.918634, -5.752464, 0.0 ] ] } },
{ "type": "Feature", "properties": { "nome": "Rio Pindaré", "comprimento_m": 3742.8634892199998 }, "geometry": { "type": "LineString", "coordinates": [ [ -46.897738, -4.514632, 0.0 ], [ -46.897376, -4.512533, 0.0 ], [ -46.89781, -4.511302, 0.0 ], [ -46.899982, -4.509709, 0.0 ], [ -46.900923, -4.509781, 0.0 ], [ -46.902371, -4.509637, 0.0 ], [ -46.903747, -4.508044, 0.0 ], [ -46.903964, -4.506596, 0.0 ], [ -46.90353, -4.501962, 0.0 ], [ -46.902806, -4.499139, 0.0 ], [ -46.902371, -4.496098, 0.0 ], [ -46.901358, -4.496243, 0.0 ], [ -46.900634, -4.495881, 0.0 ], [ -46.900272, -4.49494, 0.0 ], [ -46.899765, -4.494505, 0.0 ], [ -46.899041, -4.494505, 0.0 ], [ -46.898389, -4.493709, 0.0 ], [ -46.898317, -4.492116, 0.0 ], [ -46.898462, -4.490885, 0.0 ], [ -46.898896, -4.48951, 0.0 ], [ -46.898896, -4.487989, 0.0 ] ] } },
{ "type": "Feature", "properties": { "nome": "Rio Pindaré", "comprimento_m": 1418.00464872 }, "geometry": { "type": "LineString", "coordinates": [ [ -46.817736, -4.378666, 0.0 ], [ -46.816361, -4.378377, 0.0 ], [ -46.815347, -4.376784, 0.0 ], [ -46.814406, -4.375915, 0.0 ], [ -46.813248, -4.375191, 0.0 ], [ -46.812379, -4.375336, 0.0 ], [ -46.810931, -4.375263, 0.0 ], [ -46.809628, -4.375553, 0.0 ], [ -46.806804, -4.377001, 0.0 ] ] } },
{ "type": "Feature", "properties": { "nome": "Rio Pindaré", "comprimento_m": 409.97152847400002 }, "geometry": { "type": "LineString", "coordinates": [ [ -46.274542, -3.996686, 0.0 ], [ -46.274184, -3.995983, 0.0 ], [ -46.274397, -3.995408, 0.0 ], [ -46.274525, -3.99436, 0.0 ], [ -46.274266, -3.993685, 0.0 ], [ -46.273916, -3.993331, 0.0 ] ] } },
{ "type": "Feature", "properties": { "nome": "Rio Pindaré", "comprimento_m": 1304.63673021 }, "geometry": { "type": "LineString", "coordinates": [ [ -46.047207, -3.701381, 0.0 ], [ -46.04679, -3.701591, 0.0 ], [ -46.046702, -3.7021, 0.0 ], [ -46.046822, -3.703087, 0.0 ], [ -46.046018, -3.703237, 0.0 ], [ -46.045631, -3.703088, 0.0 ], [ -46.045154, -3.70258, 0.0 ], [ -46.045034, -3.701982, 0.0 ], [ -46.044736, -3.701653, 0.0 ], [ -46.043842, -3.701624, 0.0 ], [ -46.042978, -3.700877, 0.0 ], [ -46.041429, -3.7007, 0.0 ], [ -46.040477, -3.70115, 0.0 ], [ -46.038373, -3.701254, 0.0 ] ] } },
{ "type": "Feature", "properties": { "nome": "Rio Pindaré", "comprimento_m": 461.60660944699998 }, "geometry": { "type": "LineString", "coordinates": [ [ -46.182698, -3.831762, 0.0 ], [ -46.182392, -3.83115, 0.0 ], [ -46.182257, -3.830154, 0.0 ], [ -46.181971, -3.829772, 0.0 ], [ -46.181704, -3.829791, 0.0 ], [ -46.181057, -3.830501, 0.0 ], [ -46.180771, -3.830635, 0.0 ], [ -46.180409, -3.830425, 0.0 ] ] } },
{ "type": "Feature", "properties": { "nome": "Rio Pindaré", "comprimento_m": 6160.9518943000003 }, "geometry": { "type": "LineString", "coordinates": [ [ -45.919766, -3.692484, 0.0 ], [ -45.919195, -3.69252, 0.0 ], [ -45.917693, -3.692091, 0.0 ], [ -45.915763, -3.691124, 0.0 ], [ -45.913725, -3.690875, 0.0 ], [ -45.912438, -3.690301, 0.0 ], [ -45.912045, -3.689907, 0.0 ], [ -45.910541, -3.687036, 0.0 ], [ -45.909825, -3.68614, 0.0 ], [ -45.909288, -3.684704, 0.0 ], [ -45.907608, -3.683773, 0.0 ], [ -45.906999, -3.683055, 0.0 ], [ -45.904242, -3.677063, 0.0 ], [ -45.903598, -3.676453, 0.0 ], [ -45.901596, -3.675737, 0.0 ], [ -45.900773, -3.674732, 0.0 ], [ -45.900093, -3.673441, 0.0 ], [ -45.899628, -3.673154, 0.0 ], [ -45.899092, -3.673083, 0.0 ], [ -45.897806, -3.673371, 0.0 ], [ -45.89727, -3.673372, 0.0 ], [ -45.896769, -3.673157, 0.0 ], [ -45.896447, -3.672583, 0.0 ], [ -45.896375, -3.671865, 0.0 ], [ -45.895586, -3.669281, 0.0 ], [ -45.89537, -3.667773, 0.0 ], [ -45.894404, -3.666913, 0.0 ], [ -45.893367, -3.665657, 0.0 ], [ -45.893079, -3.663647, 0.0 ], [ -45.892757, -3.663109, 0.0 ], [ -45.891613, -3.663002, 0.0 ], [ -45.891042, -3.66329, 0.0 ], [ -45.889328, -3.664835, 0.0 ], [ -45.888685, -3.664764, 0.0 ], [ -45.888184, -3.664406, 0.0 ], [ -45.888148, -3.663975, 0.0 ], [ -45.888362, -3.663508, 0.0 ], [ -45.888862, -3.663005, 0.0 ], [ -45.889111, -3.662466, 0.0 ], [ -45.888931, -3.660994, 0.0 ], [ -45.887894, -3.659918, 0.0 ], [ -45.887143, -3.659668, 0.0 ] ] } },
{ "type": "Feature", "properties": { "nome": "Rio Pindaré", "comprimento_m": 2366.2783588299999 }, "geometry": { "type": "LineString", "coordinates": [ [ -46.361452, -4.060119, 0.0 ], [ -46.360796, -4.059821, 0.0 ], [ -46.36026, -4.059882, 0.0 ], [ -46.359903, -4.060212, 0.0 ], [ -46.359486, -4.060093, 0.0 ], [ -46.359127, -4.059675, 0.0 ], [ -46.359037, -4.059226, 0.0 ], [ -46.359334, -4.058747, 0.0 ], [ -46.359332, -4.057401, 0.0 ], [ -46.358853, -4.056145, 0.0 ], [ -46.358852, -4.055338, 0.0 ], [ -46.358344, -4.054471, 0.0 ], [ -46.356675, -4.053547, 0.0 ], [ -46.356049, -4.053697, 0.0 ], [ -46.355395, -4.054237, 0.0 ], [ -46.354889, -4.054327, 0.0 ], [ -46.354501, -4.053999, 0.0 ], [ -46.35444, -4.053102, 0.0 ], [ -46.354051, -4.052385, 0.0 ], [ -46.352619, -4.050921, 0.0 ], [ -46.351665, -4.050355, 0.0 ], [ -46.349788, -4.050268, 0.0 ], [ -46.347882, -4.050451, 0.0 ] ] } },
{ "type": "Feature", "properties": { "nome": "Rio Pindaré", "comprimento_m": 1987.8932557600001 }, "geometry": { "type": "LineString", "coordinates": [ [ -46.895698, -5.800135, 0.0 ], [ -46.896635, -5.799875, 0.0 ], [ -46.898182, -5.799698, 0.0 ], [ -46.898408, -5.798664, 0.0 ], [ -46.898228, -5.796368, 0.0 ], [ -46.897644, -5.795221, 0.0 ], [ -46.895463, -5.794396, 0.0 ], [ -46.894855, -5.792848, 0.0 ], [ -46.894765, -5.79147, 0.0 ], [ -46.897543, -5.790887, 0.0 ], [ -46.899403, -5.79002, 0.0 ], [ -46.89978, -5.789716, 0.0 ] ] } },
{ "type": "Feature", "properties": { "nome": "Rio Pindaré", "comprimento_m": 2123.2506012899998 }, "geometry": { "type": "LineString", "coordinates": [ [ -46.840325, -4.388512, 0.0 ], [ -46.840108, -4.387426, 0.0 ], [ -46.839529, -4.38634, 0.0 ], [ -46.838732, -4.385399, 0.0 ], [ -46.837719, -4.38482, 0.0 ], [ -46.833954, -4.383517, 0.0 ], [ -46.83142, -4.382214, 0.0 ], [ -46.827076, -4.380404, 0.0 ], [ -46.824976, -4.378449, 0.0 ] ] } },
{ "type": "Feature", "properties": { "nome": "Rio Pindaré", "comprimento_m": 806.69478918300001 }, "geometry": { "type": "LineString", "coordinates": [ [ -46.934951, -4.706925, 0.0 ], [ -46.934517, -4.705405, 0.0 ], [ -46.934444, -4.704391, 0.0 ], [ -46.934734, -4.703305, 0.0 ], [ -46.935313, -4.702292, 0.0 ], [ -46.935241, -4.700844, 0.0 ], [ -46.935385, -4.699902, 0.0 ] ] } },
{ "type": "Feature", "properties": { "nome": "Rio Pindaré", "comprimento_m": 4588.1376350700002 }, "geometry": { "type": "LineString", "coordinates": [ [ -46.381561, -4.089177, 0.0 ], [ -46.381203, -4.088968, 0.0 ], [ -46.380456, -4.087414, 0.0 ], [ -46.377565, -4.087, 0.0 ], [ -46.376969, -4.086523, 0.0 ], [ -46.376848, -4.085865, 0.0 ], [ -46.37661, -4.085536, 0.0 ], [ -46.376252, -4.085657, 0.0 ], [ -46.375955, -4.086076, 0.0 ], [ -46.375389, -4.086256, 0.0 ], [ -46.373662, -4.08617, 0.0 ], [ -46.373065, -4.085602, 0.0 ], [ -46.372436, -4.083689, 0.0 ], [ -46.372642, -4.082462, 0.0 ], [ -46.371417, -4.079939, 0.0 ], [ -46.371505, -4.079191, 0.0 ], [ -46.372158, -4.077904, 0.0 ], [ -46.371979, -4.077396, 0.0 ], [ -46.371054, -4.076649, 0.0 ], [ -46.371053, -4.07632, 0.0 ], [ -46.371351, -4.075901, 0.0 ], [ -46.371349, -4.075273, 0.0 ], [ -46.37108, -4.074645, 0.0 ], [ -46.370096, -4.073809, 0.0 ], [ -46.370095, -4.073271, 0.0 ], [ -46.37048, -4.072074, 0.0 ], [ -46.370181, -4.071386, 0.0 ], [ -46.369883, -4.071147, 0.0 ], [ -46.370179, -4.070369, 0.0 ], [ -46.370166, -4.069706, 0.0 ], [ -46.36927, -4.068392, 0.0 ], [ -46.367898, -4.067497, 0.0 ], [ -46.367243, -4.067408, 0.0 ], [ -46.366737, -4.067529, 0.0 ], [ -46.365276, -4.066724, 0.0 ], [ -46.364499, -4.065319, 0.0 ], [ -46.364377, -4.064033, 0.0 ], [ -46.364168, -4.063555, 0.0 ], [ -46.363542, -4.063406, 0.0 ], [ -46.363005, -4.063048, 0.0 ], [ -46.362379, -4.062361, 0.0 ], [ -46.361961, -4.061644, 0.0 ] ] } },
{ "type": "Feature", "properties": { "nome": "Rio Pindaré", "comprimento_m": 3645.0299841000001 }, "geometry": { "type": "LineString", "coordinates": [ [ -46.203503, -3.874011, 0.0 ], [ -46.203311, -3.873408, 0.0 ], [ -46.203073, -3.873179, 0.0 ], [ -46.202453, -3.872979, 0.0 ], [ -46.201872, -3.872989, 0.0 ], [ -46.201442, -3.87276, 0.0 ], [ -46.201251, -3.872482, 0.0 ], [ -46.200378, -3.872348, 0.0 ], [ -46.199769, -3.87199, 0.0 ], [ -46.197538, -3.869636, 0.0 ], [ -46.197283, -3.867668, 0.0 ], [ -46.197414, -3.867548, 0.0 ], [ -46.198308, -3.86775, 0.0 ], [ -46.198497, -3.867283, 0.0 ], [ -46.198342, -3.866817, 0.0 ], [ -46.196473, -3.864098, 0.0 ], [ -46.195687, -3.861209, 0.0 ], [ -46.195933, -3.860341, 0.0 ], [ -46.196751, -3.859593, 0.0 ], [ -46.196806, -3.85808, 0.0 ], [ -46.196653, -3.857506, 0.0 ], [ -46.196443, -3.857104, 0.0 ], [ -46.194064, -3.854489, 0.0 ], [ -46.193647, -3.85431, 0.0 ], [ -46.193111, -3.854311, 0.0 ], [ -46.192486, -3.854791, 0.0 ], [ -46.19198, -3.854911, 0.0 ], [ -46.191533, -3.854583, 0.0 ], [ -46.191324, -3.854224, 0.0 ], [ -46.191382, -3.853237, 0.0 ], [ -46.191262, -3.852728, 0.0 ], [ -46.190189, -3.851587, 0.0 ] ] } },
{ "type": "Feature", "properties": { "nome": "Rio Pindaré", "comprimento_m": 335.93473639799998 }, "geometry": { "type": "LineString", "coordinates": [ [ -46.932935, -5.639505, 0.0 ], [ -46.932885, -5.639254, 0.0 ], [ -46.933189, -5.638909, 0.0 ], [ -46.934028, -5.638447, 0.0 ], [ -46.934563, -5.63833, 0.0 ], [ -46.934986, -5.637653, 0.0 ] ] } },
{ "type": "Feature", "properties": { "nome": "Rio Pindaré", "comprimento_m": 3006.49953405 }, "geometry": { "type": "LineString", "coordinates": [ [ -46.936833, -4.59905, 0.0 ], [ -46.936399, -4.598254, 0.0 ], [ -46.935892, -4.596661, 0.0 ], [ -46.935313, -4.590579, 0.0 ], [ -46.935023, -4.589783, 0.0 ], [ -46.934227, -4.588986, 0.0 ], [ -46.933069, -4.587032, 0.0 ], [ -46.931621, -4.58305, 0.0 ], [ -46.931331, -4.580805, 0.0 ], [ -46.930245, -4.576823, 0.0 ], [ -46.929594, -4.573276, 0.0 ] ] } },
{ "type": "Feature", "properties": { "nome": "Rio Pindaré", "comprimento_m": 9550.6141994900008 }, "geometry": { "type": "LineString", "coordinates": [ [ -45.196614, -3.484014, 0.0 ], [ -45.19615, -3.483942, 0.0 ], [ -45.194756, -3.482363, 0.0 ], [ -45.193255, -3.481142, 0.0 ], [ -45.192325, -3.478485, 0.0 ], [ -45.191253, -3.47608, 0.0 ], [ -45.190681, -3.474213, 0.0 ], [ -45.189788, -3.473423, 0.0 ], [ -45.189323, -3.473208, 0.0 ], [ -45.188644, -3.473459, 0.0 ], [ -45.188215, -3.474106, 0.0 ], [ -45.187644, -3.474429, 0.0 ], [ -45.185786, -3.474788, 0.0 ], [ -45.184535, -3.475291, 0.0 ], [ -45.184035, -3.475651, 0.0 ], [ -45.183321, -3.476656, 0.0 ], [ -45.183142, -3.477374, 0.0 ], [ -45.183071, -3.478128, 0.0 ], [ -45.183214, -3.480031, 0.0 ], [ -45.182821, -3.480462, 0.0 ], [ -45.182107, -3.480678, 0.0 ], [ -45.181392, -3.480606, 0.0 ], [ -45.180677, -3.480391, 0.0 ], [ -45.180606, -3.478739, 0.0 ], [ -45.179712, -3.476836, 0.0 ], [ -45.178104, -3.475472, 0.0 ], [ -45.176925, -3.474934, 0.0 ], [ -45.17571, -3.47497, 0.0 ], [ -45.174424, -3.476227, 0.0 ], [ -45.173959, -3.476299, 0.0 ], [ -45.17278, -3.47594, 0.0 ], [ -45.171529, -3.475222, 0.0 ], [ -45.170671, -3.474073, 0.0 ], [ -45.170528, -3.472458, 0.0 ], [ -45.170206, -3.471596, 0.0 ], [ -45.169492, -3.470806, 0.0 ], [ -45.168598, -3.470232, 0.0 ], [ -45.168062, -3.469693, 0.0 ], [ -45.166454, -3.467396, 0.0 ], [ -45.164131, -3.465888, 0.0 ], [ -45.163023, -3.465601, 0.0 ], [ -45.162631, -3.465924, 0.0 ], [ -45.161916, -3.467827, 0.0 ], [ -45.161631, -3.470412, 0.0 ], [ -45.160631, -3.47228, 0.0 ], [ -45.160166, -3.472639, 0.0 ], [ -45.159416, -3.47289, 0.0 ], [ -45.156164, -3.473106, 0.0 ], [ -45.155057, -3.473717, 0.0 ], [ -45.15445, -3.475512, 0.0 ], [ -45.152092, -3.479283, 0.0 ], [ -45.151235, -3.481078, 0.0 ], [ -45.150806, -3.482658, 0.0 ], [ -45.150878, -3.483197, 0.0 ], [ -45.151056, -3.483627, 0.0 ], [ -45.1522, -3.485063, 0.0 ], [ -45.15245, -3.486212, 0.0 ], [ -45.152486, -3.487289, 0.0 ], [ -45.152522, -3.48869, 0.0 ], [ -45.152379, -3.489408, 0.0 ], [ -45.151522, -3.490916, 0.0 ] ] } },
{ "type": "Feature", "properties": { "nome": "Rio Pindaré", "comprimento_m": 1184.2550043900001 }, "geometry": { "type": "LineString", "coordinates": [ [ -46.203635, -3.882556, 0.0 ], [ -46.203229, -3.881767, 0.0 ], [ -46.2033, -3.881599, 0.0 ], [ -46.204193, -3.881048, 0.0 ], [ -46.204335, -3.880282, 0.0 ], [ -46.203583, -3.879421, 0.0 ], [ -46.203544, -3.87906, 0.0 ], [ -46.203962, -3.878294, 0.0 ], [ -46.203914, -3.87793, 0.0 ], [ -46.203266, -3.877787, 0.0 ], [ -46.203218, -3.877634, 0.0 ], [ -46.203741, -3.876915, 0.0 ], [ -46.203638, -3.875609, 0.0 ], [ -46.203961, -3.874862, 0.0 ], [ -46.203894, -3.874432, 0.0 ], [ -46.203618, -3.874336, 0.0 ], [ -46.203503, -3.874011, 0.0 ] ] } },
{ "type": "Feature", "properties": { "nome": "Rio Pindaré", "comprimento_m": 1952.7188943900001 }, "geometry": { "type": "LineString", "coordinates": [ [ -46.436281, -4.137217, 0.0 ], [ -46.436273, -4.135128, 0.0 ], [ -46.436772, -4.134158, 0.0 ], [ -46.437236, -4.133654, 0.0 ], [ -46.437235, -4.133044, 0.0 ], [ -46.436912, -4.13265, 0.0 ], [ -46.43634, -4.132651, 0.0 ], [ -46.435948, -4.132903, 0.0 ], [ -46.435483, -4.132975, 0.0 ], [ -46.435304, -4.132689, 0.0 ], [ -46.435302, -4.131863, 0.0 ], [ -46.435016, -4.131756, 0.0 ], [ -46.434517, -4.132618, 0.0 ], [ -46.434088, -4.132619, 0.0 ], [ -46.433157, -4.1314, 0.0 ], [ -46.433048, -4.130324, 0.0 ], [ -46.432688, -4.129391, 0.0 ], [ -46.432331, -4.129248, 0.0 ], [ -46.431734, -4.129662, 0.0 ], [ -46.431353, -4.129567, 0.0 ], [ -46.43116, -4.128395, 0.0 ], [ -46.430229, -4.127463, 0.0 ], [ -46.429657, -4.127297, 0.0 ] ] } },
{ "type": "Feature", "properties": { "nome": "Rio Pindaré", "comprimento_m": 3409.6288667700001 }, "geometry": { "type": "LineString", "coordinates": [ [ -46.156899, -3.778059, 0.0 ], [ -46.156873, -3.776145, 0.0 ], [ -46.157515, -3.775163, 0.0 ], [ -46.157728, -3.774277, 0.0 ], [ -46.15606, -3.773609, 0.0 ], [ -46.154678, -3.773324, 0.0 ], [ -46.154463, -3.772941, 0.0 ], [ -46.154461, -3.77184, 0.0 ], [ -46.153269, -3.770837, 0.0 ], [ -46.15291, -3.770023, 0.0 ], [ -46.150979, -3.768973, 0.0 ], [ -46.149441, -3.768927, 0.0 ], [ -46.149426, -3.768554, 0.0 ], [ -46.149912, -3.767993, 0.0 ], [ -46.149911, -3.767792, 0.0 ], [ -46.148294, -3.766286, 0.0 ], [ -46.147436, -3.765885, 0.0 ], [ -46.147049, -3.76524, 0.0 ], [ -46.146878, -3.76524, 0.0 ], [ -46.146821, -3.765455, 0.0 ], [ -46.146851, -3.766561, 0.0 ], [ -46.146137, -3.767395, 0.0 ], [ -46.145909, -3.767539, 0.0 ], [ -46.145394, -3.767554, 0.0 ], [ -46.14415, -3.766952, 0.0 ], [ -46.143977, -3.766493, 0.0 ], [ -46.14362, -3.766206, 0.0 ], [ -46.142819, -3.766337, 0.0 ], [ -46.142333, -3.766265, 0.0 ], [ -46.142304, -3.765892, 0.0 ], [ -46.142631, -3.764729, 0.0 ], [ -46.142517, -3.764542, 0.0 ], [ -46.141802, -3.764227, 0.0 ], [ -46.141087, -3.764156, 0.0 ] ] } },
{ "type": "Feature", "properties": { "nome": "Rio Pindaré", "comprimento_m": 2270.2008857400001 }, "geometry": { "type": "LineString", "coordinates": [ [ -46.227543, -3.942978, 0.0 ], [ -46.22672, -3.942381, 0.0 ], [ -46.2261, -3.942167, 0.0 ], [ -46.225588, -3.942239, 0.0 ], [ -46.225363, -3.942886, 0.0 ], [ -46.225077, -3.942922, 0.0 ], [ -46.224756, -3.942538, 0.0 ], [ -46.224041, -3.942455, 0.0 ], [ -46.223003, -3.941499, 0.0 ], [ -46.222824, -3.941236, 0.0 ], [ -46.223049, -3.940351, 0.0 ], [ -46.222583, -3.93943, 0.0 ], [ -46.222653, -3.938293, 0.0 ], [ -46.222462, -3.938174, 0.0 ], [ -46.221569, -3.938175, 0.0 ], [ -46.221474, -3.938438, 0.0 ], [ -46.221582, -3.938869, 0.0 ], [ -46.221439, -3.939109, 0.0 ], [ -46.220354, -3.938631, 0.0 ], [ -46.219961, -3.938668, 0.0 ], [ -46.219712, -3.939195, 0.0 ], [ -46.219402, -3.939303, 0.0 ], [ -46.219223, -3.939243, 0.0 ], [ -46.218925, -3.938789, 0.0 ], [ -46.219058, -3.93829, 0.0 ], [ -46.218991, -3.93784, 0.0 ], [ -46.218695, -3.937525, 0.0 ], [ -46.218381, -3.937726, 0.0 ], [ -46.218161, -3.937688, 0.0 ], [ -46.217875, -3.937066, 0.0 ], [ -46.217512, -3.936895, 0.0 ], [ -46.21735, -3.936952, 0.0 ], [ -46.217332, -3.937517, 0.0 ], [ -46.217161, -3.937709, 0.0 ], [ -46.216731, -3.937193, 0.0 ], [ -46.215988, -3.937127, 0.0 ], [ -46.215854, -3.936983, 0.0 ] ] } },
{ "type": "Feature", "properties": { "nome": "Rio Pindaré", "comprimento_m": 459.17392945900002 }, "geometry": { "type": "LineString", "coordinates": [ [ -45.632131, -3.631599, 0.0 ], [ -45.63002, -3.631577, 0.0 ], [ -45.628581, -3.631062, 0.0 ], [ -45.628102, -3.631165, 0.0 ] ] } },
{ "type": "Feature", "properties": { "nome": "Rio Pindaré", "comprimento_m": 801.93837477500006 }, "geometry": { "type": "LineString", "coordinates": [ [ -46.915586, -5.751292, 0.0 ], [ -46.915717, -5.750708, 0.0 ], [ -46.916172, -5.749879, 0.0 ], [ -46.916858, -5.749142, 0.0 ], [ -46.919332, -5.748537, 0.0 ], [ -46.919513, -5.747847, 0.0 ], [ -46.918589, -5.746753, 0.0 ] ] } },
{ "type": "Feature", "properties": { "nome": "Rio Pindaré", "comprimento_m": 1771.63983441 }, "geometry": { "type": "LineString", "coordinates": [ [ -46.932496, -5.495106, 0.0 ], [ -46.931711, -5.494773, 0.0 ], [ -46.931401, -5.494321, 0.0 ], [ -46.931497, -5.491918, 0.0 ], [ -46.930902, -5.491014, 0.0 ], [ -46.930664, -5.490181, 0.0 ], [ -46.930759, -5.489419, 0.0 ], [ -46.931378, -5.488706, 0.0 ], [ -46.932901, -5.488135, 0.0 ], [ -46.933519, -5.487659, 0.0 ], [ -46.934661, -5.485969, 0.0 ], [ -46.934971, -5.485089, 0.0 ], [ -46.934971, -5.483804, 0.0 ], [ -46.93371, -5.482448, 0.0 ] ] } },
{ "type": "Feature", "properties": { "nome": "Rio Pindaré", "comprimento_m": 2851.9487127699999 }, "geometry": { "type": "LineString", "coordinates": [ [ -46.205428, -3.907393, 0.0 ], [ -46.205908, -3.906754, 0.0 ], [ -46.206794, -3.906092, 0.0 ], [ -46.206893, -3.905402, 0.0 ], [ -46.206578, -3.904958, 0.0 ], [ -46.205792, -3.905548, 0.0 ], [ -46.205549, -3.905634, 0.0 ], [ -46.205377, -3.905419, 0.0 ], [ -46.205434, -3.90516, 0.0 ], [ -46.205806, -3.904858, 0.0 ], [ -46.205819, -3.904198, 0.0 ], [ -46.20599, -3.903752, 0.0 ], [ -46.20583, -3.902619, 0.0 ], [ -46.206008, -3.90226, 0.0 ], [ -46.205757, -3.901291, 0.0 ], [ -46.20522, -3.901076, 0.0 ], [ -46.204755, -3.900682, 0.0 ], [ -46.204683, -3.899976, 0.0 ], [ -46.204896, -3.898911, 0.0 ], [ -46.204513, -3.89805, 0.0 ], [ -46.204273, -3.896555, 0.0 ], [ -46.20451, -3.895872, 0.0 ], [ -46.204044, -3.894664, 0.0 ], [ -46.204126, -3.893288, 0.0 ], [ -46.203625, -3.892599, 0.0 ], [ -46.203581, -3.892269, 0.0 ], [ -46.203594, -3.890732, 0.0 ], [ -46.20342, -3.889469, 0.0 ], [ -46.203562, -3.888737, 0.0 ], [ -46.203532, -3.887818, 0.0 ], [ -46.203769, -3.886944, 0.0 ], [ -46.204126, -3.886417, 0.0 ], [ -46.204149, -3.88607, 0.0 ] ] } },
{ "type": "Feature", "properties": { "nome": "Rio Pindaré", "comprimento_m": 3090.1034604699998 }, "geometry": { "type": "LineString", "coordinates": [ [ -46.950681, -5.57095, 0.0 ], [ -46.951633, -5.568904, 0.0 ], [ -46.951633, -5.568095, 0.0 ], [ -46.951347, -5.567381, 0.0 ], [ -46.951014, -5.56562, 0.0 ], [ -46.950633, -5.564716, 0.0 ], [ -46.950633, -5.563764, 0.0 ], [ -46.950967, -5.562955, 0.0 ], [ -46.952299, -5.562194, 0.0 ], [ -46.952585, -5.561528, 0.0 ], [ -46.952585, -5.560624, 0.0 ], [ -46.952489, -5.560148, 0.0 ], [ -46.951918, -5.559291, 0.0 ], [ -46.951823, -5.557054, 0.0 ], [ -46.9513, -5.554818, 0.0 ], [ -46.951062, -5.552819, 0.0 ], [ -46.950681, -5.55201, 0.0 ], [ -46.950538, -5.551011, 0.0 ], [ -46.95011, -5.549964, 0.0 ], [ -46.949491, -5.54925, 0.0 ], [ -46.948397, -5.548726, 0.0 ], [ -46.948016, -5.548012, 0.0 ], [ -46.948081, -5.545776, 0.0 ] ] } },
{ "type": "Feature", "properties": { "nome": "Rio Pindaré", "comprimento_m": 343.52719300400003 }, "geometry": { "type": "LineString", "coordinates": [ [ -46.94873, -5.572902, 0.0 ], [ -46.94873, -5.57214, 0.0 ], [ -46.949491, -5.571379, 0.0 ], [ -46.950681, -5.57095, 0.0 ] ] } },
{ "type": "Feature", "properties": { "nome": "Rio Pindaré", "comprimento_m": 6763.8103653799999 }, "geometry": { "type": "LineString", "coordinates": [ [ -46.898896, -4.487989, 0.0 ], [ -46.898462, -4.486758, 0.0 ], [ -46.897521, -4.486469, 0.0 ], [ -46.896724, -4.485962, 0.0 ], [ -46.896362, -4.485021, 0.0 ], [ -46.894335, -4.4835, 0.0 ], [ -46.892887, -4.482776, 0.0 ], [ -46.892525, -4.481908, 0.0 ], [ -46.891439, -4.481256, 0.0 ], [ -46.891149, -4.479953, 0.0 ], [ -46.889339, -4.479736, 0.0 ], [ -46.888036, -4.479374, 0.0 ], [ -46.887385, -4.478505, 0.0 ], [ -46.886661, -4.478722, 0.0 ], [ -46.885937, -4.478505, 0.0 ], [ -46.885502, -4.477709, 0.0 ], [ -46.884633, -4.477274, 0.0 ], [ -46.884634, -4.476478, 0.0 ], [ -46.884416, -4.475754, 0.0 ], [ -46.88391, -4.475247, 0.0 ], [ -46.88333, -4.474957, 0.0 ], [ -46.88181, -4.475537, 0.0 ], [ -46.879421, -4.475826, 0.0 ], [ -46.87819, -4.475464, 0.0 ], [ -46.877756, -4.474016, 0.0 ], [ -46.87667, -4.473871, 0.0 ], [ -46.876018, -4.473582, 0.0 ], [ -46.875801, -4.47293, 0.0 ], [ -46.875149, -4.472423, 0.0 ], [ -46.874425, -4.472134, 0.0 ], [ -46.873918, -4.472206, 0.0 ], [ -46.873701, -4.471555, 0.0 ], [ -46.873556, -4.469817, 0.0 ], [ -46.873267, -4.468876, 0.0 ], [ -46.872253, -4.468803, 0.0 ], [ -46.87124, -4.469383, 0.0 ], [ -46.870009, -4.469672, 0.0 ], [ -46.867982, -4.468152, 0.0 ], [ -46.866968, -4.466776, 0.0 ], [ -46.866606, -4.465256, 0.0 ], [ -46.866461, -4.463446, 0.0 ], [ -46.865592, -4.461853, 0.0 ], [ -46.865013, -4.461419, 0.0 ], [ -46.864217, -4.459971, 0.0 ], [ -46.862552, -4.458667, 0.0 ], [ -46.861393, -4.458088, 0.0 ], [ -46.860597, -4.457437, 0.0 ], [ -46.860307, -4.45693, 0.0 ], [ -46.859439, -4.456785, 0.0 ], [ -46.859221, -4.456351, 0.0 ], [ -46.859004, -4.454396, 0.0 ] ] } },
{ "type": "Feature", "properties": { "nome": "Rio Pindaré", "comprimento_m": 634.68766058200003 }, "geometry": { "type": "LineString", "coordinates": [ [ -46.941177, -4.641621, 0.0 ], [ -46.940309, -4.639738, 0.0 ], [ -46.93944, -4.639521, 0.0 ], [ -46.939223, -4.63829, 0.0 ], [ -46.939657, -4.636842, 0.0 ] ] } },
{ "type": "Feature", "properties": { "nome": "Rio Pindaré", "comprimento_m": 1811.19578901 }, "geometry": { "type": "LineString", "coordinates": [ [ -46.929666, -4.89053, 0.0 ], [ -46.928725, -4.887489, 0.0 ], [ -46.928073, -4.886476, 0.0 ], [ -46.927277, -4.885752, 0.0 ], [ -46.925974, -4.885245, 0.0 ], [ -46.924453, -4.883869, 0.0 ], [ -46.924019, -4.883001, 0.0 ], [ -46.924019, -4.880394, 0.0 ], [ -46.924453, -4.878657, 0.0 ], [ -46.925322, -4.876774, 0.0 ] ] } },
{ "type": "Feature", "properties": { "nome": "Rio Pindaré", "comprimento_m": 2805.1026155899999 }, "geometry": { "type": "LineString", "coordinates": [ [ -46.299414, -4.01867, 0.0 ], [ -46.297805, -4.018134, 0.0 ], [ -46.29716, -4.017346, 0.0 ], [ -46.2953, -4.016128, 0.0 ], [ -46.293977, -4.015879, 0.0 ], [ -46.294119, -4.015053, 0.0 ], [ -46.293867, -4.014479, 0.0 ], [ -46.291542, -4.013334, 0.0 ], [ -46.291149, -4.013335, 0.0 ], [ -46.291041, -4.013516, 0.0 ], [ -46.29127, -4.01386, 0.0 ], [ -46.291156, -4.014262, 0.0 ], [ -46.290627, -4.01422, 0.0 ], [ -46.290442, -4.014364, 0.0 ], [ -46.290471, -4.014752, 0.0 ], [ -46.290757, -4.015067, 0.0 ], [ -46.290572, -4.015599, 0.0 ], [ -46.290372, -4.015599, 0.0 ], [ -46.290057, -4.015154, 0.0 ], [ -46.289814, -4.01504, 0.0 ], [ -46.289556, -4.015184, 0.0 ], [ -46.289158, -4.016175, 0.0 ], [ -46.288699, -4.015587, 0.0 ], [ -46.288513, -4.015731, 0.0 ], [ -46.288386, -4.016665, 0.0 ], [ -46.288172, -4.017038, 0.0 ], [ -46.287772, -4.017197, 0.0 ], [ -46.286814, -4.017026, 0.0 ], [ -46.286284, -4.016596, 0.0 ], [ -46.284867, -4.015266, 0.0 ], [ -46.283227, -4.013434, 0.0 ] ] } },
{ "type": "Feature", "properties": { "nome": "Rio Pindaré", "comprimento_m": 1876.8935014799999 }, "geometry": { "type": "LineString", "coordinates": [ [ -46.925322, -4.876774, 0.0 ], [ -46.925467, -4.875688, 0.0 ], [ -46.926698, -4.873227, 0.0 ], [ -46.927422, -4.872503, 0.0 ], [ -46.927856, -4.871417, 0.0 ], [ -46.92829, -4.869027, 0.0 ], [ -46.929449, -4.866928, 0.0 ], [ -46.929521, -4.865697, 0.0 ], [ -46.928363, -4.864032, 0.0 ], [ -46.928363, -4.861208, 0.0 ] ] } },
{ "type": "Feature", "properties": { "nome": "Rio Pindaré", "comprimento_m": 236.81495053200001 }, "geometry": { "type": "LineString", "coordinates": [ [ -46.920761, -4.818782, 0.0 ], [ -46.920399, -4.817841, 0.0 ], [ -46.919675, -4.816972, 0.0 ] ] } },
{ "type": "Feature", "properties": { "nome": "Rio Pindaré", "comprimento_m": 404.59488337800002 }, "geometry": { "type": "LineString", "coordinates": [ [ -46.204149, -3.88607, 0.0 ], [ -46.204029, -3.88534, 0.0 ], [ -46.203551, -3.884372, 0.0 ], [ -46.203635, -3.882556, 0.0 ] ] } },
{ "type": "Feature", "properties": { "nome": "Rio Pindaré", "comprimento_m": 1177.5181990799999 }, "geometry": { "type": "LineString", "coordinates": [ [ -46.257035, -3.961969, 0.0 ], [ -46.256963, -3.961797, 0.0 ], [ -46.256462, -3.961611, 0.0 ], [ -46.256104, -3.961195, 0.0 ], [ -46.256303, -3.960347, 0.0 ], [ -46.256078, -3.959924, 0.0 ], [ -46.255707, -3.95981, 0.0 ], [ -46.255021, -3.960002, 0.0 ], [ -46.254763, -3.95962, 0.0 ], [ -46.254647, -3.958845, 0.0 ], [ -46.254257, -3.959276, 0.0 ], [ -46.25337, -3.959086, 0.0 ], [ -46.253084, -3.958943, 0.0 ], [ -46.252692, -3.958273, 0.0 ], [ -46.251958, -3.957939, 0.0 ], [ -46.2517, -3.957365, 0.0 ], [ -46.251727, -3.956542, 0.0 ], [ -46.251288, -3.956131, 0.0 ] ] } },
{ "type": "Feature", "properties": { "nome": "Rio Pindaré", "comprimento_m": 254.14161335599999 }, "geometry": { "type": "LineString", "coordinates": [ [ -46.331851, -4.038411, 0.0 ], [ -46.331687, -4.038069, 0.0 ], [ -46.330494, -4.037144, 0.0 ], [ -46.330352, -4.036773, 0.0 ] ] } },
{ "type": "Feature", "properties": { "nome": "Rio Pindaré", "comprimento_m": 551.08974220200002 }, "geometry": { "type": "LineString", "coordinates": [ [ -45.568422, -3.669142, 0.0 ], [ -45.567805, -3.667733, 0.0 ], [ -45.567668, -3.66701, 0.0 ], [ -45.567188, -3.66646, 0.0 ], [ -45.565476, -3.665498, 0.0 ] ] } },
{ "type": "Feature", "properties": { "nome": "Rio Pindaré", "comprimento_m": 2713.1290085199998 }, "geometry": { "type": "LineString", "coordinates": [ [ -46.038373, -3.701254, 0.0 ], [ -46.038244, -3.701422, 0.0 ], [ -46.038155, -3.702499, 0.0 ], [ -46.037888, -3.702768, 0.0 ], [ -46.037441, -3.702829, 0.0 ], [ -46.035058, -3.702263, 0.0 ], [ -46.034463, -3.702353, 0.0 ], [ -46.033689, -3.702594, 0.0 ], [ -46.03238, -3.703672, 0.0 ], [ -46.030772, -3.704063, 0.0 ], [ -46.030147, -3.704363, 0.0 ], [ -46.029641, -3.704423, 0.0 ], [ -46.029045, -3.704035, 0.0 ], [ -46.027852, -3.702301, 0.0 ], [ -46.027286, -3.702063, 0.0 ], [ -46.026243, -3.701944, 0.0 ], [ -46.025677, -3.701586, 0.0 ], [ -46.025171, -3.701556, 0.0 ], [ -46.024665, -3.701677, 0.0 ], [ -46.024337, -3.701886, 0.0 ], [ -46.024189, -3.702216, 0.0 ], [ -46.023713, -3.702366, 0.0 ], [ -46.022104, -3.702278, 0.0 ], [ -46.019872, -3.702939, 0.0 ], [ -46.018533, -3.703658, 0.0 ], [ -46.018027, -3.704467, 0.0 ] ] } },
{ "type": "Feature", "properties": { "nome": "Rio Pindaré", "comprimento_m": 788.14187289100005 }, "geometry": { "type": "LineString", "coordinates": [ [ -46.902554, -5.362927, 0.0 ], [ -46.903125, -5.362535, 0.0 ], [ -46.903696, -5.361714, 0.0 ], [ -46.904517, -5.361464, 0.0 ], [ -46.905766, -5.360465, 0.0 ], [ -46.906302, -5.359358, 0.0 ], [ -46.906337, -5.358716, 0.0 ], [ -46.906694, -5.357681, 0.0 ] ] } },
{ "type": "Feature", "properties": { "nome": "Rio Pindaré", "comprimento_m": 1379.7996663500001 }, "geometry": { "type": "LineString", "coordinates": [ [ -46.278409, -4.009527, 0.0 ], [ -46.278331, -4.007791, 0.0 ], [ -46.277492, -4.007849, 0.0 ], [ -46.277072, -4.007659, 0.0 ], [ -46.276709, -4.007238, 0.0 ], [ -46.276785, -4.006587, 0.0 ], [ -46.277204, -4.006357, 0.0 ], [ -46.27808, -4.00624, 0.0 ], [ -46.278233, -4.006087, 0.0 ], [ -46.278289, -4.005283, 0.0 ], [ -46.278193, -4.005091, 0.0 ], [ -46.277945, -4.005034, 0.0 ], [ -46.277354, -4.005227, 0.0 ], [ -46.276935, -4.005113, 0.0 ], [ -46.27665, -4.004767, 0.0 ], [ -46.276626, -4.004432, 0.0 ], [ -46.276804, -4.004276, 0.0 ], [ -46.277412, -4.004323, 0.0 ], [ -46.277531, -4.004167, 0.0 ], [ -46.277518, -4.003473, 0.0 ], [ -46.278398, -4.002718, 0.0 ], [ -46.278302, -4.002228, 0.0 ] ] } },
{ "type": "Feature", "properties": { "nome": "Rio Pindaré", "comprimento_m": 2536.9251495200001 }, "geometry": { "type": "LineString", "coordinates": [ [ -46.936037, -4.661313, 0.0 ], [ -46.936254, -4.660734, 0.0 ], [ -46.936978, -4.660083, 0.0 ], [ -46.937557, -4.658562, 0.0 ], [ -46.937557, -4.657838, 0.0 ], [ -46.936978, -4.657042, 0.0 ], [ -46.936544, -4.655522, 0.0 ], [ -46.936471, -4.654074, 0.0 ], [ -46.935892, -4.651178, 0.0 ], [ -46.93582, -4.650019, 0.0 ], [ -46.935965, -4.648788, 0.0 ], [ -46.936689, -4.646834, 0.0 ], [ -46.937123, -4.64611, 0.0 ], [ -46.938788, -4.645603, 0.0 ], [ -46.941177, -4.642996, 0.0 ], [ -46.941177, -4.641621, 0.0 ] ] } },
{ "type": "Feature", "properties": { "nome": "Rio Pindaré", "comprimento_m": 2873.9528183799998 }, "geometry": { "type": "LineString", "coordinates": [ [ -46.929304, -4.783451, 0.0 ], [ -46.929159, -4.780917, 0.0 ], [ -46.928652, -4.779252, 0.0 ], [ -46.927639, -4.776935, 0.0 ], [ -46.927566, -4.775922, 0.0 ], [ -46.927277, -4.774836, 0.0 ], [ -46.926625, -4.773098, 0.0 ], [ -46.926191, -4.770854, 0.0 ], [ -46.925901, -4.770347, 0.0 ], [ -46.925394, -4.768609, 0.0 ], [ -46.925684, -4.767451, 0.0 ], [ -46.926408, -4.767234, 0.0 ], [ -46.928146, -4.767306, 0.0 ], [ -46.928508, -4.766655, 0.0 ], [ -46.928001, -4.765713, 0.0 ], [ -46.92706, -4.764627, 0.0 ], [ -46.926103, -4.764034, 0.0 ], [ -46.924472, -4.76228, 0.0 ] ] } },
{ "type": "Feature", "properties": { "nome": "Rio Pindaré", "comprimento_m": 8467.2054071999992 }, "geometry": { "type": "LineString", "coordinates": [ [ -46.859004, -4.454396, 0.0 ], [ -46.859583, -4.452441, 0.0 ], [ -46.859583, -4.451283, 0.0 ], [ -46.859873, -4.450052, 0.0 ], [ -46.859656, -4.449111, 0.0 ], [ -46.859221, -4.448459, 0.0 ], [ -46.859077, -4.447735, 0.0 ], [ -46.859294, -4.444405, 0.0 ], [ -46.859004, -4.441798, 0.0 ], [ -46.859077, -4.440206, 0.0 ], [ -46.858642, -4.43912, 0.0 ], [ -46.858353, -4.436586, 0.0 ], [ -46.858787, -4.435355, 0.0 ], [ -46.858787, -4.433834, 0.0 ], [ -46.857991, -4.432893, 0.0 ], [ -46.856905, -4.432604, 0.0 ], [ -46.855963, -4.431807, 0.0 ], [ -46.855095, -4.428911, 0.0 ], [ -46.854226, -4.428405, 0.0 ], [ -46.852488, -4.42826, 0.0 ], [ -46.850751, -4.426957, 0.0 ], [ -46.850027, -4.425364, 0.0 ], [ -46.848289, -4.42283, 0.0 ], [ -46.848941, -4.421382, 0.0 ], [ -46.848217, -4.418848, 0.0 ], [ -46.846841, -4.41711, 0.0 ], [ -46.845972, -4.416531, 0.0 ], [ -46.845103, -4.416386, 0.0 ], [ -46.844669, -4.415517, 0.0 ], [ -46.844452, -4.414576, 0.0 ], [ -46.844886, -4.411897, 0.0 ], [ -46.844669, -4.410811, 0.0 ], [ -46.843004, -4.408857, 0.0 ], [ -46.842714, -4.407771, 0.0 ], [ -46.843149, -4.406395, 0.0 ], [ -46.843221, -4.405454, 0.0 ], [ -46.841339, -4.402558, 0.0 ], [ -46.840832, -4.401544, 0.0 ], [ -46.839891, -4.398938, 0.0 ], [ -46.839963, -4.397635, 0.0 ], [ -46.840904, -4.396549, 0.0 ], [ -46.841483, -4.395463, 0.0 ], [ -46.841049, -4.393798, 0.0 ], [ -46.841194, -4.393074, 0.0 ], [ -46.841773, -4.392205, 0.0 ], [ -46.841701, -4.391481, 0.0 ], [ -46.841339, -4.390467, 0.0 ], [ -46.840325, -4.388512, 0.0 ] ] } },
{ "type": "Feature", "properties": { "nome": "Rio Pindaré", "comprimento_m": 5917.7867833 }, "geometry": { "type": "LineString", "coordinates": [ [ -46.899891, -5.400561, 0.0 ], [ -46.900498, -5.399347, 0.0 ], [ -46.902411, -5.397477, 0.0 ], [ -46.904017, -5.396763, 0.0 ], [ -46.904446, -5.396264, 0.0 ], [ -46.904553, -5.395371, 0.0 ], [ -46.904267, -5.394586, 0.0 ], [ -46.904232, -5.393622, 0.0 ], [ -46.904624, -5.392302, 0.0 ], [ -46.905231, -5.38884, 0.0 ], [ -46.905945, -5.387269, 0.0 ], [ -46.906409, -5.386734, 0.0 ], [ -46.907194, -5.385342, 0.0 ], [ -46.907979, -5.382237, 0.0 ], [ -46.908051, -5.381094, 0.0 ], [ -46.907729, -5.380202, 0.0 ], [ -46.907087, -5.37981, 0.0 ], [ -46.905124, -5.379595, 0.0 ], [ -46.904553, -5.37856, 0.0 ], [ -46.904232, -5.377311, 0.0 ], [ -46.904446, -5.376026, 0.0 ], [ -46.905624, -5.374206, 0.0 ], [ -46.90698, -5.372885, 0.0 ], [ -46.907908, -5.372493, 0.0 ], [ -46.909157, -5.37235, 0.0 ], [ -46.910085, -5.371815, 0.0 ], [ -46.910906, -5.370994, 0.0 ], [ -46.91137, -5.37003, 0.0 ], [ -46.911299, -5.369173, 0.0 ], [ -46.909942, -5.368531, 0.0 ], [ -46.909478, -5.367746, 0.0 ], [ -46.90905, -5.366496, 0.0 ], [ -46.909157, -5.365747, 0.0 ], [ -46.908943, -5.364712, 0.0 ], [ -46.908372, -5.364319, 0.0 ], [ -46.907194, -5.364212, 0.0 ], [ -46.905053, -5.364605, 0.0 ], [ -46.903268, -5.364248, 0.0 ], [ -46.90259, -5.363712, 0.0 ], [ -46.902554, -5.362927, 0.0 ] ] } },
{ "type": "Feature", "properties": { "nome": "Rio Pindaré", "comprimento_m": 1262.1247538800001 }, "geometry": { "type": "LineString", "coordinates": [ [ -46.948081, -5.545776, 0.0 ], [ -46.947725, -5.545478, 0.0 ], [ -46.947725, -5.54524, 0.0 ], [ -46.948438, -5.544764, 0.0 ], [ -46.948141, -5.543486, 0.0 ], [ -46.94829, -5.542593, 0.0 ], [ -46.948052, -5.541493, 0.0 ], [ -46.948052, -5.539768, 0.0 ], [ -46.948498, -5.539054, 0.0 ], [ -46.948855, -5.538043, 0.0 ], [ -46.948825, -5.536883, 0.0 ], [ -46.948141, -5.536407, 0.0 ], [ -46.947338, -5.536228, 0.0 ] ] } },
{ "type": "Feature", "properties": { "nome": "Rio Pindaré", "comprimento_m": 3065.8173293300001 }, "geometry": { "type": "LineString", "coordinates": [ [ -46.592393, -4.309805, 0.0 ], [ -46.59071, -4.309425, 0.0 ], [ -46.590276, -4.308665, 0.0 ], [ -46.589678, -4.308176, 0.0 ], [ -46.588918, -4.308285, 0.0 ], [ -46.588592, -4.308176, 0.0 ], [ -46.588266, -4.307525, 0.0 ], [ -46.586692, -4.306982, 0.0 ], [ -46.5849, -4.305353, 0.0 ], [ -46.581805, -4.304375, 0.0 ], [ -46.580936, -4.303724, 0.0 ], [ -46.577298, -4.301823, 0.0 ], [ -46.576592, -4.301063, 0.0 ], [ -46.575736, -4.300585, 0.0 ], [ -46.576474, -4.299722, 0.0 ], [ -46.576755, -4.299108, 0.0 ], [ -46.576864, -4.298348, 0.0 ], [ -46.576755, -4.297642, 0.0 ], [ -46.576266, -4.296665, 0.0 ], [ -46.575739, -4.296266, 0.0 ], [ -46.574342, -4.296054, 0.0 ], [ -46.574189, -4.295767, 0.0 ], [ -46.574272, -4.295432, 0.0 ], [ -46.574109, -4.295227, 0.0 ], [ -46.573632, -4.295086, 0.0 ] ] } },
{ "type": "Feature", "properties": { "nome": "Rio Pindaré", "comprimento_m": 579.49049078999997 }, "geometry": { "type": "LineString", "coordinates": [ [ -46.205449, -3.912232, 0.0 ], [ -46.204757, -3.911276, 0.0 ], [ -46.204697, -3.910977, 0.0 ], [ -46.204982, -3.908715, 0.0 ], [ -46.205372, -3.908025, 0.0 ], [ -46.205428, -3.907393, 0.0 ] ] } },
{ "type": "Feature", "properties": { "nome": "Rio Pindaré", "comprimento_m": 740.91471981500001 }, "geometry": { "type": "LineString", "coordinates": [ [ -46.92134, -4.825443, 0.0 ], [ -46.921268, -4.823416, 0.0 ], [ -46.920761, -4.819941, 0.0 ], [ -46.920761, -4.818782, 0.0 ] ] } },
{ "type": "Feature", "properties": { "nome": "Rio Pindaré", "comprimento_m": 1370.1964980099999 }, "geometry": { "type": "LineString", "coordinates": [ [ -46.931186, -4.716047, 0.0 ], [ -46.932366, -4.715258, 0.0 ], [ -46.932707, -4.714382, 0.0 ], [ -46.935145, -4.713088, 0.0 ], [ -46.936167, -4.711928, 0.0 ], [ -46.936475, -4.711208, 0.0 ], [ -46.936544, -4.710111, 0.0 ], [ -46.935385, -4.709025, 0.0 ], [ -46.934951, -4.708228, 0.0 ], [ -46.934951, -4.706925, 0.0 ] ] } },
{ "type": "Feature", "properties": { "nome": "Rio Pindaré", "comprimento_m": 1213.6108669299999 }, "geometry": { "type": "LineString", "coordinates": [ [ -46.929304, -4.901318, 0.0 ], [ -46.929159, -4.89958, 0.0 ], [ -46.929594, -4.897118, 0.0 ], [ -46.929883, -4.896322, 0.0 ], [ -46.929738, -4.894946, 0.0 ], [ -46.930028, -4.893933, 0.0 ], [ -46.930028, -4.89234, 0.0 ], [ -46.929666, -4.89053, 0.0 ] ] } },
{ "type": "Feature", "properties": { "nome": "Rio Pindaré", "comprimento_m": 1594.12775001 }, "geometry": { "type": "LineString", "coordinates": [ [ -46.177051, -3.814539, 0.0 ], [ -46.176785, -3.814539, 0.0 ], [ -46.17568, -3.815096, 0.0 ], [ -46.174765, -3.814944, 0.0 ], [ -46.174269, -3.81439, 0.0 ], [ -46.173809, -3.813127, 0.0 ], [ -46.173542, -3.812916, 0.0 ], [ -46.172875, -3.813051, 0.0 ], [ -46.17276, -3.812611, 0.0 ], [ -46.17295, -3.812017, 0.0 ], [ -46.172721, -3.811673, 0.0 ], [ -46.172473, -3.811673, 0.0 ], [ -46.172093, -3.81244, 0.0 ], [ -46.171693, -3.812766, 0.0 ], [ -46.17116, -3.812805, 0.0 ], [ -46.170893, -3.812633, 0.0 ], [ -46.170549, -3.81204, 0.0 ], [ -46.170813, -3.810412, 0.0 ], [ -46.170737, -3.810068, 0.0 ], [ -46.170336, -3.810164, 0.0 ], [ -46.170242, -3.81047, 0.0 ], [ -46.169727, -3.810835, 0.0 ], [ -46.169518, -3.810682, 0.0 ], [ -46.169441, -3.810357, 0.0 ] ] } },
{ "type": "Feature", "properties": { "nome": "Rio Pindaré", "comprimento_m": 2725.3898313200002 }, "geometry": { "type": "LineString", "coordinates": [ [ -46.429657, -4.127297, 0.0 ], [ -46.42842, -4.128759, 0.0 ], [ -46.427729, -4.128688, 0.0 ], [ -46.427109, -4.128211, 0.0 ], [ -46.426702, -4.127685, 0.0 ], [ -46.426821, -4.127111, 0.0 ], [ -46.427177, -4.126607, 0.0 ], [ -46.427128, -4.125914, 0.0 ], [ -46.427293, -4.124789, 0.0 ], [ -46.426647, -4.123593, 0.0 ], [ -46.426718, -4.122971, 0.0 ], [ -46.427003, -4.122492, 0.0 ], [ -46.427741, -4.122108, 0.0 ], [ -46.42774, -4.121773, 0.0 ], [ -46.427478, -4.121534, 0.0 ], [ -46.426644, -4.121511, 0.0 ], [ -46.426214, -4.121153, 0.0 ], [ -46.425651, -4.120131, 0.0 ], [ -46.424821, -4.119458, 0.0 ], [ -46.424263, -4.11943, 0.0 ], [ -46.423306, -4.119805, 0.0 ], [ -46.422891, -4.119734, 0.0 ], [ -46.422259, -4.118343, 0.0 ], [ -46.421901, -4.117941, 0.0 ], [ -46.422013, -4.11675, 0.0 ], [ -46.421741, -4.116434, 0.0 ], [ -46.420098, -4.115104, 0.0 ], [ -46.4182, -4.11463, 0.0 ] ] } },
{ "type": "Feature", "properties": { "nome": "Rio Pindaré", "comprimento_m": 3050.9224884400001 }, "geometry": { "type": "LineString", "coordinates": [ [ -46.944013, -5.508812, 0.0 ], [ -46.943227, -5.508788, 0.0 ], [ -46.941657, -5.509359, 0.0 ], [ -46.940991, -5.509407, 0.0 ], [ -46.940491, -5.509217, 0.0 ], [ -46.940015, -5.509217, 0.0 ], [ -46.939706, -5.509407, 0.0 ], [ -46.939325, -5.510168, 0.0 ], [ -46.93873, -5.510501, 0.0 ], [ -46.938088, -5.510454, 0.0 ], [ -46.937802, -5.510216, 0.0 ], [ -46.937422, -5.510145, 0.0 ], [ -46.937136, -5.510335, 0.0 ], [ -46.936898, -5.510168, 0.0 ], [ -46.936779, -5.509669, 0.0 ], [ -46.937136, -5.508574, 0.0 ], [ -46.937136, -5.507908, 0.0 ], [ -46.936827, -5.505838, 0.0 ], [ -46.93647, -5.505195, 0.0 ], [ -46.934257, -5.50491, 0.0 ], [ -46.933805, -5.504719, 0.0 ], [ -46.933234, -5.503649, 0.0 ], [ -46.933043, -5.502435, 0.0 ], [ -46.933115, -5.501436, 0.0 ], [ -46.932924, -5.500865, 0.0 ], [ -46.932187, -5.500817, 0.0 ], [ -46.93202, -5.500389, 0.0 ], [ -46.931925, -5.499818, 0.0 ], [ -46.93221, -5.499151, 0.0 ], [ -46.933115, -5.49839, 0.0 ], [ -46.933567, -5.496748, 0.0 ], [ -46.933543, -5.496034, 0.0 ], [ -46.93302, -5.495416, 0.0 ], [ -46.932496, -5.495106, 0.0 ] ] } },
{ "type": "Feature", "properties": { "nome": "Rio Pindaré", "comprimento_m": 4775.1705994599997 }, "geometry": { "type": "LineString", "coordinates": [ [ -46.896472, -5.242435, 0.0 ], [ -46.896752, -5.24029, 0.0 ], [ -46.896959, -5.239721, 0.0 ], [ -46.897495, -5.23936, 0.0 ], [ -46.897553, -5.238852, 0.0 ], [ -46.898267, -5.238012, 0.0 ], [ -46.897637, -5.236848, 0.0 ], [ -46.897398, -5.236819, 0.0 ], [ -46.896981, -5.237209, 0.0 ], [ -46.896563, -5.236911, 0.0 ], [ -46.896443, -5.236702, 0.0 ], [ -46.896531, -5.236074, 0.0 ], [ -46.896142, -5.235806, 0.0 ], [ -46.89617, -5.235357, 0.0 ], [ -46.896825, -5.234787, 0.0 ], [ -46.896824, -5.234428, 0.0 ], [ -46.896613, -5.233711, 0.0 ], [ -46.896134, -5.233204, 0.0 ], [ -46.895714, -5.232428, 0.0 ], [ -46.89579, -5.229868, 0.0 ], [ -46.895693, -5.229294, 0.0 ], [ -46.895832, -5.22805, 0.0 ], [ -46.895211, -5.227717, 0.0 ], [ -46.894778, -5.226618, 0.0 ], [ -46.894443, -5.226284, 0.0 ], [ -46.893201, -5.225809, 0.0 ], [ -46.892961, -5.225379, 0.0 ], [ -46.892863, -5.224566, 0.0 ], [ -46.892478, -5.223658, 0.0 ], [ -46.891665, -5.223134, 0.0 ], [ -46.89071, -5.222994, 0.0 ], [ -46.890087, -5.222087, 0.0 ], [ -46.889605, -5.220605, 0.0 ], [ -46.888261, -5.217738, 0.0 ], [ -46.888401, -5.216829, 0.0 ], [ -46.887584, -5.215013, 0.0 ], [ -46.887494, -5.213811, 0.0 ], [ -46.888084, -5.213484, 0.0 ], [ -46.888753, -5.213673, 0.0 ], [ -46.889304, -5.212849, 0.0 ], [ -46.889378, -5.212102, 0.0 ], [ -46.888461, -5.211703, 0.0 ], [ -46.888345, -5.211187, 0.0 ], [ -46.888573, -5.210918, 0.0 ], [ -46.888955, -5.210898, 0.0 ], [ -46.889677, -5.209728, 0.0 ], [ -46.889484, -5.20902, 0.0 ] ] } },
{ "type": "Feature", "properties": { "nome": "Rio Pindaré", "comprimento_m": 2305.59931147 }, "geometry": { "type": "LineString", "coordinates": [ [ -46.166511, -3.799926, 0.0 ], [ -46.166243, -3.799237, 0.0 ], [ -46.164563, -3.797172, 0.0 ], [ -46.163646, -3.79545, 0.0 ], [ -46.163207, -3.794934, 0.0 ], [ -46.163168, -3.794436, 0.0 ], [ -46.163145, -3.791717, 0.0 ], [ -46.163373, -3.791022, 0.0 ], [ -46.163849, -3.790686, 0.0 ], [ -46.164516, -3.790685, 0.0 ], [ -46.165613, -3.791282, 0.0 ], [ -46.166185, -3.791233, 0.0 ], [ -46.166374, -3.790587, 0.0 ], [ -46.166088, -3.789893, 0.0 ], [ -46.166158, -3.789486, 0.0 ], [ -46.16692, -3.788504, 0.0 ], [ -46.166919, -3.787977, 0.0 ], [ -46.166513, -3.787116, 0.0 ], [ -46.166536, -3.786398, 0.0 ], [ -46.165652, -3.785227, 0.0 ], [ -46.165413, -3.784318, 0.0 ] ] } },
{ "type": "Feature", "properties": { "nome": "Rio Pindaré", "comprimento_m": 6361.6718368100001 }, "geometry": { "type": "LineString", "coordinates": [ [ -45.813759, -3.636258, 0.0 ], [ -45.808863, -3.635544, 0.0 ], [ -45.80679, -3.635403, 0.0 ], [ -45.805897, -3.635475, 0.0 ], [ -45.805111, -3.635727, 0.0 ], [ -45.804111, -3.636554, 0.0 ], [ -45.802862, -3.638673, 0.0 ], [ -45.801576, -3.639069, 0.0 ], [ -45.798895, -3.638533, 0.0 ], [ -45.797002, -3.638786, 0.0 ], [ -45.796037, -3.638643, 0.0 ], [ -45.795107, -3.638142, 0.0 ], [ -45.793962, -3.636635, 0.0 ], [ -45.793283, -3.636205, 0.0 ], [ -45.792533, -3.636098, 0.0 ], [ -45.789174, -3.636639, 0.0 ], [ -45.788174, -3.637107, 0.0 ], [ -45.787246, -3.637969, 0.0 ], [ -45.785711, -3.640125, 0.0 ], [ -45.785175, -3.640664, 0.0 ], [ -45.783247, -3.641994, 0.0 ], [ -45.782211, -3.642282, 0.0 ], [ -45.781317, -3.642354, 0.0 ], [ -45.780531, -3.642283, 0.0 ], [ -45.779888, -3.641961, 0.0 ], [ -45.778314, -3.640598, 0.0 ], [ -45.777492, -3.640203, 0.0 ], [ -45.776634, -3.639989, 0.0 ], [ -45.775884, -3.640061, 0.0 ], [ -45.774741, -3.640708, 0.0 ], [ -45.773383, -3.640997, 0.0 ], [ -45.77274, -3.640854, 0.0 ], [ -45.771024, -3.639706, 0.0 ], [ -45.769415, -3.639564, 0.0 ], [ -45.768415, -3.639888, 0.0 ], [ -45.76788, -3.640535, 0.0 ], [ -45.765952, -3.643229, 0.0 ], [ -45.76556, -3.644594, 0.0 ] ] } },
{ "type": "Feature", "properties": { "nome": "Rio Pindaré", "comprimento_m": 6667.05578169 }, "geometry": { "type": "LineString", "coordinates": [ [ -46.93036, -5.456585, 0.0 ], [ -46.929885, -5.456318, 0.0 ], [ -46.928933, -5.456615, 0.0 ], [ -46.928308, -5.456585, 0.0 ], [ -46.927981, -5.45605, 0.0 ], [ -46.92804, -5.455425, 0.0 ], [ -46.929141, -5.455396, 0.0 ], [ -46.929498, -5.454057, 0.0 ], [ -46.929498, -5.453343, 0.0 ], [ -46.9292, -5.452421, 0.0 ], [ -46.927059, -5.449625, 0.0 ], [ -46.925364, -5.448406, 0.0 ], [ -46.9223, -5.44564, 0.0 ], [ -46.919058, -5.443677, 0.0 ], [ -46.917928, -5.441208, 0.0 ], [ -46.91763, -5.439542, 0.0 ], [ -46.916738, -5.438858, 0.0 ], [ -46.915519, -5.438561, 0.0 ], [ -46.913615, -5.438501, 0.0 ], [ -46.912693, -5.438293, 0.0 ], [ -46.911444, -5.435914, 0.0 ], [ -46.910938, -5.435705, 0.0 ], [ -46.909867, -5.435616, 0.0 ], [ -46.908374, -5.434885, 0.0 ], [ -46.906328, -5.432838, 0.0 ], [ -46.905757, -5.431839, 0.0 ], [ -46.905614, -5.430697, 0.0 ], [ -46.9059, -5.429459, 0.0 ], [ -46.905947, -5.428555, 0.0 ], [ -46.905091, -5.427746, 0.0 ], [ -46.904662, -5.426937, 0.0 ], [ -46.904615, -5.4257, 0.0 ], [ -46.905091, -5.42432, 0.0 ], [ -46.905947, -5.423082, 0.0 ], [ -46.906233, -5.42194, 0.0 ], [ -46.906138, -5.420846, 0.0 ], [ -46.905709, -5.419704, 0.0 ], [ -46.90471, -5.419037, 0.0 ], [ -46.901807, -5.41642, 0.0 ], [ -46.901331, -5.415373, 0.0 ] ] } },
{ "type": "Feature", "properties": { "nome": "Rio Pindaré", "comprimento_m": 987.15707067000005 }, "geometry": { "type": "LineString", "coordinates": [ [ -46.330352, -4.036773, 0.0 ], [ -46.330105, -4.036127, 0.0 ], [ -46.329515, -4.035747, 0.0 ], [ -46.32874, -4.035569, 0.0 ], [ -46.326089, -4.035513, 0.0 ], [ -46.325463, -4.035335, 0.0 ], [ -46.324748, -4.034917, 0.0 ], [ -46.324241, -4.034888, 0.0 ], [ -46.323408, -4.035428, 0.0 ], [ -46.322931, -4.035279, 0.0 ], [ -46.322633, -4.034801, 0.0 ] ] } },
{ "type": "Feature", "properties": { "nome": "Rio Pindaré", "comprimento_m": 158.05442403699999 }, "geometry": { "type": "LineString", "coordinates": [ [ -46.934173, -5.640511, 0.0 ], [ -46.933957, -5.640055, 0.0 ], [ -46.933536, -5.63975, 0.0 ], [ -46.933141, -5.639672, 0.0 ] ] } },
{ "type": "Feature", "properties": { "nome": "Rio Pindaré", "comprimento_m": 8776.1190542700006 }, "geometry": { "type": "LineString", "coordinates": [ [ -46.893346, -5.057735, 0.0 ], [ -46.892912, -5.057349, 0.0 ], [ -46.892195, -5.057052, 0.0 ], [ -46.892191, -5.055587, 0.0 ], [ -46.891803, -5.055348, 0.0 ], [ -46.890341, -5.055323, 0.0 ], [ -46.890221, -5.054845, 0.0 ], [ -46.890337, -5.053798, 0.0 ], [ -46.890664, -5.053438, 0.0 ], [ -46.890842, -5.052959, 0.0 ], [ -46.890926, -5.051075, 0.0 ], [ -46.89146, -5.050206, 0.0 ], [ -46.892532, -5.049695, 0.0 ], [ -46.895126, -5.049627, 0.0 ], [ -46.895573, -5.049357, 0.0 ], [ -46.895929, -5.048877, 0.0 ], [ -46.896046, -5.048219, 0.0 ], [ -46.895985, -5.047741, 0.0 ], [ -46.895626, -5.047323, 0.0 ], [ -46.892671, -5.046225, 0.0 ], [ -46.892133, -5.045689, 0.0 ], [ -46.892042, -5.04536, 0.0 ], [ -46.89237, -5.04512, 0.0 ], [ -46.893265, -5.045237, 0.0 ], [ -46.893502, -5.044997, 0.0 ], [ -46.893501, -5.044638, 0.0 ], [ -46.892963, -5.044161, 0.0 ], [ -46.892812, -5.043444, 0.0 ], [ -46.892811, -5.042965, 0.0 ], [ -46.893019, -5.042755, 0.0 ], [ -46.893077, -5.042337, 0.0 ], [ -46.892716, -5.041201, 0.0 ], [ -46.893073, -5.040842, 0.0 ], [ -46.893369, -5.040153, 0.0 ], [ -46.893216, -5.038927, 0.0 ], [ -46.892806, -5.037349, 0.0 ], [ -46.892984, -5.036457, 0.0 ], [ -46.894471, -5.035743, 0.0 ], [ -46.894888, -5.034969, 0.0 ], [ -46.895007, -5.032828, 0.0 ], [ -46.897208, -5.031638, 0.0 ], [ -46.897802, -5.031043, 0.0 ], [ -46.899052, -5.028961, 0.0 ], [ -46.899528, -5.027831, 0.0 ], [ -46.899765, -5.026463, 0.0 ], [ -46.899528, -5.025095, 0.0 ], [ -46.898635, -5.022537, 0.0 ], [ -46.898754, -5.020633, 0.0 ], [ -46.898516, -5.019444, 0.0 ], [ -46.897862, -5.018492, 0.0 ], [ -46.897683, -5.017718, 0.0 ], [ -46.8981, -5.016231, 0.0 ], [ -46.898814, -5.015458, 0.0 ], [ -46.89929, -5.014268, 0.0 ], [ -46.899765, -5.013614, 0.0 ], [ -46.900003, -5.012662, 0.0 ], [ -46.900777, -5.011294, 0.0 ], [ -46.901193, -5.009866, 0.0 ], [ -46.901193, -5.007725, 0.0 ], [ -46.901491, -5.006713, 0.0 ], [ -46.902442, -5.00475, 0.0 ], [ -46.902442, -5.00243, 0.0 ], [ -46.901443, -5.000022, 0.0 ], [ -46.901859, -4.999196, 0.0 ], [ -46.902358, -4.998704, 0.0 ], [ -46.903168, -4.99826, 0.0 ], [ -46.903836, -4.998161, 0.0 ], [ -46.904326, -4.99826, 0.0 ], [ -46.905123, -4.998043, 0.0 ], [ -46.906353, -4.997319, 0.0 ] ] } },
{ "type": "Feature", "properties": { "nome": "Rio Pindaré", "comprimento_m": 637.47583588800001 }, "geometry": { "type": "LineString", "coordinates": [ [ -46.936544, -4.666961, 0.0 ], [ -46.936689, -4.664354, 0.0 ], [ -46.936109, -4.662834, 0.0 ], [ -46.936037, -4.661313, 0.0 ] ] } },
{ "type": "Feature", "properties": { "nome": "Rio Pindaré", "comprimento_m": 3273.7528671800001 }, "geometry": { "type": "LineString", "coordinates": [ [ -45.887143, -3.659668, 0.0 ], [ -45.8865, -3.659417, 0.0 ], [ -45.884427, -3.659024, 0.0 ], [ -45.882961, -3.6582, 0.0 ], [ -45.882389, -3.658129, 0.0 ], [ -45.88171, -3.658237, 0.0 ], [ -45.876459, -3.660361, 0.0 ], [ -45.874101, -3.66083, 0.0 ], [ -45.871172, -3.661874, 0.0 ], [ -45.866206, -3.663063, 0.0 ], [ -45.864991, -3.663064, 0.0 ], [ -45.862525, -3.662744, 0.0 ], [ -45.860595, -3.662063, 0.0 ], [ -45.858915, -3.661849, 0.0 ] ] } },
{ "type": "Feature", "properties": { "nome": "Rio Pindaré", "comprimento_m": 119.034761747 }, "geometry": { "type": "LineString", "coordinates": [ [ -46.918084, -5.744851, 0.0 ], [ -46.918491, -5.743855, 0.0 ] ] } },
{ "type": "Feature", "properties": { "nome": "Rio Pindaré", "comprimento_m": 4383.4010165099999 }, "geometry": { "type": "LineString", "coordinates": [ [ -46.483664, -4.201685, 0.0 ], [ -46.482924, -4.20128, 0.0 ], [ -46.482234, -4.20164, 0.0 ], [ -46.481852, -4.201641, 0.0 ], [ -46.480206, -4.200496, 0.0 ], [ -46.480157, -4.200017, 0.0 ], [ -46.479464, -4.199205, 0.0 ], [ -46.478411, -4.196551, 0.0 ], [ -46.478337, -4.195283, 0.0 ], [ -46.478503, -4.194852, 0.0 ], [ -46.478286, -4.193321, 0.0 ], [ -46.477164, -4.19239, 0.0 ], [ -46.47696, -4.191536, 0.0 ], [ -46.477101, -4.190818, 0.0 ], [ -46.477862, -4.18986, 0.0 ], [ -46.477956, -4.18919, 0.0 ], [ -46.477764, -4.188376, 0.0 ], [ -46.476666, -4.187708, 0.0 ], [ -46.47657, -4.187182, 0.0 ], [ -46.477356, -4.186884, 0.0 ], [ -46.478069, -4.185964, 0.0 ], [ -46.478398, -4.186006, 0.0 ], [ -46.478599, -4.186236, 0.0 ], [ -46.478772, -4.187111, 0.0 ], [ -46.479316, -4.187239, 0.0 ], [ -46.479458, -4.187009, 0.0 ], [ -46.479314, -4.186292, 0.0 ], [ -46.478268, -4.185145, 0.0 ], [ -46.478325, -4.184858, 0.0 ], [ -46.478625, -4.184843, 0.0 ], [ -46.479283, -4.185158, 0.0 ], [ -46.479526, -4.185114, 0.0 ], [ -46.479626, -4.184927, 0.0 ], [ -46.479554, -4.184568, 0.0 ], [ -46.479138, -4.18411, 0.0 ], [ -46.478365, -4.183623, 0.0 ], [ -46.476462, -4.182837, 0.0 ], [ -46.473921, -4.182098, 0.0 ], [ -46.472539, -4.182149, 0.0 ], [ -46.469873, -4.183781, 0.0 ], [ -46.469348, -4.183734, 0.0 ] ] } },
{ "type": "Feature", "properties": { "nome": "Rio Pindaré", "comprimento_m": 254.25233728699999 }, "geometry": { "type": "LineString", "coordinates": [ [ -46.04938, -3.70081, 0.0 ], [ -46.048576, -3.70114, 0.0 ], [ -46.047624, -3.701201, 0.0 ], [ -46.047207, -3.701381, 0.0 ] ] } },
{ "type": "Feature", "properties": { "nome": "Rio Pindaré", "comprimento_m": 13.0797841238 }, "geometry": { "type": "LineString", "coordinates": [ [ -46.915562, -5.752172, 0.0 ], [ -46.915544, -5.752056, 0.0 ] ] } },
{ "type": "Feature", "properties": { "nome": "Rio Pindaré", "comprimento_m": 1602.3975913300001 }, "geometry": { "type": "LineString", "coordinates": [ [ -46.876611, -5.165193, 0.0 ], [ -46.877111, -5.164443, 0.0 ], [ -46.877777, -5.164027, 0.0 ], [ -46.878277, -5.163111, 0.0 ], [ -46.878194, -5.162278, 0.0 ], [ -46.877694, -5.161861, 0.0 ], [ -46.877028, -5.161695, 0.0 ], [ -46.875445, -5.160696, 0.0 ], [ -46.875445, -5.158947, 0.0 ], [ -46.875862, -5.158114, 0.0 ], [ -46.876611, -5.157114, 0.0 ], [ -46.877028, -5.155449, 0.0 ], [ -46.876778, -5.154116, 0.0 ], [ -46.876263, -5.153662, 0.0 ] ] } },
{ "type": "Feature", "properties": { "nome": "Rio Pindaré", "comprimento_m": 1551.2854433 }, "geometry": { "type": "LineString", "coordinates": [ [ -46.709409, -4.365245, 0.0 ], [ -46.708214, -4.363833, 0.0 ], [ -46.706802, -4.363127, 0.0 ], [ -46.705988, -4.362204, 0.0 ], [ -46.705228, -4.360793, 0.0 ], [ -46.704413, -4.359707, 0.0 ], [ -46.702784, -4.357806, 0.0 ], [ -46.699581, -4.355688, 0.0 ] ] } },
{ "type": "Feature", "properties": { "nome": "Rio Pindaré", "comprimento_m": 5312.3267156800002 }, "geometry": { "type": "LineString", "coordinates": [ [ -46.699581, -4.355688, 0.0 ], [ -46.697191, -4.355688, 0.0 ], [ -46.696051, -4.355363, 0.0 ], [ -46.6954, -4.351887, 0.0 ], [ -46.694694, -4.351399, 0.0 ], [ -46.693716, -4.351127, 0.0 ], [ -46.69301, -4.350367, 0.0 ], [ -46.692304, -4.349933, 0.0 ], [ -46.691218, -4.349498, 0.0 ], [ -46.68997, -4.349498, 0.0 ], [ -46.689427, -4.349172, 0.0 ], [ -46.688938, -4.348249, 0.0 ], [ -46.688341, -4.347543, 0.0 ], [ -46.686874, -4.34624, 0.0 ], [ -46.685951, -4.345806, 0.0 ], [ -46.683617, -4.345263, 0.0 ], [ -46.682802, -4.344937, 0.0 ], [ -46.681825, -4.34434, 0.0 ], [ -46.681227, -4.343525, 0.0 ], [ -46.680087, -4.342874, 0.0 ], [ -46.679164, -4.342113, 0.0 ], [ -46.677969, -4.341788, 0.0 ], [ -46.676992, -4.341896, 0.0 ], [ -46.67406, -4.343091, 0.0 ], [ -46.671725, -4.343254, 0.0 ], [ -46.670585, -4.343471, 0.0 ], [ -46.669119, -4.342168, 0.0 ], [ -46.668195, -4.341951, 0.0 ], [ -46.667598, -4.341842, 0.0 ], [ -46.667109, -4.342168, 0.0 ], [ -46.665046, -4.342005, 0.0 ], [ -46.664177, -4.34157, 0.0 ], [ -46.663308, -4.340919, 0.0 ], [ -46.661679, -4.340593, 0.0 ], [ -46.659399, -4.340865, 0.0 ] ] } },
{ "type": "Feature", "properties": { "nome": "Rio Pindaré", "comprimento_m": 2903.8217811 }, "geometry": { "type": "LineString", "coordinates": [ [ -46.119826, -3.741018, 0.0 ], [ -46.119514, -3.739544, 0.0 ], [ -46.119641, -3.738553, 0.0 ], [ -46.119412, -3.738151, 0.0 ], [ -46.118011, -3.737765, 0.0 ], [ -46.11618, -3.73692, 0.0 ], [ -46.114493, -3.736391, 0.0 ], [ -46.113248, -3.735704, 0.0 ], [ -46.11272, -3.735733, 0.0 ], [ -46.11202, -3.736653, 0.0 ], [ -46.111749, -3.736725, 0.0 ], [ -46.111091, -3.736439, 0.0 ], [ -46.110696, -3.73573, 0.0 ], [ -46.11058, -3.734351, 0.0 ], [ -46.110217, -3.733548, 0.0 ], [ -46.109721, -3.732878, 0.0 ], [ -46.108996, -3.732286, 0.0 ], [ -46.108367, -3.73221, 0.0 ], [ -46.10728, -3.731771, 0.0 ], [ -46.10644, -3.730374, 0.0 ], [ -46.105885, -3.728997, 0.0 ], [ -46.105618, -3.72871, 0.0 ], [ -46.104741, -3.728385, 0.0 ], [ -46.103925, -3.728642, 0.0 ], [ -46.103591, -3.728546, 0.0 ], [ -46.103041, -3.727183, 0.0 ] ] } },
{ "type": "Feature", "properties": { "nome": "Rio Pindaré", "comprimento_m": 129.843485628 }, "geometry": { "type": "LineString", "coordinates": [ [ -46.904159, -5.786331, 0.0 ], [ -46.905208, -5.785809, 0.0 ] ] } },
{ "type": "Feature", "properties": { "nome": "Rio Pindaré", "comprimento_m": 12309.1158958 }, "geometry": { "type": "LineString", "coordinates": [ [ -45.559961, -3.661822, 0.0 ], [ -45.55825, -3.662339, 0.0 ], [ -45.556675, -3.661961, 0.0 ], [ -45.556058, -3.661515, 0.0 ], [ -45.554961, -3.659073, 0.0 ], [ -45.554482, -3.658558, 0.0 ], [ -45.553523, -3.658317, 0.0 ], [ -45.552428, -3.658387, 0.0 ], [ -45.551401, -3.658869, 0.0 ], [ -45.549895, -3.659936, 0.0 ], [ -45.549005, -3.66035, 0.0 ], [ -45.548149, -3.66035, 0.0 ], [ -45.547465, -3.660179, 0.0 ], [ -45.5463, -3.658803, 0.0 ], [ -45.545546, -3.658529, 0.0 ], [ -45.544759, -3.658908, 0.0 ], [ -45.543015, -3.662073, 0.0 ], [ -45.542433, -3.66252, 0.0 ], [ -45.541852, -3.662762, 0.0 ], [ -45.541201, -3.662831, 0.0 ], [ -45.540105, -3.662522, 0.0 ], [ -45.53853, -3.661422, 0.0 ], [ -45.536304, -3.66108, 0.0 ], [ -45.535825, -3.66077, 0.0 ], [ -45.535139, -3.659326, 0.0 ], [ -45.534694, -3.659051, 0.0 ], [ -45.530894, -3.65895, 0.0 ], [ -45.529216, -3.658607, 0.0 ], [ -45.528463, -3.658608, 0.0 ], [ -45.526478, -3.659228, 0.0 ], [ -45.525382, -3.659469, 0.0 ], [ -45.524253, -3.659505, 0.0 ], [ -45.523226, -3.65978, 0.0 ], [ -45.521925, -3.66071, 0.0 ], [ -45.52131, -3.662292, 0.0 ], [ -45.520866, -3.664219, 0.0 ], [ -45.520764, -3.665423, 0.0 ], [ -45.520834, -3.667589, 0.0 ], [ -45.520663, -3.669137, 0.0 ], [ -45.520356, -3.669653, 0.0 ], [ -45.51974, -3.670204, 0.0 ], [ -45.515769, -3.671788, 0.0 ], [ -45.514845, -3.67203, 0.0 ], [ -45.513031, -3.672031, 0.0 ], [ -45.511935, -3.671722, 0.0 ], [ -45.510393, -3.670106, 0.0 ], [ -45.509023, -3.669316, 0.0 ], [ -45.508578, -3.669316, 0.0 ], [ -45.507962, -3.669626, 0.0 ], [ -45.50762, -3.670349, 0.0 ], [ -45.507621, -3.670933, 0.0 ], [ -45.508169, -3.671724, 0.0 ], [ -45.509881, -3.672789, 0.0 ], [ -45.510601, -3.673442, 0.0 ], [ -45.510601, -3.673993, 0.0 ], [ -45.510293, -3.674371, 0.0 ], [ -45.50865, -3.674407, 0.0 ], [ -45.50598, -3.675096, 0.0 ], [ -45.504097, -3.67496, 0.0 ], [ -45.503754, -3.675269, 0.0 ], [ -45.503549, -3.675682, 0.0 ], [ -45.503549, -3.676095, 0.0 ], [ -45.505536, -3.677607, 0.0 ], [ -45.505844, -3.678192, 0.0 ], [ -45.505845, -3.678673, 0.0 ], [ -45.50564, -3.679189, 0.0 ], [ -45.505024, -3.679843, 0.0 ], [ -45.504784, -3.680394, 0.0 ], [ -45.504477, -3.681666, 0.0 ], [ -45.504443, -3.682182, 0.0 ], [ -45.50506, -3.682973, 0.0 ], [ -45.505231, -3.683454, 0.0 ], [ -45.505231, -3.684074, 0.0 ], [ -45.505095, -3.684693, 0.0 ], [ -45.504753, -3.685106, 0.0 ], [ -45.502768, -3.686173, 0.0 ], [ -45.502281, -3.686736, 0.0 ], [ -45.502174, -3.687742, 0.0 ], [ -45.502639, -3.688603, 0.0 ], [ -45.504427, -3.690361, 0.0 ], [ -45.50457, -3.690936, 0.0 ], [ -45.504499, -3.691546, 0.0 ], [ -45.504142, -3.691906, 0.0 ], [ -45.501641, -3.692948, 0.0 ], [ -45.501177, -3.693379, 0.0 ], [ -45.50057, -3.694995, 0.0 ], [ -45.500357, -3.697401, 0.0 ], [ -45.500071, -3.698011, 0.0 ] ] } },
{ "type": "Feature", "properties": { "nome": "Rio Pindaré", "comprimento_m": 8810.9324450999993 }, "geometry": { "type": "LineString", "coordinates": [ [ -45.279811, -3.570522, 0.0 ], [ -45.279382, -3.570199, 0.0 ], [ -45.27906, -3.569588, 0.0 ], [ -45.279238, -3.567829, 0.0 ], [ -45.279631, -3.567542, 0.0 ], [ -45.28006, -3.567506, 0.0 ], [ -45.281383, -3.567936, 0.0 ], [ -45.28224, -3.567864, 0.0 ], [ -45.282812, -3.567577, 0.0 ], [ -45.283669, -3.566607, 0.0 ], [ -45.284026, -3.564919, 0.0 ], [ -45.283882, -3.563124, 0.0 ], [ -45.284168, -3.561113, 0.0 ], [ -45.285024, -3.557882, 0.0 ], [ -45.285953, -3.55544, 0.0 ], [ -45.285774, -3.554901, 0.0 ], [ -45.285309, -3.554399, 0.0 ], [ -45.284594, -3.554184, 0.0 ], [ -45.283594, -3.554184, 0.0 ], [ -45.281021, -3.555046, 0.0 ], [ -45.279628, -3.554867, 0.0 ], [ -45.27902, -3.554329, 0.0 ], [ -45.277804, -3.551995, 0.0 ], [ -45.277375, -3.551672, 0.0 ], [ -45.276804, -3.551637, 0.0 ], [ -45.276339, -3.551852, 0.0 ], [ -45.276018, -3.552247, 0.0 ], [ -45.275947, -3.553432, 0.0 ], [ -45.276197, -3.554581, 0.0 ], [ -45.277591, -3.556232, 0.0 ], [ -45.277842, -3.556986, 0.0 ], [ -45.278092, -3.557309, 0.0 ], [ -45.279307, -3.558135, 0.0 ], [ -45.279629, -3.558601, 0.0 ], [ -45.279522, -3.559499, 0.0 ], [ -45.279129, -3.560145, 0.0 ], [ -45.2782, -3.561151, 0.0 ], [ -45.277664, -3.561438, 0.0 ], [ -45.277092, -3.561367, 0.0 ], [ -45.275806, -3.56011, 0.0 ], [ -45.273482, -3.558639, 0.0 ], [ -45.272839, -3.557993, 0.0 ], [ -45.272517, -3.557383, 0.0 ], [ -45.272446, -3.556916, 0.0 ], [ -45.27341, -3.555803, 0.0 ], [ -45.273981, -3.55372, 0.0 ], [ -45.275767, -3.549698, 0.0 ], [ -45.276553, -3.548728, 0.0 ], [ -45.277482, -3.548477, 0.0 ], [ -45.278053, -3.548584, 0.0 ], [ -45.280805, -3.55002, 0.0 ], [ -45.281413, -3.55002, 0.0 ], [ -45.281806, -3.549732, 0.0 ], [ -45.282199, -3.548655, 0.0 ], [ -45.282234, -3.546249, 0.0 ], [ -45.281912, -3.545388, 0.0 ], [ -45.28159, -3.544921, 0.0 ], [ -45.279624, -3.543306, 0.0 ], [ -45.27916, -3.543091, 0.0 ], [ -45.278624, -3.543234, 0.0 ], [ -45.277731, -3.544384, 0.0 ], [ -45.27723, -3.544779, 0.0 ], [ -45.276802, -3.544922, 0.0 ], [ -45.275122, -3.544636, 0.0 ], [ -45.274765, -3.544169, 0.0 ] ] } },
{ "type": "Feature", "properties": { "nome": "Rio Pindaré", "comprimento_m": 2395.9384276000001 }, "geometry": { "type": "LineString", "coordinates": [ [ -46.018027, -3.704467, 0.0 ], [ -46.017731, -3.705634, 0.0 ], [ -46.016987, -3.705844, 0.0 ], [ -46.015527, -3.705666, 0.0 ], [ -46.014872, -3.705846, 0.0 ], [ -46.014307, -3.706266, 0.0 ], [ -46.01389, -3.706236, 0.0 ], [ -46.013651, -3.705788, 0.0 ], [ -46.014127, -3.705159, 0.0 ], [ -46.014126, -3.704262, 0.0 ], [ -46.013798, -3.704112, 0.0 ], [ -46.013411, -3.704143, 0.0 ], [ -46.012369, -3.704473, 0.0 ], [ -46.011863, -3.704204, 0.0 ], [ -46.011535, -3.703696, 0.0 ], [ -46.011682, -3.70229, 0.0 ], [ -46.011651, -3.701602, 0.0 ], [ -46.011442, -3.701243, 0.0 ], [ -46.011145, -3.701184, 0.0 ], [ -46.010401, -3.701693, 0.0 ], [ -46.010372, -3.702501, 0.0 ], [ -46.010074, -3.70277, 0.0 ], [ -46.009568, -3.702771, 0.0 ], [ -46.008822, -3.701007, 0.0 ], [ -46.008494, -3.700798, 0.0 ], [ -46.007928, -3.700619, 0.0 ], [ -46.005754, -3.700711, 0.0 ], [ -46.005337, -3.700413, 0.0 ] ] } },
{ "type": "Feature", "properties": { "nome": "Rio Pindaré", "comprimento_m": 372.91247096900003 }, "geometry": { "type": "LineString", "coordinates": [ [ -46.215854, -3.936983, 0.0 ], [ -46.215434, -3.936438, 0.0 ], [ -46.214849, -3.936202, 0.0 ], [ -46.214133, -3.935485, 0.0 ], [ -46.21399, -3.935169, 0.0 ], [ -46.214003, -3.934494, 0.0 ] ] } },
{ "type": "Feature", "properties": { "nome": "Rio Pindaré", "comprimento_m": 4314.4561518199998 }, "geometry": { "type": "LineString", "coordinates": [ [ -45.486261, -3.685619, 0.0 ], [ -45.484951, -3.684718, 0.0 ], [ -45.48345, -3.683929, 0.0 ], [ -45.481126, -3.682961, 0.0 ], [ -45.479482, -3.682674, 0.0 ], [ -45.477802, -3.681885, 0.0 ], [ -45.4758, -3.680558, 0.0 ], [ -45.475478, -3.679804, 0.0 ], [ -45.474977, -3.679338, 0.0 ], [ -45.473404, -3.678369, 0.0 ], [ -45.472796, -3.67758, 0.0 ], [ -45.47251, -3.676969, 0.0 ], [ -45.47258, -3.674528, 0.0 ], [ -45.473045, -3.674061, 0.0 ], [ -45.475188, -3.673234, 0.0 ], [ -45.476403, -3.671546, 0.0 ], [ -45.47801, -3.670468, 0.0 ], [ -45.478689, -3.670396, 0.0 ], [ -45.480047, -3.670754, 0.0 ], [ -45.480512, -3.670574, 0.0 ], [ -45.481119, -3.669533, 0.0 ], [ -45.481226, -3.668994, 0.0 ], [ -45.481226, -3.668635, 0.0 ], [ -45.480975, -3.668312, 0.0 ], [ -45.480475, -3.668312, 0.0 ], [ -45.480154, -3.668564, 0.0 ], [ -45.479403, -3.668816, 0.0 ], [ -45.478545, -3.668637, 0.0 ], [ -45.477437, -3.666878, 0.0 ], [ -45.476686, -3.666017, 0.0 ], [ -45.47522, -3.665012, 0.0 ] ] } },
{ "type": "Feature", "properties": { "nome": "Rio Pindaré", "comprimento_m": 214.75413719900001 }, "geometry": { "type": "LineString", "coordinates": [ [ -46.931303, -5.652257, 0.0 ], [ -46.932065, -5.651678, 0.0 ], [ -46.932501, -5.650797, 0.0 ] ] } },
{ "type": "Feature", "properties": { "nome": "Rio Pindaré", "comprimento_m": 2277.6488751299999 }, "geometry": { "type": "LineString", "coordinates": [ [ -46.733301, -4.373553, 0.0 ], [ -46.733138, -4.372684, 0.0 ], [ -46.732323, -4.37225, 0.0 ], [ -46.731509, -4.372467, 0.0 ], [ -46.7295, -4.37453, 0.0 ], [ -46.728522, -4.375128, 0.0 ], [ -46.727491, -4.375182, 0.0 ], [ -46.724884, -4.374748, 0.0 ], [ -46.721355, -4.37263, 0.0 ], [ -46.720703, -4.37187, 0.0 ], [ -46.719617, -4.371164, 0.0 ], [ -46.717011, -4.369969, 0.0 ], [ -46.716522, -4.369209, 0.0 ] ] } },
{ "type": "Feature", "properties": { "nome": "Rio Pindaré", "comprimento_m": 247.81825432700001 }, "geometry": { "type": "LineString", "coordinates": [ [ -46.926206, -5.682928, 0.0 ], [ -46.927304, -5.683156, 0.0 ], [ -46.928077, -5.682953, 0.0 ], [ -46.928153, -5.682645, 0.0 ] ] } },
{ "type": "Feature", "properties": { "nome": "Rio Pindaré", "comprimento_m": 11714.929374400001 }, "geometry": { "type": "LineString", "coordinates": [ [ -45.430443, -3.626989, 0.0 ], [ -45.427171, -3.627409, 0.0 ], [ -45.423739, -3.626405, 0.0 ], [ -45.421523, -3.625078, 0.0 ], [ -45.41945, -3.623535, 0.0 ], [ -45.419056, -3.622853, 0.0 ], [ -45.419092, -3.622278, 0.0 ], [ -45.41977, -3.620016, 0.0 ], [ -45.419805, -3.618616, 0.0 ], [ -45.419626, -3.617539, 0.0 ], [ -45.419125, -3.61657, 0.0 ], [ -45.418374, -3.61578, 0.0 ], [ -45.417051, -3.613734, 0.0 ], [ -45.416193, -3.613196, 0.0 ], [ -45.415049, -3.612694, 0.0 ], [ -45.413227, -3.6123, 0.0 ], [ -45.408366, -3.610327, 0.0 ], [ -45.4069, -3.608999, 0.0 ], [ -45.406328, -3.607887, 0.0 ], [ -45.405613, -3.607492, 0.0 ], [ -45.404934, -3.607456, 0.0 ], [ -45.404326, -3.607636, 0.0 ], [ -45.404005, -3.608139, 0.0 ], [ -45.403862, -3.609396, 0.0 ], [ -45.403398, -3.610006, 0.0 ], [ -45.400468, -3.611049, 0.0 ], [ -45.399575, -3.611049, 0.0 ], [ -45.39886, -3.610798, 0.0 ], [ -45.398467, -3.61026, 0.0 ], [ -45.398145, -3.609183, 0.0 ], [ -45.397501, -3.608178, 0.0 ], [ -45.396607, -3.607101, 0.0 ], [ -45.394927, -3.605737, 0.0 ], [ -45.394855, -3.605055, 0.0 ], [ -45.394962, -3.604768, 0.0 ], [ -45.395427, -3.604445, 0.0 ], [ -45.397785, -3.604372, 0.0 ], [ -45.404395, -3.60182, 0.0 ], [ -45.40511, -3.601712, 0.0 ], [ -45.40704, -3.602465, 0.0 ], [ -45.407576, -3.602464, 0.0 ], [ -45.408148, -3.602141, 0.0 ], [ -45.408397, -3.601566, 0.0 ], [ -45.408397, -3.600884, 0.0 ], [ -45.408075, -3.600274, 0.0 ], [ -45.406002, -3.598372, 0.0 ], [ -45.405215, -3.598013, 0.0 ], [ -45.403464, -3.598014, 0.0 ], [ -45.400284, -3.597262, 0.0 ], [ -45.399176, -3.596831, 0.0 ], [ -45.398782, -3.596077, 0.0 ], [ -45.399139, -3.595539, 0.0 ], [ -45.400712, -3.595502, 0.0 ], [ -45.401998, -3.595071, 0.0 ], [ -45.401962, -3.594209, 0.0 ], [ -45.401747, -3.593563, 0.0 ], [ -45.400639, -3.592235, 0.0 ], [ -45.40046, -3.591481, 0.0 ], [ -45.400459, -3.590799, 0.0 ], [ -45.400709, -3.590368, 0.0 ], [ -45.401674, -3.58947, 0.0 ], [ -45.401745, -3.588285, 0.0 ], [ -45.399814, -3.586706, 0.0 ], [ -45.399457, -3.585952, 0.0 ], [ -45.39917, -3.584911, 0.0 ], [ -45.39917, -3.584408, 0.0 ], [ -45.399706, -3.583367, 0.0 ], [ -45.403563, -3.577908, 0.0 ], [ -45.403956, -3.577548, 0.0 ], [ -45.404384, -3.576722, 0.0 ], [ -45.404277, -3.575933, 0.0 ] ] } },
{ "type": "Feature", "properties": { "nome": "Rio Pindaré", "comprimento_m": 6025.8906387500001 }, "geometry": { "type": "LineString", "coordinates": [ [ -45.858915, -3.661849, 0.0 ], [ -45.858343, -3.661886, 0.0 ], [ -45.856986, -3.662641, 0.0 ], [ -45.856236, -3.662606, 0.0 ], [ -45.855485, -3.662391, 0.0 ], [ -45.854841, -3.661889, 0.0 ], [ -45.854304, -3.660059, 0.0 ], [ -45.853731, -3.659485, 0.0 ], [ -45.853124, -3.65927, 0.0 ], [ -45.851409, -3.659703, 0.0 ], [ -45.849264, -3.659561, 0.0 ], [ -45.846369, -3.658235, 0.0 ], [ -45.845547, -3.658057, 0.0 ], [ -45.844582, -3.658165, 0.0 ], [ -45.843118, -3.65928, 0.0 ], [ -45.842761, -3.660106, 0.0 ], [ -45.842762, -3.660896, 0.0 ], [ -45.843264, -3.663049, 0.0 ], [ -45.843265, -3.663695, 0.0 ], [ -45.84298, -3.664198, 0.0 ], [ -45.842087, -3.664738, 0.0 ], [ -45.841336, -3.664882, 0.0 ], [ -45.840979, -3.664667, 0.0 ], [ -45.840084, -3.663339, 0.0 ], [ -45.838296, -3.661977, 0.0 ], [ -45.834647, -3.6576, 0.0 ], [ -45.834289, -3.656631, 0.0 ], [ -45.834252, -3.65577, 0.0 ], [ -45.834538, -3.655015, 0.0 ], [ -45.835966, -3.653506, 0.0 ], [ -45.836143, -3.652142, 0.0 ], [ -45.836035, -3.651388, 0.0 ], [ -45.83557, -3.650778, 0.0 ], [ -45.834747, -3.649163, 0.0 ], [ -45.83421, -3.648625, 0.0 ], [ -45.833567, -3.648518, 0.0 ], [ -45.832709, -3.648734, 0.0 ], [ -45.832066, -3.648699, 0.0 ], [ -45.831423, -3.648377, 0.0 ], [ -45.830957, -3.647767, 0.0 ], [ -45.829776, -3.645291, 0.0 ], [ -45.828309, -3.643676, 0.0 ] ] } },
{ "type": "Feature", "properties": { "nome": "Rio Pindaré", "comprimento_m": 37339.398316300001 }, "geometry": { "type": "LineString", "coordinates": [ [ -45.083947, -3.418504, 0.0 ], [ -45.082339, -3.417139, 0.0 ], [ -45.081338, -3.416673, 0.0 ], [ -45.080874, -3.416601, 0.0 ], [ -45.080409, -3.416745, 0.0 ], [ -45.077801, -3.418361, 0.0 ], [ -45.077015, -3.418648, 0.0 ], [ -45.074621, -3.418612, 0.0 ], [ -45.072906, -3.419151, 0.0 ], [ -45.072299, -3.419654, 0.0 ], [ -45.071513, -3.420946, 0.0 ], [ -45.071263, -3.422993, 0.0 ], [ -45.071263, -3.426188, 0.0 ], [ -45.070549, -3.428881, 0.0 ], [ -45.069727, -3.429707, 0.0 ], [ -45.068798, -3.43003, 0.0 ], [ -45.067405, -3.429923, 0.0 ], [ -45.066762, -3.429528, 0.0 ], [ -45.066261, -3.428918, 0.0 ], [ -45.065868, -3.427445, 0.0 ], [ -45.065689, -3.425471, 0.0 ], [ -45.065904, -3.424753, 0.0 ], [ -45.06644, -3.424286, 0.0 ], [ -45.06869, -3.423603, 0.0 ], [ -45.069512, -3.423065, 0.0 ], [ -45.070477, -3.421808, 0.0 ], [ -45.07062, -3.421305, 0.0 ], [ -45.07037, -3.420839, 0.0 ], [ -45.06844, -3.41951, 0.0 ], [ -45.064188, -3.417464, 0.0 ], [ -45.062616, -3.417679, 0.0 ], [ -45.060687, -3.418254, 0.0 ], [ -45.059007, -3.41847, 0.0 ], [ -45.058543, -3.418254, 0.0 ], [ -45.058436, -3.417967, 0.0 ], [ -45.058614, -3.417572, 0.0 ], [ -45.060079, -3.416136, 0.0 ], [ -45.061115, -3.414484, 0.0 ], [ -45.061508, -3.413443, 0.0 ], [ -45.061508, -3.411899, 0.0 ], [ -45.061044, -3.411252, 0.0 ], [ -45.0594, -3.410678, 0.0 ], [ -45.054755, -3.409494, 0.0 ], [ -45.051825, -3.408524, 0.0 ], [ -45.049646, -3.407339, 0.0 ], [ -45.047859, -3.406047, 0.0 ], [ -45.047109, -3.404898, 0.0 ], [ -45.046859, -3.404108, 0.0 ], [ -45.04693, -3.401702, 0.0 ], [ -45.047216, -3.400266, 0.0 ], [ -45.047573, -3.399512, 0.0 ], [ -45.048145, -3.398938, 0.0 ], [ -45.048645, -3.398686, 0.0 ], [ -45.049788, -3.398758, 0.0 ], [ -45.050896, -3.39962, 0.0 ], [ -45.051682, -3.402241, 0.0 ], [ -45.052826, -3.404682, 0.0 ], [ -45.053504, -3.405688, 0.0 ], [ -45.054612, -3.406477, 0.0 ], [ -45.05647, -3.406657, 0.0 ], [ -45.05722, -3.406513, 0.0 ], [ -45.057578, -3.405867, 0.0 ], [ -45.057649, -3.403318, 0.0 ], [ -45.057363, -3.401774, 0.0 ], [ -45.056362, -3.399512, 0.0 ], [ -45.055862, -3.397322, 0.0 ], [ -45.055362, -3.396388, 0.0 ], [ -45.052539, -3.394126, 0.0 ], [ -45.050002, -3.394054, 0.0 ], [ -45.048073, -3.393552, 0.0 ], [ -45.047108, -3.392439, 0.0 ], [ -45.046501, -3.390464, 0.0 ], [ -45.045643, -3.388741, 0.0 ], [ -45.044091, -3.386854, 0.0 ], [ -45.042626, -3.385993, 0.0 ], [ -45.041375, -3.385849, 0.0 ], [ -45.040232, -3.386065, 0.0 ], [ -45.039053, -3.386567, 0.0 ], [ -45.037302, -3.389189, 0.0 ], [ -45.036052, -3.390481, 0.0 ], [ -45.035552, -3.390804, 0.0 ], [ -45.034909, -3.390912, 0.0 ], [ -45.034265, -3.390876, 0.0 ], [ -45.033837, -3.390625, 0.0 ], [ -45.033122, -3.389835, 0.0 ], [ -45.033015, -3.389153, 0.0 ], [ -45.033837, -3.387537, 0.0 ], [ -45.034122, -3.386532, 0.0 ], [ -45.034122, -3.385239, 0.0 ], [ -45.034015, -3.384557, 0.0 ], [ -45.033729, -3.383911, 0.0 ], [ -45.032765, -3.382546, 0.0 ], [ -45.031014, -3.380859, 0.0 ], [ -45.030192, -3.380284, 0.0 ], [ -45.028977, -3.379782, 0.0 ], [ -45.024047, -3.378453, 0.0 ], [ -45.023475, -3.378453, 0.0 ], [ -45.022368, -3.378776, 0.0 ], [ -45.021653, -3.3791, 0.0 ], [ -45.021332, -3.379495, 0.0 ], [ -45.021117, -3.380608, 0.0 ], [ -45.021117, -3.381505, 0.0 ], [ -45.021403, -3.383157, 0.0 ], [ -45.02176, -3.383588, 0.0 ], [ -45.024154, -3.38427, 0.0 ], [ -45.025119, -3.384808, 0.0 ], [ -45.025941, -3.385347, 0.0 ], [ -45.026334, -3.38585, 0.0 ], [ -45.026477, -3.386316, 0.0 ], [ -45.026298, -3.386819, 0.0 ], [ -45.025405, -3.387645, 0.0 ], [ -45.024333, -3.388938, 0.0 ], [ -45.023618, -3.390194, 0.0 ], [ -45.023368, -3.391631, 0.0 ], [ -45.023333, -3.393677, 0.0 ], [ -45.022832, -3.39497, 0.0 ], [ -45.022439, -3.395544, 0.0 ], [ -45.021975, -3.395903, 0.0 ], [ -45.021332, -3.396119, 0.0 ], [ -45.02026, -3.396191, 0.0 ], [ -45.018045, -3.395401, 0.0 ], [ -45.015258, -3.395042, 0.0 ], [ -45.014543, -3.395078, 0.0 ], [ -45.013686, -3.395365, 0.0 ], [ -45.011971, -3.39655, 0.0 ], [ -45.011399, -3.396658, 0.0 ], [ -45.008791, -3.396227, 0.0 ], [ -45.007934, -3.39576, 0.0 ], [ -45.006505, -3.393606, 0.0 ], [ -45.006469, -3.393211, 0.0 ], [ -45.006576, -3.392744, 0.0 ], [ -45.008219, -3.390913, 0.0 ], [ -45.009041, -3.389405, 0.0 ], [ -45.009506, -3.387897, 0.0 ], [ -45.009541, -3.386173, 0.0 ], [ -45.009113, -3.385778, 0.0 ], [ -45.008255, -3.385419, 0.0 ], [ -45.006326, -3.385168, 0.0 ], [ -45.005325, -3.384737, 0.0 ], [ -45.004325, -3.384091, 0.0 ], [ -45.002217, -3.3819, 0.0 ], [ -45.001288, -3.380213, 0.0 ], [ -45.001109, -3.379243, 0.0 ], [ -45.001181, -3.378597, 0.0 ], [ -45.002003, -3.376551, 0.0 ], [ -45.002003, -3.375438, 0.0 ], [ -45.001788, -3.374109, 0.0 ], [ -45.000716, -3.370447, 0.0 ], [ -45.000716, -3.369154, 0.0 ], [ -45.001002, -3.366497, 0.0 ], [ -45.000931, -3.365707, 0.0 ], [ -45.000466, -3.364558, 0.0 ], [ -44.999645, -3.364127, 0.0 ], [ -44.998251, -3.36463, 0.0 ], [ -44.997715, -3.365133, 0.0 ], [ -44.997108, -3.36682, 0.0 ], [ -44.996751, -3.367431, 0.0 ], [ -44.995607, -3.368867, 0.0 ], [ -44.993714, -3.369621, 0.0 ], [ -44.992678, -3.369477, 0.0 ], [ -44.99232, -3.369154, 0.0 ], [ -44.990391, -3.365707, 0.0 ], [ -44.990177, -3.365061, 0.0 ], [ -44.989998, -3.364343, 0.0 ], [ -44.990248, -3.36384, 0.0 ], [ -44.990677, -3.363445, 0.0 ], [ -44.992213, -3.36323, 0.0 ], [ -44.992928, -3.362871, 0.0 ], [ -44.994286, -3.36147, 0.0 ], [ -44.995107, -3.359926, 0.0 ], [ -44.995786, -3.358059, 0.0 ], [ -44.995465, -3.356156, 0.0 ], [ -44.994964, -3.355402, 0.0 ], [ -44.994536, -3.355007, 0.0 ], [ -44.994036, -3.354828, 0.0 ], [ -44.991678, -3.354648, 0.0 ], [ -44.991034, -3.354864, 0.0 ], [ -44.990213, -3.356408, 0.0 ], [ -44.989641, -3.356982, 0.0 ], [ -44.988998, -3.357377, 0.0 ], [ -44.986854, -3.358382, 0.0 ], [ -44.985318, -3.358813, 0.0 ], [ -44.984639, -3.358813, 0.0 ], [ -44.984068, -3.358526, 0.0 ], [ -44.98371, -3.357808, 0.0 ], [ -44.983353, -3.356048, 0.0 ], [ -44.982924, -3.355223, 0.0 ], [ -44.981281, -3.353499, 0.0 ], [ -44.980602, -3.353248, 0.0 ], [ -44.979638, -3.353176, 0.0 ], [ -44.977065, -3.353248, 0.0 ], [ -44.972671, -3.352278, 0.0 ], [ -44.971778, -3.351775, 0.0 ], [ -44.971027, -3.351093, 0.0 ], [ -44.970742, -3.350339, 0.0 ], [ -44.970599, -3.349729, 0.0 ], [ -44.970742, -3.348257, 0.0 ], [ -44.971814, -3.347072, 0.0 ], [ -44.973421, -3.346462, 0.0 ], [ -44.977244, -3.343876, 0.0 ], [ -44.978173, -3.34341, 0.0 ], [ -44.979459, -3.343122, 0.0 ], [ -44.980459, -3.343338, 0.0 ], [ -44.980924, -3.343769, 0.0 ], [ -44.980888, -3.34499, 0.0 ], [ -44.980209, -3.346569, 0.0 ], [ -44.980138, -3.347431, 0.0 ], [ -44.980245, -3.348042, 0.0 ], [ -44.980852, -3.349191, 0.0 ], [ -44.981424, -3.349657, 0.0 ], [ -44.982924, -3.350052, 0.0 ], [ -44.984246, -3.350124, 0.0 ], [ -44.985854, -3.349621, 0.0 ], [ -44.986354, -3.349155, 0.0 ], [ -44.98639, -3.348293, 0.0 ], [ -44.98614, -3.347539, 0.0 ], [ -44.985604, -3.346713, 0.0 ], [ -44.98514, -3.3456, 0.0 ], [ -44.98489, -3.344379, 0.0 ], [ -44.984854, -3.342692, 0.0 ], [ -44.985247, -3.342117, 0.0 ], [ -44.985711, -3.341866, 0.0 ], [ -44.98639, -3.341902, 0.0 ], [ -44.988105, -3.342512, 0.0 ], [ -44.990106, -3.342692, 0.0 ], [ -44.991428, -3.342656, 0.0 ], [ -44.992071, -3.342333, 0.0 ], [ -44.992928, -3.341112, 0.0 ], [ -44.99325, -3.339281, 0.0 ], [ -44.992857, -3.336552, 0.0 ], [ -44.992392, -3.335654, 0.0 ] ] } },
{ "type": "Feature", "properties": { "nome": "Rio Pindaré", "comprimento_m": 1270.0764652600001 }, "geometry": { "type": "LineString", "coordinates": [ [ -46.273916, -3.993331, 0.0 ], [ -46.273486, -3.992423, 0.0 ], [ -46.272913, -3.991694, 0.0 ], [ -46.271327, -3.991313, 0.0 ], [ -46.270875, -3.991362, 0.0 ], [ -46.270446, -3.991685, 0.0 ], [ -46.269994, -3.991626, 0.0 ], [ -46.269885, -3.990921, 0.0 ], [ -46.270111, -3.990501, 0.0 ], [ -46.270087, -3.990202, 0.0 ], [ -46.268727, -3.989885, 0.0 ], [ -46.268469, -3.989584, 0.0 ], [ -46.267868, -3.989276, 0.0 ], [ -46.267846, -3.988788, 0.0 ], [ -46.26841, -3.988565, 0.0 ], [ -46.268446, -3.988356, 0.0 ], [ -46.267659, -3.987898, 0.0 ] ] } },
{ "type": "Feature", "properties": { "nome": "Rio Pindaré", "comprimento_m": 1293.41527219 }, "geometry": { "type": "LineString", "coordinates": [ [ -44.941594, -3.28474, 0.0 ], [ -44.940737, -3.285027, 0.0 ], [ -44.940165, -3.285793, 0.0 ], [ -44.940022, -3.287852, 0.0 ], [ -44.940165, -3.288713, 0.0 ], [ -44.941689, -3.292065, 0.0 ], [ -44.941594, -3.29307, 0.0 ], [ -44.94107, -3.293788, 0.0 ], [ -44.940403, -3.293836, 0.0 ], [ -44.939823, -3.293602, 0.0 ] ] } },
{ "type": "Feature", "properties": { "nome": "Rio Pindaré", "comprimento_m": 213.96037624 }, "geometry": { "type": "LineString", "coordinates": [ [ -46.942909, -5.636609, 0.0 ], [ -46.943574, -5.636922, 0.0 ], [ -46.944763, -5.636804, 0.0 ] ] } },
{ "type": "Feature", "properties": { "nome": "Rio Pindaré", "comprimento_m": 2850.3785265199999 }, "geometry": { "type": "LineString", "coordinates": [ [ -45.151522, -3.490916, 0.0 ], [ -45.150915, -3.490988, 0.0 ], [ -45.149271, -3.490593, 0.0 ], [ -45.147842, -3.490701, 0.0 ], [ -45.146269, -3.490199, 0.0 ], [ -45.144769, -3.489409, 0.0 ], [ -45.143482, -3.489302, 0.0 ], [ -45.143018, -3.489625, 0.0 ], [ -45.142303, -3.490523, 0.0 ], [ -45.141196, -3.492497, 0.0 ], [ -45.140767, -3.492892, 0.0 ], [ -45.14016, -3.493144, 0.0 ], [ -45.13848, -3.493395, 0.0 ], [ -45.135479, -3.493109, 0.0 ], [ -45.134657, -3.493252, 0.0 ], [ -45.133299, -3.49433, 0.0 ], [ -45.132442, -3.495371, 0.0 ], [ -45.131942, -3.495551, 0.0 ], [ -45.131334, -3.495551, 0.0 ], [ -45.129226, -3.494618, 0.0 ] ] } },
{ "type": "Feature", "properties": { "nome": "Rio Pindaré", "comprimento_m": 10583.4979005 }, "geometry": { "type": "LineString", "coordinates": [ [ -45.47522, -3.665012, 0.0 ], [ -45.473539, -3.663433, 0.0 ], [ -45.471502, -3.662644, 0.0 ], [ -45.469679, -3.661568, 0.0 ], [ -45.467247, -3.6592, 0.0 ], [ -45.46471, -3.658375, 0.0 ], [ -45.463101, -3.657658, 0.0 ], [ -45.462315, -3.65712, 0.0 ], [ -45.461778, -3.656402, 0.0 ], [ -45.461563, -3.655648, 0.0 ], [ -45.461563, -3.654463, 0.0 ], [ -45.462992, -3.653242, 0.0 ], [ -45.464814, -3.652236, 0.0 ], [ -45.465314, -3.651553, 0.0 ], [ -45.466634, -3.648285, 0.0 ], [ -45.466705, -3.647675, 0.0 ], [ -45.466633, -3.646957, 0.0 ], [ -45.466204, -3.646311, 0.0 ], [ -45.465704, -3.646024, 0.0 ], [ -45.464024, -3.646061, 0.0 ], [ -45.463131, -3.646277, 0.0 ], [ -45.462416, -3.646708, 0.0 ], [ -45.46163, -3.646924, 0.0 ], [ -45.461166, -3.646816, 0.0 ], [ -45.461058, -3.646493, 0.0 ], [ -45.46163, -3.645416, 0.0 ], [ -45.461414, -3.64398, 0.0 ], [ -45.461557, -3.642579, 0.0 ], [ -45.463699, -3.638916, 0.0 ], [ -45.463913, -3.638234, 0.0 ], [ -45.463913, -3.637587, 0.0 ], [ -45.462911, -3.63547, 0.0 ], [ -45.461337, -3.63328, 0.0 ], [ -45.460766, -3.632993, 0.0 ], [ -45.459908, -3.632886, 0.0 ], [ -45.458157, -3.633031, 0.0 ], [ -45.457692, -3.632815, 0.0 ], [ -45.456691, -3.631918, 0.0 ], [ -45.455797, -3.630339, 0.0 ], [ -45.455332, -3.629944, 0.0 ], [ -45.454653, -3.629657, 0.0 ], [ -45.453617, -3.629514, 0.0 ], [ -45.449435, -3.629552, 0.0 ], [ -45.448649, -3.629265, 0.0 ], [ -45.447934, -3.628691, 0.0 ], [ -45.447111, -3.62722, 0.0 ], [ -45.446682, -3.625999, 0.0 ], [ -45.446002, -3.62503, 0.0 ], [ -45.445323, -3.624348, 0.0 ], [ -45.444322, -3.624169, 0.0 ], [ -45.443572, -3.62381, 0.0 ], [ -45.441999, -3.622196, 0.0 ], [ -45.440461, -3.621155, 0.0 ], [ -45.439711, -3.62094, 0.0 ], [ -45.437745, -3.620941, 0.0 ], [ -45.436816, -3.62069, 0.0 ], [ -45.436244, -3.620224, 0.0 ], [ -45.435136, -3.618573, 0.0 ], [ -45.434385, -3.618142, 0.0 ], [ -45.433492, -3.618107, 0.0 ], [ -45.43242, -3.618394, 0.0 ], [ -45.431669, -3.619113, 0.0 ], [ -45.43042, -3.620945, 0.0 ], [ -45.430063, -3.621806, 0.0 ], [ -45.429813, -3.623674, 0.0 ], [ -45.430064, -3.624499, 0.0 ], [ -45.430815, -3.625001, 0.0 ], [ -45.431351, -3.625612, 0.0 ], [ -45.431494, -3.626366, 0.0 ], [ -45.431066, -3.626832, 0.0 ], [ -45.430443, -3.626989, 0.0 ] ] } },
{ "type": "Feature", "properties": { "nome": "Rio Pindaré", "comprimento_m": 2074.6523019199999 }, "geometry": { "type": "LineString", "coordinates": [ [ -45.939934, -3.704489, 0.0 ], [ -45.939433, -3.704059, 0.0 ], [ -45.939254, -3.703557, 0.0 ], [ -45.939432, -3.702946, 0.0 ], [ -45.939967, -3.702407, 0.0 ], [ -45.941003, -3.701867, 0.0 ], [ -45.941253, -3.701436, 0.0 ], [ -45.941145, -3.700826, 0.0 ], [ -45.940751, -3.70036, 0.0 ], [ -45.93757, -3.699573, 0.0 ], [ -45.93682, -3.699646, 0.0 ], [ -45.934962, -3.700617, 0.0 ], [ -45.934355, -3.700582, 0.0 ], [ -45.93364, -3.700224, 0.0 ], [ -45.932923, -3.697999, 0.0 ], [ -45.932565, -3.697532, 0.0 ], [ -45.932029, -3.697246, 0.0 ], [ -45.930456, -3.696996, 0.0 ], [ -45.930134, -3.696566, 0.0 ] ] } },
{ "type": "Feature", "properties": { "nome": "Rio Pindaré", "comprimento_m": 2415.5055543600001 }, "geometry": { "type": "LineString", "coordinates": [ [ -46.806804, -4.377001, 0.0 ], [ -46.805429, -4.376494, 0.0 ], [ -46.804198, -4.376349, 0.0 ], [ -46.80275, -4.375625, 0.0 ], [ -46.802243, -4.374467, 0.0 ], [ -46.801157, -4.37396, 0.0 ], [ -46.799854, -4.374177, 0.0 ], [ -46.798116, -4.374829, 0.0 ], [ -46.796161, -4.375263, 0.0 ], [ -46.792686, -4.374757, 0.0 ], [ -46.790369, -4.374612, 0.0 ], [ -46.788415, -4.375119, 0.0 ], [ -46.786749, -4.376132, 0.0 ] ] } },
{ "type": "Feature", "properties": { "nome": "Rio Pindaré", "comprimento_m": 4272.37730715 }, "geometry": { "type": "LineString", "coordinates": [ [ -45.621785, -3.654008, 0.0 ], [ -45.621443, -3.654661, 0.0 ], [ -45.621032, -3.655006, 0.0 ], [ -45.619766, -3.655247, 0.0 ], [ -45.618533, -3.655145, 0.0 ], [ -45.617951, -3.655421, 0.0 ], [ -45.617507, -3.655834, 0.0 ], [ -45.617302, -3.656625, 0.0 ], [ -45.617338, -3.659307, 0.0 ], [ -45.617612, -3.66027, 0.0 ], [ -45.618127, -3.661199, 0.0 ], [ -45.618709, -3.66168, 0.0 ], [ -45.620044, -3.662057, 0.0 ], [ -45.6209, -3.662022, 0.0 ], [ -45.621722, -3.662228, 0.0 ], [ -45.62203, -3.662778, 0.0 ], [ -45.622168, -3.664326, 0.0 ], [ -45.622752, -3.666699, 0.0 ], [ -45.622787, -3.667455, 0.0 ], [ -45.622548, -3.668212, 0.0 ], [ -45.621658, -3.669107, 0.0 ], [ -45.621008, -3.669314, 0.0 ], [ -45.61844, -3.66904, 0.0 ], [ -45.617276, -3.669385, 0.0 ], [ -45.616831, -3.669695, 0.0 ], [ -45.616421, -3.670349, 0.0 ], [ -45.61608, -3.671622, 0.0 ], [ -45.616183, -3.672413, 0.0 ], [ -45.616697, -3.673238, 0.0 ], [ -45.618547, -3.675094, 0.0 ], [ -45.618924, -3.675678, 0.0 ], [ -45.619061, -3.676194, 0.0 ], [ -45.61872, -3.677329, 0.0 ], [ -45.61718, -3.678225, 0.0 ], [ -45.61653, -3.678878, 0.0 ] ] } },
{ "type": "Feature", "properties": { "nome": "Rio Pindaré", "comprimento_m": 755.75765962900005 }, "geometry": { "type": "LineString", "coordinates": [ [ -46.935096, -4.673477, 0.0 ], [ -46.935241, -4.670653, 0.0 ], [ -46.936544, -4.668047, 0.0 ], [ -46.936544, -4.666961, 0.0 ] ] } },
{ "type": "Feature", "properties": { "nome": "Rio Pindaré", "comprimento_m": 1024.62351687 }, "geometry": { "type": "LineString", "coordinates": [ [ -46.165413, -3.784318, 0.0 ], [ -46.165365, -3.783935, 0.0 ], [ -46.164673, -3.783386, 0.0 ], [ -46.162623, -3.78212, 0.0 ], [ -46.161978, -3.781283, 0.0 ], [ -46.161953, -3.780182, 0.0 ], [ -46.161738, -3.779752, 0.0 ], [ -46.159449, -3.777984, 0.0 ] ] } },
{ "type": "Feature", "properties": { "nome": "Rio Pindaré", "comprimento_m": 3943.3681243699998 }, "geometry": { "type": "LineString", "coordinates": [ [ -46.469348, -4.183734, 0.0 ], [ -46.469252, -4.183064, 0.0 ], [ -46.468965, -4.18249, 0.0 ], [ -46.46763, -4.182445, 0.0 ], [ -46.467154, -4.182637, 0.0 ], [ -46.466819, -4.182255, 0.0 ], [ -46.466721, -4.180772, 0.0 ], [ -46.46612, -4.1806, 0.0 ], [ -46.464688, -4.17934, 0.0 ], [ -46.46381, -4.179016, 0.0 ], [ -46.462342, -4.179057, 0.0 ], [ -46.461941, -4.178675, 0.0 ], [ -46.461864, -4.177833, 0.0 ], [ -46.461384, -4.176168, 0.0 ], [ -46.460332, -4.174198, 0.0 ], [ -46.459193, -4.173126, 0.0 ], [ -46.457876, -4.172152, 0.0 ], [ -46.45633, -4.171408, 0.0 ], [ -46.455356, -4.170319, 0.0 ], [ -46.454211, -4.169919, 0.0 ], [ -46.452609, -4.169692, 0.0 ], [ -46.451064, -4.169236, 0.0 ], [ -46.449918, -4.168032, 0.0 ], [ -46.448826, -4.165277, 0.0 ], [ -46.448589, -4.160626, 0.0 ] ] } },
{ "type": "Feature", "properties": { "nome": "Rio Pindaré", "comprimento_m": 5605.88861395 }, "geometry": { "type": "LineString", "coordinates": [ [ -45.078289, -3.456985, 0.0 ], [ -45.077947, -3.456707, 0.0 ], [ -45.077661, -3.455702, 0.0 ], [ -45.076768, -3.454374, 0.0 ], [ -45.075088, -3.453368, 0.0 ], [ -45.074517, -3.452758, 0.0 ], [ -45.074124, -3.451645, 0.0 ], [ -45.074302, -3.451142, 0.0 ], [ -45.076267, -3.449778, 0.0 ], [ -45.077232, -3.448557, 0.0 ], [ -45.077553, -3.447767, 0.0 ], [ -45.078089, -3.445218, 0.0 ], [ -45.078589, -3.444356, 0.0 ], [ -45.082091, -3.441842, 0.0 ], [ -45.083198, -3.440729, 0.0 ], [ -45.084949, -3.438539, 0.0 ], [ -45.085377, -3.437533, 0.0 ], [ -45.085413, -3.436851, 0.0 ], [ -45.08477, -3.436025, 0.0 ], [ -45.081983, -3.434912, 0.0 ], [ -45.081018, -3.434123, 0.0 ], [ -45.080589, -3.433584, 0.0 ], [ -45.079875, -3.432184, 0.0 ], [ -45.078838, -3.430784, 0.0 ], [ -45.078409, -3.429455, 0.0 ], [ -45.078481, -3.428809, 0.0 ], [ -45.078874, -3.428306, 0.0 ], [ -45.080339, -3.427696, 0.0 ], [ -45.080982, -3.427265, 0.0 ], [ -45.081661, -3.426403, 0.0 ], [ -45.081946, -3.425757, 0.0 ], [ -45.082303, -3.422274, 0.0 ], [ -45.082589, -3.421627, 0.0 ], [ -45.084197, -3.419509, 0.0 ], [ -45.084197, -3.419042, 0.0 ], [ -45.083947, -3.418504, 0.0 ] ] } },
{ "type": "Feature", "properties": { "nome": "Rio Pindaré", "comprimento_m": 833.15612759500004 }, "geometry": { "type": "LineString", "coordinates": [ [ -46.573632, -4.295086, 0.0 ], [ -46.573341, -4.294704, 0.0 ], [ -46.572621, -4.2945, 0.0 ], [ -46.572457, -4.294227, 0.0 ], [ -46.572496, -4.293983, 0.0 ], [ -46.573109, -4.293427, 0.0 ], [ -46.573143, -4.292872, 0.0 ], [ -46.572594, -4.292983, 0.0 ], [ -46.572279, -4.292883, 0.0 ], [ -46.572078, -4.29261, 0.0 ], [ -46.571492, -4.292712, 0.0 ], [ -46.570905, -4.292541, 0.0 ], [ -46.570432, -4.292097, 0.0 ], [ -46.570474, -4.291393, 0.0 ], [ -46.570673, -4.290963, 0.0 ] ] } },
{ "type": "Feature", "properties": { "nome": "Rio Pindaré", "comprimento_m": 951.03154092499994 }, "geometry": { "type": "LineString", "coordinates": [ [ -46.190189, -3.851587, 0.0 ], [ -46.189592, -3.851085, 0.0 ], [ -46.189532, -3.850727, 0.0 ], [ -46.189561, -3.850308, 0.0 ], [ -46.190186, -3.849918, 0.0 ], [ -46.190126, -3.84923, 0.0 ], [ -46.18932, -3.848154, 0.0 ], [ -46.1892, -3.847706, 0.0 ], [ -46.189706, -3.846957, 0.0 ], [ -46.189705, -3.846718, 0.0 ], [ -46.1889, -3.846091, 0.0 ], [ -46.188005, -3.844776, 0.0 ] ] } },
{ "type": "Feature", "properties": { "nome": "Rio Pindaré", "comprimento_m": 2280.2188681600001 }, "geometry": { "type": "LineString", "coordinates": [ [ -46.104107, -3.722012, 0.0 ], [ -46.104176, -3.72048, 0.0 ], [ -46.103985, -3.720074, 0.0 ], [ -46.10358, -3.719667, 0.0 ], [ -46.102555, -3.719094, 0.0 ], [ -46.10222, -3.71785, 0.0 ], [ -46.102053, -3.717611, 0.0 ], [ -46.101695, -3.717468, 0.0 ], [ -46.100623, -3.717565, 0.0 ], [ -46.098314, -3.718454, 0.0 ], [ -46.095574, -3.718744, 0.0 ], [ -46.094646, -3.719535, 0.0 ], [ -46.094028, -3.720373, 0.0 ], [ -46.093575, -3.720565, 0.0 ], [ -46.092884, -3.720542, 0.0 ], [ -46.091313, -3.720903, 0.0 ], [ -46.089836, -3.721001, 0.0 ], [ -46.087882, -3.72086, 0.0 ] ] } },
{ "type": "Feature", "properties": { "nome": "Rio Pindaré", "comprimento_m": 203.35430245699999 }, "geometry": { "type": "LineString", "coordinates": [ [ -46.267659, -3.987898, 0.0 ], [ -46.267572, -3.987381, 0.0 ], [ -46.267285, -3.987016, 0.0 ], [ -46.26701, -3.986255, 0.0 ] ] } },
{ "type": "Feature", "properties": { "nome": "Rio Pindaré", "comprimento_m": 434.40827130999998 }, "geometry": { "type": "LineString", "coordinates": [ [ -46.935385, -4.699902, 0.0 ], [ -46.935385, -4.699396, 0.0 ], [ -46.934372, -4.696138, 0.0 ] ] } },
{ "type": "Feature", "properties": { "nome": "Rio Pindaré", "comprimento_m": 675.178464394 }, "geometry": { "type": "LineString", "coordinates": [ [ -46.103041, -3.727183, 0.0 ], [ -46.102588, -3.72625, 0.0 ], [ -46.102443, -3.725149, 0.0 ], [ -46.102512, -3.723378, 0.0 ], [ -46.103036, -3.72266, 0.0 ], [ -46.103798, -3.722324, 0.0 ], [ -46.104107, -3.722012, 0.0 ] ] } },
{ "type": "Feature", "properties": { "nome": "Rio Pindaré", "comprimento_m": 1137.2462117 }, "geometry": { "type": "LineString", "coordinates": [ [ -46.524519, -4.230962, 0.0 ], [ -46.523821, -4.230255, 0.0 ], [ -46.522886, -4.229951, 0.0 ], [ -46.522219, -4.23043, 0.0 ], [ -46.52163, -4.231389, 0.0 ], [ -46.521249, -4.231523, 0.0 ], [ -46.520273, -4.230697, 0.0 ], [ -46.519455, -4.230589, 0.0 ], [ -46.519106, -4.230336, 0.0 ], [ -46.518442, -4.230423, 0.0 ], [ -46.518347, -4.229615, 0.0 ], [ -46.517774, -4.229276, 0.0 ], [ -46.517949, -4.228193, 0.0 ] ] } },
{ "type": "Feature", "properties": { "nome": "Rio Pindaré", "comprimento_m": 61.409006413500002 }, "geometry": { "type": "LineString", "coordinates": [ [ -46.940089, -5.63558, 0.0 ], [ -46.940595, -5.635803, 0.0 ] ] } },
{ "type": "Feature", "properties": { "nome": "Rio Pindaré", "comprimento_m": 379.42285829100001 }, "geometry": { "type": "LineString", "coordinates": [ [ -45.990235, -3.68342, 0.0 ], [ -45.987805, -3.683351, 0.0 ], [ -45.986857, -3.683567, 0.0 ] ] } },
{ "type": "Feature", "properties": { "nome": "Rio Pindaré", "comprimento_m": 7899.8788208899996 }, "geometry": { "type": "LineString", "coordinates": [ [ -45.744515, -3.640519, 0.0 ], [ -45.742827, -3.641946, 0.0 ], [ -45.741526, -3.642051, 0.0 ], [ -45.741081, -3.641604, 0.0 ], [ -45.740909, -3.641123, 0.0 ], [ -45.740805, -3.639506, 0.0 ], [ -45.740497, -3.638853, 0.0 ], [ -45.739503, -3.637856, 0.0 ], [ -45.738955, -3.63765, 0.0 ], [ -45.737791, -3.63772, 0.0 ], [ -45.736353, -3.637481, 0.0 ], [ -45.734743, -3.636175, 0.0 ], [ -45.733819, -3.635694, 0.0 ], [ -45.732963, -3.635626, 0.0 ], [ -45.728239, -3.636352, 0.0 ], [ -45.725329, -3.636079, 0.0 ], [ -45.724234, -3.636218, 0.0 ], [ -45.723412, -3.636666, 0.0 ], [ -45.721735, -3.637114, 0.0 ], [ -45.719921, -3.636978, 0.0 ], [ -45.718483, -3.636463, 0.0 ], [ -45.717798, -3.636567, 0.0 ], [ -45.71708, -3.637015, 0.0 ], [ -45.715301, -3.639217, 0.0 ], [ -45.714069, -3.640181, 0.0 ], [ -45.713385, -3.640457, 0.0 ], [ -45.711023, -3.639943, 0.0 ], [ -45.709859, -3.639978, 0.0 ], [ -45.708524, -3.640461, 0.0 ], [ -45.70695, -3.641425, 0.0 ], [ -45.706197, -3.641701, 0.0 ], [ -45.705307, -3.641805, 0.0 ], [ -45.703458, -3.641084, 0.0 ], [ -45.70267, -3.640637, 0.0 ], [ -45.702259, -3.640156, 0.0 ], [ -45.702086, -3.637921, 0.0 ], [ -45.701846, -3.637405, 0.0 ], [ -45.701366, -3.63713, 0.0 ], [ -45.700716, -3.637062, 0.0 ], [ -45.699279, -3.637613, 0.0 ], [ -45.698697, -3.637614, 0.0 ], [ -45.698149, -3.637408, 0.0 ], [ -45.697258, -3.636342, 0.0 ], [ -45.696881, -3.635655, 0.0 ], [ -45.696298, -3.635105, 0.0 ], [ -45.693662, -3.634041, 0.0 ], [ -45.693011, -3.633938, 0.0 ], [ -45.689247, -3.635386, 0.0 ], [ -45.688699, -3.635764, 0.0 ], [ -45.687844, -3.636934, 0.0 ], [ -45.687811, -3.638826, 0.0 ], [ -45.687606, -3.639514, 0.0 ] ] } },
{ "type": "Feature", "properties": { "nome": "Rio Pindaré", "comprimento_m": 2398.1770290899999 }, "geometry": { "type": "LineString", "coordinates": [ [ -45.500071, -3.698011, 0.0 ], [ -45.499683, -3.698281, 0.0 ], [ -45.499218, -3.698282, 0.0 ], [ -45.498182, -3.697708, 0.0 ], [ -45.496108, -3.695662, 0.0 ], [ -45.495142, -3.694299, 0.0 ], [ -45.494927, -3.69376, 0.0 ], [ -45.495284, -3.69236, 0.0 ], [ -45.495283, -3.691534, 0.0 ], [ -45.494174, -3.688339, 0.0 ], [ -45.493637, -3.687586, 0.0 ], [ -45.492815, -3.687191, 0.0 ], [ -45.491743, -3.68694, 0.0 ], [ -45.489491, -3.686762, 0.0 ], [ -45.487668, -3.686404, 0.0 ], [ -45.486882, -3.686117, 0.0 ], [ -45.486261, -3.685619, 0.0 ] ] } },
{ "type": "Feature", "properties": { "nome": "Rio Pindaré", "comprimento_m": 1610.90716563 }, "geometry": { "type": "LineString", "coordinates": [ [ -46.878256, -5.833074, 0.0 ], [ -46.878622, -5.830995, 0.0 ], [ -46.880669, -5.828979, 0.0 ], [ -46.881525, -5.827541, 0.0 ], [ -46.882429, -5.826629, 0.0 ], [ -46.883623, -5.826385, 0.0 ], [ -46.885677, -5.826379, 0.0 ], [ -46.886962, -5.824748, 0.0 ], [ -46.887086, -5.823497, 0.0 ] ] } },
{ "type": "Feature", "properties": { "nome": "Rio Pindaré", "comprimento_m": 363.49522869200001 }, "geometry": { "type": "LineString", "coordinates": [ [ -45.635257, -3.630713, 0.0 ], [ -45.633101, -3.631506, 0.0 ], [ -45.632131, -3.631599, 0.0 ] ] } },
{ "type": "Feature", "properties": { "nome": "Rio Pindaré", "comprimento_m": 1435.38495014 }, "geometry": { "type": "LineString", "coordinates": [ [ -46.939657, -4.636842, 0.0 ], [ -46.942263, -4.634308, 0.0 ], [ -46.942698, -4.63315, 0.0 ], [ -46.942408, -4.630978, 0.0 ], [ -46.942191, -4.630254, 0.0 ], [ -46.941612, -4.629458, 0.0 ], [ -46.941467, -4.628444, 0.0 ], [ -46.941974, -4.626851, 0.0 ], [ -46.942625, -4.625548, 0.0 ] ] } },
{ "type": "Feature", "properties": { "nome": "Rio Pindaré", "comprimento_m": 1235.94010484 }, "geometry": { "type": "LineString", "coordinates": [ [ -46.921473, -5.719632, 0.0 ], [ -46.922617, -5.71908, 0.0 ], [ -46.92334, -5.718159, 0.0 ], [ -46.923833, -5.717162, 0.0 ], [ -46.92383, -5.716205, 0.0 ], [ -46.923329, -5.715059, 0.0 ], [ -46.922908, -5.714677, 0.0 ], [ -46.921262, -5.713897, 0.0 ], [ -46.91912, -5.71333, 0.0 ], [ -46.918612, -5.712729, 0.0 ] ] } },
{ "type": "Feature", "properties": { "nome": "Rio Pindaré", "comprimento_m": 1060.3405268500001 }, "geometry": { "type": "LineString", "coordinates": [ [ -46.914824, -4.962495, 0.0 ], [ -46.915693, -4.961626, 0.0 ], [ -46.917503, -4.959237, 0.0 ], [ -46.918589, -4.957282, 0.0 ], [ -46.920399, -4.954748, 0.0 ] ] } },
{ "type": "Feature", "properties": { "nome": "Rio Pindaré", "comprimento_m": 593.08001998300006 }, "geometry": { "type": "LineString", "coordinates": [ [ -46.448589, -4.160626, 0.0 ], [ -46.448586, -4.159247, 0.0 ], [ -46.447952, -4.156435, 0.0 ], [ -46.447197, -4.155635, 0.0 ] ] } },
{ "type": "Feature", "properties": { "nome": "Rio Pindaré", "comprimento_m": 549.45392986499996 }, "geometry": { "type": "LineString", "coordinates": [ [ -46.188005, -3.844776, 0.0 ], [ -46.187469, -3.844657, 0.0 ], [ -46.186754, -3.844748, 0.0 ], [ -46.185564, -3.845407, 0.0 ], [ -46.183717, -3.84535, 0.0 ], [ -46.18336, -3.845081, 0.0 ] ] } },
{ "type": "Feature", "properties": { "nome": "Rio Pindaré", "comprimento_m": 2642.7877029599999 }, "geometry": { "type": "LineString", "coordinates": [ [ -46.495347, -4.212381, 0.0 ], [ -46.495056, -4.209641, 0.0 ], [ -46.49584, -4.20867, 0.0 ], [ -46.495839, -4.208275, 0.0 ], [ -46.495553, -4.207953, 0.0 ], [ -46.494265, -4.207309, 0.0 ], [ -46.493835, -4.206915, 0.0 ], [ -46.493335, -4.207024, 0.0 ], [ -46.493012, -4.206845, 0.0 ], [ -46.493083, -4.206378, 0.0 ], [ -46.492939, -4.205804, 0.0 ], [ -46.492366, -4.205446, 0.0 ], [ -46.492365, -4.205016, 0.0 ], [ -46.491828, -4.204622, 0.0 ], [ -46.491649, -4.204084, 0.0 ], [ -46.489933, -4.204087, 0.0 ], [ -46.489325, -4.204304, 0.0 ], [ -46.48911, -4.204017, 0.0 ], [ -46.489145, -4.203514, 0.0 ], [ -46.488894, -4.20312, 0.0 ], [ -46.488203, -4.202942, 0.0 ], [ -46.487797, -4.202584, 0.0 ], [ -46.487736, -4.201962, 0.0 ], [ -46.487462, -4.201902, 0.0 ], [ -46.487294, -4.20158, 0.0 ], [ -46.487435, -4.200515, 0.0 ], [ -46.486982, -4.200228, 0.0 ], [ -46.486518, -4.200397, 0.0 ], [ -46.486424, -4.201067, 0.0 ], [ -46.486006, -4.201068, 0.0 ], [ -46.485565, -4.200758, 0.0 ], [ -46.48516, -4.201033, 0.0 ], [ -46.484457, -4.200891, 0.0 ], [ -46.484101, -4.201634, 0.0 ], [ -46.483982, -4.201742, 0.0 ], [ -46.483664, -4.201685, 0.0 ] ] } },
{ "type": "Feature", "properties": { "nome": "Rio Pindaré", "comprimento_m": 6.5181186891399996 }, "geometry": { "type": "LineString", "coordinates": [ [ -46.916138, -5.697345, 0.0 ], [ -46.916172, -5.697391, 0.0 ] ] } },
{ "type": "Feature", "properties": { "nome": "Rio Pindaré", "comprimento_m": 910.822137666 }, "geometry": { "type": "LineString", "coordinates": [ [ -46.716522, -4.369209, 0.0 ], [ -46.714133, -4.367906, 0.0 ], [ -46.713536, -4.3672, 0.0 ], [ -46.709409, -4.365245, 0.0 ] ] } },
{ "type": "Feature", "properties": { "nome": "Rio Pindaré", "comprimento_m": 1126.8035542099999 }, "geometry": { "type": "LineString", "coordinates": [ [ -46.168886, -3.808577, 0.0 ], [ -46.16919, -3.807906, 0.0 ], [ -46.169303, -3.80693, 0.0 ], [ -46.169168, -3.806241, 0.0 ], [ -46.169529, -3.805111, 0.0 ], [ -46.169472, -3.804919, 0.0 ], [ -46.169186, -3.804766, 0.0 ], [ -46.168442, -3.804595, 0.0 ], [ -46.167984, -3.80406, 0.0 ], [ -46.167716, -3.802969, 0.0 ], [ -46.166761, -3.801611, 0.0 ], [ -46.166511, -3.799926, 0.0 ] ] } },
{ "type": "Feature", "properties": { "nome": "Rio Pindaré", "comprimento_m": 1965.4061355599999 }, "geometry": { "type": "LineString", "coordinates": [ [ -46.180409, -3.830425, 0.0 ], [ -46.18016, -3.830023, 0.0 ], [ -46.180159, -3.829411, 0.0 ], [ -46.180883, -3.828816, 0.0 ], [ -46.181053, -3.827935, 0.0 ], [ -46.180805, -3.827533, 0.0 ], [ -46.180271, -3.827362, 0.0 ], [ -46.179966, -3.826941, 0.0 ], [ -46.180041, -3.826654, 0.0 ], [ -46.181221, -3.825408, 0.0 ], [ -46.181258, -3.824489, 0.0 ], [ -46.181201, -3.824144, 0.0 ], [ -46.180436, -3.822862, 0.0 ], [ -46.180245, -3.82202, 0.0 ], [ -46.179824, -3.821351, 0.0 ], [ -46.180317, -3.818957, 0.0 ], [ -46.179819, -3.817484, 0.0 ], [ -46.179569, -3.815799, 0.0 ], [ -46.17873, -3.815188, 0.0 ] ] } },
{ "type": "Feature", "properties": { "nome": "Rio Pindaré", "comprimento_m": 941.067104019 }, "geometry": { "type": "LineString", "coordinates": [ [ -46.278302, -4.002228, 0.0 ], [ -46.27779, -4.001941, 0.0 ], [ -46.277097, -4.0012, 0.0 ], [ -46.276549, -3.999612, 0.0 ], [ -46.275461, -3.998953, 0.0 ], [ -46.274917, -3.998437, 0.0 ], [ -46.274144, -3.998136, 0.0 ], [ -46.273801, -3.997835, 0.0 ], [ -46.273901, -3.997649, 0.0 ], [ -46.274458, -3.997619, 0.0 ], [ -46.274615, -3.997461, 0.0 ], [ -46.274542, -3.996686, 0.0 ] ] } },
{ "type": "Feature", "properties": { "nome": "Rio Pindaré", "comprimento_m": 445.92094153300002 }, "geometry": { "type": "LineString", "coordinates": [ [ -46.932836, -5.671229, 0.0 ], [ -46.933646, -5.671404, 0.0 ], [ -46.934883, -5.670085, 0.0 ], [ -46.934832, -5.669104, 0.0 ], [ -46.934668, -5.668748, 0.0 ] ] } },
{ "type": "Feature", "properties": { "nome": "Rio Pindaré", "comprimento_m": 759.17453126099997 }, "geometry": { "type": "LineString", "coordinates": [ [ -46.902426, -5.406617, 0.0 ], [ -46.900998, -5.404987, 0.0 ], [ -46.900284, -5.403773, 0.0 ], [ -46.899963, -5.402988, 0.0 ], [ -46.89982, -5.40181, 0.0 ], [ -46.899891, -5.400561, 0.0 ] ] } },
{ "type": "Feature", "properties": { "nome": "Rio Pindaré", "comprimento_m": 202.781945296 }, "geometry": { "type": "LineString", "coordinates": [ [ -46.17873, -3.815188, 0.0 ], [ -46.177681, -3.814634, 0.0 ], [ -46.177051, -3.814539, 0.0 ] ] } },
{ "type": "Feature", "properties": { "nome": "Rio Pindaré", "comprimento_m": 1256.8506191 }, "geometry": { "type": "LineString", "coordinates": [ [ -46.947481, -5.609926, 0.0 ], [ -46.947719, -5.60757, 0.0 ], [ -46.947552, -5.606095, 0.0 ], [ -46.947195, -5.605524, 0.0 ], [ -46.945934, -5.604477, 0.0 ], [ -46.944982, -5.602574, 0.0 ], [ -46.943626, -5.601764, 0.0 ], [ -46.942698, -5.600622, 0.0 ] ] } },
{ "type": "Feature", "properties": { "nome": "Rio Pindaré", "comprimento_m": 1566.41044339 }, "geometry": { "type": "LineString", "coordinates": [ [ -46.920399, -4.954748, 0.0 ], [ -46.920833, -4.953518, 0.0 ], [ -46.920616, -4.951201, 0.0 ], [ -46.919892, -4.949608, 0.0 ], [ -46.918734, -4.948232, 0.0 ], [ -46.916779, -4.947436, 0.0 ], [ -46.915258, -4.94664, 0.0 ], [ -46.914172, -4.945626, 0.0 ], [ -46.913521, -4.944106, 0.0 ] ] } },
{ "type": "Feature", "properties": { "nome": "Rio Pindaré", "comprimento_m": 289.13728214299999 }, "geometry": { "type": "LineString", "coordinates": [ [ -46.607108, -4.316321, 0.0 ], [ -46.605968, -4.316104, 0.0 ], [ -46.604774, -4.315289, 0.0 ] ] } },
{ "type": "Feature", "properties": { "nome": "Rio Pindaré", "comprimento_m": 3658.2111128800002 }, "geometry": { "type": "LineString", "coordinates": [ [ -46.942625, -4.625548, 0.0 ], [ -46.94306, -4.623811, 0.0 ], [ -46.944363, -4.620553, 0.0 ], [ -46.945087, -4.619611, 0.0 ], [ -46.945521, -4.618525, 0.0 ], [ -46.945521, -4.617801, 0.0 ], [ -46.94487, -4.617077, 0.0 ], [ -46.936906, -4.610272, 0.0 ], [ -46.935892, -4.608969, 0.0 ], [ -46.935965, -4.608172, 0.0 ], [ -46.9343, -4.60658, 0.0 ], [ -46.934082, -4.605349, 0.0 ], [ -46.934517, -4.604552, 0.0 ], [ -46.935241, -4.604046, 0.0 ], [ -46.935096, -4.603104, 0.0 ], [ -46.935458, -4.601512, 0.0 ], [ -46.936833, -4.59905, 0.0 ] ] } },
{ "type": "Feature", "properties": { "nome": "Rio Pindaré", "comprimento_m": 24211.433983200001 }, "geometry": { "type": "LineString", "coordinates": [ [ -45.268265, -3.51413, 0.0 ], [ -45.269467, -3.513185, 0.0 ], [ -45.270039, -3.512969, 0.0 ], [ -45.27279, -3.513184, 0.0 ], [ -45.273326, -3.513794, 0.0 ], [ -45.273577, -3.515661, 0.0 ], [ -45.273506, -3.517384, 0.0 ], [ -45.27272, -3.518749, 0.0 ], [ -45.272578, -3.519252, 0.0 ], [ -45.272614, -3.520365, 0.0 ], [ -45.27165, -3.522627, 0.0 ], [ -45.27165, -3.523991, 0.0 ], [ -45.272222, -3.525033, 0.0 ], [ -45.272615, -3.525356, 0.0 ], [ -45.273616, -3.525643, 0.0 ], [ -45.275188, -3.525427, 0.0 ], [ -45.276438, -3.525067, 0.0 ], [ -45.278904, -3.523882, 0.0 ], [ -45.279261, -3.523415, 0.0 ], [ -45.279439, -3.522732, 0.0 ], [ -45.27951, -3.51925, 0.0 ], [ -45.279402, -3.518639, 0.0 ], [ -45.277758, -3.517275, 0.0 ], [ -45.275864, -3.51505, 0.0 ], [ -45.275578, -3.514511, 0.0 ], [ -45.275435, -3.513793, 0.0 ], [ -45.275434, -3.512896, 0.0 ], [ -45.274755, -3.511783, 0.0 ], [ -45.27304, -3.510383, 0.0 ], [ -45.271288, -3.509809, 0.0 ], [ -45.269966, -3.509127, 0.0 ], [ -45.268501, -3.507763, 0.0 ], [ -45.267679, -3.506363, 0.0 ], [ -45.2675, -3.505933, 0.0 ], [ -45.267535, -3.505573, 0.0 ], [ -45.268607, -3.503598, 0.0 ], [ -45.268714, -3.502988, 0.0 ], [ -45.268606, -3.501875, 0.0 ], [ -45.267891, -3.501157, 0.0 ], [ -45.266641, -3.500655, 0.0 ], [ -45.265712, -3.500619, 0.0 ], [ -45.262424, -3.500979, 0.0 ], [ -45.261602, -3.5008, 0.0 ], [ -45.260673, -3.500226, 0.0 ], [ -45.259994, -3.498682, 0.0 ], [ -45.259994, -3.498071, 0.0 ], [ -45.26103, -3.497497, 0.0 ], [ -45.261709, -3.496814, 0.0 ], [ -45.261923, -3.496024, 0.0 ], [ -45.261851, -3.495342, 0.0 ], [ -45.261494, -3.494516, 0.0 ], [ -45.260993, -3.494229, 0.0 ], [ -45.258599, -3.493871, 0.0 ], [ -45.257706, -3.493871, 0.0 ], [ -45.257098, -3.494159, 0.0 ], [ -45.256393, -3.494138, 0.0 ], [ -45.253713, -3.494713, 0.0 ], [ -45.249319, -3.497228, 0.0 ], [ -45.246103, -3.499455, 0.0 ], [ -45.242781, -3.500856, 0.0 ], [ -45.241316, -3.501754, 0.0 ], [ -45.240816, -3.502293, 0.0 ], [ -45.240637, -3.502939, 0.0 ], [ -45.240852, -3.503765, 0.0 ], [ -45.241245, -3.504303, 0.0 ], [ -45.243354, -3.505165, 0.0 ], [ -45.243925, -3.505559, 0.0 ], [ -45.244354, -3.506134, 0.0 ], [ -45.244497, -3.506672, 0.0 ], [ -45.244355, -3.507247, 0.0 ], [ -45.244033, -3.507749, 0.0 ], [ -45.243533, -3.508037, 0.0 ], [ -45.242104, -3.508289, 0.0 ], [ -45.240996, -3.508253, 0.0 ], [ -45.240103, -3.507858, 0.0 ], [ -45.239352, -3.507212, 0.0 ], [ -45.238923, -3.506638, 0.0 ], [ -45.238673, -3.50574, 0.0 ], [ -45.238137, -3.504843, 0.0 ], [ -45.237529, -3.504161, 0.0 ], [ -45.235992, -3.503299, 0.0 ], [ -45.234956, -3.503156, 0.0 ], [ -45.233491, -3.503192, 0.0 ], [ -45.232276, -3.503408, 0.0 ], [ -45.231276, -3.504198, 0.0 ], [ -45.230776, -3.504988, 0.0 ], [ -45.230061, -3.505491, 0.0 ], [ -45.228596, -3.505527, 0.0 ], [ -45.227631, -3.50524, 0.0 ], [ -45.227024, -3.50481, 0.0 ], [ -45.226238, -3.504092, 0.0 ], [ -45.225987, -3.502907, 0.0 ], [ -45.225451, -3.501794, 0.0 ], [ -45.224629, -3.500573, 0.0 ], [ -45.223842, -3.499855, 0.0 ], [ -45.219554, -3.49763, 0.0 ], [ -45.218339, -3.496841, 0.0 ], [ -45.21716, -3.495943, 0.0 ], [ -45.216409, -3.495118, 0.0 ], [ -45.215944, -3.494292, 0.0 ], [ -45.215944, -3.493538, 0.0 ], [ -45.216158, -3.492892, 0.0 ], [ -45.218052, -3.49167, 0.0 ], [ -45.219838, -3.489875, 0.0 ], [ -45.220231, -3.489264, 0.0 ], [ -45.220481, -3.488331, 0.0 ], [ -45.220374, -3.487649, 0.0 ], [ -45.220052, -3.487146, 0.0 ], [ -45.219409, -3.486967, 0.0 ], [ -45.217908, -3.487326, 0.0 ], [ -45.217086, -3.488152, 0.0 ], [ -45.216443, -3.488547, 0.0 ], [ -45.21455, -3.489086, 0.0 ], [ -45.213656, -3.489086, 0.0 ], [ -45.212799, -3.488799, 0.0 ], [ -45.210798, -3.488836, 0.0 ], [ -45.209619, -3.48862, 0.0 ], [ -45.208654, -3.488298, 0.0 ], [ -45.208118, -3.487759, 0.0 ], [ -45.208225, -3.486143, 0.0 ], [ -45.208546, -3.485425, 0.0 ], [ -45.209832, -3.48406, 0.0 ], [ -45.21144, -3.482947, 0.0 ], [ -45.21194, -3.482229, 0.0 ], [ -45.21244, -3.480362, 0.0 ], [ -45.212439, -3.479428, 0.0 ], [ -45.212189, -3.478459, 0.0 ], [ -45.211296, -3.477597, 0.0 ], [ -45.210009, -3.475946, 0.0 ], [ -45.210187, -3.475228, 0.0 ], [ -45.212331, -3.473432, 0.0 ], [ -45.212652, -3.472822, 0.0 ], [ -45.212723, -3.471852, 0.0 ], [ -45.212366, -3.47038, 0.0 ], [ -45.211615, -3.469519, 0.0 ], [ -45.210793, -3.468944, 0.0 ], [ -45.209471, -3.468442, 0.0 ], [ -45.20697, -3.468191, 0.0 ], [ -45.205041, -3.468946, 0.0 ], [ -45.204576, -3.469556, 0.0 ], [ -45.204612, -3.470166, 0.0 ], [ -45.205148, -3.47189, 0.0 ], [ -45.204577, -3.473218, 0.0 ], [ -45.204148, -3.473829, 0.0 ], [ -45.204149, -3.474475, 0.0 ], [ -45.204863, -3.475516, 0.0 ], [ -45.205614, -3.475803, 0.0 ], [ -45.205864, -3.476306, 0.0 ], [ -45.205829, -3.478604, 0.0 ], [ -45.206329, -3.478891, 0.0 ], [ -45.207187, -3.478891, 0.0 ], [ -45.208008, -3.478639, 0.0 ], [ -45.208866, -3.478567, 0.0 ], [ -45.209366, -3.47907, 0.0 ], [ -45.209652, -3.479824, 0.0 ], [ -45.208795, -3.481368, 0.0 ], [ -45.207152, -3.482733, 0.0 ], [ -45.206223, -3.482984, 0.0 ], [ -45.20558, -3.482877, 0.0 ], [ -45.203829, -3.482015, 0.0 ], [ -45.202614, -3.481585, 0.0 ], [ -45.200505, -3.481118, 0.0 ], [ -45.199576, -3.481226, 0.0 ], [ -45.197615, -3.483906, 0.0 ], [ -45.196614, -3.484014, 0.0 ] ] } },
{ "type": "Feature", "properties": { "nome": "Rio Pindaré", "comprimento_m": 3419.0130151899998 }, "geometry": { "type": "LineString", "coordinates": [ [ -46.322633, -4.034801, 0.0 ], [ -46.321498, -4.033128, 0.0 ], [ -46.320006, -4.031635, 0.0 ], [ -46.318247, -4.030471, 0.0 ], [ -46.315059, -4.030327, 0.0 ], [ -46.314255, -4.030148, 0.0 ], [ -46.313777, -4.029132, 0.0 ], [ -46.31315, -4.028266, 0.0 ], [ -46.310913, -4.026415, 0.0 ], [ -46.309929, -4.026087, 0.0 ], [ -46.308261, -4.02588, 0.0 ], [ -46.307538, -4.024939, 0.0 ], [ -46.306716, -4.024545, 0.0 ], [ -46.306249, -4.023433, 0.0 ], [ -46.30582, -4.023111, 0.0 ], [ -46.304533, -4.023185, 0.0 ], [ -46.304032, -4.022504, 0.0 ], [ -46.303456, -4.020387, 0.0 ], [ -46.302919, -4.019849, 0.0 ], [ -46.300845, -4.019314, 0.0 ], [ -46.300166, -4.019315, 0.0 ], [ -46.299414, -4.01867, 0.0 ] ] } },
{ "type": "Feature", "properties": { "nome": "Rio Pindaré", "comprimento_m": 265.79680723000001 }, "geometry": { "type": "LineString", "coordinates": [ [ -46.923628, -5.691358, 0.0 ], [ -46.923914, -5.690555, 0.0 ], [ -46.923601, -5.689767, 0.0 ], [ -46.922939, -5.689568, 0.0 ] ] } },
{ "type": "Feature", "properties": { "nome": "Rio Pindaré", "comprimento_m": 2940.28806867 }, "geometry": { "type": "LineString", "coordinates": [ [ -46.919675, -4.816972, 0.0 ], [ -46.919168, -4.816103, 0.0 ], [ -46.919168, -4.815452, 0.0 ], [ -46.920906, -4.812628, 0.0 ], [ -46.920906, -4.809949, 0.0 ], [ -46.920544, -4.808646, 0.0 ], [ -46.919964, -4.804447, 0.0 ], [ -46.919964, -4.801537, 0.0 ], [ -46.920269, -4.801228, 0.0 ], [ -46.920616, -4.801189, 0.0 ], [ -46.921268, -4.801768, 0.0 ], [ -46.922178, -4.801459, 0.0 ], [ -46.923604, -4.799853, 0.0 ], [ -46.923863, -4.798799, 0.0 ], [ -46.924815, -4.796918, 0.0 ], [ -46.925454, -4.796379, 0.0 ], [ -46.9255, -4.795828, 0.0 ], [ -46.924743, -4.795108, 0.0 ] ] } },
{ "type": "Feature", "properties": { "nome": "Rio Pindaré", "comprimento_m": 989.42506144200001 }, "geometry": { "type": "LineString", "coordinates": [ [ -46.4182, -4.11463, 0.0 ], [ -46.417296, -4.114421, 0.0 ], [ -46.416731, -4.114542, 0.0 ], [ -46.416106, -4.114932, 0.0 ], [ -46.415599, -4.114963, 0.0 ], [ -46.414944, -4.114665, 0.0 ], [ -46.414555, -4.114187, 0.0 ], [ -46.414046, -4.112662, 0.0 ], [ -46.412287, -4.111559, 0.0 ], [ -46.411243, -4.111082, 0.0 ] ] } },
{ "type": "Feature", "properties": { "nome": "Rio Pindaré", "comprimento_m": 450.10455587299998 }, "geometry": { "type": "LineString", "coordinates": [ [ -46.895474, -5.806326, 0.0 ], [ -46.895446, -5.804415, 0.0 ], [ -46.89515, -5.802277, 0.0 ] ] } },
{ "type": "Feature", "properties": { "nome": "Rio Pindaré", "comprimento_m": 1524.3374587599999 }, "geometry": { "type": "LineString", "coordinates": [ [ -46.738025, -4.382141, 0.0 ], [ -46.737663, -4.380187, 0.0 ], [ -46.736939, -4.37939, 0.0 ], [ -46.73607, -4.378956, 0.0 ], [ -46.734694, -4.378739, 0.0 ], [ -46.733536, -4.378377, 0.0 ], [ -46.732215, -4.377843, 0.0 ], [ -46.731346, -4.377245, 0.0 ], [ -46.730966, -4.376376, 0.0 ], [ -46.7314, -4.375616, 0.0 ], [ -46.733301, -4.373553, 0.0 ] ] } },
{ "type": "Feature", "properties": { "nome": "Rio Pindaré", "comprimento_m": 4191.6529156400002 }, "geometry": { "type": "LineString", "coordinates": [ [ -46.251288, -3.956131, 0.0 ], [ -46.250591, -3.955185, 0.0 ], [ -46.250475, -3.954438, 0.0 ], [ -46.250725, -3.953907, 0.0 ], [ -46.250771, -3.952567, 0.0 ], [ -46.251437, -3.951896, 0.0 ], [ -46.251555, -3.95113, 0.0 ], [ -46.250506, -3.950964, 0.0 ], [ -46.247741, -3.949819, 0.0 ], [ -46.247287, -3.949294, 0.0 ], [ -46.246405, -3.948936, 0.0 ], [ -46.245976, -3.948913, 0.0 ], [ -46.24488, -3.949297, 0.0 ], [ -46.244594, -3.949274, 0.0 ], [ -46.244236, -3.948939, 0.0 ], [ -46.244164, -3.948485, 0.0 ], [ -46.243925, -3.948126, 0.0 ], [ -46.243006, -3.948041, 0.0 ], [ -46.242728, -3.947142, 0.0 ], [ -46.242547, -3.947056, 0.0 ], [ -46.240344, -3.946744, 0.0 ], [ -46.238724, -3.946756, 0.0 ], [ -46.238019, -3.947159, 0.0 ], [ -46.23736, -3.947873, 0.0 ], [ -46.236907, -3.947909, 0.0 ], [ -46.236633, -3.947718, 0.0 ], [ -46.236429, -3.946749, 0.0 ], [ -46.236095, -3.946499, 0.0 ], [ -46.235297, -3.946572, 0.0 ], [ -46.235093, -3.945926, 0.0 ], [ -46.234736, -3.945926, 0.0 ], [ -46.23445, -3.946022, 0.0 ], [ -46.234272, -3.946358, 0.0 ], [ -46.234273, -3.946932, 0.0 ], [ -46.23444, -3.947386, 0.0 ], [ -46.234345, -3.947626, 0.0 ], [ -46.234202, -3.947734, 0.0 ], [ -46.233583, -3.947627, 0.0 ], [ -46.233189, -3.947149, 0.0 ], [ -46.232163, -3.946528, 0.0 ], [ -46.230805, -3.946399, 0.0 ], [ -46.230638, -3.946172, 0.0 ], [ -46.23066, -3.94549, 0.0 ], [ -46.22998, -3.944509, 0.0 ], [ -46.229176, -3.943825, 0.0 ], [ -46.22833, -3.943575, 0.0 ], [ -46.228151, -3.943085, 0.0 ], [ -46.227543, -3.942978, 0.0 ] ] } },
{ "type": "Feature", "properties": { "nome": "Rio Pindaré", "comprimento_m": 3762.9752836100001 }, "geometry": { "type": "LineString", "coordinates": [ [ -46.214003, -3.934494, 0.0 ], [ -46.214746, -3.933947, 0.0 ], [ -46.214759, -3.933459, 0.0 ], [ -46.213772, -3.932657, 0.0 ], [ -46.213371, -3.932111, 0.0 ], [ -46.213113, -3.93194, 0.0 ], [ -46.212899, -3.931997, 0.0 ], [ -46.212856, -3.932471, 0.0 ], [ -46.212685, -3.932716, 0.0 ], [ -46.211756, -3.93299, 0.0 ], [ -46.211341, -3.932832, 0.0 ], [ -46.211284, -3.93256, 0.0 ], [ -46.211483, -3.9321, 0.0 ], [ -46.210954, -3.931524, 0.0 ], [ -46.210394, -3.931166, 0.0 ], [ -46.209417, -3.93149, 0.0 ], [ -46.209107, -3.931215, 0.0 ], [ -46.20788, -3.931313, 0.0 ], [ -46.207665, -3.931074, 0.0 ], [ -46.207653, -3.930739, 0.0 ], [ -46.207926, -3.930343, 0.0 ], [ -46.20789, -3.929817, 0.0 ], [ -46.206721, -3.929113, 0.0 ], [ -46.206435, -3.928718, 0.0 ], [ -46.205767, -3.928384, 0.0 ], [ -46.205457, -3.928014, 0.0 ], [ -46.205586, -3.92659, 0.0 ], [ -46.205335, -3.924744, 0.0 ], [ -46.205585, -3.924325, 0.0 ], [ -46.205584, -3.923691, 0.0 ], [ -46.206107, -3.92247, 0.0 ], [ -46.206072, -3.92214, 0.0 ], [ -46.205614, -3.921356, 0.0 ], [ -46.205059, -3.919806, 0.0 ], [ -46.204582, -3.919615, 0.0 ], [ -46.204486, -3.919424, 0.0 ], [ -46.20438, -3.918538, 0.0 ], [ -46.204694, -3.91815, 0.0 ], [ -46.204865, -3.917633, 0.0 ], [ -46.204434, -3.916169, 0.0 ], [ -46.205097, -3.915595, 0.0 ], [ -46.205144, -3.915332, 0.0 ], [ -46.204905, -3.914805, 0.0 ], [ -46.205417, -3.914494, 0.0 ], [ -46.204915, -3.913705, 0.0 ], [ -46.204855, -3.913226, 0.0 ], [ -46.205009, -3.912759, 0.0 ], [ -46.205307, -3.912555, 0.0 ], [ -46.205449, -3.912232, 0.0 ] ] } },
{ "type": "Feature", "properties": { "nome": "Rio Pindaré", "comprimento_m": 239.81500871099999 }, "geometry": { "type": "LineString", "coordinates": [ [ -46.912754, -5.696062, 0.0 ], [ -46.913937, -5.696295, 0.0 ], [ -46.914879, -5.696176, 0.0 ] ] } },
{ "type": "Feature", "properties": { "nome": "Rio Pindaré", "comprimento_m": 787.79141217300003 }, "geometry": { "type": "LineString", "coordinates": [ [ -45.565476, -3.665498, 0.0 ], [ -45.564585, -3.665258, 0.0 ], [ -45.564072, -3.664846, 0.0 ], [ -45.5639, -3.664192, 0.0 ], [ -45.563557, -3.663642, 0.0 ], [ -45.56229, -3.662405, 0.0 ], [ -45.56116, -3.661959, 0.0 ], [ -45.559961, -3.661822, 0.0 ] ] } },
{ "type": "Feature", "properties": { "nome": "Rio Pindaré", "comprimento_m": 2591.0837583500002 }, "geometry": { "type": "LineString", "coordinates": [ [ -46.884523, -5.177352, 0.0 ], [ -46.883524, -5.176103, 0.0 ], [ -46.882191, -5.17552, 0.0 ], [ -46.880775, -5.17552, 0.0 ], [ -46.879443, -5.175769, 0.0 ], [ -46.878776, -5.175186, 0.0 ], [ -46.878776, -5.174354, 0.0 ], [ -46.879276, -5.173521, 0.0 ], [ -46.879609, -5.172355, 0.0 ], [ -46.879526, -5.170856, 0.0 ], [ -46.879193, -5.170106, 0.0 ], [ -46.878277, -5.169274, 0.0 ], [ -46.876611, -5.168691, 0.0 ], [ -46.875945, -5.168274, 0.0 ], [ -46.875612, -5.167525, 0.0 ], [ -46.876111, -5.166942, 0.0 ], [ -46.878693, -5.167025, 0.0 ], [ -46.87886, -5.166359, 0.0 ], [ -46.87811, -5.165859, 0.0 ], [ -46.876944, -5.165692, 0.0 ], [ -46.876611, -5.165193, 0.0 ] ] } },
{ "type": "Feature", "properties": { "nome": "Rio Pindaré", "comprimento_m": 2544.7990427499999 }, "geometry": { "type": "LineString", "coordinates": [ [ -46.905969, -5.320037, 0.0 ], [ -46.906028, -5.318431, 0.0 ], [ -46.906444, -5.316825, 0.0 ], [ -46.907039, -5.315754, 0.0 ], [ -46.90692, -5.314505, 0.0 ], [ -46.907337, -5.313256, 0.0 ], [ -46.907456, -5.312066, 0.0 ], [ -46.907456, -5.310698, 0.0 ], [ -46.907218, -5.308557, 0.0 ], [ -46.906682, -5.307605, 0.0 ], [ -46.906385, -5.306356, 0.0 ], [ -46.906385, -5.305404, 0.0 ], [ -46.908036, -5.303789, 0.0 ], [ -46.908969, -5.302627, 0.0 ], [ -46.909304, -5.301399, 0.0 ], [ -46.909237, -5.30056, 0.0 ], [ -46.909577, -5.298643, 0.0 ] ] } },
{ "type": "Feature", "properties": { "nome": "Rio Pindaré", "comprimento_m": 17287.033319300001 }, "geometry": { "type": "LineString", "coordinates": [ [ -45.404277, -3.575933, 0.0 ], [ -45.403848, -3.575466, 0.0 ], [ -45.402454, -3.574749, 0.0 ], [ -45.401238, -3.574318, 0.0 ], [ -45.397665, -3.574284, 0.0 ], [ -45.396879, -3.573782, 0.0 ], [ -45.396628, -3.573064, 0.0 ], [ -45.396806, -3.571843, 0.0 ], [ -45.396699, -3.570981, 0.0 ], [ -45.396305, -3.570479, 0.0 ], [ -45.395448, -3.570228, 0.0 ], [ -45.393018, -3.56987, 0.0 ], [ -45.392231, -3.569475, 0.0 ], [ -45.392088, -3.568218, 0.0 ], [ -45.392373, -3.567213, 0.0 ], [ -45.392408, -3.565885, 0.0 ], [ -45.392228, -3.562725, 0.0 ], [ -45.391763, -3.561145, 0.0 ], [ -45.391334, -3.560607, 0.0 ], [ -45.389619, -3.560356, 0.0 ], [ -45.388976, -3.560716, 0.0 ], [ -45.387119, -3.564594, 0.0 ], [ -45.387298, -3.565743, 0.0 ], [ -45.389372, -3.567717, 0.0 ], [ -45.389658, -3.56822, 0.0 ], [ -45.389337, -3.569943, 0.0 ], [ -45.389016, -3.570841, 0.0 ], [ -45.387694, -3.572134, 0.0 ], [ -45.385515, -3.573786, 0.0 ], [ -45.382299, -3.574362, 0.0 ], [ -45.381727, -3.573896, 0.0 ], [ -45.381191, -3.57307, 0.0 ], [ -45.379261, -3.571778, 0.0 ], [ -45.377295, -3.571312, 0.0 ], [ -45.37658, -3.571349, 0.0 ], [ -45.37608, -3.571528, 0.0 ], [ -45.37583, -3.571923, 0.0 ], [ -45.375759, -3.57239, 0.0 ], [ -45.376582, -3.573898, 0.0 ], [ -45.376689, -3.574544, 0.0 ], [ -45.376582, -3.575334, 0.0 ], [ -45.375511, -3.577094, 0.0 ], [ -45.374189, -3.578638, 0.0 ], [ -45.37351, -3.579177, 0.0 ], [ -45.372939, -3.579285, 0.0 ], [ -45.37226, -3.579214, 0.0 ], [ -45.371509, -3.578675, 0.0 ], [ -45.371044, -3.577778, 0.0 ], [ -45.370472, -3.577383, 0.0 ], [ -45.368757, -3.577061, 0.0 ], [ -45.367328, -3.577528, 0.0 ], [ -45.36647, -3.577636, 0.0 ], [ -45.364541, -3.578355, 0.0 ], [ -45.36379, -3.578391, 0.0 ], [ -45.362253, -3.577602, 0.0 ], [ -45.36136, -3.576705, 0.0 ], [ -45.360752, -3.576346, 0.0 ], [ -45.359966, -3.576202, 0.0 ], [ -45.356286, -3.57703, 0.0 ], [ -45.354928, -3.577497, 0.0 ], [ -45.35332, -3.578934, 0.0 ], [ -45.351178, -3.582561, 0.0 ], [ -45.35057, -3.583351, 0.0 ], [ -45.346784, -3.586871, 0.0 ], [ -45.345784, -3.589026, 0.0 ], [ -45.345785, -3.590713, 0.0 ], [ -45.346107, -3.591683, 0.0 ], [ -45.347501, -3.592687, 0.0 ], [ -45.347644, -3.593621, 0.0 ], [ -45.347465, -3.59398, 0.0 ], [ -45.345608, -3.595309, 0.0 ], [ -45.345465, -3.596853, 0.0 ], [ -45.345609, -3.597823, 0.0 ], [ -45.346217, -3.599582, 0.0 ], [ -45.346217, -3.600479, 0.0 ], [ -45.346003, -3.602059, 0.0 ], [ -45.345718, -3.602921, 0.0 ], [ -45.345289, -3.603531, 0.0 ], [ -45.34461, -3.603639, 0.0 ], [ -45.343788, -3.603568, 0.0 ], [ -45.342609, -3.603066, 0.0 ], [ -45.338392, -3.602134, 0.0 ], [ -45.337248, -3.601667, 0.0 ], [ -45.335104, -3.601417, 0.0 ], [ -45.33296, -3.601669, 0.0 ], [ -45.328957, -3.601383, 0.0 ], [ -45.327563, -3.601456, 0.0 ], [ -45.325241, -3.602498, 0.0 ], [ -45.324491, -3.602713, 0.0 ], [ -45.323311, -3.602714, 0.0 ], [ -45.320845, -3.600489, 0.0 ], [ -45.317913, -3.596971, 0.0 ], [ -45.316948, -3.596397, 0.0 ], [ -45.315912, -3.596002, 0.0 ], [ -45.314804, -3.595787, 0.0 ], [ -45.313374, -3.59568, 0.0 ], [ -45.311588, -3.595788, 0.0 ], [ -45.310587, -3.595322, 0.0 ], [ -45.309586, -3.594604, 0.0 ], [ -45.308764, -3.593779, 0.0 ] ] } },
{ "type": "Feature", "properties": { "nome": "Rio Pindaré", "comprimento_m": 1657.7893552 }, "geometry": { "type": "LineString", "coordinates": [ [ -46.604774, -4.315289, 0.0 ], [ -46.604231, -4.314801, 0.0 ], [ -46.603362, -4.314584, 0.0 ], [ -46.602004, -4.314801, 0.0 ], [ -46.601733, -4.314692, 0.0 ], [ -46.60081, -4.313715, 0.0 ], [ -46.600701, -4.312955, 0.0 ], [ -46.600375, -4.312357, 0.0 ], [ -46.599669, -4.311706, 0.0 ], [ -46.598801, -4.311, 0.0 ], [ -46.597497, -4.310565, 0.0 ], [ -46.596248, -4.309805, 0.0 ], [ -46.595488, -4.309479, 0.0 ], [ -46.593588, -4.309588, 0.0 ], [ -46.592393, -4.309805, 0.0 ] ] } },
{ "type": "Feature", "properties": { "nome": "Rio Pindaré", "comprimento_m": 1218.43766235 }, "geometry": { "type": "LineString", "coordinates": [ [ -46.890639, -5.815848, 0.0 ], [ -46.891411, -5.81505, 0.0 ], [ -46.892095, -5.813899, 0.0 ], [ -46.892492, -5.812578, 0.0 ], [ -46.893349, -5.811771, 0.0 ], [ -46.895287, -5.808434, 0.0 ], [ -46.89557, -5.807228, 0.0 ], [ -46.895474, -5.806326, 0.0 ] ] } },
{ "type": "Feature", "properties": { "nome": "Rio Pindaré", "comprimento_m": 6656.8670633000002 }, "geometry": { "type": "LineString", "coordinates": [ [ -45.61653, -3.678878, 0.0 ], [ -45.615743, -3.679429, 0.0 ], [ -45.614853, -3.679671, 0.0 ], [ -45.611326, -3.679914, 0.0 ], [ -45.6103, -3.680396, 0.0 ], [ -45.60852, -3.681567, 0.0 ], [ -45.607733, -3.681636, 0.0 ], [ -45.606672, -3.681637, 0.0 ], [ -45.604857, -3.681294, 0.0 ], [ -45.60133, -3.68109, 0.0 ], [ -45.599208, -3.680679, 0.0 ], [ -45.597975, -3.680061, 0.0 ], [ -45.596467, -3.678514, 0.0 ], [ -45.595234, -3.677999, 0.0 ], [ -45.594618, -3.678205, 0.0 ], [ -45.594105, -3.678687, 0.0 ], [ -45.593764, -3.680132, 0.0 ], [ -45.592976, -3.680098, 0.0 ], [ -45.592257, -3.679411, 0.0 ], [ -45.590818, -3.678621, 0.0 ], [ -45.589449, -3.678725, 0.0 ], [ -45.588867, -3.678966, 0.0 ], [ -45.587772, -3.680136, 0.0 ], [ -45.587362, -3.680343, 0.0 ], [ -45.585957, -3.678899, 0.0 ], [ -45.5851, -3.67687, 0.0 ], [ -45.584996, -3.675598, 0.0 ], [ -45.584688, -3.675082, 0.0 ], [ -45.584243, -3.674807, 0.0 ], [ -45.583626, -3.674705, 0.0 ], [ -45.581573, -3.675222, 0.0 ], [ -45.580922, -3.675257, 0.0 ], [ -45.580169, -3.67512, 0.0 ], [ -45.579587, -3.674845, 0.0 ], [ -45.579038, -3.674226, 0.0 ], [ -45.578559, -3.673298, 0.0 ], [ -45.578215, -3.670959, 0.0 ], [ -45.577975, -3.670546, 0.0 ], [ -45.577461, -3.670272, 0.0 ], [ -45.576811, -3.670306, 0.0 ], [ -45.575407, -3.671064, 0.0 ], [ -45.574689, -3.671168, 0.0 ], [ -45.57349, -3.670653, 0.0 ], [ -45.572873, -3.669931, 0.0 ], [ -45.572154, -3.66945, 0.0 ], [ -45.56897, -3.66952, 0.0 ], [ -45.568422, -3.669142, 0.0 ] ] } },
{ "type": "Feature", "properties": { "nome": "Rio Pindaré", "comprimento_m": 2590.9472583299998 }, "geometry": { "type": "LineString", "coordinates": [ [ -45.76556, -3.644594, 0.0 ], [ -45.765239, -3.644845, 0.0 ], [ -45.764631, -3.644882, 0.0 ], [ -45.762844, -3.643663, 0.0 ], [ -45.761314, -3.642997, 0.0 ], [ -45.758267, -3.642759, 0.0 ], [ -45.756042, -3.642761, 0.0 ], [ -45.755323, -3.642968, 0.0 ], [ -45.753646, -3.644139, 0.0 ], [ -45.753201, -3.644139, 0.0 ], [ -45.751421, -3.643556, 0.0 ], [ -45.750393, -3.642938, 0.0 ], [ -45.747619, -3.640636, 0.0 ], [ -45.746865, -3.640327, 0.0 ], [ -45.74577, -3.640156, 0.0 ], [ -45.744777, -3.640328, 0.0 ], [ -45.744515, -3.640519, 0.0 ] ] } },
{ "type": "Feature", "properties": { "nome": "Rio Pindaré", "comprimento_m": 262.864292718 }, "geometry": { "type": "LineString", "coordinates": [ [ -46.928153, -5.682645, 0.0 ], [ -46.928247, -5.682263, 0.0 ], [ -46.92793, -5.681863, 0.0 ], [ -46.926498, -5.681531, 0.0 ] ] } },
{ "type": "Feature", "properties": { "nome": "Rio Pindaré", "comprimento_m": 247.57045096499999 }, "geometry": { "type": "LineString", "coordinates": [ [ -46.9221, -5.68691, 0.0 ], [ -46.922213, -5.686245, 0.0 ], [ -46.922142, -5.684686, 0.0 ] ] } },
{ "type": "Feature", "properties": { "nome": "Rio Pindaré", "comprimento_m": 836.34745897599998 }, "geometry": { "type": "LineString", "coordinates": [ [ -46.824976, -4.378449, 0.0 ], [ -46.823673, -4.377725, 0.0 ], [ -46.82208, -4.377725, 0.0 ], [ -46.819329, -4.378449, 0.0 ], [ -46.817736, -4.378666, 0.0 ] ] } },
{ "type": "Feature", "properties": { "nome": "Rio Pindaré", "comprimento_m": 647.20097318700005 }, "geometry": { "type": "LineString", "coordinates": [ [ -46.936283, -5.658488, 0.0 ], [ -46.936259, -5.657906, 0.0 ], [ -46.935905, -5.657264, 0.0 ], [ -46.934695, -5.656288, 0.0 ], [ -46.9339, -5.656199, 0.0 ], [ -46.932481, -5.656831, 0.0 ], [ -46.931878, -5.656957, 0.0 ] ] } },
{ "type": "Feature", "properties": { "nome": "Rio Pindaré", "comprimento_m": 3882.2867817900001 }, "geometry": { "type": "LineString", "coordinates": [ [ -46.517949, -4.228193, 0.0 ], [ -46.517372, -4.22824, 0.0 ], [ -46.516369, -4.228676, 0.0 ], [ -46.516077, -4.228664, 0.0 ], [ -46.516152, -4.228147, 0.0 ], [ -46.516404, -4.22798, 0.0 ], [ -46.51631, -4.227664, 0.0 ], [ -46.515446, -4.227842, 0.0 ], [ -46.514759, -4.22769, 0.0 ], [ -46.513451, -4.227906, 0.0 ], [ -46.512678, -4.227642, 0.0 ], [ -46.512546, -4.22668, 0.0 ], [ -46.512354, -4.226451, 0.0 ], [ -46.511916, -4.226528, 0.0 ], [ -46.511667, -4.226402, 0.0 ], [ -46.511553, -4.226165, 0.0 ], [ -46.511609, -4.225706, 0.0 ], [ -46.510941, -4.224941, 0.0 ], [ -46.511133, -4.224508, 0.0 ], [ -46.511454, -4.224385, 0.0 ], [ -46.511606, -4.224002, 0.0 ], [ -46.511483, -4.223725, 0.0 ], [ -46.509858, -4.222817, 0.0 ], [ -46.508663, -4.222329, 0.0 ], [ -46.50812, -4.222274, 0.0 ], [ -46.507632, -4.222709, 0.0 ], [ -46.506871, -4.222546, 0.0 ], [ -46.506491, -4.221623, 0.0 ], [ -46.506491, -4.220374, 0.0 ], [ -46.506111, -4.219234, 0.0 ], [ -46.505025, -4.219396, 0.0 ], [ -46.503776, -4.219994, 0.0 ], [ -46.503016, -4.219071, 0.0 ], [ -46.500366, -4.217169, 0.0 ], [ -46.498999, -4.215232, 0.0 ], [ -46.495348, -4.213014, 0.0 ], [ -46.495347, -4.212381, 0.0 ] ] } },
{ "type": "Feature", "properties": { "nome": "Rio Pindaré", "comprimento_m": 1074.89817143 }, "geometry": { "type": "LineString", "coordinates": [ [ -46.908465, -5.761778, 0.0 ], [ -46.910102, -5.761538, 0.0 ], [ -46.911992, -5.761015, 0.0 ], [ -46.914514, -5.761006, 0.0 ], [ -46.917207, -5.760538, 0.0 ], [ -46.917429, -5.759734, 0.0 ] ] } },
{ "type": "Feature", "properties": { "nome": "Rio Pindaré", "comprimento_m": 7751.4846124599999 }, "geometry": { "type": "LineString", "coordinates": [ [ -45.306184, -3.572739, 0.0 ], [ -45.305647, -3.571519, 0.0 ], [ -45.305576, -3.57037, 0.0 ], [ -45.306433, -3.568431, 0.0 ], [ -45.306504, -3.567677, 0.0 ], [ -45.305681, -3.566025, 0.0 ], [ -45.304859, -3.565056, 0.0 ], [ -45.303787, -3.564303, 0.0 ], [ -45.301857, -3.563585, 0.0 ], [ -45.299355, -3.562221, 0.0 ], [ -45.298426, -3.561899, 0.0 ], [ -45.296782, -3.561756, 0.0 ], [ -45.294638, -3.562223, 0.0 ], [ -45.294066, -3.562115, 0.0 ], [ -45.293387, -3.561541, 0.0 ], [ -45.291814, -3.559531, 0.0 ], [ -45.291385, -3.559244, 0.0 ], [ -45.290742, -3.559101, 0.0 ], [ -45.290278, -3.559388, 0.0 ], [ -45.290028, -3.559891, 0.0 ], [ -45.289421, -3.562153, 0.0 ], [ -45.289386, -3.56323, 0.0 ], [ -45.289743, -3.563409, 0.0 ], [ -45.291494, -3.563552, 0.0 ], [ -45.292709, -3.563839, 0.0 ], [ -45.29421, -3.564665, 0.0 ], [ -45.295604, -3.565634, 0.0 ], [ -45.296605, -3.566567, 0.0 ], [ -45.297642, -3.56811, 0.0 ], [ -45.297499, -3.569475, 0.0 ], [ -45.295214, -3.573856, 0.0 ], [ -45.294214, -3.575005, 0.0 ], [ -45.292606, -3.57576, 0.0 ], [ -45.289748, -3.577807, 0.0 ], [ -45.289176, -3.577879, 0.0 ], [ -45.288747, -3.577664, 0.0 ], [ -45.287496, -3.576013, 0.0 ], [ -45.286709, -3.575223, 0.0 ], [ -45.284958, -3.574075, 0.0 ], [ -45.2846, -3.573428, 0.0 ], [ -45.284421, -3.572675, 0.0 ], [ -45.284564, -3.571956, 0.0 ], [ -45.285243, -3.570771, 0.0 ], [ -45.285421, -3.570197, 0.0 ], [ -45.285314, -3.569694, 0.0 ], [ -45.284956, -3.569227, 0.0 ], [ -45.28417, -3.568869, 0.0 ], [ -45.283384, -3.568833, 0.0 ], [ -45.282669, -3.569013, 0.0 ], [ -45.281205, -3.57027, 0.0 ], [ -45.280276, -3.570593, 0.0 ], [ -45.279811, -3.570522, 0.0 ] ] } },
{ "type": "Feature", "properties": { "nome": "Rio Pindaré", "comprimento_m": 360.78120256400001 }, "geometry": { "type": "LineString", "coordinates": [ [ -46.087882, -3.72086, 0.0 ], [ -46.087104, -3.721197, 0.0 ], [ -46.08502, -3.721169, 0.0 ], [ -46.084781, -3.72096, 0.0 ] ] } },
{ "type": "Feature", "properties": { "nome": "Rio Pindaré", "comprimento_m": 89.5346014741 }, "geometry": { "type": "LineString", "coordinates": [ [ -46.928363, -4.861208, 0.0 ], [ -46.928218, -4.860412, 0.0 ] ] } },
{ "type": "Feature", "properties": { "nome": "Rio Pindaré", "comprimento_m": 149.21241047300001 }, "geometry": { "type": "LineString", "coordinates": [ [ -46.914962, -5.709683, 0.0 ], [ -46.914816, -5.708838, 0.0 ], [ -46.914465, -5.70851, 0.0 ] ] } },
{ "type": "Feature", "properties": { "nome": "Rio Pindaré", "comprimento_m": 7125.4079074499996 }, "geometry": { "type": "LineString", "coordinates": [ [ -45.274765, -3.544169, 0.0 ], [ -45.274586, -3.543631, 0.0 ], [ -45.274514, -3.542302, 0.0 ], [ -45.2748, -3.542051, 0.0 ], [ -45.275121, -3.541907, 0.0 ], [ -45.27823, -3.541583, 0.0 ], [ -45.278766, -3.541367, 0.0 ], [ -45.279052, -3.541008, 0.0 ], [ -45.27923, -3.540541, 0.0 ], [ -45.278836, -3.538136, 0.0 ], [ -45.278943, -3.535587, 0.0 ], [ -45.278621, -3.53512, 0.0 ], [ -45.277978, -3.534725, 0.0 ], [ -45.276727, -3.534402, 0.0 ], [ -45.276441, -3.534151, 0.0 ], [ -45.276334, -3.533756, 0.0 ], [ -45.276477, -3.533397, 0.0 ], [ -45.277263, -3.532679, 0.0 ], [ -45.277441, -3.532176, 0.0 ], [ -45.277298, -3.531386, 0.0 ], [ -45.276154, -3.53092, 0.0 ], [ -45.275582, -3.530525, 0.0 ], [ -45.274224, -3.528551, 0.0 ], [ -45.273509, -3.528156, 0.0 ], [ -45.27283, -3.528012, 0.0 ], [ -45.272259, -3.528228, 0.0 ], [ -45.271651, -3.529234, 0.0 ], [ -45.27133, -3.530383, 0.0 ], [ -45.27133, -3.530849, 0.0 ], [ -45.273225, -3.533326, 0.0 ], [ -45.274011, -3.534619, 0.0 ], [ -45.27419, -3.535229, 0.0 ], [ -45.274262, -3.536521, 0.0 ], [ -45.273941, -3.537168, 0.0 ], [ -45.273012, -3.537671, 0.0 ], [ -45.272333, -3.537599, 0.0 ], [ -45.270475, -3.537097, 0.0 ], [ -45.269474, -3.536487, 0.0 ], [ -45.268795, -3.535697, 0.0 ], [ -45.268294, -3.534548, 0.0 ], [ -45.267293, -3.532969, 0.0 ], [ -45.267293, -3.532251, 0.0 ], [ -45.268293, -3.530384, 0.0 ], [ -45.26865, -3.528337, 0.0 ], [ -45.269399, -3.526146, 0.0 ], [ -45.269435, -3.524818, 0.0 ], [ -45.268934, -3.522771, 0.0 ], [ -45.266932, -3.519541, 0.0 ], [ -45.266967, -3.518535, 0.0 ], [ -45.267467, -3.51534, 0.0 ], [ -45.267967, -3.514334, 0.0 ], [ -45.268265, -3.51413, 0.0 ] ] } },
{ "type": "Feature", "properties": { "nome": "Rio Pindaré", "comprimento_m": 1847.5988314599999 }, "geometry": { "type": "LineString", "coordinates": [ [ -45.828309, -3.643676, 0.0 ], [ -45.825878, -3.641955, 0.0 ], [ -45.822446, -3.640271, 0.0 ], [ -45.819336, -3.639053, 0.0 ], [ -45.817549, -3.638911, 0.0 ], [ -45.816798, -3.638625, 0.0 ], [ -45.815297, -3.637693, 0.0 ], [ -45.814402, -3.636617, 0.0 ], [ -45.813759, -3.636258, 0.0 ] ] } },
{ "type": "Feature", "properties": { "nome": "Rio Pindaré", "comprimento_m": 1777.3869865500001 }, "geometry": { "type": "LineString", "coordinates": [ [ -46.619977, -4.322403, 0.0 ], [ -46.619815, -4.321968, 0.0 ], [ -46.618783, -4.32186, 0.0 ], [ -46.618348, -4.321317, 0.0 ], [ -46.617371, -4.321805, 0.0 ], [ -46.616882, -4.321697, 0.0 ], [ -46.616502, -4.321208, 0.0 ], [ -46.615959, -4.320991, 0.0 ], [ -46.615579, -4.3211, 0.0 ], [ -46.615145, -4.320937, 0.0 ], [ -46.613787, -4.319253, 0.0 ], [ -46.612864, -4.317733, 0.0 ], [ -46.61205, -4.317027, 0.0 ], [ -46.610964, -4.316375, 0.0 ], [ -46.609878, -4.316158, 0.0 ], [ -46.607108, -4.316321, 0.0 ] ] } },
{ "type": "Feature", "properties": { "nome": "Rio Pindaré", "comprimento_m": 2066.6660427900001 }, "geometry": { "type": "LineString", "coordinates": [ [ -46.877755, -5.078379, 0.0 ], [ -46.878544, -5.078265, 0.0 ], [ -46.878854, -5.078383, 0.0 ], [ -46.878904, -5.078933, 0.0 ], [ -46.87981, -5.078955, 0.0 ], [ -46.879975, -5.078189, 0.0 ], [ -46.88081, -5.078115, 0.0 ], [ -46.88188, -5.076987, 0.0 ], [ -46.882523, -5.076602, 0.0 ], [ -46.883454, -5.076648, 0.0 ], [ -46.883956, -5.076981, 0.0 ], [ -46.88429, -5.07698, 0.0 ], [ -46.884598, -5.076285, 0.0 ], [ -46.884789, -5.076237, 0.0 ], [ -46.885076, -5.076547, 0.0 ], [ -46.885671, -5.076115, 0.0 ], [ -46.88665, -5.076279, 0.0 ], [ -46.887005, -5.075489, 0.0 ], [ -46.887648, -5.074817, 0.0 ], [ -46.888047, -5.072783, 0.0 ], [ -46.887903, -5.072281, 0.0 ], [ -46.887568, -5.071923, 0.0 ], [ -46.887994, -5.070845, 0.0 ], [ -46.888446, -5.070389, 0.0 ], [ -46.888516, -5.070054, 0.0 ] ] } },
{ "type": "Feature", "properties": { "nome": "Rio Pindaré", "comprimento_m": 1122.83818419 }, "geometry": { "type": "LineString", "coordinates": [ [ -46.057223, -3.702816, 0.0 ], [ -46.05495, -3.701671, 0.0 ], [ -46.054175, -3.701582, 0.0 ], [ -46.052449, -3.702691, 0.0 ], [ -46.050455, -3.703142, 0.0 ], [ -46.050127, -3.702784, 0.0 ], [ -46.049738, -3.701079, 0.0 ], [ -46.04938, -3.70081, 0.0 ] ] } },
{ "type": "Feature", "properties": { "nome": "Rio Pindaré", "comprimento_m": 984.03125642700002 }, "geometry": { "type": "LineString", "coordinates": [ [ -46.901331, -5.415373, 0.0 ], [ -46.901426, -5.412708, 0.0 ], [ -46.901902, -5.411471, 0.0 ], [ -46.902473, -5.407854, 0.0 ], [ -46.902426, -5.406617, 0.0 ] ] } },
{ "type": "Feature", "properties": { "nome": "Rio Pindaré", "comprimento_m": 794.99509771800001 }, "geometry": { "type": "LineString", "coordinates": [ [ -46.062224, -3.708573, 0.0 ], [ -46.062163, -3.707735, 0.0 ], [ -46.061209, -3.706988, 0.0 ], [ -46.06109, -3.70663, 0.0 ], [ -46.061714, -3.705372, 0.0 ], [ -46.061713, -3.705043, 0.0 ], [ -46.061385, -3.704715, 0.0 ], [ -46.060522, -3.704417, 0.0 ], [ -46.060223, -3.703998, 0.0 ], [ -46.05927, -3.703461, 0.0 ] ] } },
{ "type": "Feature", "properties": { "nome": "Rio Pindaré", "comprimento_m": 3967.0519375099998 }, "geometry": { "type": "LineString", "coordinates": [ [ -46.93371, -5.482448, 0.0 ], [ -46.931116, -5.48152, 0.0 ], [ -46.930521, -5.480972, 0.0 ], [ -46.930331, -5.480258, 0.0 ], [ -46.930331, -5.479545, 0.0 ], [ -46.929712, -5.478188, 0.0 ], [ -46.929093, -5.47757, 0.0 ], [ -46.927856, -5.47707, 0.0 ], [ -46.927071, -5.477022, 0.0 ], [ -46.926476, -5.476761, 0.0 ], [ -46.926357, -5.476166, 0.0 ], [ -46.926643, -5.474357, 0.0 ], [ -46.926595, -5.472264, 0.0 ], [ -46.927356, -5.471074, 0.0 ], [ -46.928118, -5.470479, 0.0 ], [ -46.928594, -5.469884, 0.0 ], [ -46.928832, -5.469075, 0.0 ], [ -46.928808, -5.46848, 0.0 ], [ -46.928165, -5.465839, 0.0 ], [ -46.928356, -5.465125, 0.0 ], [ -46.929474, -5.464673, 0.0 ], [ -46.930735, -5.463935, 0.0 ], [ -46.931021, -5.463222, 0.0 ], [ -46.93133, -5.461699, 0.0 ], [ -46.931758, -5.461651, 0.0 ], [ -46.932561, -5.461225, 0.0 ], [ -46.93271, -5.46063, 0.0 ], [ -46.932442, -5.460214, 0.0 ], [ -46.930985, -5.459976, 0.0 ], [ -46.930271, -5.459619, 0.0 ], [ -46.929885, -5.459173, 0.0 ], [ -46.929825, -5.458697, 0.0 ], [ -46.930152, -5.45831, 0.0 ], [ -46.930331, -5.457775, 0.0 ], [ -46.93036, -5.456585, 0.0 ] ] } },
{ "type": "Feature", "properties": { "nome": "Rio Pindaré", "comprimento_m": 936.14065243000005 }, "geometry": { "type": "LineString", "coordinates": [ [ -46.257061, -3.967656, 0.0 ], [ -46.257303, -3.967368, 0.0 ], [ -46.258404, -3.967324, 0.0 ], [ -46.258604, -3.967194, 0.0 ], [ -46.258732, -3.966734, 0.0 ], [ -46.258101, -3.965759, 0.0 ], [ -46.257739, -3.964811, 0.0 ], [ -46.256595, -3.964181, 0.0 ], [ -46.256222, -3.963707, 0.0 ], [ -46.25615, -3.963047, 0.0 ], [ -46.256264, -3.962745, 0.0 ], [ -46.256778, -3.9624, 0.0 ], [ -46.257035, -3.961969, 0.0 ] ] } },
{ "type": "Feature", "properties": { "nome": "Rio Pindaré", "comprimento_m": 1027.1668995699999 }, "geometry": { "type": "LineString", "coordinates": [ [ -46.746857, -4.381055, 0.0 ], [ -46.745699, -4.381779, 0.0 ], [ -46.744251, -4.381924, 0.0 ], [ -46.739617, -4.382793, 0.0 ], [ -46.738025, -4.382141, 0.0 ] ] } },
{ "type": "Feature", "properties": { "nome": "Rio Pindaré", "comprimento_m": 2751.6195906600001 }, "geometry": { "type": "LineString", "coordinates": [ [ -46.637733, -4.334837, 0.0 ], [ -46.636104, -4.334837, 0.0 ], [ -46.633335, -4.335109, 0.0 ], [ -46.632521, -4.334783, 0.0 ], [ -46.631978, -4.333697, 0.0 ], [ -46.631869, -4.332937, 0.0 ], [ -46.63138, -4.332177, 0.0 ], [ -46.630349, -4.331959, 0.0 ], [ -46.630023, -4.331308, 0.0 ], [ -46.630131, -4.330656, 0.0 ], [ -46.629371, -4.330168, 0.0 ], [ -46.628665, -4.33033, 0.0 ], [ -46.627688, -4.330005, 0.0 ], [ -46.626873, -4.328539, 0.0 ], [ -46.625082, -4.327453, 0.0 ], [ -46.624593, -4.32691, 0.0 ], [ -46.623561, -4.326475, 0.0 ], [ -46.622475, -4.325715, 0.0 ], [ -46.622041, -4.325226, 0.0 ], [ -46.620955, -4.324955, 0.0 ], [ -46.620412, -4.32414, 0.0 ], [ -46.620466, -4.323652, 0.0 ], [ -46.620086, -4.322946, 0.0 ], [ -46.619977, -4.322403, 0.0 ] ] } },
{ "type": "Feature", "properties": { "nome": "Rio Pindaré", "comprimento_m": 13909.583136699999 }, "geometry": { "type": "LineString", "coordinates": [ [ -45.129226, -3.494618, 0.0 ], [ -45.12701, -3.493936, 0.0 ], [ -45.125974, -3.492571, 0.0 ], [ -45.125509, -3.491458, 0.0 ], [ -45.125152, -3.490992, 0.0 ], [ -45.124687, -3.490776, 0.0 ], [ -45.124044, -3.490669, 0.0 ], [ -45.123294, -3.490884, 0.0 ], [ -45.122829, -3.491315, 0.0 ], [ -45.121865, -3.492752, 0.0 ], [ -45.120936, -3.493075, 0.0 ], [ -45.1204, -3.492967, 0.0 ], [ -45.118506, -3.491459, 0.0 ], [ -45.11747, -3.491029, 0.0 ], [ -45.115826, -3.490023, 0.0 ], [ -45.114432, -3.488911, 0.0 ], [ -45.114218, -3.4883, 0.0 ], [ -45.113824, -3.484961, 0.0 ], [ -45.113395, -3.484028, 0.0 ], [ -45.112788, -3.483669, 0.0 ], [ -45.112109, -3.483633, 0.0 ], [ -45.111287, -3.483884, 0.0 ], [ -45.109393, -3.485033, 0.0 ], [ -45.108179, -3.48489, 0.0 ], [ -45.107821, -3.483885, 0.0 ], [ -45.107285, -3.480546, 0.0 ], [ -45.107285, -3.479038, 0.0 ], [ -45.108249, -3.476273, 0.0 ], [ -45.108177, -3.475519, 0.0 ], [ -45.107892, -3.475052, 0.0 ], [ -45.107248, -3.474873, 0.0 ], [ -45.106427, -3.474944, 0.0 ], [ -45.105712, -3.475232, 0.0 ], [ -45.104926, -3.475842, 0.0 ], [ -45.104247, -3.47735, 0.0 ], [ -45.103854, -3.477745, 0.0 ], [ -45.102425, -3.477853, 0.0 ], [ -45.10196, -3.47753, 0.0 ], [ -45.101174, -3.474945, 0.0 ], [ -45.100352, -3.473473, 0.0 ], [ -45.09978, -3.472791, 0.0 ], [ -45.099137, -3.472396, 0.0 ], [ -45.097708, -3.472145, 0.0 ], [ -45.095886, -3.472037, 0.0 ], [ -45.09442, -3.471176, 0.0 ], [ -45.094206, -3.47035, 0.0 ], [ -45.094385, -3.469452, 0.0 ], [ -45.094885, -3.468447, 0.0 ], [ -45.096242, -3.466759, 0.0 ], [ -45.098279, -3.463635, 0.0 ], [ -45.098564, -3.462809, 0.0 ], [ -45.098564, -3.461481, 0.0 ], [ -45.098421, -3.460799, 0.0 ], [ -45.098028, -3.460224, 0.0 ], [ -45.097599, -3.459937, 0.0 ], [ -45.096385, -3.459829, 0.0 ], [ -45.09492, -3.460332, 0.0 ], [ -45.094419, -3.460835, 0.0 ], [ -45.093848, -3.462271, 0.0 ], [ -45.092705, -3.463636, 0.0 ], [ -45.092562, -3.463959, 0.0 ], [ -45.092598, -3.464569, 0.0 ], [ -45.092812, -3.465036, 0.0 ], [ -45.093705, -3.466149, 0.0 ], [ -45.094027, -3.467226, 0.0 ], [ -45.093956, -3.467729, 0.0 ], [ -45.09367, -3.468231, 0.0 ], [ -45.092705, -3.468662, 0.0 ], [ -45.091204, -3.468842, 0.0 ], [ -45.089632, -3.46877, 0.0 ], [ -45.08906, -3.468519, 0.0 ], [ -45.08856, -3.467909, 0.0 ], [ -45.08831, -3.467227, 0.0 ], [ -45.088238, -3.465575, 0.0 ], [ -45.087666, -3.462918, 0.0 ], [ -45.086487, -3.459687, 0.0 ], [ -45.086201, -3.458574, 0.0 ], [ -45.086165, -3.457568, 0.0 ], [ -45.086737, -3.456348, 0.0 ], [ -45.08788, -3.45527, 0.0 ], [ -45.089345, -3.452793, 0.0 ], [ -45.089523, -3.451823, 0.0 ], [ -45.08938, -3.451285, 0.0 ], [ -45.088952, -3.450854, 0.0 ], [ -45.088451, -3.450567, 0.0 ], [ -45.087129, -3.450495, 0.0 ], [ -45.0862, -3.450639, 0.0 ], [ -45.08495, -3.451141, 0.0 ], [ -45.0847, -3.451608, 0.0 ], [ -45.084593, -3.452326, 0.0 ], [ -45.084414, -3.454768, 0.0 ], [ -45.084486, -3.455917, 0.0 ], [ -45.084272, -3.457138, 0.0 ], [ -45.083771, -3.458466, 0.0 ], [ -45.083343, -3.459005, 0.0 ], [ -45.082307, -3.459256, 0.0 ], [ -45.078289, -3.456985, 0.0 ] ] } },
{ "type": "Feature", "properties": { "nome": "Rio Pindaré", "comprimento_m": 3597.4009723200002 }, "geometry": { "type": "LineString", "coordinates": [ [ -46.005337, -3.700413, 0.0 ], [ -46.00471, -3.698798, 0.0 ], [ -46.004231, -3.697033, 0.0 ], [ -46.002404, -3.696613, 0.0 ], [ -46.002284, -3.695775, 0.0 ], [ -46.002461, -3.694877, 0.0 ], [ -46.002312, -3.694638, 0.0 ], [ -46.001925, -3.694399, 0.0 ], [ -46.001151, -3.69431, 0.0 ], [ -46.000048, -3.693624, 0.0 ], [ -45.999661, -3.693564, 0.0 ], [ -45.998232, -3.693985, 0.0 ], [ -45.997964, -3.693686, 0.0 ], [ -45.997426, -3.69252, 0.0 ], [ -45.997099, -3.69252, 0.0 ], [ -45.996474, -3.69291, 0.0 ], [ -45.996116, -3.69291, 0.0 ], [ -45.99555, -3.692582, 0.0 ], [ -45.994149, -3.691267, 0.0 ], [ -45.993851, -3.690759, 0.0 ], [ -45.99385, -3.69019, 0.0 ], [ -45.995427, -3.689351, 0.0 ], [ -45.995695, -3.688513, 0.0 ], [ -45.995694, -3.687885, 0.0 ], [ -45.995425, -3.687167, 0.0 ], [ -45.995955, -3.685388, 0.0 ], [ -45.995883, -3.684885, 0.0 ], [ -45.995668, -3.684527, 0.0 ], [ -45.994953, -3.683845, 0.0 ], [ -45.994273, -3.683415, 0.0 ], [ -45.993773, -3.683308, 0.0 ], [ -45.993201, -3.683452, 0.0 ], [ -45.992916, -3.684207, 0.0 ], [ -45.992345, -3.684459, 0.0 ], [ -45.99163, -3.684352, 0.0 ], [ -45.990235, -3.68342, 0.0 ] ] } },
{ "type": "Feature", "properties": { "nome": "Rio Pindaré", "comprimento_m": 121.47659511499999 }, "geometry": { "type": "LineString", "coordinates": [ [ -46.929927, -5.657028, 0.0 ], [ -46.928846, -5.657082, 0.0 ] ] } },
{ "type": "Feature", "properties": { "nome": "Rio Pindaré", "comprimento_m": 2155.7847398099998 }, "geometry": { "type": "LineString", "coordinates": [ [ -46.909577, -5.298643, 0.0 ], [ -46.909402, -5.297586, 0.0 ], [ -46.910115, -5.296723, 0.0 ], [ -46.910327, -5.295789, 0.0 ], [ -46.910158, -5.295048, 0.0 ], [ -46.910252, -5.294569, 0.0 ], [ -46.910728, -5.294209, 0.0 ], [ -46.910798, -5.293515, 0.0 ], [ -46.911152, -5.292437, 0.0 ], [ -46.911533, -5.292053, 0.0 ], [ -46.91196, -5.291239, 0.0 ], [ -46.912484, -5.290878, 0.0 ], [ -46.912719, -5.289562, 0.0 ], [ -46.912659, -5.287493, 0.0 ], [ -46.91233, -5.287195, 0.0 ], [ -46.910748, -5.286901, 0.0 ], [ -46.910538, -5.286572, 0.0 ], [ -46.910653, -5.285077, 0.0 ], [ -46.910114, -5.284451, 0.0 ], [ -46.909067, -5.283676, 0.0 ], [ -46.908647, -5.28287, 0.0 ] ] } },
{ "type": "Feature", "properties": { "nome": "Rio Pindaré", "comprimento_m": 4189.3133976999998 }, "geometry": { "type": "LineString", "coordinates": [ [ -46.874342, -5.107463, 0.0 ], [ -46.874226, -5.10709, 0.0 ], [ -46.874555, -5.10673, 0.0 ], [ -46.874453, -5.106314, 0.0 ], [ -46.874695, -5.105754, 0.0 ], [ -46.874278, -5.105152, 0.0 ], [ -46.874176, -5.104463, 0.0 ], [ -46.873904, -5.104335, 0.0 ], [ -46.873831, -5.104105, 0.0 ], [ -46.87377, -5.102699, 0.0 ], [ -46.874098, -5.102397, 0.0 ], [ -46.874039, -5.101765, 0.0 ], [ -46.875268, -5.099667, 0.0 ], [ -46.874907, -5.098771, 0.0 ], [ -46.874335, -5.098916, 0.0 ], [ -46.873833, -5.098523, 0.0 ], [ -46.873831, -5.097913, 0.0 ], [ -46.873615, -5.097339, 0.0 ], [ -46.873006, -5.097341, 0.0 ], [ -46.872614, -5.097594, 0.0 ], [ -46.872184, -5.097451, 0.0 ], [ -46.87186, -5.096806, 0.0 ], [ -46.872109, -5.096339, 0.0 ], [ -46.872573, -5.095907, 0.0 ], [ -46.872679, -5.095368, 0.0 ], [ -46.872283, -5.09476, 0.0 ], [ -46.872319, -5.094616, 0.0 ], [ -46.872605, -5.094615, 0.0 ], [ -46.872711, -5.094184, 0.0 ], [ -46.872743, -5.092749, 0.0 ], [ -46.873529, -5.092316, 0.0 ], [ -46.873704, -5.091059, 0.0 ], [ -46.873989, -5.090736, 0.0 ], [ -46.874095, -5.090018, 0.0 ], [ -46.874383, -5.08991, 0.0 ], [ -46.874457, -5.08924, 0.0 ], [ -46.87415, -5.08838, 0.0 ], [ -46.874168, -5.087997, 0.0 ], [ -46.874528, -5.087384, 0.0 ], [ -46.874145, -5.086772, 0.0 ], [ -46.8742, -5.08616, 0.0 ], [ -46.874428, -5.085814, 0.0 ], [ -46.874581, -5.085795, 0.0 ], [ -46.874637, -5.085488, 0.0 ], [ -46.875115, -5.085602, 0.0 ], [ -46.875324, -5.085142, 0.0 ], [ -46.875477, -5.08539, 0.0 ], [ -46.875782, -5.085275, 0.0 ], [ -46.876257, -5.084508, 0.0 ], [ -46.876103, -5.083934, 0.0 ], [ -46.876386, -5.083644, 0.0 ], [ -46.876157, -5.08301, 0.0 ], [ -46.876358, -5.0824, 0.0 ], [ -46.876572, -5.082172, 0.0 ], [ -46.876273, -5.081634, 0.0 ], [ -46.876213, -5.080795, 0.0 ], [ -46.876569, -5.080363, 0.0 ], [ -46.876745, -5.079346, 0.0 ], [ -46.877755, -5.078379, 0.0 ] ] } },
{ "type": "Feature", "properties": { "nome": "Rio Pindaré", "comprimento_m": 4787.8617107399996 }, "geometry": { "type": "LineString", "coordinates": [ [ -46.909789, -5.280533, 0.0 ], [ -46.909324, -5.279879, 0.0 ], [ -46.908903, -5.279574, 0.0 ], [ -46.909243, -5.278348, 0.0 ], [ -46.909147, -5.278234, 0.0 ], [ -46.907963, -5.278257, 0.0 ], [ -46.907848, -5.278027, 0.0 ], [ -46.907979, -5.277242, 0.0 ], [ -46.907559, -5.277205, 0.0 ], [ -46.907425, -5.276938, 0.0 ], [ -46.907765, -5.275942, 0.0 ], [ -46.907383, -5.275694, 0.0 ], [ -46.906921, -5.274643, 0.0 ], [ -46.907279, -5.27445, 0.0 ], [ -46.907777, -5.273588, 0.0 ], [ -46.907824, -5.273229, 0.0 ], [ -46.906558, -5.272993, 0.0 ], [ -46.906319, -5.272827, 0.0 ], [ -46.905718, -5.271321, 0.0 ], [ -46.904355, -5.270345, 0.0 ], [ -46.90354, -5.269438, 0.0 ], [ -46.903444, -5.268984, 0.0 ], [ -46.903508, -5.266567, 0.0 ], [ -46.903387, -5.266065, 0.0 ], [ -46.902691, -5.264847, 0.0 ], [ -46.901184, -5.263608, 0.0 ], [ -46.901085, -5.262364, 0.0 ], [ -46.90125, -5.26167, 0.0 ], [ -46.902176, -5.260184, 0.0 ], [ -46.902506, -5.258772, 0.0 ], [ -46.902481, -5.258437, 0.0 ], [ -46.902076, -5.258677, 0.0 ], [ -46.901837, -5.258702, 0.0 ], [ -46.901694, -5.258559, 0.0 ], [ -46.901729, -5.258415, 0.0 ], [ -46.902087, -5.258354, 0.0 ], [ -46.902336, -5.257875, 0.0 ], [ -46.902096, -5.257601, 0.0 ], [ -46.901776, -5.25633, 0.0 ], [ -46.901106, -5.255518, 0.0 ], [ -46.900767, -5.253893, 0.0 ], [ -46.901596, -5.252, 0.0 ], [ -46.901594, -5.251139, 0.0 ], [ -46.901377, -5.250494, 0.0 ], [ -46.900875, -5.250208, 0.0 ], [ -46.900374, -5.25021, 0.0 ], [ -46.899971, -5.250044, 0.0 ], [ -46.899671, -5.249566, 0.0 ], [ -46.89961, -5.249148, 0.0 ], [ -46.900324, -5.248458, 0.0 ], [ -46.900321, -5.247471, 0.0 ] ] } },
{ "type": "Feature", "properties": { "nome": "Rio Pindaré", "comprimento_m": 2458.66635236 }, "geometry": { "type": "LineString", "coordinates": [ [ -46.934372, -4.696138, 0.0 ], [ -46.935241, -4.693314, 0.0 ], [ -46.935241, -4.692228, 0.0 ], [ -46.935023, -4.691432, 0.0 ], [ -46.934227, -4.69078, 0.0 ], [ -46.93249, -4.69107, 0.0 ], [ -46.931766, -4.691721, 0.0 ], [ -46.93068, -4.6923, 0.0 ], [ -46.929014, -4.692807, 0.0 ], [ -46.928218, -4.69288, 0.0 ], [ -46.928146, -4.691287, 0.0 ], [ -46.928435, -4.690201, 0.0 ], [ -46.928435, -4.689549, 0.0 ], [ -46.926987, -4.686364, 0.0 ], [ -46.926987, -4.685784, 0.0 ], [ -46.92648, -4.684409, 0.0 ], [ -46.926408, -4.68354, 0.0 ] ] } },
{ "type": "Feature", "properties": { "nome": "Rio Pindaré", "comprimento_m": 897.37747980200004 }, "geometry": { "type": "LineString", "coordinates": [ [ -46.90271, -5.765584, 0.0 ], [ -46.902658, -5.763917, 0.0 ], [ -46.903168, -5.762135, 0.0 ], [ -46.903852, -5.761099, 0.0 ], [ -46.904195, -5.760811, 0.0 ], [ -46.905687, -5.761093, 0.0 ], [ -46.906946, -5.761637, 0.0 ] ] } },
{ "type": "Feature", "properties": { "nome": "Rio Pindaré", "comprimento_m": 2027.18691023 }, "geometry": { "type": "LineString", "coordinates": [ [ -46.955452, -5.58587, 0.0 ], [ -46.953881, -5.584942, 0.0 ], [ -46.953715, -5.584704, 0.0 ], [ -46.95381, -5.58449, 0.0 ], [ -46.954167, -5.584347, 0.0 ], [ -46.954238, -5.584109, 0.0 ], [ -46.953501, -5.582467, 0.0 ], [ -46.953168, -5.582182, 0.0 ], [ -46.952906, -5.582205, 0.0 ], [ -46.952834, -5.582419, 0.0 ], [ -46.952549, -5.582515, 0.0 ], [ -46.952216, -5.582324, 0.0 ], [ -46.951835, -5.581349, 0.0 ], [ -46.95193, -5.580016, 0.0 ], [ -46.952977, -5.578708, 0.0 ], [ -46.952977, -5.577637, 0.0 ], [ -46.951776, -5.576566, 0.0 ], [ -46.951442, -5.575995, 0.0 ], [ -46.950253, -5.575138, 0.0 ], [ -46.949539, -5.5749, 0.0 ], [ -46.949158, -5.57452, 0.0 ], [ -46.948825, -5.573758, 0.0 ], [ -46.94873, -5.572902, 0.0 ] ] } },
{ "type": "Feature", "properties": { "nome": "Rio Pindaré", "comprimento_m": 304.91547135899998 }, "geometry": { "type": "LineString", "coordinates": [ [ -46.159449, -3.777984, 0.0 ], [ -46.1589, -3.777698, 0.0 ], [ -46.158376, -3.777674, 0.0 ], [ -46.157662, -3.778058, 0.0 ], [ -46.157162, -3.778155, 0.0 ], [ -46.156899, -3.778059, 0.0 ] ] } },
{ "type": "Feature", "properties": { "nome": "Rio Pindaré", "comprimento_m": 100.643185374 }, "geometry": { "type": "LineString", "coordinates": [ [ -46.916408, -5.753012, 0.0 ], [ -46.915714, -5.752425, 0.0 ] ] } },
{ "type": "Feature", "properties": { "nome": "Rio Pindaré", "comprimento_m": 4465.4462049900003 }, "geometry": { "type": "LineString", "coordinates": [ [ -46.947338, -5.536228, 0.0 ], [ -46.946624, -5.535842, 0.0 ], [ -46.946327, -5.535247, 0.0 ], [ -46.946327, -5.53367, 0.0 ], [ -46.946624, -5.533254, 0.0 ], [ -46.946743, -5.532183, 0.0 ], [ -46.946535, -5.531796, 0.0 ], [ -46.94591, -5.53135, 0.0 ], [ -46.944869, -5.531172, 0.0 ], [ -46.944512, -5.530755, 0.0 ], [ -46.944691, -5.53028, 0.0 ], [ -46.946267, -5.529774, 0.0 ], [ -46.946803, -5.529209, 0.0 ], [ -46.946743, -5.528614, 0.0 ], [ -46.946386, -5.528376, 0.0 ], [ -46.94594, -5.528465, 0.0 ], [ -46.944572, -5.52906, 0.0 ], [ -46.944155, -5.528941, 0.0 ], [ -46.944126, -5.528138, 0.0 ], [ -46.945345, -5.527038, 0.0 ], [ -46.945315, -5.526086, 0.0 ], [ -46.945613, -5.525193, 0.0 ], [ -46.946773, -5.524509, 0.0 ], [ -46.947754, -5.523052, 0.0 ], [ -46.948081, -5.52216, 0.0 ], [ -46.948706, -5.521654, 0.0 ], [ -46.948855, -5.521148, 0.0 ], [ -46.948855, -5.519988, 0.0 ], [ -46.948676, -5.519334, 0.0 ], [ -46.948141, -5.51865, 0.0 ], [ -46.947457, -5.517044, 0.0 ], [ -46.946922, -5.516598, 0.0 ], [ -46.946624, -5.516092, 0.0 ], [ -46.946178, -5.514902, 0.0 ], [ -46.946148, -5.514307, 0.0 ], [ -46.946297, -5.51401, 0.0 ], [ -46.946803, -5.513713, 0.0 ], [ -46.946862, -5.513326, 0.0 ], [ -46.946178, -5.513177, 0.0 ], [ -46.946059, -5.51285, 0.0 ], [ -46.946713, -5.512255, 0.0 ], [ -46.947189, -5.511541, 0.0 ], [ -46.947249, -5.511036, 0.0 ], [ -46.946475, -5.51056, 0.0 ], [ -46.944958, -5.510411, 0.0 ], [ -46.944661, -5.509816, 0.0 ], [ -46.944489, -5.508955, 0.0 ], [ -46.944013, -5.508812, 0.0 ] ] } },
{ "type": "Feature", "properties": { "nome": "Rio Pindaré", "comprimento_m": 1911.10333253 }, "geometry": { "type": "LineString", "coordinates": [ [ -46.439663, -4.151593, 0.0 ], [ -46.437349, -4.149818, 0.0 ], [ -46.437049, -4.148981, 0.0 ], [ -46.437107, -4.148173, 0.0 ], [ -46.437493, -4.147275, 0.0 ], [ -46.437817, -4.145271, 0.0 ], [ -46.438291, -4.143924, 0.0 ], [ -46.438394, -4.141692, 0.0 ], [ -46.438929, -4.140973, 0.0 ], [ -46.438963, -4.140004, 0.0 ], [ -46.438247, -4.139324, 0.0 ], [ -46.436816, -4.138608, 0.0 ], [ -46.436314, -4.13764, 0.0 ], [ -46.436281, -4.137217, 0.0 ] ] } },
{ "type": "Feature", "properties": { "nome": "Rio Pindaré", "comprimento_m": 1598.7745401100001 }, "geometry": { "type": "LineString", "coordinates": [ [ -46.918516, -4.910295, 0.0 ], [ -46.919168, -4.909643, 0.0 ], [ -46.920471, -4.909209, 0.0 ], [ -46.923222, -4.907906, 0.0 ], [ -46.924236, -4.907182, 0.0 ], [ -46.926046, -4.905662, 0.0 ], [ -46.927349, -4.904214, 0.0 ], [ -46.928725, -4.902621, 0.0 ], [ -46.929304, -4.901318, 0.0 ] ] } },
{ "type": "Feature", "properties": { "nome": "Rio Pindaré", "comprimento_m": 4678.3257968500002 }, "geometry": { "type": "LineString", "coordinates": [ [ -46.906694, -5.357681, 0.0 ], [ -46.906873, -5.356574, 0.0 ], [ -46.906837, -5.355718, 0.0 ], [ -46.906766, -5.355075, 0.0 ], [ -46.906373, -5.354468, 0.0 ], [ -46.905124, -5.35379, 0.0 ], [ -46.90416, -5.353683, 0.0 ], [ -46.903304, -5.353148, 0.0 ], [ -46.902518, -5.352398, 0.0 ], [ -46.902161, -5.351684, 0.0 ], [ -46.901448, -5.348472, 0.0 ], [ -46.901091, -5.347758, 0.0 ], [ -46.900317, -5.345319, 0.0 ], [ -46.900912, -5.341869, 0.0 ], [ -46.902102, -5.339847, 0.0 ], [ -46.902637, -5.339192, 0.0 ], [ -46.903054, -5.335801, 0.0 ], [ -46.903173, -5.329377, 0.0 ], [ -46.90353, -5.327414, 0.0 ], [ -46.903827, -5.326878, 0.0 ], [ -46.905255, -5.325867, 0.0 ], [ -46.906028, -5.324796, 0.0 ], [ -46.906207, -5.323309, 0.0 ], [ -46.905969, -5.320037, 0.0 ] ] } },
{ "type": "Feature", "properties": { "nome": "Rio Pindaré", "comprimento_m": 4339.5434951099996 }, "geometry": { "type": "LineString", "coordinates": [ [ -45.308764, -3.593779, 0.0 ], [ -45.308156, -3.592845, 0.0 ], [ -45.307405, -3.590296, 0.0 ], [ -45.30744, -3.588788, 0.0 ], [ -45.307261, -3.587927, 0.0 ], [ -45.306582, -3.587424, 0.0 ], [ -45.304759, -3.587461, 0.0 ], [ -45.304188, -3.58721, 0.0 ], [ -45.303866, -3.586707, 0.0 ], [ -45.303865, -3.585558, 0.0 ], [ -45.304187, -3.584768, 0.0 ], [ -45.304187, -3.584194, 0.0 ], [ -45.303936, -3.583655, 0.0 ], [ -45.303436, -3.583476, 0.0 ], [ -45.302686, -3.583727, 0.0 ], [ -45.301507, -3.584805, 0.0 ], [ -45.300363, -3.585308, 0.0 ], [ -45.299827, -3.585129, 0.0 ], [ -45.299327, -3.584447, 0.0 ], [ -45.298933, -3.583657, 0.0 ], [ -45.29879, -3.582616, 0.0 ], [ -45.298539, -3.579851, 0.0 ], [ -45.29861, -3.579097, 0.0 ], [ -45.299253, -3.578486, 0.0 ], [ -45.301576, -3.578881, 0.0 ], [ -45.30247, -3.578808, 0.0 ], [ -45.307115, -3.577371, 0.0 ], [ -45.307793, -3.576904, 0.0 ], [ -45.308151, -3.576365, 0.0 ], [ -45.30815, -3.575072, 0.0 ], [ -45.307685, -3.574426, 0.0 ], [ -45.306613, -3.573457, 0.0 ], [ -45.306184, -3.572739, 0.0 ] ] } },
{ "type": "Feature", "properties": { "nome": "Rio Pindaré", "comprimento_m": 1224.3308597400001 }, "geometry": { "type": "LineString", "coordinates": [ [ -46.918491, -5.743855, 0.0 ], [ -46.918479, -5.743144, 0.0 ], [ -46.917988, -5.742227, 0.0 ], [ -46.918041, -5.740705, 0.0 ], [ -46.916975, -5.739073, 0.0 ], [ -46.916543, -5.738701, 0.0 ], [ -46.916425, -5.737553, 0.0 ], [ -46.916567, -5.737065, 0.0 ], [ -46.917138, -5.736546, 0.0 ], [ -46.917537, -5.735798, 0.0 ], [ -46.917333, -5.73488, 0.0 ], [ -46.916623, -5.73415, 0.0 ] ] } },
{ "type": "Feature", "properties": { "nome": "Rio Pindaré", "comprimento_m": 4290.6556283399996 }, "geometry": { "type": "LineString", "coordinates": [ [ -46.928218, -4.860412, 0.0 ], [ -46.929594, -4.858385, 0.0 ], [ -46.929666, -4.857154, 0.0 ], [ -46.929376, -4.855199, 0.0 ], [ -46.929376, -4.852376, 0.0 ], [ -46.9301, -4.851072, 0.0 ], [ -46.930028, -4.849986, 0.0 ], [ -46.927928, -4.847308, 0.0 ], [ -46.926118, -4.844556, 0.0 ], [ -46.925539, -4.841081, 0.0 ], [ -46.924019, -4.837968, 0.0 ], [ -46.923874, -4.83681, 0.0 ], [ -46.924164, -4.835796, 0.0 ], [ -46.924091, -4.83442, 0.0 ], [ -46.923729, -4.833262, 0.0 ], [ -46.923078, -4.832176, 0.0 ], [ -46.921847, -4.83138, 0.0 ], [ -46.920833, -4.830149, 0.0 ], [ -46.920471, -4.829135, 0.0 ], [ -46.92134, -4.825443, 0.0 ] ] } },
{ "type": "Feature", "properties": { "nome": "Rio Pindaré", "comprimento_m": 429.78541693699998 }, "geometry": { "type": "LineString", "coordinates": [ [ -46.917692, -5.758786, 0.0 ], [ -46.917252, -5.757036, 0.0 ], [ -46.917191, -5.755887, 0.0 ], [ -46.917759, -5.755167, 0.0 ] ] } },
{ "type": "Feature", "properties": { "nome": "Rio Pindaré", "comprimento_m": 4729.6362281800002 }, "geometry": { "type": "LineString", "coordinates": [ [ -46.913521, -4.944106, 0.0 ], [ -46.913014, -4.942006, 0.0 ], [ -46.913448, -4.94121, 0.0 ], [ -46.913738, -4.940124, 0.0 ], [ -46.913086, -4.938603, 0.0 ], [ -46.913521, -4.937517, 0.0 ], [ -46.916417, -4.933897, 0.0 ], [ -46.918444, -4.932015, 0.0 ], [ -46.919313, -4.931508, 0.0 ], [ -46.920399, -4.930205, 0.0 ], [ -46.921847, -4.927961, 0.0 ], [ -46.922788, -4.927019, 0.0 ], [ -46.923367, -4.924847, 0.0 ], [ -46.924019, -4.923906, 0.0 ], [ -46.925105, -4.920721, 0.0 ], [ -46.925539, -4.918042, 0.0 ], [ -46.925467, -4.916739, 0.0 ], [ -46.924598, -4.915073, 0.0 ], [ -46.924381, -4.913987, 0.0 ], [ -46.923584, -4.913481, 0.0 ], [ -46.920761, -4.913408, 0.0 ], [ -46.919096, -4.912177, 0.0 ], [ -46.918661, -4.911236, 0.0 ], [ -46.918516, -4.910295, 0.0 ] ] } },
{ "type": "Feature", "properties": { "nome": "Rio Pindaré", "comprimento_m": 4936.7687356200004 }, "geometry": { "type": "LineString", "coordinates": [ [ -46.944763, -5.636804, 0.0 ], [ -46.944732, -5.634934, 0.0 ], [ -46.944911, -5.634518, 0.0 ], [ -46.944375, -5.632941, 0.0 ], [ -46.944316, -5.632347, 0.0 ], [ -46.944524, -5.631811, 0.0 ], [ -46.945535, -5.631216, 0.0 ], [ -46.945535, -5.630502, 0.0 ], [ -46.945416, -5.629937, 0.0 ], [ -46.94503, -5.629194, 0.0 ], [ -46.944613, -5.628748, 0.0 ], [ -46.944494, -5.626517, 0.0 ], [ -46.944643, -5.62387, 0.0 ], [ -46.944346, -5.623007, 0.0 ], [ -46.943453, -5.621877, 0.0 ], [ -46.943126, -5.621133, 0.0 ], [ -46.943245, -5.619349, 0.0 ], [ -46.943543, -5.618813, 0.0 ], [ -46.944851, -5.617326, 0.0 ], [ -46.945208, -5.616642, 0.0 ], [ -46.946148, -5.616422, 0.0 ], [ -46.946695, -5.615756, 0.0 ], [ -46.946553, -5.615113, 0.0 ], [ -46.946029, -5.61459, 0.0 ], [ -46.945482, -5.614709, 0.0 ], [ -46.944483, -5.614043, 0.0 ], [ -46.943793, -5.6139, 0.0 ], [ -46.940366, -5.614233, 0.0 ], [ -46.9397, -5.61459, 0.0 ], [ -46.939105, -5.614637, 0.0 ], [ -46.938986, -5.614257, 0.0 ], [ -46.939319, -5.614019, 0.0 ], [ -46.939438, -5.613614, 0.0 ], [ -46.939272, -5.612567, 0.0 ], [ -46.939414, -5.612044, 0.0 ], [ -46.941175, -5.611354, 0.0 ], [ -46.942531, -5.611758, 0.0 ], [ -46.944364, -5.611877, 0.0 ], [ -46.945315, -5.611687, 0.0 ], [ -46.946838, -5.610687, 0.0 ], [ -46.947481, -5.609926, 0.0 ] ] } },
{ "type": "Feature", "properties": { "nome": "Rio Pindaré", "comprimento_m": 891.39164346500002 }, "geometry": { "type": "LineString", "coordinates": [ [ -46.876611, -5.111976, 0.0 ], [ -46.876402, -5.111749, 0.0 ], [ -46.876658, -5.111418, 0.0 ], [ -46.876685, -5.110671, 0.0 ], [ -46.876484, -5.1105, 0.0 ], [ -46.87627, -5.110759, 0.0 ], [ -46.87607, -5.110759, 0.0 ], [ -46.875854, -5.110401, 0.0 ], [ -46.876297, -5.110098, 0.0 ], [ -46.875451, -5.109598, 0.0 ], [ -46.875292, -5.109355, 0.0 ], [ -46.875363, -5.109082, 0.0 ], [ -46.875635, -5.109052, 0.0 ], [ -46.875949, -5.108721, 0.0 ], [ -46.875934, -5.108405, 0.0 ], [ -46.875317, -5.107991, 0.0 ], [ -46.874759, -5.10795, 0.0 ], [ -46.874643, -5.107648, 0.0 ], [ -46.874342, -5.107463, 0.0 ] ] } },
{ "type": "Feature", "properties": { "nome": "Rio Pindaré", "comprimento_m": 695.87477055 }, "geometry": { "type": "LineString", "coordinates": [ [ -46.900806, -5.770892, 0.0 ], [ -46.90171, -5.770455, 0.0 ], [ -46.903887, -5.769989, 0.0 ], [ -46.904168, -5.76838, 0.0 ], [ -46.903419, -5.76717, 0.0 ] ] } }
]
}
