{
"type": "FeatureCollection",
"name": "rio_mearim",
"crs": { "type": "name", "properties": { "name": "urn:ogc:def:crs:OGC:1.3:CRS84" } },
"xy_coordinate_resolution": 1e-06,
"features": [
{ "type": "Feature", "properties": { "nome": "Rio Mearim", "comprimento": 3.0507558603299998 }, "geometry": { "type": "LineString", "coordinates": [ [ -46.3501, -6.760175, 0.0 ], [ -46.349906, -6.75941, 0.0 ], [ -46.349569, -6.758839, 0.0 ], [ -46.348246, -6.757981, 0.0 ], [ -46.347611, -6.756834, 0.0 ], [ -46.346919, -6.756089, 0.0 ], [ -46.345249, -6.754716, 0.0 ], [ -46.344156, -6.754202, 0.0 ], [ -46.343065, -6.75409, 0.0 ], [ -46.34123, -6.755301, 0.0 ], [ -46.340081, -6.755362, 0.0 ], [ -46.338241, -6.754678, 0.0 ], [ -46.33709, -6.753992, 0.0 ], [ -46.336283, -6.753075, 0.0 ], [ -46.335764, -6.752215, 0.0 ], [ -46.336277, -6.750778, 0.0 ], [ -46.336275, -6.750032, 0.0 ], [ -46.335871, -6.749286, 0.0 ], [ -46.334951, -6.749116, 0.0 ], [ -46.334032, -6.749234, 0.0 ], [ -46.332714, -6.750386, 0.0 ], [ -46.332543, -6.750961, 0.0 ], [ -46.332142, -6.751191, 0.0 ], [ -46.331625, -6.751193, 0.0 ], [ -46.331107, -6.750964, 0.0 ] ] } },
{ "type": "Feature", "properties": { "nome": "Rio Mearim", "comprimento": 9.1320906337899999 }, "geometry": { "type": "LineString", "coordinates": [ [ -45.421918, -5.596337, 0.0 ], [ -45.421497, -5.595379, 0.0 ], [ -45.420426, -5.594576, 0.0 ], [ -45.417748, -5.591361, 0.0 ], [ -45.416465, -5.588241, 0.0 ], [ -45.415571, -5.587058, 0.0 ], [ -45.415036, -5.586675, 0.0 ], [ -45.414482, -5.58658, 0.0 ], [ -45.412781, -5.587098, 0.0 ], [ -45.411826, -5.587214, 0.0 ], [ -45.411022, -5.586448, 0.0 ], [ -45.410831, -5.585931, 0.0 ], [ -45.410811, -5.585338, 0.0 ], [ -45.410104, -5.584304, 0.0 ], [ -45.409855, -5.583558, 0.0 ], [ -45.409797, -5.582658, 0.0 ], [ -45.410312, -5.581566, 0.0 ], [ -45.41142, -5.580799, 0.0 ], [ -45.413312, -5.580262, 0.0 ], [ -45.413866, -5.579955, 0.0 ], [ -45.415106, -5.577829, 0.0 ], [ -45.415832, -5.576871, 0.0 ], [ -45.416003, -5.576048, 0.0 ], [ -45.415831, -5.575741, 0.0 ], [ -45.414512, -5.575072, 0.0 ], [ -45.413709, -5.574862, 0.0 ], [ -45.412525, -5.575916, 0.0 ], [ -45.412162, -5.575993, 0.0 ], [ -45.411684, -5.575763, 0.0 ], [ -45.411111, -5.575745, 0.0 ], [ -45.408091, -5.576091, 0.0 ], [ -45.406791, -5.575365, 0.0 ], [ -45.404345, -5.575692, 0.0 ], [ -45.403083, -5.574257, 0.0 ], [ -45.402363, -5.573754, 0.0 ], [ -45.399152, -5.573297, 0.0 ], [ -45.397164, -5.573586, 0.0 ], [ -45.396629, -5.574065, 0.0 ], [ -45.395159, -5.576306, 0.0 ], [ -45.394854, -5.57644, 0.0 ], [ -45.394414, -5.576211, 0.0 ], [ -45.393151, -5.57399, 0.0 ], [ -45.391354, -5.572977, 0.0 ], [ -45.390245, -5.572556, 0.0 ], [ -45.38734, -5.571811, 0.0 ], [ -45.385749, -5.571628, 0.0 ], [ -45.385137, -5.571782, 0.0 ], [ -45.383819, -5.571783, 0.0 ], [ -45.382594, -5.569696, 0.0 ], [ -45.380205, -5.569181, 0.0 ], [ -45.379116, -5.569162, 0.0 ], [ -45.37728, -5.568474, 0.0 ], [ -45.375846, -5.567345, 0.0 ], [ -45.37361, -5.566026, 0.0 ], [ -45.37338, -5.565681, 0.0 ], [ -45.373264, -5.563728, 0.0 ] ] } },
{ "type": "Feature", "properties": { "nome": "Rio Mearim", "comprimento": 0.25891551694699999 }, "geometry": { "type": "LineString", "coordinates": [ [ -45.088925, -5.34485, 0.0 ], [ -45.088359, -5.342607, 0.0 ] ] } },
{ "type": "Feature", "properties": { "nome": "Rio Mearim", "comprimento": 2.16421860649 }, "geometry": { "type": "LineString", "coordinates": [ [ -44.64349, -4.468643, 0.0 ], [ -44.644043, -4.468767, 0.0 ], [ -44.646276, -4.468788, 0.0 ], [ -44.647306, -4.469075, 0.0 ], [ -44.647706, -4.469382, 0.0 ], [ -44.64761, -4.47145, 0.0 ], [ -44.648049, -4.471699, 0.0 ], [ -44.648869, -4.471508, 0.0 ], [ -44.65074, -4.469402, 0.0 ], [ -44.65135, -4.46946, 0.0 ], [ -44.653399, -4.471531, 0.0 ], [ -44.65471, -4.472178, 0.0 ], [ -44.657763, -4.472227, 0.0 ], [ -44.658335, -4.471605, 0.0 ] ] } },
{ "type": "Feature", "properties": { "nome": "Rio Mearim", "comprimento": 4.8417662768399996 }, "geometry": { "type": "LineString", "coordinates": [ [ -46.330679, -6.741433, 0.0 ], [ -46.330333, -6.740802, 0.0 ], [ -46.328667, -6.740806, 0.0 ], [ -46.326716, -6.741673, 0.0 ], [ -46.32511, -6.742596, 0.0 ], [ -46.324366, -6.74346, 0.0 ], [ -46.324139, -6.744724, 0.0 ], [ -46.324257, -6.74593, 0.0 ], [ -46.324088, -6.746906, 0.0 ], [ -46.322768, -6.747599, 0.0 ], [ -46.321677, -6.747602, 0.0 ], [ -46.320699, -6.747317, 0.0 ], [ -46.320009, -6.746802, 0.0 ], [ -46.319835, -6.746344, 0.0 ], [ -46.319891, -6.745712, 0.0 ], [ -46.320518, -6.744102, 0.0 ], [ -46.320516, -6.743241, 0.0 ], [ -46.320227, -6.742495, 0.0 ], [ -46.319827, -6.742167, 0.0 ], [ -46.319108, -6.741786, 0.0 ], [ -46.318294, -6.741788, 0.0 ], [ -46.316095, -6.742656, 0.0 ], [ -46.313893, -6.742901, 0.0 ], [ -46.313175, -6.742807, 0.0 ], [ -46.311881, -6.742236, 0.0 ], [ -46.312065, -6.739699, 0.0 ], [ -46.311964, -6.73769, 0.0 ], [ -46.311772, -6.737355, 0.0 ], [ -46.310911, -6.737597, 0.0 ], [ -46.309091, -6.73741, 0.0 ], [ -46.305123, -6.739191, 0.0 ], [ -46.3023, -6.739773, 0.0 ] ] } },
{ "type": "Feature", "properties": { "nome": "Rio Mearim", "comprimento": 1.61568857645 }, "geometry": { "type": "LineString", "coordinates": [ [ -46.264423, -6.694802, 0.0 ], [ -46.263094, -6.69477, 0.0 ], [ -46.259076, -6.695677, 0.0 ], [ -46.256562, -6.695612, 0.0 ], [ -46.256275, -6.695398, 0.0 ], [ -46.256271, -6.694141, 0.0 ], [ -46.25695, -6.692811, 0.0 ], [ -46.257988, -6.691409, 0.0 ], [ -46.257915, -6.691086, 0.0 ], [ -46.2568, -6.690192, 0.0 ] ] } },
{ "type": "Feature", "properties": { "nome": "Rio Mearim", "comprimento": 2.30442030755 }, "geometry": { "type": "LineString", "coordinates": [ [ -45.574966, -5.718975, 0.0 ], [ -45.574812, -5.716752, 0.0 ], [ -45.57462, -5.71591, 0.0 ], [ -45.574313, -5.714914, 0.0 ], [ -45.573949, -5.714264, 0.0 ], [ -45.573337, -5.713594, 0.0 ], [ -45.572763, -5.713403, 0.0 ], [ -45.570987, -5.714477, 0.0 ], [ -45.570107, -5.714402, 0.0 ], [ -45.569035, -5.71312, 0.0 ], [ -45.568653, -5.71289, 0.0 ], [ -45.567678, -5.712623, 0.0 ], [ -45.565747, -5.712472, 0.0 ], [ -45.565059, -5.712281, 0.0 ], [ -45.562342, -5.710484, 0.0 ], [ -45.561539, -5.710159, 0.0 ], [ -45.560009, -5.710105, 0.0 ] ] } },
{ "type": "Feature", "properties": { "nome": "Rio Mearim", "comprimento": 0.56897874932699999 }, "geometry": { "type": "LineString", "coordinates": [ [ -45.128556, -5.416399, 0.0 ], [ -45.128368, -5.416737, 0.0 ], [ -45.127823, -5.417168, 0.0 ], [ -45.127135, -5.417197, 0.0 ], [ -45.12384, -5.417872, 0.0 ] ] } },
{ "type": "Feature", "properties": { "nome": "Rio Mearim", "comprimento": 3.3246783392100001 }, "geometry": { "type": "LineString", "coordinates": [ [ -45.558384, -5.710686, 0.0 ], [ -45.558021, -5.711146, 0.0 ], [ -45.557524, -5.711318, 0.0 ], [ -45.555785, -5.711492, 0.0 ], [ -45.553224, -5.711476, 0.0 ], [ -45.552669, -5.711285, 0.0 ], [ -45.55221, -5.710921, 0.0 ], [ -45.551482, -5.709831, 0.0 ], [ -45.551367, -5.709429, 0.0 ], [ -45.55152, -5.709084, 0.0 ], [ -45.551711, -5.708988, 0.0 ], [ -45.552667, -5.709179, 0.0 ], [ -45.553451, -5.709082, 0.0 ], [ -45.553564, -5.707359, 0.0 ], [ -45.553868, -5.706324, 0.0 ], [ -45.554059, -5.706094, 0.0 ], [ -45.55492, -5.706094, 0.0 ], [ -45.555149, -5.705845, 0.0 ], [ -45.555301, -5.705289, 0.0 ], [ -45.555243, -5.704466, 0.0 ], [ -45.554937, -5.703796, 0.0 ], [ -45.553483, -5.70284, 0.0 ], [ -45.552756, -5.701941, 0.0 ], [ -45.552897, -5.699487, 0.0 ], [ -45.551342, -5.698196, 0.0 ], [ -45.551127, -5.697789, 0.0 ], [ -45.551389, -5.697214, 0.0 ], [ -45.552249, -5.69683, 0.0 ], [ -45.552464, -5.696567, 0.0 ], [ -45.552511, -5.695634, 0.0 ], [ -45.552701, -5.694987, 0.0 ], [ -45.553488, -5.693718, 0.0 ] ] } },
{ "type": "Feature", "properties": { "nome": "Rio Mearim", "comprimento": 3.43634159459 }, "geometry": { "type": "LineString", "coordinates": [ [ -44.579891, -4.781464, 0.0 ], [ -44.579453, -4.781119, 0.0 ], [ -44.579224, -4.780564, 0.0 ], [ -44.57932, -4.779683, 0.0 ], [ -44.578499, -4.778419, 0.0 ], [ -44.576973, -4.776848, 0.0 ], [ -44.576936, -4.775699, 0.0 ], [ -44.577204, -4.774339, 0.0 ], [ -44.577911, -4.772865, 0.0 ], [ -44.578809, -4.771468, 0.0 ], [ -44.578944, -4.767945, 0.0 ], [ -44.578639, -4.767313, 0.0 ], [ -44.577609, -4.766853, 0.0 ], [ -44.576578, -4.766718, 0.0 ], [ -44.575758, -4.766909, 0.0 ], [ -44.574917, -4.767406, 0.0 ], [ -44.574593, -4.767942, 0.0 ], [ -44.574725, -4.770451, 0.0 ], [ -44.574591, -4.770987, 0.0 ], [ -44.574304, -4.771389, 0.0 ], [ -44.573999, -4.771408, 0.0 ], [ -44.573598, -4.771293, 0.0 ], [ -44.572931, -4.770316, 0.0 ], [ -44.571309, -4.769319, 0.0 ], [ -44.570698, -4.768706, 0.0 ], [ -44.569802, -4.767441, 0.0 ], [ -44.569612, -4.766675, 0.0 ] ] } },
{ "type": "Feature", "properties": { "nome": "Rio Mearim", "comprimento": 4.7371592041200001 }, "geometry": { "type": "LineString", "coordinates": [ [ -45.019658, -5.205307, 0.0 ], [ -45.019085, -5.204962, 0.0 ], [ -45.018952, -5.204713, 0.0 ], [ -45.019028, -5.204349, 0.0 ], [ -45.019525, -5.203966, 0.0 ], [ -45.020346, -5.204273, 0.0 ], [ -45.020785, -5.204062, 0.0 ], [ -45.020938, -5.203488, 0.0 ], [ -45.020843, -5.203009, 0.0 ], [ -45.020575, -5.202626, 0.0 ], [ -45.020174, -5.202454, 0.0 ], [ -45.019677, -5.20232, 0.0 ], [ -45.018703, -5.202645, 0.0 ], [ -45.018264, -5.202454, 0.0 ], [ -45.018016, -5.201535, 0.0 ], [ -45.018111, -5.201152, 0.0 ], [ -45.019028, -5.200443, 0.0 ], [ -45.019181, -5.199715, 0.0 ], [ -45.018378, -5.198643, 0.0 ], [ -45.016927, -5.197226, 0.0 ], [ -45.016583, -5.196192, 0.0 ], [ -45.016316, -5.195905, 0.0 ], [ -45.015781, -5.195867, 0.0 ], [ -45.014864, -5.196173, 0.0 ], [ -45.013767, -5.196176, 0.0 ], [ -45.013469, -5.196004, 0.0 ], [ -45.012483, -5.194487, 0.0 ], [ -45.012449, -5.193832, 0.0 ], [ -45.013388, -5.193614, 0.0 ], [ -45.014603, -5.193085, 0.0 ], [ -45.014512, -5.192534, 0.0 ], [ -45.013847, -5.192316, 0.0 ], [ -45.013446, -5.192373, 0.0 ], [ -45.01277, -5.192798, 0.0 ], [ -45.012254, -5.192936, 0.0 ], [ -45.011142, -5.19281, 0.0 ], [ -45.01073, -5.192419, 0.0 ], [ -45.01065, -5.192086, 0.0 ], [ -45.010707, -5.191661, 0.0 ], [ -45.011177, -5.191017, 0.0 ], [ -45.011074, -5.190489, 0.0 ], [ -45.01072, -5.190245, 0.0 ], [ -45.010387, -5.190268, 0.0 ], [ -45.00978, -5.190589, 0.0 ], [ -45.009127, -5.190681, 0.0 ], [ -45.008737, -5.190314, 0.0 ], [ -45.008703, -5.190072, 0.0 ], [ -45.008863, -5.189808, 0.0 ], [ -45.009516, -5.189624, 0.0 ], [ -45.010032, -5.18905, 0.0 ], [ -45.010055, -5.188521, 0.0 ], [ -45.009849, -5.188073, 0.0 ], [ -45.00962, -5.187935, 0.0 ], [ -45.009264, -5.187947, 0.0 ], [ -45.008347, -5.188407, 0.0 ], [ -45.008176, -5.188384, 0.0 ], [ -45.008004, -5.187912, 0.0 ], [ -45.008061, -5.187591, 0.0 ], [ -45.008703, -5.186959, 0.0 ], [ -45.008806, -5.186361, 0.0 ], [ -45.0086, -5.18581, 0.0 ], [ -45.0086, -5.185235, 0.0 ], [ -45.009392, -5.183775, 0.0 ] ] } },
{ "type": "Feature", "properties": { "nome": "Rio Mearim", "comprimento": 1.2699416526 }, "geometry": { "type": "LineString", "coordinates": [ [ -45.373264, -5.563728, 0.0 ], [ -45.372403, -5.561584, 0.0 ], [ -45.371848, -5.560953, 0.0 ], [ -45.370911, -5.560264, 0.0 ], [ -45.370701, -5.559747, 0.0 ], [ -45.370624, -5.559249, 0.0 ], [ -45.370891, -5.5581, 0.0 ], [ -45.370833, -5.557621, 0.0 ], [ -45.370048, -5.555535, 0.0 ], [ -45.369781, -5.555209, 0.0 ], [ -45.368014, -5.555118, 0.0 ] ] } },
{ "type": "Feature", "properties": { "nome": "Rio Mearim", "comprimento": 2.37498955565 }, "geometry": { "type": "LineString", "coordinates": [ [ -46.128437, -6.487092, 0.0 ], [ -46.12822, -6.486494, 0.0 ], [ -46.127477, -6.485946, 0.0 ], [ -46.127165, -6.485348, 0.0 ], [ -46.12726, -6.485109, 0.0 ], [ -46.127953, -6.484605, 0.0 ], [ -46.128119, -6.484221, 0.0 ], [ -46.12831, -6.484101, 0.0 ], [ -46.129866, -6.48417, 0.0 ], [ -46.130511, -6.484048, 0.0 ], [ -46.130677, -6.483306, 0.0 ], [ -46.131514, -6.482945, 0.0 ], [ -46.132303, -6.482896, 0.0 ], [ -46.133739, -6.483108, 0.0 ], [ -46.134265, -6.482796, 0.0 ], [ -46.134288, -6.482508, 0.0 ], [ -46.134144, -6.482317, 0.0 ], [ -46.132924, -6.482464, 0.0 ], [ -46.132948, -6.482224, 0.0 ], [ -46.133449, -6.481745, 0.0 ], [ -46.133399, -6.481003, 0.0 ], [ -46.133111, -6.480525, 0.0 ], [ -46.131698, -6.47981, 0.0 ], [ -46.131005, -6.480123, 0.0 ], [ -46.130598, -6.479908, 0.0 ], [ -46.130189, -6.478808, 0.0 ], [ -46.130763, -6.478688, 0.0 ], [ -46.131264, -6.478136, 0.0 ], [ -46.131382, -6.477729, 0.0 ], [ -46.131165, -6.47694, 0.0 ] ] } },
{ "type": "Feature", "properties": { "nome": "Rio Mearim", "comprimento": 0.77429465264099995 }, "geometry": { "type": "LineString", "coordinates": [ [ -44.730348, -4.91128, 0.0 ], [ -44.729981, -4.911035, 0.0 ], [ -44.729172, -4.909901, 0.0 ], [ -44.728073, -4.909349, 0.0 ], [ -44.727096, -4.908613, 0.0 ], [ -44.725691, -4.908613, 0.0 ], [ -44.724911, -4.908949, 0.0 ], [ -44.724469, -4.908918, 0.0 ] ] } },
{ "type": "Feature", "properties": { "nome": "Rio Mearim", "comprimento": 1.88708234451 }, "geometry": { "type": "LineString", "coordinates": [ [ -44.603251, -4.788558, 0.0 ], [ -44.603682, -4.787289, 0.0 ], [ -44.603826, -4.785494, 0.0 ], [ -44.604399, -4.78425, 0.0 ], [ -44.604495, -4.783364, 0.0 ], [ -44.604113, -4.783005, 0.0 ], [ -44.597796, -4.780613, 0.0 ], [ -44.59541, -4.780344, 0.0 ], [ -44.594819, -4.780114, 0.0 ], [ -44.593517, -4.780097, 0.0 ] ] } },
{ "type": "Feature", "properties": { "nome": "Rio Mearim", "comprimento": 2.4237790762400002 }, "geometry": { "type": "LineString", "coordinates": [ [ -46.267339, -6.707385, 0.0 ], [ -46.267442, -6.70559, 0.0 ], [ -46.267138, -6.703661, 0.0 ], [ -46.26735, -6.702117, 0.0 ], [ -46.267636, -6.701937, 0.0 ], [ -46.268498, -6.701863, 0.0 ], [ -46.269071, -6.701574, 0.0 ], [ -46.269429, -6.700927, 0.0 ], [ -46.270325, -6.70053, 0.0 ], [ -46.270682, -6.699847, 0.0 ], [ -46.272006, -6.698085, 0.0 ], [ -46.271933, -6.697547, 0.0 ], [ -46.271213, -6.696795, 0.0 ], [ -46.271068, -6.6964, 0.0 ], [ -46.271245, -6.695395, 0.0 ], [ -46.271029, -6.695216, 0.0 ], [ -46.268517, -6.695402, 0.0 ], [ -46.265643, -6.694871, 0.0 ], [ -46.264423, -6.694802, 0.0 ] ] } },
{ "type": "Feature", "properties": { "nome": "Rio Mearim", "comprimento": 0.42253621791399998 }, "geometry": { "type": "LineString", "coordinates": [ [ -45.10282, -5.382773, 0.0 ], [ -45.10165, -5.383516, 0.0 ], [ -45.101149, -5.383635, 0.0 ], [ -45.100671, -5.383396, 0.0 ], [ -45.099811, -5.382319, 0.0 ] ] } },
{ "type": "Feature", "properties": { "nome": "Rio Mearim", "comprimento": 7.7375054061900004 }, "geometry": { "type": "LineString", "coordinates": [ [ -46.303432, -6.902608, 0.0 ], [ -46.307736, -6.900586, 0.0 ], [ -46.309459, -6.900199, 0.0 ], [ -46.311182, -6.900098, 0.0 ], [ -46.312526, -6.901147, 0.0 ], [ -46.31397, -6.903823, 0.0 ], [ -46.315026, -6.904682, 0.0 ], [ -46.31608, -6.904775, 0.0 ], [ -46.32048, -6.902753, 0.0 ], [ -46.323461, -6.902864, 0.0 ], [ -46.32376, -6.902504, 0.0 ], [ -46.324264, -6.900858, 0.0 ], [ -46.324532, -6.900438, 0.0 ], [ -46.325668, -6.899957, 0.0 ], [ -46.326533, -6.898967, 0.0 ], [ -46.327071, -6.898666, 0.0 ], [ -46.327789, -6.898515, 0.0 ], [ -46.329526, -6.898779, 0.0 ], [ -46.330125, -6.899077, 0.0 ], [ -46.330963, -6.899104, 0.0 ], [ -46.331686, -6.899949, 0.0 ], [ -46.332092, -6.901154, 0.0 ], [ -46.332842, -6.902415, 0.0 ], [ -46.333995, -6.903733, 0.0 ], [ -46.334343, -6.904651, 0.0 ], [ -46.335091, -6.905281, 0.0 ], [ -46.335553, -6.906026, 0.0 ], [ -46.336071, -6.906197, 0.0 ], [ -46.336701, -6.905621, 0.0 ], [ -46.337448, -6.905446, 0.0 ], [ -46.338369, -6.905846, 0.0 ], [ -46.340673, -6.908021, 0.0 ], [ -46.341993, -6.907386, 0.0 ], [ -46.342797, -6.907269, 0.0 ], [ -46.344231, -6.906231, 0.0 ], [ -46.34492, -6.905942, 0.0 ], [ -46.345544, -6.903299, 0.0 ], [ -46.346861, -6.901342, 0.0 ], [ -46.347375, -6.900192, 0.0 ], [ -46.348458, -6.897318, 0.0 ], [ -46.347818, -6.894334, 0.0 ], [ -46.347699, -6.892956, 0.0 ], [ -46.348039, -6.891232, 0.0 ], [ -46.348004, -6.88989, 0.0 ], [ -46.348171, -6.889602, 0.0 ] ] } },
{ "type": "Feature", "properties": { "nome": "Rio Mearim", "comprimento": 10.4376180841 }, "geometry": { "type": "LineString", "coordinates": [ [ -44.595746, -4.654879, 0.0 ], [ -44.596948, -4.655473, 0.0 ], [ -44.597826, -4.655588, 0.0 ], [ -44.598437, -4.655244, 0.0 ], [ -44.598838, -4.654689, 0.0 ], [ -44.599526, -4.652602, 0.0 ], [ -44.600137, -4.652219, 0.0 ], [ -44.602485, -4.651244, 0.0 ], [ -44.603096, -4.650555, 0.0 ], [ -44.603478, -4.649464, 0.0 ], [ -44.603479, -4.647147, 0.0 ], [ -44.603022, -4.645806, 0.0 ], [ -44.603194, -4.645002, 0.0 ], [ -44.603423, -4.644715, 0.0 ], [ -44.604072, -4.644543, 0.0 ], [ -44.605256, -4.643682, 0.0 ], [ -44.607681, -4.642648, 0.0 ], [ -44.609151, -4.641251, 0.0 ], [ -44.610144, -4.64127, 0.0 ], [ -44.610563, -4.641577, 0.0 ], [ -44.610735, -4.642573, 0.0 ], [ -44.609856, -4.644181, 0.0 ], [ -44.609875, -4.644621, 0.0 ], [ -44.610123, -4.645138, 0.0 ], [ -44.610542, -4.645349, 0.0 ], [ -44.611134, -4.645369, 0.0 ], [ -44.611802, -4.645158, 0.0 ], [ -44.612413, -4.644584, 0.0 ], [ -44.613158, -4.643685, 0.0 ], [ -44.614037, -4.641904, 0.0 ], [ -44.614533, -4.641541, 0.0 ], [ -44.61501, -4.641369, 0.0 ], [ -44.615621, -4.641503, 0.0 ], [ -44.61688, -4.642385, 0.0 ], [ -44.61728, -4.642461, 0.0 ], [ -44.617739, -4.642232, 0.0 ], [ -44.618121, -4.641658, 0.0 ], [ -44.618541, -4.640758, 0.0 ], [ -44.619, -4.639073, 0.0 ], [ -44.619077, -4.638211, 0.0 ], [ -44.618849, -4.636182, 0.0 ], [ -44.619173, -4.635665, 0.0 ], [ -44.620032, -4.635033, 0.0 ], [ -44.620224, -4.634612, 0.0 ], [ -44.620243, -4.634114, 0.0 ], [ -44.620014, -4.63377, 0.0 ], [ -44.618652, -4.633293, 0.0 ], [ -44.618327, -4.633044, 0.0 ], [ -44.618252, -4.632354, 0.0 ], [ -44.618672, -4.630957, 0.0 ], [ -44.619665, -4.629732, 0.0 ], [ -44.619685, -4.629119, 0.0 ], [ -44.61917, -4.628391, 0.0 ], [ -44.618635, -4.628123, 0.0 ], [ -44.617815, -4.628007, 0.0 ], [ -44.617261, -4.628199, 0.0 ], [ -44.616822, -4.628735, 0.0 ], [ -44.61623, -4.630343, 0.0 ], [ -44.615829, -4.630726, 0.0 ], [ -44.615294, -4.630668, 0.0 ], [ -44.614685, -4.629212, 0.0 ], [ -44.614686, -4.627336, 0.0 ], [ -44.615069, -4.624464, 0.0 ], [ -44.615222, -4.623927, 0.0 ], [ -44.616559, -4.621898, 0.0 ], [ -44.618849, -4.620483, 0.0 ], [ -44.620325, -4.618493, 0.0 ], [ -44.62042, -4.618091, 0.0 ], [ -44.619676, -4.617612, 0.0 ], [ -44.618837, -4.616195, 0.0 ], [ -44.618666, -4.615659, 0.0 ], [ -44.618571, -4.61405, 0.0 ], [ -44.618038, -4.612882, 0.0 ], [ -44.618, -4.612499, 0.0 ], [ -44.61821, -4.611905, 0.0 ], [ -44.620902, -4.609513, 0.0 ], [ -44.621551, -4.609265, 0.0 ], [ -44.624203, -4.610108, 0.0 ], [ -44.624986, -4.609668, 0.0 ], [ -44.626342, -4.607659, 0.0 ], [ -44.626552, -4.607008, 0.0 ], [ -44.626427, -4.606136, 0.0 ] ] } },
{ "type": "Feature", "properties": { "nome": "Rio Mearim", "comprimento": 1.4383847375100001 }, "geometry": { "type": "LineString", "coordinates": [ [ -44.615322, -4.804695, 0.0 ], [ -44.614855, -4.804455, 0.0 ], [ -44.613863, -4.803172, 0.0 ], [ -44.612876, -4.802482, 0.0 ], [ -44.612189, -4.802374, 0.0 ], [ -44.610341, -4.802603, 0.0 ], [ -44.609288, -4.802311, 0.0 ], [ -44.608586, -4.801453, 0.0 ], [ -44.608418, -4.800932, 0.0 ], [ -44.608511, -4.798726, 0.0 ], [ -44.607702, -4.797516, 0.0 ], [ -44.607192, -4.797167, 0.0 ] ] } },
{ "type": "Feature", "properties": { "nome": "Rio Mearim", "comprimento": 0.076114093972000002 }, "geometry": { "type": "LineString", "coordinates": [ [ -46.069166, -6.24699, 0.0 ], [ -46.069095, -6.246305, 0.0 ] ] } },
{ "type": "Feature", "properties": { "nome": "Rio Mearim", "comprimento": 3.8896826472699999 }, "geometry": { "type": "LineString", "coordinates": [ [ -44.60476, -4.563491, 0.0 ], [ -44.605161, -4.561863, 0.0 ], [ -44.609671, -4.556868, 0.0 ], [ -44.609481, -4.556045, 0.0 ], [ -44.609137, -4.556083, 0.0 ], [ -44.60803, -4.557174, 0.0 ], [ -44.607515, -4.557269, 0.0 ], [ -44.60719, -4.557058, 0.0 ], [ -44.606962, -4.556062, 0.0 ], [ -44.607325, -4.555067, 0.0 ], [ -44.607802, -4.554493, 0.0 ], [ -44.609425, -4.553191, 0.0 ], [ -44.614636, -4.549408, 0.0 ], [ -44.615293, -4.548796, 0.0 ], [ -44.616255, -4.547448, 0.0 ], [ -44.617385, -4.546422, 0.0 ], [ -44.617722, -4.545871, 0.0 ], [ -44.617875, -4.54535, 0.0 ], [ -44.617783, -4.544722, 0.0 ], [ -44.617478, -4.5444, 0.0 ], [ -44.614944, -4.544031, 0.0 ], [ -44.614502, -4.543832, 0.0 ], [ -44.613892, -4.543234, 0.0 ], [ -44.61328, -4.541971, 0.0 ] ] } },
{ "type": "Feature", "properties": { "nome": "Rio Mearim", "comprimento": 2.0976052618900001 }, "geometry": { "type": "LineString", "coordinates": [ [ -44.962258, -5.102449, 0.0 ], [ -44.961586, -5.10179, 0.0 ], [ -44.961479, -5.101423, 0.0 ], [ -44.961662, -5.10107, 0.0 ], [ -44.962961, -5.099845, 0.0 ], [ -44.964214, -5.098083, 0.0 ], [ -44.964703, -5.097807, 0.0 ], [ -44.966673, -5.097225, 0.0 ], [ -44.966994, -5.09698, 0.0 ], [ -44.967147, -5.096551, 0.0 ], [ -44.966872, -5.096092, 0.0 ], [ -44.966242, -5.095523, 0.0 ], [ -44.965621, -5.094469, 0.0 ], [ -44.964284, -5.092818, 0.0 ], [ -44.961683, -5.091238, 0.0 ], [ -44.96142, -5.09052, 0.0 ], [ -44.961528, -5.089311, 0.0 ] ] } },
{ "type": "Feature", "properties": { "nome": "Rio Mearim", "comprimento": 1.76359138438 }, "geometry": { "type": "LineString", "coordinates": [ [ -46.196399, -6.646364, 0.0 ], [ -46.195802, -6.646604, 0.0 ], [ -46.195562, -6.646485, 0.0 ], [ -46.195799, -6.645288, 0.0 ], [ -46.195318, -6.644572, 0.0 ], [ -46.195437, -6.644362, 0.0 ], [ -46.196065, -6.644211, 0.0 ], [ -46.196244, -6.644031, 0.0 ], [ -46.196093, -6.643433, 0.0 ], [ -46.196242, -6.642984, 0.0 ], [ -46.196092, -6.642745, 0.0 ], [ -46.194777, -6.643556, 0.0 ], [ -46.194448, -6.643527, 0.0 ], [ -46.193908, -6.6429, 0.0 ], [ -46.193667, -6.642003, 0.0 ], [ -46.193067, -6.641556, 0.0 ], [ -46.192858, -6.641586, 0.0 ], [ -46.192859, -6.641885, 0.0 ], [ -46.19268, -6.642035, 0.0 ], [ -46.19253, -6.641976, 0.0 ], [ -46.192259, -6.641169, 0.0 ], [ -46.192258, -6.64072, 0.0 ], [ -46.191868, -6.640273, 0.0 ], [ -46.190999, -6.639796, 0.0 ], [ -46.190489, -6.639139, 0.0 ], [ -46.190337, -6.638332, 0.0 ], [ -46.190606, -6.637942, 0.0 ] ] } },
{ "type": "Feature", "properties": { "nome": "Rio Mearim", "comprimento": 0.23537254835300001 }, "geometry": { "type": "LineString", "coordinates": [ [ -44.951906, -5.048738, 0.0 ], [ -44.950952, -5.047326, 0.0 ], [ -44.950546, -5.04723, 0.0 ] ] } },
{ "type": "Feature", "properties": { "nome": "Rio Mearim", "comprimento": 1.0263442539900001 }, "geometry": { "type": "LineString", "coordinates": [ [ -46.131165, -6.47694, 0.0 ], [ -46.130997, -6.476749, 0.0 ], [ -46.13071, -6.476701, 0.0 ], [ -46.130614, -6.476415, 0.0 ], [ -46.130994, -6.475098, 0.0 ], [ -46.130919, -6.473782, 0.0 ], [ -46.132519, -6.472581, 0.0 ], [ -46.133642, -6.471933, 0.0 ], [ -46.134193, -6.472051, 0.0 ], [ -46.134385, -6.472266, 0.0 ], [ -46.135294, -6.47236, 0.0 ], [ -46.135532, -6.471785, 0.0 ] ] } },
{ "type": "Feature", "properties": { "nome": "Rio Mearim", "comprimento": 1.94856071859 }, "geometry": { "type": "LineString", "coordinates": [ [ -44.937476, -5.021378, 0.0 ], [ -44.937075, -5.021301, 0.0 ], [ -44.93551, -5.02178, 0.0 ], [ -44.934612, -5.022335, 0.0 ], [ -44.934364, -5.022278, 0.0 ], [ -44.933982, -5.021895, 0.0 ], [ -44.933906, -5.021358, 0.0 ], [ -44.934498, -5.020707, 0.0 ], [ -44.934555, -5.020248, 0.0 ], [ -44.934326, -5.019712, 0.0 ], [ -44.933276, -5.019846, 0.0 ], [ -44.932665, -5.019271, 0.0 ], [ -44.932588, -5.018792, 0.0 ], [ -44.932989, -5.018084, 0.0 ], [ -44.934262, -5.017647, 0.0 ], [ -44.934262, -5.017149, 0.0 ], [ -44.934052, -5.016728, 0.0 ], [ -44.932506, -5.015751, 0.0 ], [ -44.932411, -5.014889, 0.0 ], [ -44.932869, -5.014219, 0.0 ], [ -44.932869, -5.01397, 0.0 ], [ -44.932621, -5.013625, 0.0 ], [ -44.931742, -5.013204, 0.0 ], [ -44.931399, -5.012859, 0.0 ] ] } },
{ "type": "Feature", "properties": { "nome": "Rio Mearim", "comprimento": 4.0936403838000004 }, "geometry": { "type": "LineString", "coordinates": [ [ -44.814945, -4.931272, 0.0 ], [ -44.814105, -4.92997, 0.0 ], [ -44.813666, -4.929587, 0.0 ], [ -44.81294, -4.929452, 0.0 ], [ -44.811462, -4.931001, 0.0 ], [ -44.810851, -4.931327, 0.0 ], [ -44.810259, -4.931365, 0.0 ], [ -44.80982, -4.931001, 0.0 ], [ -44.809744, -4.930675, 0.0 ], [ -44.809897, -4.930062, 0.0 ], [ -44.810241, -4.929699, 0.0 ], [ -44.810394, -4.929297, 0.0 ], [ -44.810279, -4.928933, 0.0 ], [ -44.810031, -4.928703, 0.0 ], [ -44.809516, -4.928626, 0.0 ], [ -44.808198, -4.929373, 0.0 ], [ -44.807549, -4.929545, 0.0 ], [ -44.807052, -4.929545, 0.0 ], [ -44.806594, -4.929276, 0.0 ], [ -44.806346, -4.928798, 0.0 ], [ -44.806442, -4.928338, 0.0 ], [ -44.807282, -4.927266, 0.0 ], [ -44.807263, -4.926768, 0.0 ], [ -44.807015, -4.926347, 0.0 ], [ -44.806309, -4.925676, 0.0 ], [ -44.805565, -4.925217, 0.0 ], [ -44.802911, -4.925369, 0.0 ], [ -44.802453, -4.925101, 0.0 ], [ -44.802186, -4.924086, 0.0 ], [ -44.802377, -4.922726, 0.0 ], [ -44.802052, -4.922343, 0.0 ], [ -44.801537, -4.922209, 0.0 ], [ -44.801021, -4.922554, 0.0 ], [ -44.800735, -4.923032, 0.0 ], [ -44.80041, -4.924373, 0.0 ], [ -44.800219, -4.924679, 0.0 ], [ -44.799894, -4.924736, 0.0 ], [ -44.799513, -4.924583, 0.0 ], [ -44.799169, -4.924181, 0.0 ], [ -44.798787, -4.924123, 0.0 ], [ -44.798348, -4.92441, 0.0 ], [ -44.797909, -4.924946, 0.0 ], [ -44.796915, -4.926727, 0.0 ], [ -44.796572, -4.926937, 0.0 ], [ -44.794955, -4.927078, 0.0 ], [ -44.794592, -4.927595, 0.0 ], [ -44.794286, -4.928514, 0.0 ], [ -44.793961, -4.928706, 0.0 ] ] } },
{ "type": "Feature", "properties": { "nome": "Rio Mearim", "comprimento": 4.1574542326900001 }, "geometry": { "type": "LineString", "coordinates": [ [ -46.149941, -6.567033, 0.0 ], [ -46.14994, -6.566423, 0.0 ], [ -46.148485, -6.564508, 0.0 ], [ -46.148481, -6.562833, 0.0 ], [ -46.148119, -6.561428, 0.0 ], [ -46.148056, -6.560142, 0.0 ], [ -46.147784, -6.559126, 0.0 ], [ -46.147184, -6.55811, 0.0 ], [ -46.146735, -6.558021, 0.0 ], [ -46.146287, -6.558202, 0.0 ], [ -46.14596, -6.55901, 0.0 ], [ -46.14581, -6.55913, 0.0 ], [ -46.145242, -6.559102, 0.0 ], [ -46.144794, -6.559551, 0.0 ], [ -46.144406, -6.559582, 0.0 ], [ -46.143686, -6.558866, 0.0 ], [ -46.143447, -6.558866, 0.0 ], [ -46.14291, -6.559496, 0.0 ], [ -46.142102, -6.559378, 0.0 ], [ -46.141892, -6.559109, 0.0 ], [ -46.14177, -6.557853, 0.0 ], [ -46.141141, -6.557585, 0.0 ], [ -46.141021, -6.557346, 0.0 ], [ -46.140662, -6.557497, 0.0 ], [ -46.140332, -6.557139, 0.0 ], [ -46.140361, -6.55672, 0.0 ], [ -46.140062, -6.556571, 0.0 ], [ -46.139733, -6.556691, 0.0 ], [ -46.139464, -6.556602, 0.0 ], [ -46.139313, -6.556303, 0.0 ], [ -46.139492, -6.555914, 0.0 ], [ -46.139342, -6.555675, 0.0 ], [ -46.138833, -6.555557, 0.0 ], [ -46.138922, -6.555018, 0.0 ], [ -46.138684, -6.55399, 0.0 ], [ -46.138288, -6.553273, 0.0 ], [ -46.137427, -6.553741, 0.0 ], [ -46.13714, -6.553634, 0.0 ], [ -46.137103, -6.553239, 0.0 ], [ -46.137532, -6.552377, 0.0 ], [ -46.137567, -6.551982, 0.0 ], [ -46.137351, -6.551623, 0.0 ], [ -46.136561, -6.551841, 0.0 ], [ -46.136202, -6.551447, 0.0 ], [ -46.136271, -6.55037, 0.0 ], [ -46.136019, -6.550011, 0.0 ], [ -46.135012, -6.549331, 0.0 ], [ -46.134833, -6.549332, 0.0 ], [ -46.134618, -6.549655, 0.0 ], [ -46.134224, -6.5498, 0.0 ], [ -46.13311, -6.5493, 0.0 ], [ -46.133109, -6.549013, 0.0 ], [ -46.133468, -6.54894, 0.0 ], [ -46.133755, -6.548652, 0.0 ], [ -46.133574, -6.548114, 0.0 ], [ -46.132533, -6.548081, 0.0 ] ] } },
{ "type": "Feature", "properties": { "nome": "Rio Mearim", "comprimento": 2.4302206734 }, "geometry": { "type": "LineString", "coordinates": [ [ -46.244155, -6.687101, 0.0 ], [ -46.242645, -6.686136, 0.0 ], [ -46.242357, -6.685813, 0.0 ], [ -46.242355, -6.684952, 0.0 ], [ -46.243179, -6.684483, 0.0 ], [ -46.246735, -6.685013, 0.0 ], [ -46.247201, -6.68494, 0.0 ], [ -46.248635, -6.684075, 0.0 ], [ -46.249136, -6.683679, 0.0 ], [ -46.249387, -6.683211, 0.0 ], [ -46.249384, -6.682063, 0.0 ], [ -46.249203, -6.681417, 0.0 ], [ -46.249272, -6.680556, 0.0 ], [ -46.249702, -6.680124, 0.0 ], [ -46.250563, -6.67987, 0.0 ], [ -46.251029, -6.679546, 0.0 ], [ -46.251529, -6.678719, 0.0 ], [ -46.251348, -6.678181, 0.0 ], [ -46.249944, -6.676641, 0.0 ], [ -46.247644, -6.675391, 0.0 ] ] } },
{ "type": "Feature", "properties": { "nome": "Rio Mearim", "comprimento": 2.9818816694799999 }, "geometry": { "type": "LineString", "coordinates": [ [ -44.593695, -4.672874, 0.0 ], [ -44.594745, -4.672147, 0.0 ], [ -44.595261, -4.671419, 0.0 ], [ -44.595452, -4.670826, 0.0 ], [ -44.595395, -4.670232, 0.0 ], [ -44.59488, -4.669726, 0.0 ], [ -44.594269, -4.669936, 0.0 ], [ -44.593353, -4.669936, 0.0 ], [ -44.592551, -4.669744, 0.0 ], [ -44.592055, -4.669437, 0.0 ], [ -44.591941, -4.669054, 0.0 ], [ -44.592094, -4.66825, 0.0 ], [ -44.593585, -4.664861, 0.0 ], [ -44.594119, -4.664038, 0.0 ], [ -44.595876, -4.662795, 0.0 ], [ -44.596353, -4.662029, 0.0 ], [ -44.59666, -4.660689, 0.0 ], [ -44.596354, -4.660172, 0.0 ], [ -44.594886, -4.659194, 0.0 ], [ -44.593989, -4.65904, 0.0 ], [ -44.592615, -4.65904, 0.0 ], [ -44.592138, -4.65879, 0.0 ], [ -44.591775, -4.658254, 0.0 ], [ -44.591642, -4.657048, 0.0 ], [ -44.592215, -4.655949, 0.0 ], [ -44.592516, -4.654776, 0.0 ] ] } },
{ "type": "Feature", "properties": { "nome": "Rio Mearim", "comprimento": 1.1123104728 }, "geometry": { "type": "LineString", "coordinates": [ [ -46.280315, -6.722347, 0.0 ], [ -46.279883, -6.721882, 0.0 ], [ -46.279055, -6.721381, 0.0 ], [ -46.278358, -6.720163, 0.0 ], [ -46.277838, -6.718786, 0.0 ], [ -46.275761, -6.715633, 0.0 ], [ -46.27524, -6.713911, 0.0 ] ] } },
{ "type": "Feature", "properties": { "nome": "Rio Mearim", "comprimento": 0.052520749096100001 }, "geometry": { "type": "LineString", "coordinates": [ [ -45.184904, -5.433416, 0.0 ], [ -45.185347, -5.433247, 0.0 ] ] } },
{ "type": "Feature", "properties": { "nome": "Rio Mearim", "comprimento": 1.2802236897899999 }, "geometry": { "type": "LineString", "coordinates": [ [ -44.851327, -4.939636, 0.0 ], [ -44.850769, -4.939703, 0.0 ], [ -44.850406, -4.939071, 0.0 ], [ -44.850006, -4.938822, 0.0 ], [ -44.847657, -4.937902, 0.0 ], [ -44.846989, -4.937002, 0.0 ], [ -44.846398, -4.936485, 0.0 ], [ -44.84403, -4.935565, 0.0 ], [ -44.843649, -4.935048, 0.0 ], [ -44.843038, -4.934588, 0.0 ], [ -44.842312, -4.934243, 0.0 ], [ -44.841721, -4.934301, 0.0 ] ] } },
{ "type": "Feature", "properties": { "nome": "Rio Mearim", "comprimento": 2.32645081679 }, "geometry": { "type": "LineString", "coordinates": [ [ -45.057635, -5.302931, 0.0 ], [ -45.057372, -5.302788, 0.0 ], [ -45.056608, -5.301615, 0.0 ], [ -45.05625, -5.301639, 0.0 ], [ -45.055367, -5.302309, 0.0 ], [ -45.055056, -5.302309, 0.0 ], [ -45.054674, -5.301471, 0.0 ], [ -45.055247, -5.299724, 0.0 ], [ -45.055032, -5.299341, 0.0 ], [ -45.053957, -5.29903, 0.0 ], [ -45.053814, -5.298695, 0.0 ], [ -45.053838, -5.296062, 0.0 ], [ -45.054029, -5.295583, 0.0 ], [ -45.055151, -5.294865, 0.0 ], [ -45.05527, -5.294554, 0.0 ], [ -45.055103, -5.294171, 0.0 ], [ -45.054339, -5.294291, 0.0 ], [ -45.053694, -5.294722, 0.0 ], [ -45.053169, -5.294841, 0.0 ], [ -45.052811, -5.294698, 0.0 ], [ -45.052692, -5.294482, 0.0 ], [ -45.053479, -5.292472, 0.0 ], [ -45.054511, -5.291023, 0.0 ], [ -45.054664, -5.290548, 0.0 ], [ -45.054542, -5.290196, 0.0 ] ] } },
{ "type": "Feature", "properties": { "nome": "Rio Mearim", "comprimento": 2.6173768901300001 }, "geometry": { "type": "LineString", "coordinates": [ [ -44.742508, -4.916848, 0.0 ], [ -44.742031, -4.916656, 0.0 ], [ -44.740867, -4.915545, 0.0 ], [ -44.740142, -4.915162, 0.0 ], [ -44.73997, -4.914702, 0.0 ], [ -44.740333, -4.914051, 0.0 ], [ -44.741899, -4.913861, 0.0 ], [ -44.743407, -4.913133, 0.0 ], [ -44.743885, -4.912559, 0.0 ], [ -44.744095, -4.911564, 0.0 ], [ -44.743885, -4.911123, 0.0 ], [ -44.743217, -4.910816, 0.0 ], [ -44.740201, -4.91049, 0.0 ], [ -44.739189, -4.910623, 0.0 ], [ -44.738253, -4.911063, 0.0 ], [ -44.737776, -4.91114, 0.0 ], [ -44.737337, -4.910948, 0.0 ], [ -44.736383, -4.909492, 0.0 ], [ -44.735944, -4.909243, 0.0 ], [ -44.735237, -4.909511, 0.0 ], [ -44.735008, -4.910277, 0.0 ], [ -44.734741, -4.910545, 0.0 ], [ -44.73413, -4.910621, 0.0 ], [ -44.733614, -4.910947, 0.0 ], [ -44.733365, -4.911751, 0.0 ], [ -44.732907, -4.912517, 0.0 ] ] } },
{ "type": "Feature", "properties": { "nome": "Rio Mearim", "comprimento": 1.7165149603200001 }, "geometry": { "type": "LineString", "coordinates": [ [ -45.09152, -5.356953, 0.0 ], [ -45.090338, -5.355245, 0.0 ], [ -45.089708, -5.354584, 0.0 ], [ -45.086297, -5.352402, 0.0 ], [ -45.086011, -5.351942, 0.0 ], [ -45.086039, -5.351138, 0.0 ], [ -45.086383, -5.350276, 0.0 ], [ -45.086985, -5.3493, 0.0 ], [ -45.088618, -5.347289, 0.0 ], [ -45.088925, -5.34485, 0.0 ] ] } },
{ "type": "Feature", "properties": { "nome": "Rio Mearim", "comprimento": 3.07983099511 }, "geometry": { "type": "LineString", "coordinates": [ [ -45.040742, -5.25467, 0.0 ], [ -45.040293, -5.254143, 0.0 ], [ -45.039587, -5.253684, 0.0 ], [ -45.039033, -5.253512, 0.0 ], [ -45.035862, -5.253378, 0.0 ], [ -45.03208, -5.252861, 0.0 ], [ -45.030265, -5.252842, 0.0 ], [ -45.029654, -5.252478, 0.0 ], [ -45.029405, -5.251999, 0.0 ], [ -45.029348, -5.251463, 0.0 ], [ -45.028488, -5.250314, 0.0 ], [ -45.028108, -5.246395, 0.0 ], [ -45.027535, -5.244337, 0.0 ], [ -45.027248, -5.241297, 0.0 ], [ -45.027511, -5.240651, 0.0 ], [ -45.028084, -5.239861, 0.0 ], [ -45.028084, -5.239143, 0.0 ], [ -45.027415, -5.237539, 0.0 ], [ -45.027153, -5.237264, 0.0 ] ] } },
{ "type": "Feature", "properties": { "nome": "Rio Mearim", "comprimento": 3.0022248191399998 }, "geometry": { "type": "LineString", "coordinates": [ [ -45.171896, -5.418942, 0.0 ], [ -45.168962, -5.41904, 0.0 ], [ -45.168006, -5.418945, 0.0 ], [ -45.165737, -5.41806, 0.0 ], [ -45.163826, -5.416864, 0.0 ], [ -45.163062, -5.416146, 0.0 ], [ -45.162417, -5.415332, 0.0 ], [ -45.162202, -5.41459, 0.0 ], [ -45.161891, -5.414088, 0.0 ], [ -45.161413, -5.413609, 0.0 ], [ -45.160864, -5.413394, 0.0 ], [ -45.160076, -5.413418, 0.0 ], [ -45.158786, -5.41428, 0.0 ], [ -45.158237, -5.414495, 0.0 ], [ -45.157544, -5.414424, 0.0 ], [ -45.154989, -5.415358, 0.0 ], [ -45.154177, -5.415502, 0.0 ], [ -45.153389, -5.415287, 0.0 ], [ -45.152911, -5.414616, 0.0 ], [ -45.1526, -5.413875, 0.0 ], [ -45.151621, -5.412726, 0.0 ], [ -45.151013, -5.412246, 0.0 ], [ -45.149425, -5.413228, 0.0 ] ] } },
{ "type": "Feature", "properties": { "nome": "Rio Mearim", "comprimento": 2.2537430778999998 }, "geometry": { "type": "LineString", "coordinates": [ [ -45.364495, -5.556261, 0.0 ], [ -45.363953, -5.556515, 0.0 ], [ -45.363341, -5.55642, 0.0 ], [ -45.362958, -5.555252, 0.0 ], [ -45.362671, -5.554946, 0.0 ], [ -45.361276, -5.554315, 0.0 ], [ -45.358465, -5.552478, 0.0 ], [ -45.358159, -5.552134, 0.0 ], [ -45.35772, -5.552134, 0.0 ], [ -45.356593, -5.552613, 0.0 ], [ -45.356057, -5.552556, 0.0 ], [ -45.355656, -5.55225, 0.0 ], [ -45.355369, -5.551695, 0.0 ], [ -45.353839, -5.550432, 0.0 ], [ -45.352463, -5.549763, 0.0 ], [ -45.352214, -5.549323, 0.0 ], [ -45.351849, -5.545436, 0.0 ], [ -45.35139, -5.544728, 0.0 ] ] } },
{ "type": "Feature", "properties": { "nome": "Rio Mearim", "comprimento": 4.57620565659 }, "geometry": { "type": "LineString", "coordinates": [ [ -45.350063, -5.530099, 0.0 ], [ -45.350119, -5.529218, 0.0 ], [ -45.349851, -5.52851, 0.0 ], [ -45.348819, -5.528013, 0.0 ], [ -45.348437, -5.527534, 0.0 ], [ -45.347997, -5.526845, 0.0 ], [ -45.347327, -5.525218, 0.0 ], [ -45.346085, -5.524702, 0.0 ], [ -45.343352, -5.524225, 0.0 ], [ -45.342511, -5.524359, 0.0 ], [ -45.341269, -5.5248, 0.0 ], [ -45.339607, -5.526314, 0.0 ], [ -45.338977, -5.526621, 0.0 ], [ -45.337028, -5.526928, 0.0 ], [ -45.33376, -5.526585, 0.0 ], [ -45.332823, -5.52536, 0.0 ], [ -45.332115, -5.524997, 0.0 ], [ -45.330625, -5.525266, 0.0 ], [ -45.330014, -5.525745, 0.0 ], [ -45.327854, -5.525382, 0.0 ], [ -45.326039, -5.525345, 0.0 ], [ -45.323134, -5.524734, 0.0 ], [ -45.321567, -5.52485, 0.0 ], [ -45.320458, -5.525137, 0.0 ], [ -45.319561, -5.525578, 0.0 ], [ -45.319007, -5.526191, 0.0 ], [ -45.318548, -5.526307, 0.0 ], [ -45.317822, -5.526154, 0.0 ], [ -45.316121, -5.525274, 0.0 ], [ -45.315644, -5.526672, 0.0 ] ] } },
{ "type": "Feature", "properties": { "nome": "Rio Mearim", "comprimento": 0.25568916452700002 }, "geometry": { "type": "LineString", "coordinates": [ [ -45.054542, -5.290196, 0.0 ], [ -45.053808, -5.290135, 0.0 ], [ -45.053472, -5.290303, 0.0 ], [ -45.052662, -5.291177, 0.0 ] ] } },
{ "type": "Feature", "properties": { "nome": "Rio Mearim", "comprimento": 1.79526932495 }, "geometry": { "type": "LineString", "coordinates": [ [ -44.643891, -4.855131, 0.0 ], [ -44.643668, -4.854464, 0.0 ], [ -44.643802, -4.853832, 0.0 ], [ -44.643993, -4.853335, 0.0 ], [ -44.645292, -4.852282, 0.0 ], [ -44.645483, -4.851861, 0.0 ], [ -44.645435, -4.850849, 0.0 ], [ -44.645125, -4.850442, 0.0 ], [ -44.643932, -4.849795, 0.0 ], [ -44.643551, -4.849268, 0.0 ], [ -44.643503, -4.848766, 0.0 ], [ -44.643909, -4.848, 0.0 ], [ -44.644649, -4.847785, 0.0 ], [ -44.645675, -4.847953, 0.0 ], [ -44.646773, -4.847643, 0.0 ], [ -44.647823, -4.846829, 0.0 ], [ -44.648492, -4.84604, 0.0 ], [ -44.648731, -4.845011, 0.0 ], [ -44.648421, -4.844149, 0.0 ] ] } },
{ "type": "Feature", "properties": { "nome": "Rio Mearim", "comprimento": 7.4448591719200001 }, "geometry": { "type": "LineString", "coordinates": [ [ -46.14184, -6.521462, 0.0 ], [ -46.142018, -6.520636, 0.0 ], [ -46.141802, -6.520277, 0.0 ], [ -46.141335, -6.520099, 0.0 ], [ -46.141011, -6.519776, 0.0 ], [ -46.140973, -6.518807, 0.0 ], [ -46.140613, -6.518162, 0.0 ], [ -46.140464, -6.515721, 0.0 ], [ -46.141463, -6.51335, 0.0 ], [ -46.141498, -6.512632, 0.0 ], [ -46.141209, -6.512202, 0.0 ], [ -46.139412, -6.511057, 0.0 ], [ -46.137043, -6.510596, 0.0 ], [ -46.136433, -6.510777, 0.0 ], [ -46.135967, -6.511101, 0.0 ], [ -46.135573, -6.511425, 0.0 ], [ -46.134858, -6.512504, 0.0 ], [ -46.134285, -6.513043, 0.0 ], [ -46.13389, -6.51308, 0.0 ], [ -46.133278, -6.512399, 0.0 ], [ -46.13252, -6.510535, 0.0 ], [ -46.132197, -6.510212, 0.0 ], [ -46.131837, -6.509998, 0.0 ], [ -46.130832, -6.509892, 0.0 ], [ -46.130687, -6.509103, 0.0 ], [ -46.129861, -6.508961, 0.0 ], [ -46.129178, -6.508424, 0.0 ], [ -46.129463, -6.50767, 0.0 ], [ -46.129354, -6.506952, 0.0 ], [ -46.128671, -6.506595, 0.0 ], [ -46.127916, -6.505807, 0.0 ], [ -46.126908, -6.50423, 0.0 ], [ -46.126799, -6.503691, 0.0 ], [ -46.126403, -6.503226, 0.0 ], [ -46.126402, -6.502867, 0.0 ], [ -46.127045, -6.501609, 0.0 ], [ -46.127942, -6.501212, 0.0 ], [ -46.128264, -6.500852, 0.0 ], [ -46.128443, -6.500529, 0.0 ], [ -46.128406, -6.499991, 0.0 ], [ -46.128584, -6.499452, 0.0 ], [ -46.128978, -6.499164, 0.0 ], [ -46.129944, -6.497905, 0.0 ], [ -46.130159, -6.49751, 0.0 ], [ -46.130193, -6.497043, 0.0 ], [ -46.131233, -6.496502, 0.0 ], [ -46.131771, -6.496537, 0.0 ], [ -46.132132, -6.497182, 0.0 ], [ -46.132563, -6.497433, 0.0 ], [ -46.133065, -6.497252, 0.0 ], [ -46.13346, -6.497359, 0.0 ], [ -46.133821, -6.498327, 0.0 ], [ -46.134324, -6.498434, 0.0 ], [ -46.135255, -6.497463, 0.0 ], [ -46.135969, -6.495882, 0.0 ], [ -46.136613, -6.494911, 0.0 ], [ -46.136899, -6.494587, 0.0 ], [ -46.137544, -6.494227, 0.0 ], [ -46.137614, -6.493293, 0.0 ], [ -46.137828, -6.49279, 0.0 ], [ -46.137827, -6.492432, 0.0 ], [ -46.136997, -6.490244, 0.0 ], [ -46.136529, -6.489671, 0.0 ], [ -46.134949, -6.489315, 0.0 ], [ -46.133763, -6.488528, 0.0 ], [ -46.132902, -6.488422, 0.0 ], [ -46.132183, -6.487814, 0.0 ], [ -46.131824, -6.487886, 0.0 ], [ -46.131643, -6.487169, 0.0 ], [ -46.130779, -6.486058, 0.0 ], [ -46.130301, -6.486083, 0.0 ], [ -46.129895, -6.486395, 0.0 ], [ -46.129392, -6.486516, 0.0 ], [ -46.129417, -6.486731, 0.0 ], [ -46.129608, -6.48685, 0.0 ], [ -46.12949, -6.487281, 0.0 ], [ -46.128868, -6.487307, 0.0 ], [ -46.128437, -6.487092, 0.0 ] ] } },
{ "type": "Feature", "properties": { "nome": "Rio Mearim", "comprimento": 1.4931481822299999 }, "geometry": { "type": "LineString", "coordinates": [ [ -44.87061, -4.941421, 0.0 ], [ -44.870419, -4.941095, 0.0 ], [ -44.86998, -4.941019, 0.0 ], [ -44.869388, -4.94144, 0.0 ], [ -44.868929, -4.941267, 0.0 ], [ -44.868472, -4.939927, 0.0 ], [ -44.867727, -4.938969, 0.0 ], [ -44.867135, -4.938624, 0.0 ], [ -44.866543, -4.938548, 0.0 ], [ -44.865493, -4.938758, 0.0 ], [ -44.864844, -4.938183, 0.0 ], [ -44.864558, -4.937207, 0.0 ], [ -44.864291, -4.937092, 0.0 ], [ -44.863737, -4.937858, 0.0 ], [ -44.862649, -4.938509, 0.0 ], [ -44.861809, -4.938642, 0.0 ], [ -44.860625, -4.938604, 0.0 ] ] } },
{ "type": "Feature", "properties": { "nome": "Rio Mearim", "comprimento": 0.40875941439899999 }, "geometry": { "type": "LineString", "coordinates": [ [ -46.106334, -6.399202, 0.0 ], [ -46.105704, -6.398336, 0.0 ], [ -46.104776, -6.39771, 0.0 ], [ -46.104715, -6.397291, 0.0 ], [ -46.104234, -6.396335, 0.0 ] ] } },
{ "type": "Feature", "properties": { "nome": "Rio Mearim", "comprimento": 3.6298997504099999 }, "geometry": { "type": "LineString", "coordinates": [ [ -45.553488, -5.693718, 0.0 ], [ -45.553488, -5.693359, 0.0 ], [ -45.553201, -5.693048, 0.0 ], [ -45.553415, -5.692258, 0.0 ], [ -45.553056, -5.691373, 0.0 ], [ -45.552722, -5.691325, 0.0 ], [ -45.551528, -5.692164, 0.0 ], [ -45.551217, -5.692188, 0.0 ], [ -45.549687, -5.69152, 0.0 ], [ -45.548965, -5.690871, 0.0 ], [ -45.547847, -5.690757, 0.0 ], [ -45.547388, -5.690556, 0.0 ], [ -45.545609, -5.689179, 0.0 ], [ -45.544489, -5.687314, 0.0 ], [ -45.544631, -5.686452, 0.0 ], [ -45.544286, -5.684671, 0.0 ], [ -45.543769, -5.683868, 0.0 ], [ -45.542966, -5.683323, 0.0 ], [ -45.542105, -5.682835, 0.0 ], [ -45.541187, -5.682664, 0.0 ], [ -45.540844, -5.683009, 0.0 ], [ -45.540931, -5.684129, 0.0 ], [ -45.540558, -5.684503, 0.0 ], [ -45.539956, -5.683957, 0.0 ], [ -45.539525, -5.683843, 0.0 ], [ -45.538665, -5.683269, 0.0 ], [ -45.537746, -5.682093, 0.0 ], [ -45.5372, -5.680715, 0.0 ], [ -45.536281, -5.679394, 0.0 ], [ -45.53479, -5.678739, 0.0 ], [ -45.534484, -5.678778, 0.0 ], [ -45.533663, -5.679927, 0.0 ], [ -45.533243, -5.6801, 0.0 ] ] } },
{ "type": "Feature", "properties": { "nome": "Rio Mearim", "comprimento": 2.6847830967099999 }, "geometry": { "type": "LineString", "coordinates": [ [ -44.616594, -4.580566, 0.0 ], [ -44.61564, -4.579704, 0.0 ], [ -44.614806, -4.579201, 0.0 ], [ -44.611525, -4.576634, 0.0 ], [ -44.610343, -4.575273, 0.0 ], [ -44.610617, -4.573365, 0.0 ], [ -44.610608, -4.572944, 0.0 ], [ -44.610303, -4.572455, 0.0 ], [ -44.609816, -4.572216, 0.0 ], [ -44.606887, -4.572339, 0.0 ], [ -44.605972, -4.571946, 0.0 ], [ -44.605915, -4.570883, 0.0 ], [ -44.60603, -4.57027, 0.0 ], [ -44.605864, -4.568738, 0.0 ], [ -44.605121, -4.566133, 0.0 ], [ -44.60476, -4.563491, 0.0 ] ] } },
{ "type": "Feature", "properties": { "nome": "Rio Mearim", "comprimento": 3.5951554987200001 }, "geometry": { "type": "LineString", "coordinates": [ [ -44.702851, -4.904661, 0.0 ], [ -44.702316, -4.905236, 0.0 ], [ -44.701953, -4.905369, 0.0 ], [ -44.701457, -4.905293, 0.0 ], [ -44.701094, -4.904737, 0.0 ], [ -44.700942, -4.904163, 0.0 ], [ -44.701209, -4.903473, 0.0 ], [ -44.702317, -4.902306, 0.0 ], [ -44.70247, -4.901693, 0.0 ], [ -44.702394, -4.901099, 0.0 ], [ -44.702012, -4.900831, 0.0 ], [ -44.700371, -4.900486, 0.0 ], [ -44.700008, -4.899873, 0.0 ], [ -44.700047, -4.899164, 0.0 ], [ -44.700983, -4.898246, 0.0 ], [ -44.701231, -4.897882, 0.0 ], [ -44.701231, -4.897461, 0.0 ], [ -44.700983, -4.897078, 0.0 ], [ -44.700545, -4.896851, 0.0 ], [ -44.700133, -4.896866, 0.0 ], [ -44.699171, -4.896468, 0.0 ], [ -44.697705, -4.895379, 0.0 ], [ -44.697339, -4.894904, 0.0 ], [ -44.697293, -4.894138, 0.0 ], [ -44.697477, -4.89374, 0.0 ], [ -44.697889, -4.893464, 0.0 ], [ -44.698149, -4.893082, 0.0 ], [ -44.698241, -4.892668, 0.0 ], [ -44.698119, -4.892208, 0.0 ], [ -44.697493, -4.891519, 0.0 ], [ -44.69703, -4.890532, 0.0 ], [ -44.696992, -4.889211, 0.0 ], [ -44.696821, -4.888541, 0.0 ], [ -44.694092, -4.887065, 0.0 ], [ -44.691361, -4.888193, 0.0 ], [ -44.690827, -4.88827, 0.0 ], [ -44.689242, -4.887809, 0.0 ] ] } },
{ "type": "Feature", "properties": { "nome": "Rio Mearim", "comprimento": 1.1082781288900001 }, "geometry": { "type": "LineString", "coordinates": [ [ -46.331107, -6.750964, 0.0 ], [ -46.330927, -6.748151, 0.0 ], [ -46.330407, -6.747061, 0.0 ], [ -46.330405, -6.746257, 0.0 ], [ -46.329711, -6.744479, 0.0 ], [ -46.329709, -6.743732, 0.0 ], [ -46.330623, -6.741892, 0.0 ], [ -46.330679, -6.741433, 0.0 ] ] } },
{ "type": "Feature", "properties": { "nome": "Rio Mearim", "comprimento": 2.2788531195099999 }, "geometry": { "type": "LineString", "coordinates": [ [ -46.135532, -6.471785, 0.0 ], [ -46.135741, -6.468769, 0.0 ], [ -46.135258, -6.466736, 0.0 ], [ -46.134467, -6.466044, 0.0 ], [ -46.133674, -6.464634, 0.0 ], [ -46.133864, -6.464203, 0.0 ], [ -46.134438, -6.464106, 0.0 ], [ -46.134485, -6.463699, 0.0 ], [ -46.134221, -6.463389, 0.0 ], [ -46.133886, -6.463317, 0.0 ], [ -46.133407, -6.46296, 0.0 ], [ -46.133453, -6.462194, 0.0 ], [ -46.133164, -6.461046, 0.0 ], [ -46.132733, -6.461095, 0.0 ], [ -46.132208, -6.461622, 0.0 ], [ -46.132208, -6.461838, 0.0 ], [ -46.132856, -6.46241, 0.0 ], [ -46.132522, -6.462962, 0.0 ], [ -46.131493, -6.462725, 0.0 ], [ -46.130488, -6.462703, 0.0 ], [ -46.12941, -6.462203, 0.0 ], [ -46.128645, -6.462468, 0.0 ], [ -46.128049, -6.463259, 0.0 ] ] } },
{ "type": "Feature", "properties": { "nome": "Rio Mearim", "comprimento": 1.7137414221 }, "geometry": { "type": "LineString", "coordinates": [ [ -46.088187, -6.280035, 0.0 ], [ -46.088752, -6.278628, 0.0 ], [ -46.089498, -6.278118, 0.0 ], [ -46.090753, -6.277966, 0.0 ], [ -46.091052, -6.277666, 0.0 ], [ -46.091051, -6.277188, 0.0 ], [ -46.089762, -6.275605, 0.0 ], [ -46.090059, -6.274737, 0.0 ], [ -46.090027, -6.27369, 0.0 ], [ -46.090325, -6.27342, 0.0 ], [ -46.091371, -6.273298, 0.0 ], [ -46.091729, -6.272819, 0.0 ], [ -46.091877, -6.271921, 0.0 ], [ -46.091666, -6.271174, 0.0 ], [ -46.090947, -6.270398, 0.0 ], [ -46.090797, -6.269979, 0.0 ], [ -46.090855, -6.269231, 0.0 ], [ -46.090734, -6.268872, 0.0 ], [ -46.090256, -6.268754, 0.0 ] ] } },
{ "type": "Feature", "properties": { "nome": "Rio Mearim", "comprimento": 0.70321871509199996 }, "geometry": { "type": "LineString", "coordinates": [ [ -45.040542, -5.259725, 0.0 ], [ -45.041335, -5.259256, 0.0 ], [ -45.042099, -5.258279, 0.0 ], [ -45.042414, -5.257188, 0.0 ], [ -45.042261, -5.256728, 0.0 ], [ -45.040742, -5.25467, 0.0 ] ] } },
{ "type": "Feature", "properties": { "nome": "Rio Mearim", "comprimento": 3.4214243903599999 }, "geometry": { "type": "LineString", "coordinates": [ [ -44.61328, -4.541971, 0.0 ], [ -44.612534, -4.540752, 0.0 ], [ -44.612046, -4.540537, 0.0 ], [ -44.611603, -4.540063, 0.0 ], [ -44.611436, -4.539634, 0.0 ], [ -44.611573, -4.539281, 0.0 ], [ -44.613054, -4.538455, 0.0 ], [ -44.614001, -4.537598, 0.0 ], [ -44.61417, -4.536357, 0.0 ], [ -44.613911, -4.534181, 0.0 ], [ -44.613561, -4.53294, 0.0 ], [ -44.613042, -4.532266, 0.0 ], [ -44.611379, -4.531392, 0.0 ], [ -44.610936, -4.531438, 0.0 ], [ -44.610661, -4.531759, 0.0 ], [ -44.610202, -4.53467, 0.0 ], [ -44.609896, -4.535221, 0.0 ], [ -44.609026, -4.535757, 0.0 ], [ -44.607805, -4.535542, 0.0 ], [ -44.606493, -4.53453, 0.0 ], [ -44.606265, -4.532722, 0.0 ], [ -44.606326, -4.532079, 0.0 ], [ -44.609426, -4.529798, 0.0 ], [ -44.610388, -4.528864, 0.0 ], [ -44.61081, -4.528023, 0.0 ] ] } },
{ "type": "Feature", "properties": { "nome": "Rio Mearim", "comprimento": 1.74452762843 }, "geometry": { "type": "LineString", "coordinates": [ [ -46.34946, -6.789055, 0.0 ], [ -46.349564, -6.786928, 0.0 ], [ -46.348445, -6.7851, 0.0 ], [ -46.347905, -6.784492, 0.0 ], [ -46.347401, -6.784098, 0.0 ], [ -46.346934, -6.7841, 0.0 ], [ -46.346074, -6.784425, 0.0 ], [ -46.345535, -6.784319, 0.0 ], [ -46.345067, -6.784033, 0.0 ], [ -46.344851, -6.783603, 0.0 ], [ -46.344885, -6.783029, 0.0 ], [ -46.345099, -6.782526, 0.0 ], [ -46.345097, -6.782023, 0.0 ], [ -46.344881, -6.781557, 0.0 ], [ -46.344378, -6.781415, 0.0 ], [ -46.343589, -6.781776, 0.0 ], [ -46.342152, -6.781672, 0.0 ], [ -46.341181, -6.781065, 0.0 ], [ -46.341071, -6.780132, 0.0 ] ] } },
{ "type": "Feature", "properties": { "nome": "Rio Mearim", "comprimento": 0.69612525310399997 }, "geometry": { "type": "LineString", "coordinates": [ [ -45.245468, -5.494023, 0.0 ], [ -45.242816, -5.491755, 0.0 ], [ -45.242128, -5.490951, 0.0 ], [ -45.241382, -5.489386, 0.0 ] ] } },
{ "type": "Feature", "properties": { "nome": "Rio Mearim", "comprimento": 0.43655047334300001 }, "geometry": { "type": "LineString", "coordinates": [ [ -45.02258, -5.226881, 0.0 ], [ -45.020324, -5.225326, 0.0 ], [ -45.019918, -5.224249, 0.0 ] ] } },
{ "type": "Feature", "properties": { "nome": "Rio Mearim", "comprimento": 0.56918397344500005 }, "geometry": { "type": "LineString", "coordinates": [ [ -44.829569, -4.933325, 0.0 ], [ -44.829015, -4.933018, 0.0 ], [ -44.828442, -4.932348, 0.0 ], [ -44.827736, -4.93185, 0.0 ], [ -44.82724, -4.931716, 0.0 ], [ -44.826438, -4.931735, 0.0 ], [ -44.825197, -4.932462, 0.0 ] ] } },
{ "type": "Feature", "properties": { "nome": "Rio Mearim", "comprimento": 5.1665003878400002 }, "geometry": { "type": "LineString", "coordinates": [ [ -44.989888, -5.130505, 0.0 ], [ -44.989334, -5.13062, 0.0 ], [ -44.988551, -5.131367, 0.0 ], [ -44.986947, -5.131252, 0.0 ], [ -44.985629, -5.130103, 0.0 ], [ -44.9854, -5.128494, 0.0 ], [ -44.985089, -5.127733, 0.0 ], [ -44.984851, -5.127638, 0.0 ], [ -44.984445, -5.127757, 0.0 ], [ -44.984312, -5.12926, 0.0 ], [ -44.984098, -5.129643, 0.0 ], [ -44.983487, -5.130011, 0.0 ], [ -44.982494, -5.12995, 0.0 ], [ -44.982204, -5.129061, 0.0 ], [ -44.982647, -5.127499, 0.0 ], [ -44.982586, -5.127315, 0.0 ], [ -44.982295, -5.127238, 0.0 ], [ -44.981684, -5.127361, 0.0 ], [ -44.981165, -5.127774, 0.0 ], [ -44.981027, -5.128035, 0.0 ], [ -44.980951, -5.129092, 0.0 ], [ -44.98063, -5.129505, 0.0 ], [ -44.980324, -5.129475, 0.0 ], [ -44.979729, -5.128801, 0.0 ], [ -44.979316, -5.128586, 0.0 ], [ -44.978537, -5.128893, 0.0 ], [ -44.978262, -5.129459, 0.0 ], [ -44.978674, -5.130685, 0.0 ], [ -44.97846, -5.131313, 0.0 ], [ -44.977758, -5.131359, 0.0 ], [ -44.977146, -5.130945, 0.0 ], [ -44.976948, -5.13044, 0.0 ], [ -44.977315, -5.12949, 0.0 ], [ -44.977315, -5.128617, 0.0 ], [ -44.976841, -5.128464, 0.0 ], [ -44.97626, -5.128509, 0.0 ], [ -44.975924, -5.128816, 0.0 ], [ -44.975878, -5.129184, 0.0 ], [ -44.976077, -5.130823, 0.0 ], [ -44.975588, -5.131895, 0.0 ], [ -44.975221, -5.132155, 0.0 ], [ -44.974901, -5.132171, 0.0 ], [ -44.974412, -5.131956, 0.0 ], [ -44.974137, -5.131451, 0.0 ], [ -44.974473, -5.129965, 0.0 ], [ -44.974244, -5.129674, 0.0 ], [ -44.973862, -5.129505, 0.0 ], [ -44.973449, -5.129612, 0.0 ], [ -44.973021, -5.130302, 0.0 ], [ -44.971768, -5.130976, 0.0 ], [ -44.971127, -5.130838, 0.0 ], [ -44.970393, -5.130332, 0.0 ], [ -44.97021, -5.129995, 0.0 ], [ -44.970271, -5.129719, 0.0 ], [ -44.970928, -5.128923, 0.0 ], [ -44.971096, -5.128525, 0.0 ], [ -44.97102, -5.128157, 0.0 ], [ -44.970577, -5.127743, 0.0 ], [ -44.969592, -5.127683, 0.0 ], [ -44.968886, -5.127415, 0.0 ], [ -44.968733, -5.126706, 0.0 ], [ -44.969134, -5.126113, 0.0 ] ] } },
{ "type": "Feature", "properties": { "nome": "Rio Mearim", "comprimento": 7.4685880457799998 }, "geometry": { "type": "LineString", "coordinates": [ [ -44.57446, -4.756838, 0.0 ], [ -44.575061, -4.756254, 0.0 ], [ -44.575596, -4.755412, 0.0 ], [ -44.575548, -4.754121, 0.0 ], [ -44.574937, -4.753298, 0.0 ], [ -44.57322, -4.751956, 0.0 ], [ -44.572648, -4.75096, 0.0 ], [ -44.572496, -4.750309, 0.0 ], [ -44.571867, -4.749715, 0.0 ], [ -44.570054, -4.748871, 0.0 ], [ -44.569806, -4.748469, 0.0 ], [ -44.569483, -4.746669, 0.0 ], [ -44.569598, -4.745903, 0.0 ], [ -44.571241, -4.74284, 0.0 ], [ -44.571852, -4.742362, 0.0 ], [ -44.57252, -4.742075, 0.0 ], [ -44.573379, -4.741942, 0.0 ], [ -44.574715, -4.742076, 0.0 ], [ -44.575192, -4.741943, 0.0 ], [ -44.575574, -4.74156, 0.0 ], [ -44.575649, -4.741149, 0.0 ], [ -44.575341, -4.740241, 0.0 ], [ -44.573761, -4.739171, 0.0 ], [ -44.573681, -4.738781, 0.0 ], [ -44.573796, -4.73831, 0.0 ], [ -44.575274, -4.737288, 0.0 ], [ -44.575823, -4.737266, 0.0 ], [ -44.576488, -4.737507, 0.0 ], [ -44.577541, -4.737611, 0.0 ], [ -44.57848, -4.737267, 0.0 ], [ -44.579443, -4.73605, 0.0 ], [ -44.57973, -4.734246, 0.0 ], [ -44.58005, -4.733789, 0.0 ], [ -44.58152, -4.732641, 0.0 ], [ -44.582571, -4.731014, 0.0 ], [ -44.583335, -4.730727, 0.0 ], [ -44.583773, -4.730842, 0.0 ], [ -44.584441, -4.731283, 0.0 ], [ -44.584822, -4.731953, 0.0 ], [ -44.585166, -4.732222, 0.0 ], [ -44.586215, -4.732701, 0.0 ], [ -44.586845, -4.732204, 0.0 ], [ -44.587037, -4.731706, 0.0 ], [ -44.587037, -4.730959, 0.0 ], [ -44.586465, -4.729906, 0.0 ], [ -44.586484, -4.729561, 0.0 ], [ -44.586809, -4.729197, 0.0 ], [ -44.588203, -4.728777, 0.0 ], [ -44.588528, -4.727973, 0.0 ], [ -44.588662, -4.726977, 0.0 ], [ -44.588376, -4.725694, 0.0 ], [ -44.587613, -4.724735, 0.0 ], [ -44.587124, -4.724551, 0.0 ], [ -44.586269, -4.724627, 0.0 ], [ -44.584574, -4.725499, 0.0 ], [ -44.583841, -4.725361, 0.0 ], [ -44.583231, -4.724686, 0.0 ], [ -44.582529, -4.723231, 0.0 ], [ -44.582545, -4.722342, 0.0 ], [ -44.582958, -4.721577, 0.0 ], [ -44.583737, -4.720949, 0.0 ], [ -44.584638, -4.720551, 0.0 ], [ -44.585997, -4.72072, 0.0 ], [ -44.58676, -4.720644, 0.0 ], [ -44.587081, -4.7202, 0.0 ], [ -44.587142, -4.719649, 0.0 ] ] } },
{ "type": "Feature", "properties": { "nome": "Rio Mearim", "comprimento": 1.5602783363899999 }, "geometry": { "type": "LineString", "coordinates": [ [ -45.290333, -5.507537, 0.0 ], [ -45.289798, -5.507422, 0.0 ], [ -45.288995, -5.507595, 0.0 ], [ -45.288135, -5.50794, 0.0 ], [ -45.287085, -5.508764, 0.0 ], [ -45.286779, -5.509894, 0.0 ], [ -45.287105, -5.511713, 0.0 ], [ -45.287106, -5.512459, 0.0 ], [ -45.286743, -5.513704, 0.0 ], [ -45.285826, -5.514987, 0.0 ], [ -45.284833, -5.51583, 0.0 ], [ -45.282999, -5.516042, 0.0 ], [ -45.282426, -5.516349, 0.0 ] ] } },
{ "type": "Feature", "properties": { "nome": "Rio Mearim", "comprimento": 0.47746461945000002 }, "geometry": { "type": "LineString", "coordinates": [ [ -44.75428, -4.916623, 0.0 ], [ -44.753948, -4.917921, 0.0 ], [ -44.753466, -4.918242, 0.0 ], [ -44.751233, -4.917483, 0.0 ] ] } },
{ "type": "Feature", "properties": { "nome": "Rio Mearim", "comprimento": 2.25231974162 }, "geometry": { "type": "LineString", "coordinates": [ [ -44.793961, -4.928706, 0.0 ], [ -44.793522, -4.92861, 0.0 ], [ -44.792988, -4.928169, 0.0 ], [ -44.791995, -4.927116, 0.0 ], [ -44.790392, -4.924952, 0.0 ], [ -44.790011, -4.924837, 0.0 ], [ -44.789495, -4.925066, 0.0 ], [ -44.78917, -4.927536, 0.0 ], [ -44.788654, -4.927881, 0.0 ], [ -44.788024, -4.927708, 0.0 ], [ -44.787203, -4.926885, 0.0 ], [ -44.786688, -4.926808, 0.0 ], [ -44.786039, -4.927037, 0.0 ], [ -44.78495, -4.927707, 0.0 ], [ -44.784377, -4.927745, 0.0 ], [ -44.783251, -4.926864, 0.0 ], [ -44.782889, -4.926921, 0.0 ], [ -44.782621, -4.927438, 0.0 ], [ -44.782621, -4.927975, 0.0 ], [ -44.782812, -4.928511, 0.0 ], [ -44.782754, -4.928913, 0.0 ], [ -44.781723, -4.929161, 0.0 ], [ -44.780721, -4.928721, 0.0 ] ] } },
{ "type": "Feature", "properties": { "nome": "Rio Mearim", "comprimento": 2.8614452149599998 }, "geometry": { "type": "LineString", "coordinates": [ [ -45.00187, -5.164554, 0.0 ], [ -45.000946, -5.163903, 0.0 ], [ -45.000243, -5.162969, 0.0 ], [ -44.999907, -5.162938, 0.0 ], [ -44.998914, -5.163643, 0.0 ], [ -44.99815, -5.164547, 0.0 ], [ -44.997523, -5.164761, 0.0 ], [ -44.997248, -5.164623, 0.0 ], [ -44.997187, -5.164378, 0.0 ], [ -44.99734, -5.163413, 0.0 ], [ -44.998547, -5.161575, 0.0 ], [ -44.999066, -5.160411, 0.0 ], [ -44.99951, -5.16012, 0.0 ], [ -45.000778, -5.159844, 0.0 ], [ -45.00106, -5.159313, 0.0 ], [ -45.001136, -5.158823, 0.0 ], [ -45.00106, -5.158364, 0.0 ], [ -45.000678, -5.157904, 0.0 ], [ -45.000373, -5.157046, 0.0 ], [ -45.000479, -5.156464, 0.0 ], [ -45.000846, -5.155775, 0.0 ], [ -45.000632, -5.154963, 0.0 ], [ -45.000098, -5.154702, 0.0 ], [ -44.99915, -5.154779, 0.0 ], [ -44.998142, -5.154549, 0.0 ], [ -44.997775, -5.154304, 0.0 ], [ -44.997332, -5.153431, 0.0 ], [ -44.99779, -5.152665, 0.0 ], [ -44.998218, -5.15245, 0.0 ], [ -44.998784, -5.152588, 0.0 ], [ -44.999945, -5.153278, 0.0 ], [ -45.000495, -5.153078, 0.0 ] ] } },
{ "type": "Feature", "properties": { "nome": "Rio Mearim", "comprimento": 2.6862368883599999 }, "geometry": { "type": "LineString", "coordinates": [ [ -44.884368, -4.948973, 0.0 ], [ -44.883566, -4.948935, 0.0 ], [ -44.882917, -4.949337, 0.0 ], [ -44.882764, -4.949796, 0.0 ], [ -44.882936, -4.951309, 0.0 ], [ -44.882821, -4.951922, 0.0 ], [ -44.882057, -4.95217, 0.0 ], [ -44.881676, -4.951921, 0.0 ], [ -44.881198, -4.950811, 0.0 ], [ -44.880874, -4.948666, 0.0 ], [ -44.880034, -4.947096, 0.0 ], [ -44.880016, -4.946081, 0.0 ], [ -44.879767, -4.945583, 0.0 ], [ -44.879176, -4.945142, 0.0 ], [ -44.878145, -4.945276, 0.0 ], [ -44.877782, -4.945697, 0.0 ], [ -44.877782, -4.946023, 0.0 ], [ -44.87824, -4.947172, 0.0 ], [ -44.878106, -4.947632, 0.0 ], [ -44.877705, -4.947842, 0.0 ], [ -44.877266, -4.947861, 0.0 ], [ -44.876502, -4.947363, 0.0 ], [ -44.876311, -4.94698, 0.0 ], [ -44.876083, -4.945544, 0.0 ], [ -44.875796, -4.945027, 0.0 ], [ -44.875414, -4.944816, 0.0 ], [ -44.873429, -4.945046, 0.0 ], [ -44.872532, -4.944796, 0.0 ] ] } },
{ "type": "Feature", "properties": { "nome": "Rio Mearim", "comprimento": 4.8971069354600001 }, "geometry": { "type": "LineString", "coordinates": [ [ -46.134125, -6.425328, 0.0 ], [ -46.134169, -6.425135, 0.0 ], [ -46.133959, -6.424777, 0.0 ], [ -46.13363, -6.424508, 0.0 ], [ -46.133059, -6.423523, 0.0 ], [ -46.132251, -6.422926, 0.0 ], [ -46.13216, -6.422567, 0.0 ], [ -46.132099, -6.422119, 0.0 ], [ -46.132365, -6.420742, 0.0 ], [ -46.132929, -6.418767, 0.0 ], [ -46.132778, -6.418139, 0.0 ], [ -46.131371, -6.417275, 0.0 ], [ -46.129994, -6.416679, 0.0 ], [ -46.129425, -6.416112, 0.0 ], [ -46.128497, -6.415695, 0.0 ], [ -46.126913, -6.416028, 0.0 ], [ -46.125389, -6.41657, 0.0 ], [ -46.123926, -6.41753, 0.0 ], [ -46.12273, -6.417772, 0.0 ], [ -46.121474, -6.417775, 0.0 ], [ -46.120937, -6.418015, 0.0 ], [ -46.119594, -6.419155, 0.0 ], [ -46.118339, -6.419726, 0.0 ], [ -46.117804, -6.421013, 0.0 ], [ -46.117416, -6.421523, 0.0 ], [ -46.116939, -6.422032, 0.0 ], [ -46.11652, -6.422243, 0.0 ], [ -46.116191, -6.422154, 0.0 ], [ -46.115652, -6.421616, 0.0 ], [ -46.11466, -6.419495, 0.0 ], [ -46.112743, -6.417884, 0.0 ], [ -46.112803, -6.417674, 0.0 ], [ -46.113012, -6.417584, 0.0 ], [ -46.11358, -6.417702, 0.0 ], [ -46.114088, -6.417522, 0.0 ], [ -46.114536, -6.417102, 0.0 ], [ -46.114684, -6.416503, 0.0 ], [ -46.114533, -6.415666, 0.0 ], [ -46.11399, -6.413633, 0.0 ], [ -46.11348, -6.412887, 0.0 ], [ -46.113061, -6.412738, 0.0 ], [ -46.112284, -6.412979, 0.0 ], [ -46.111954, -6.412501, 0.0 ], [ -46.112311, -6.411782, 0.0 ], [ -46.112281, -6.411364, 0.0 ], [ -46.111682, -6.411185, 0.0 ], [ -46.111472, -6.410857, 0.0 ] ] } },
{ "type": "Feature", "properties": { "nome": "Rio Mearim", "comprimento": 3.4663215297600001 }, "geometry": { "type": "LineString", "coordinates": [ [ -44.629603, -4.460087, 0.0 ], [ -44.630007, -4.460072, 0.0 ], [ -44.631046, -4.459276, 0.0 ], [ -44.631702, -4.459046, 0.0 ], [ -44.632572, -4.459169, 0.0 ], [ -44.633076, -4.459399, 0.0 ], [ -44.633274, -4.45966, 0.0 ], [ -44.633441, -4.460257, 0.0 ], [ -44.633151, -4.460824, 0.0 ], [ -44.632022, -4.460977, 0.0 ], [ -44.630617, -4.46093, 0.0 ], [ -44.630449, -4.461236, 0.0 ], [ -44.630983, -4.46211, 0.0 ], [ -44.631334, -4.462233, 0.0 ], [ -44.632036, -4.462294, 0.0 ], [ -44.633883, -4.461912, 0.0 ], [ -44.634509, -4.461912, 0.0 ], [ -44.634829, -4.462188, 0.0 ], [ -44.634493, -4.462786, 0.0 ], [ -44.633593, -4.463413, 0.0 ], [ -44.632539, -4.463688, 0.0 ], [ -44.631562, -4.463611, 0.0 ], [ -44.631394, -4.463826, 0.0 ], [ -44.631547, -4.464255, 0.0 ], [ -44.632294, -4.465236, 0.0 ], [ -44.633301, -4.466079, 0.0 ], [ -44.634018, -4.466278, 0.0 ], [ -44.635917, -4.466312, 0.0 ], [ -44.63668, -4.466523, 0.0 ], [ -44.637519, -4.467098, 0.0 ], [ -44.638149, -4.467213, 0.0 ], [ -44.640133, -4.467214, 0.0 ], [ -44.640934, -4.467425, 0.0 ], [ -44.642937, -4.468518, 0.0 ], [ -44.64349, -4.468643, 0.0 ] ] } },
{ "type": "Feature", "properties": { "nome": "Rio Mearim", "comprimento": 0.53849035374999998 }, "geometry": { "type": "LineString", "coordinates": [ [ -44.872532, -4.944796, 0.0 ], [ -44.870227, -4.943508, 0.0 ], [ -44.870132, -4.942704, 0.0 ], [ -44.870266, -4.942187, 0.0 ], [ -44.870552, -4.941842, 0.0 ], [ -44.87061, -4.941421, 0.0 ] ] } },
{ "type": "Feature", "properties": { "nome": "Rio Mearim", "comprimento": 1.4660557894899999 }, "geometry": { "type": "LineString", "coordinates": [ [ -45.000495, -5.153078, 0.0 ], [ -45.000617, -5.152665, 0.0 ], [ -45.00051, -5.152159, 0.0 ], [ -45.000082, -5.151501, 0.0 ], [ -44.999838, -5.150798, 0.0 ], [ -44.999475, -5.150377, 0.0 ], [ -44.99789, -5.149573, 0.0 ], [ -44.997604, -5.149056, 0.0 ], [ -44.997699, -5.148137, 0.0 ], [ -44.997527, -5.147715, 0.0 ], [ -44.995789, -5.146796, 0.0 ], [ -44.995274, -5.146279, 0.0 ], [ -44.995274, -5.145207, 0.0 ], [ -44.994529, -5.144268, 0.0 ], [ -44.993956, -5.144288, 0.0 ], [ -44.993383, -5.144134, 0.0 ], [ -44.993154, -5.143914, 0.0 ] ] } },
{ "type": "Feature", "properties": { "nome": "Rio Mearim", "comprimento": 0.33757425399300001 }, "geometry": { "type": "LineString", "coordinates": [ [ -45.272123, -5.511968, 0.0 ], [ -45.27067, -5.509288, 0.0 ] ] } },
{ "type": "Feature", "properties": { "nome": "Rio Mearim", "comprimento": 0.52116792796 }, "geometry": { "type": "LineString", "coordinates": [ [ -44.961528, -5.089311, 0.0 ], [ -44.961635, -5.088916, 0.0 ], [ -44.961969, -5.088581, 0.0 ], [ -44.963067, -5.087935, 0.0 ], [ -44.96364, -5.087289, 0.0 ], [ -44.963831, -5.08614, 0.0 ], [ -44.96407, -5.085685, 0.0 ] ] } },
{ "type": "Feature", "properties": { "nome": "Rio Mearim", "comprimento": 1.9250970540700001 }, "geometry": { "type": "LineString", "coordinates": [ [ -46.341071, -6.780132, 0.0 ], [ -46.340673, -6.778984, 0.0 ], [ -46.340923, -6.778553, 0.0 ], [ -46.341353, -6.778337, 0.0 ], [ -46.341999, -6.778299, 0.0 ], [ -46.342609, -6.777938, 0.0 ], [ -46.343002, -6.777219, 0.0 ], [ -46.343179, -6.776609, 0.0 ], [ -46.343248, -6.77528, 0.0 ], [ -46.342995, -6.774815, 0.0 ], [ -46.342957, -6.774073, 0.0 ], [ -46.343099, -6.773307, 0.0 ], [ -46.343384, -6.77278, 0.0 ], [ -46.343766, -6.772396, 0.0 ], [ -46.344484, -6.772154, 0.0 ], [ -46.345202, -6.772152, 0.0 ], [ -46.346016, -6.772437, 0.0 ], [ -46.346497, -6.773154, 0.0 ], [ -46.34712, -6.773439, 0.0 ], [ -46.347885, -6.773102, 0.0 ], [ -46.34841, -6.772526, 0.0 ], [ -46.349029, -6.771041, 0.0 ], [ -46.349122, -6.770275, 0.0 ] ] } },
{ "type": "Feature", "properties": { "nome": "Rio Mearim", "comprimento": 0.360269808942 }, "geometry": { "type": "LineString", "coordinates": [ [ -44.780721, -4.928721, 0.0 ], [ -44.78033, -4.928453, 0.0 ], [ -44.77949, -4.927112, 0.0 ], [ -44.779424, -4.925915, 0.0 ] ] } },
{ "type": "Feature", "properties": { "nome": "Rio Mearim", "comprimento": 2.7792971122300001 }, "geometry": { "type": "LineString", "coordinates": [ [ -44.658335, -4.471605, 0.0 ], [ -44.658336, -4.4706, 0.0 ], [ -44.658026, -4.469523, 0.0 ], [ -44.657573, -4.468804, 0.0 ], [ -44.65712, -4.468972, 0.0 ], [ -44.656571, -4.469737, 0.0 ], [ -44.655927, -4.470312, 0.0 ], [ -44.655259, -4.470287, 0.0 ], [ -44.655045, -4.469976, 0.0 ], [ -44.655141, -4.468468, 0.0 ], [ -44.655046, -4.467726, 0.0 ], [ -44.654736, -4.467056, 0.0 ], [ -44.653926, -4.466457, 0.0 ], [ -44.653544, -4.465787, 0.0 ], [ -44.653283, -4.464566, 0.0 ], [ -44.65343, -4.462365, 0.0 ], [ -44.65417, -4.459947, 0.0 ], [ -44.655387, -4.458416, 0.0 ], [ -44.655793, -4.457435, 0.0 ], [ -44.656652, -4.456238, 0.0 ], [ -44.657463, -4.455425, 0.0 ], [ -44.657797, -4.454683, 0.0 ], [ -44.657711, -4.453129, 0.0 ] ] } },
{ "type": "Feature", "properties": { "nome": "Rio Mearim", "comprimento": 1.89120135582 }, "geometry": { "type": "LineString", "coordinates": [ [ -45.198236, -5.438281, 0.0 ], [ -45.197377, -5.438597, 0.0 ], [ -45.196718, -5.439201, 0.0 ], [ -45.196058, -5.439258, 0.0 ], [ -45.195485, -5.439144, 0.0 ], [ -45.19388, -5.437909, 0.0 ], [ -45.193049, -5.437622, 0.0 ], [ -45.19186, -5.437565, 0.0 ], [ -45.190561, -5.437872, 0.0 ], [ -45.189644, -5.437719, 0.0 ], [ -45.186341, -5.436219, 0.0 ], [ -45.18492, -5.435116, 0.0 ], [ -45.184308, -5.43406, 0.0 ], [ -45.18446, -5.433615, 0.0 ], [ -45.184904, -5.433416, 0.0 ] ] } },
{ "type": "Feature", "properties": { "nome": "Rio Mearim", "comprimento": 1.06555883757 }, "geometry": { "type": "LineString", "coordinates": [ [ -44.751233, -4.917483, 0.0 ], [ -44.749595, -4.91692, 0.0 ], [ -44.748771, -4.916123, 0.0 ], [ -44.748045, -4.915663, 0.0 ], [ -44.747167, -4.915433, 0.0 ], [ -44.746461, -4.915509, 0.0 ], [ -44.7452, -4.916102, 0.0 ], [ -44.74438, -4.916178, 0.0 ], [ -44.743081, -4.916829, 0.0 ], [ -44.742508, -4.916848, 0.0 ] ] } },
{ "type": "Feature", "properties": { "nome": "Rio Mearim", "comprimento": 1.21155395711 }, "geometry": { "type": "LineString", "coordinates": [ [ -46.219649, -6.655625, 0.0 ], [ -46.218948, -6.655641, 0.0 ], [ -46.21847, -6.655911, 0.0 ], [ -46.217304, -6.655854, 0.0 ], [ -46.216195, -6.655169, 0.0 ], [ -46.215506, -6.654932, 0.0 ], [ -46.21416, -6.654935, 0.0 ], [ -46.213472, -6.654787, 0.0 ], [ -46.212902, -6.6544, 0.0 ], [ -46.212452, -6.653802, 0.0 ], [ -46.212361, -6.653145, 0.0 ], [ -46.213915, -6.652453, 0.0 ], [ -46.214302, -6.651973, 0.0 ] ] } },
{ "type": "Feature", "properties": { "nome": "Rio Mearim", "comprimento": 6.9293126035899997 }, "geometry": { "type": "LineString", "coordinates": [ [ -46.356173, -6.832536, 0.0 ], [ -46.356123, -6.831483, 0.0 ], [ -46.356359, -6.830573, 0.0 ], [ -46.35631, -6.830191, 0.0 ], [ -46.354679, -6.829047, 0.0 ], [ -46.353815, -6.82814, 0.0 ], [ -46.353381, -6.827136, 0.0 ], [ -46.353572, -6.826848, 0.0 ], [ -46.354002, -6.826608, 0.0 ], [ -46.35496, -6.826557, 0.0 ], [ -46.355342, -6.826269, 0.0 ], [ -46.355531, -6.825407, 0.0 ], [ -46.355434, -6.824929, 0.0 ], [ -46.355098, -6.824691, 0.0 ], [ -46.35438, -6.824693, 0.0 ], [ -46.353853, -6.824503, 0.0 ], [ -46.353085, -6.823835, 0.0 ], [ -46.352414, -6.823789, 0.0 ], [ -46.351934, -6.823407, 0.0 ], [ -46.351933, -6.822977, 0.0 ], [ -46.352267, -6.822593, 0.0 ], [ -46.352409, -6.822066, 0.0 ], [ -46.353363, -6.820771, 0.0 ], [ -46.353362, -6.820341, 0.0 ], [ -46.352883, -6.820198, 0.0 ], [ -46.352309, -6.820344, 0.0 ], [ -46.351449, -6.821112, 0.0 ], [ -46.351017, -6.820826, 0.0 ], [ -46.350585, -6.820396, 0.0 ], [ -46.3502, -6.819584, 0.0 ], [ -46.349399, -6.818929, 0.0 ], [ -46.348822, -6.818033, 0.0 ], [ -46.348351, -6.816527, 0.0 ], [ -46.347883, -6.815846, 0.0 ], [ -46.345258, -6.814669, 0.0 ], [ -46.344934, -6.814455, 0.0 ], [ -46.344789, -6.813989, 0.0 ], [ -46.34486, -6.813558, 0.0 ], [ -46.345577, -6.813089, 0.0 ], [ -46.34608, -6.813375, 0.0 ], [ -46.346475, -6.813374, 0.0 ], [ -46.346761, -6.812691, 0.0 ], [ -46.346758, -6.811901, 0.0 ], [ -46.346074, -6.811293, 0.0 ], [ -46.345965, -6.810827, 0.0 ], [ -46.345814, -6.807848, 0.0 ], [ -46.346888, -6.806697, 0.0 ], [ -46.348753, -6.80601, 0.0 ], [ -46.349183, -6.805685, 0.0 ], [ -46.349288, -6.80468, 0.0 ], [ -46.349538, -6.804177, 0.0 ], [ -46.349499, -6.803316, 0.0 ], [ -46.349031, -6.802802, 0.0 ], [ -46.348958, -6.802336, 0.0 ], [ -46.348956, -6.801582, 0.0 ], [ -46.349314, -6.801079, 0.0 ], [ -46.349348, -6.800648, 0.0 ], [ -46.348379, -6.800543, 0.0 ], [ -46.347907, -6.798786, 0.0 ], [ -46.34654, -6.797892, 0.0 ], [ -46.346466, -6.797282, 0.0 ], [ -46.346464, -6.796529, 0.0 ], [ -46.347179, -6.79545, 0.0 ], [ -46.347571, -6.794408, 0.0 ], [ -46.347386, -6.792434, 0.0 ], [ -46.348676, -6.79139, 0.0 ], [ -46.348855, -6.790959, 0.0 ], [ -46.348853, -6.790384, 0.0 ], [ -46.34946, -6.789055, 0.0 ] ] } },
{ "type": "Feature", "properties": { "nome": "Rio Mearim", "comprimento": 2.8892116954899998 }, "geometry": { "type": "LineString", "coordinates": [ [ -46.23783, -6.657658, 0.0 ], [ -46.237083, -6.658168, 0.0 ], [ -46.236607, -6.658887, 0.0 ], [ -46.236308, -6.659068, 0.0 ], [ -46.23553, -6.65904, 0.0 ], [ -46.235141, -6.658801, 0.0 ], [ -46.233645, -6.658775, 0.0 ], [ -46.232627, -6.658538, 0.0 ], [ -46.232298, -6.658629, 0.0 ], [ -46.232121, -6.659736, 0.0 ], [ -46.231616, -6.661053, 0.0 ], [ -46.231377, -6.661234, 0.0 ], [ -46.230988, -6.661115, 0.0 ], [ -46.230598, -6.660757, 0.0 ], [ -46.228856, -6.6578, 0.0 ], [ -46.228705, -6.657262, 0.0 ], [ -46.227804, -6.655709, 0.0 ], [ -46.227534, -6.6555, 0.0 ], [ -46.227175, -6.655471, 0.0 ], [ -46.22637, -6.656819, 0.0 ], [ -46.226042, -6.656969, 0.0 ], [ -46.225532, -6.656702, 0.0 ], [ -46.225382, -6.656253, 0.0 ], [ -46.224872, -6.655626, 0.0 ], [ -46.224392, -6.655388, 0.0 ], [ -46.223704, -6.65542, 0.0 ], [ -46.223316, -6.6556, 0.0 ], [ -46.22266, -6.65632, 0.0 ], [ -46.222121, -6.656411, 0.0 ], [ -46.221074, -6.656264, 0.0 ], [ -46.219649, -6.655625, 0.0 ] ] } },
{ "type": "Feature", "properties": { "nome": "Rio Mearim", "comprimento": 1.8947811112599999 }, "geometry": { "type": "LineString", "coordinates": [ [ -45.088359, -5.342607, 0.0 ], [ -45.088731, -5.341315, 0.0 ], [ -45.090148, -5.337988, 0.0 ], [ -45.091753, -5.335748, 0.0 ], [ -45.092469, -5.334082, 0.0 ], [ -45.09373, -5.332818, 0.0 ], [ -45.094016, -5.331899, 0.0 ], [ -45.094245, -5.330405, 0.0 ], [ -45.092922, -5.327345, 0.0 ] ] } },
{ "type": "Feature", "properties": { "nome": "Rio Mearim", "comprimento": 2.1721541796700001 }, "geometry": { "type": "LineString", "coordinates": [ [ -44.96407, -5.085685, 0.0 ], [ -44.964738, -5.085206, 0.0 ], [ -44.965478, -5.084895, 0.0 ], [ -44.966553, -5.084752, 0.0 ], [ -44.967221, -5.084464, 0.0 ], [ -44.967364, -5.082621, 0.0 ], [ -44.967993, -5.081946, 0.0 ], [ -44.968336, -5.081831, 0.0 ], [ -44.968766, -5.082521, 0.0 ], [ -44.969282, -5.082837, 0.0 ], [ -44.969769, -5.082693, 0.0 ], [ -44.970542, -5.081429, 0.0 ], [ -44.970848, -5.080386, 0.0 ], [ -44.970752, -5.078816, 0.0 ], [ -44.970141, -5.077992, 0.0 ], [ -44.968327, -5.077705, 0.0 ], [ -44.967353, -5.077399, 0.0 ], [ -44.966627, -5.07692, 0.0 ], [ -44.96636, -5.076307, 0.0 ], [ -44.966227, -5.075464, 0.0 ], [ -44.965806, -5.074947, 0.0 ] ] } },
{ "type": "Feature", "properties": { "nome": "Rio Mearim", "comprimento": 1.25868090621 }, "geometry": { "type": "LineString", "coordinates": [ [ -44.569612, -4.766675, 0.0 ], [ -44.571048, -4.764007, 0.0 ], [ -44.572462, -4.762265, 0.0 ], [ -44.573169, -4.7606, 0.0 ], [ -44.573056, -4.758991, 0.0 ], [ -44.573228, -4.758168, 0.0 ], [ -44.573629, -4.757594, 0.0 ], [ -44.57446, -4.756838, 0.0 ] ] } },
{ "type": "Feature", "properties": { "nome": "Rio Mearim", "comprimento": 7.13374831369 }, "geometry": { "type": "LineString", "coordinates": [ [ -44.642449, -4.830502, 0.0 ], [ -44.643461, -4.829775, 0.0 ], [ -44.64348, -4.829392, 0.0 ], [ -44.643251, -4.828799, 0.0 ], [ -44.643214, -4.827669, 0.0 ], [ -44.644017, -4.825429, 0.0 ], [ -44.643826, -4.82495, 0.0 ], [ -44.643363, -4.824476, 0.0 ], [ -44.642523, -4.824456, 0.0 ], [ -44.642027, -4.824207, 0.0 ], [ -44.641798, -4.823843, 0.0 ], [ -44.641818, -4.823499, 0.0 ], [ -44.642066, -4.823077, 0.0 ], [ -44.642849, -4.822388, 0.0 ], [ -44.643193, -4.821814, 0.0 ], [ -44.643155, -4.820397, 0.0 ], [ -44.642412, -4.818903, 0.0 ], [ -44.642412, -4.818329, 0.0 ], [ -44.642718, -4.81762, 0.0 ], [ -44.64394, -4.816951, 0.0 ], [ -44.644856, -4.816932, 0.0 ], [ -44.646192, -4.817316, 0.0 ], [ -44.64644, -4.817105, 0.0 ], [ -44.646345, -4.816454, 0.0 ], [ -44.646002, -4.81609, 0.0 ], [ -44.644992, -4.813332, 0.0 ], [ -44.644457, -4.812968, 0.0 ], [ -44.643121, -4.812585, 0.0 ], [ -44.64167, -4.812756, 0.0 ], [ -44.640105, -4.813311, 0.0 ], [ -44.639246, -4.814153, 0.0 ], [ -44.637489, -4.815147, 0.0 ], [ -44.636668, -4.815319, 0.0 ], [ -44.635179, -4.815912, 0.0 ], [ -44.634415, -4.815912, 0.0 ], [ -44.633175, -4.81526, 0.0 ], [ -44.631305, -4.812961, 0.0 ], [ -44.630828, -4.81153, 0.0 ], [ -44.630924, -4.810074, 0.0 ], [ -44.63018, -4.809117, 0.0 ], [ -44.629684, -4.80881, 0.0 ], [ -44.62831, -4.808369, 0.0 ], [ -44.627794, -4.808598, 0.0 ], [ -44.627355, -4.809287, 0.0 ], [ -44.626857, -4.81147, 0.0 ], [ -44.62638, -4.812044, 0.0 ], [ -44.625444, -4.812044, 0.0 ], [ -44.62491, -4.81166, 0.0 ], [ -44.623346, -4.809534, 0.0 ], [ -44.622602, -4.809036, 0.0 ], [ -44.620426, -4.808384, 0.0 ], [ -44.619796, -4.807943, 0.0 ], [ -44.619472, -4.807177, 0.0 ], [ -44.618671, -4.806391, 0.0 ], [ -44.616744, -4.80526, 0.0 ], [ -44.615322, -4.804695, 0.0 ] ] } },
{ "type": "Feature", "properties": { "nome": "Rio Mearim", "comprimento": 3.1026339622400001 }, "geometry": { "type": "LineString", "coordinates": [ [ -46.247644, -6.675391, 0.0 ], [ -46.246745, -6.674927, 0.0 ], [ -46.246038, -6.673712, 0.0 ], [ -46.245711, -6.672492, 0.0 ], [ -46.245423, -6.67217, 0.0 ], [ -46.244992, -6.672063, 0.0 ], [ -46.244203, -6.672173, 0.0 ], [ -46.242733, -6.673182, 0.0 ], [ -46.242303, -6.673326, 0.0 ], [ -46.241116, -6.672432, 0.0 ], [ -46.240756, -6.671966, 0.0 ], [ -46.240753, -6.670853, 0.0 ], [ -46.24136, -6.669667, 0.0 ], [ -46.241681, -6.666203, 0.0 ], [ -46.242395, -6.664735, 0.0 ], [ -46.242902, -6.664106, 0.0 ], [ -46.24296, -6.663478, 0.0 ], [ -46.241402, -6.662465, 0.0 ], [ -46.240952, -6.661838, 0.0 ], [ -46.240202, -6.661211, 0.0 ], [ -46.240081, -6.660733, 0.0 ], [ -46.240109, -6.659596, 0.0 ], [ -46.240465, -6.658579, 0.0 ], [ -46.240285, -6.65831, 0.0 ], [ -46.239238, -6.658432, 0.0 ], [ -46.238249, -6.657717, 0.0 ], [ -46.23783, -6.657658, 0.0 ] ] } },
{ "type": "Feature", "properties": { "nome": "Rio Mearim", "comprimento": 0.34739907891100003 }, "geometry": { "type": "LineString", "coordinates": [ [ -44.732907, -4.912517, 0.0 ], [ -44.732487, -4.91267, 0.0 ], [ -44.731933, -4.912631, 0.0 ], [ -44.731303, -4.912248, 0.0 ], [ -44.730806, -4.911525, 0.0 ], [ -44.730348, -4.91128, 0.0 ] ] } },
{ "type": "Feature", "properties": { "nome": "Rio Mearim", "comprimento": 4.7014738209400004 }, "geometry": { "type": "LineString", "coordinates": [ [ -44.969134, -5.126113, 0.0 ], [ -44.96965, -5.125998, 0.0 ], [ -44.9707, -5.126189, 0.0 ], [ -44.970929, -5.126113, 0.0 ], [ -44.971139, -5.125615, 0.0 ], [ -44.971063, -5.125098, 0.0 ], [ -44.969879, -5.12393, 0.0 ], [ -44.969153, -5.122915, 0.0 ], [ -44.968982, -5.122149, 0.0 ], [ -44.969344, -5.12146, 0.0 ], [ -44.970433, -5.120655, 0.0 ], [ -44.970509, -5.120234, 0.0 ], [ -44.969536, -5.11876, 0.0 ], [ -44.969593, -5.117324, 0.0 ], [ -44.968905, -5.116558, 0.0 ], [ -44.968695, -5.116136, 0.0 ], [ -44.968734, -5.115753, 0.0 ], [ -44.96902, -5.115409, 0.0 ], [ -44.971178, -5.114336, 0.0 ], [ -44.971416, -5.11403, 0.0 ], [ -44.971416, -5.113571, 0.0 ], [ -44.971294, -5.113203, 0.0 ], [ -44.970255, -5.1121, 0.0 ], [ -44.970255, -5.109879, 0.0 ], [ -44.970072, -5.109052, 0.0 ], [ -44.968651, -5.108929, 0.0 ], [ -44.96694, -5.108362, 0.0 ], [ -44.966543, -5.108592, 0.0 ], [ -44.966344, -5.108914, 0.0 ], [ -44.966161, -5.110139, 0.0 ], [ -44.965886, -5.110538, 0.0 ], [ -44.965214, -5.110415, 0.0 ], [ -44.965, -5.110139, 0.0 ], [ -44.965, -5.109833, 0.0 ], [ -44.965443, -5.109251, 0.0 ], [ -44.965565, -5.108423, 0.0 ], [ -44.964664, -5.106539, 0.0 ], [ -44.964511, -5.105911, 0.0 ], [ -44.964878, -5.104915, 0.0 ], [ -44.965863, -5.104211, 0.0 ], [ -44.966077, -5.103721, 0.0 ], [ -44.966108, -5.103215, 0.0 ], [ -44.965863, -5.102755, 0.0 ], [ -44.964886, -5.102357, 0.0 ], [ -44.963954, -5.102909, 0.0 ], [ -44.963281, -5.103108, 0.0 ], [ -44.962976, -5.103077, 0.0 ], [ -44.962258, -5.102449, 0.0 ] ] } },
{ "type": "Feature", "properties": { "nome": "Rio Mearim", "comprimento": 6.0627734125500004 }, "geometry": { "type": "LineString", "coordinates": [ [ -45.533243, -5.6801, 0.0 ], [ -45.532689, -5.680101, 0.0 ], [ -45.532363, -5.679948, 0.0 ], [ -45.532344, -5.679507, 0.0 ], [ -45.532706, -5.678664, 0.0 ], [ -45.532725, -5.678262, 0.0 ], [ -45.531998, -5.677727, 0.0 ], [ -45.530029, -5.677135, 0.0 ], [ -45.528787, -5.677366, 0.0 ], [ -45.527678, -5.677329, 0.0 ], [ -45.527219, -5.676908, 0.0 ], [ -45.526741, -5.676334, 0.0 ], [ -45.525821, -5.673654, 0.0 ], [ -45.525189, -5.672659, 0.0 ], [ -45.524844, -5.671415, 0.0 ], [ -45.524614, -5.671051, 0.0 ], [ -45.524289, -5.670822, 0.0 ], [ -45.523261, -5.670562, 0.0 ], [ -45.522114, -5.669836, 0.0 ], [ -45.521521, -5.669798, 0.0 ], [ -45.520164, -5.670029, 0.0 ], [ -45.519763, -5.669819, 0.0 ], [ -45.519552, -5.669455, 0.0 ], [ -45.519628, -5.669034, 0.0 ], [ -45.519972, -5.668478, 0.0 ], [ -45.520908, -5.667769, 0.0 ], [ -45.521921, -5.667558, 0.0 ], [ -45.522264, -5.667327, 0.0 ], [ -45.522474, -5.666963, 0.0 ], [ -45.522244, -5.665317, 0.0 ], [ -45.522549, -5.664723, 0.0 ], [ -45.522893, -5.664455, 0.0 ], [ -45.523026, -5.663938, 0.0 ], [ -45.522987, -5.663133, 0.0 ], [ -45.52268, -5.662234, 0.0 ], [ -45.521935, -5.662024, 0.0 ], [ -45.5214, -5.66212, 0.0 ], [ -45.520445, -5.662906, 0.0 ], [ -45.519337, -5.663481, 0.0 ], [ -45.518878, -5.663405, 0.0 ], [ -45.518476, -5.663157, 0.0 ], [ -45.518151, -5.662755, 0.0 ], [ -45.518265, -5.662238, 0.0 ], [ -45.518475, -5.661816, 0.0 ], [ -45.519736, -5.660724, 0.0 ], [ -45.519831, -5.66036, 0.0 ], [ -45.518931, -5.659193, 0.0 ], [ -45.518108, -5.657528, 0.0 ], [ -45.517706, -5.657298, 0.0 ], [ -45.517229, -5.657299, 0.0 ], [ -45.51656, -5.657663, 0.0 ], [ -45.516084, -5.659368, 0.0 ], [ -45.515377, -5.660287, 0.0 ], [ -45.514766, -5.660728, 0.0 ], [ -45.510427, -5.660732, 0.0 ], [ -45.509242, -5.660235, 0.0 ], [ -45.50773, -5.658896, 0.0 ] ] } },
{ "type": "Feature", "properties": { "nome": "Rio Mearim", "comprimento": 1.37109567908 }, "geometry": { "type": "LineString", "coordinates": [ [ -44.860625, -4.938604, 0.0 ], [ -44.85904, -4.939044, 0.0 ], [ -44.856653, -4.939254, 0.0 ], [ -44.85589, -4.93866, 0.0 ], [ -44.855928, -4.937569, 0.0 ], [ -44.855776, -4.937071, 0.0 ], [ -44.855413, -4.936803, 0.0 ], [ -44.854917, -4.936784, 0.0 ], [ -44.853561, -4.937626, 0.0 ], [ -44.852683, -4.937855, 0.0 ], [ -44.852301, -4.938162, 0.0 ], [ -44.85167, -4.939368, 0.0 ], [ -44.851327, -4.939636, 0.0 ] ] } },
{ "type": "Feature", "properties": { "nome": "Rio Mearim", "comprimento": 5.9026333493200003 }, "geometry": { "type": "LineString", "coordinates": [ [ -45.315644, -5.526672, 0.0 ], [ -45.315414, -5.527017, 0.0 ], [ -45.315071, -5.527151, 0.0 ], [ -45.314841, -5.527074, 0.0 ], [ -45.314765, -5.526806, 0.0 ], [ -45.313942, -5.525983, 0.0 ], [ -45.313407, -5.525697, 0.0 ], [ -45.312987, -5.525697, 0.0 ], [ -45.311554, -5.526425, 0.0 ], [ -45.311267, -5.526444, 0.0 ], [ -45.310809, -5.526272, 0.0 ], [ -45.30991, -5.525564, 0.0 ], [ -45.30991, -5.52522, 0.0 ], [ -45.310177, -5.524875, 0.0 ], [ -45.311208, -5.522404, 0.0 ], [ -45.311895, -5.521561, 0.0 ], [ -45.311704, -5.520221, 0.0 ], [ -45.31283, -5.519148, 0.0 ], [ -45.313747, -5.518018, 0.0 ], [ -45.314702, -5.517596, 0.0 ], [ -45.315791, -5.516408, 0.0 ], [ -45.317014, -5.515431, 0.0 ], [ -45.317338, -5.515335, 0.0 ], [ -45.317759, -5.515431, 0.0 ], [ -45.318065, -5.515775, 0.0 ], [ -45.318544, -5.517881, 0.0 ], [ -45.318945, -5.518896, 0.0 ], [ -45.31994, -5.520351, 0.0 ], [ -45.323094, -5.521479, 0.0 ], [ -45.325253, -5.521631, 0.0 ], [ -45.32575, -5.521228, 0.0 ], [ -45.32575, -5.520826, 0.0 ], [ -45.325214, -5.519103, 0.0 ], [ -45.324869, -5.518452, 0.0 ], [ -45.323684, -5.517457, 0.0 ], [ -45.32313, -5.51719, 0.0 ], [ -45.321907, -5.517401, 0.0 ], [ -45.320588, -5.517402, 0.0 ], [ -45.3199, -5.517019, 0.0 ], [ -45.319842, -5.51677, 0.0 ], [ -45.320224, -5.515985, 0.0 ], [ -45.321275, -5.514874, 0.0 ], [ -45.321542, -5.513916, 0.0 ], [ -45.321636, -5.512327, 0.0 ], [ -45.321865, -5.511771, 0.0 ], [ -45.322897, -5.510354, 0.0 ], [ -45.325112, -5.508706, 0.0 ], [ -45.325609, -5.508131, 0.0 ], [ -45.325742, -5.507633, 0.0 ], [ -45.325551, -5.507078, 0.0 ] ] } },
{ "type": "Feature", "properties": { "nome": "Rio Mearim", "comprimento": 6.7138063359300002 }, "geometry": { "type": "LineString", "coordinates": [ [ -46.128049, -6.463259, 0.0 ], [ -46.12781, -6.463283, 0.0 ], [ -46.127591, -6.461848, 0.0 ], [ -46.12759, -6.461202, 0.0 ], [ -46.127899, -6.460651, 0.0 ], [ -46.12895, -6.459667, 0.0 ], [ -46.129285, -6.459547, 0.0 ], [ -46.1306, -6.45952, 0.0 ], [ -46.131581, -6.459207, 0.0 ], [ -46.133038, -6.45839, 0.0 ], [ -46.134473, -6.458339, 0.0 ], [ -46.134832, -6.458194, 0.0 ], [ -46.135142, -6.45793, 0.0 ], [ -46.135283, -6.45647, 0.0 ], [ -46.135974, -6.455344, 0.0 ], [ -46.136306, -6.453979, 0.0 ], [ -46.136328, -6.453261, 0.0 ], [ -46.136064, -6.453023, 0.0 ], [ -46.135179, -6.452977, 0.0 ], [ -46.134892, -6.453145, 0.0 ], [ -46.134605, -6.453026, 0.0 ], [ -46.134509, -6.452715, 0.0 ], [ -46.134603, -6.451901, 0.0 ], [ -46.134435, -6.451758, 0.0 ], [ -46.133573, -6.451592, 0.0 ], [ -46.132546, -6.452408, 0.0 ], [ -46.132355, -6.452241, 0.0 ], [ -46.132258, -6.452002, 0.0 ], [ -46.133237, -6.450899, 0.0 ], [ -46.133474, -6.448858, 0.0 ], [ -46.133265, -6.448738, 0.0 ], [ -46.13168, -6.448802, 0.0 ], [ -46.130213, -6.448057, 0.0 ], [ -46.129614, -6.44749, 0.0 ], [ -46.129283, -6.446863, 0.0 ], [ -46.128982, -6.445607, 0.0 ], [ -46.127905, -6.4454, 0.0 ], [ -46.126408, -6.444715, 0.0 ], [ -46.125838, -6.444059, 0.0 ], [ -46.125568, -6.443461, 0.0 ], [ -46.125567, -6.442893, 0.0 ], [ -46.126812, -6.437924, 0.0 ], [ -46.127047, -6.436009, 0.0 ], [ -46.128001, -6.43496, 0.0 ], [ -46.128539, -6.43475, 0.0 ], [ -46.131081, -6.434684, 0.0 ], [ -46.132424, -6.433874, 0.0 ], [ -46.132392, -6.432677, 0.0 ], [ -46.13203, -6.431272, 0.0 ], [ -46.131101, -6.430287, 0.0 ], [ -46.130559, -6.428763, 0.0 ], [ -46.130887, -6.428463, 0.0 ], [ -46.132023, -6.428042, 0.0 ], [ -46.132261, -6.427473, 0.0 ], [ -46.133514, -6.426363, 0.0 ], [ -46.134125, -6.425328, 0.0 ] ] } },
{ "type": "Feature", "properties": { "nome": "Rio Mearim", "comprimento": 0.0018871456715500001 }, "geometry": { "type": "LineString", "coordinates": [ [ -44.610018, -3.843098, 0.0 ], [ -44.610032, -3.84309, 0.0 ] ] } },
{ "type": "Feature", "properties": { "nome": "Rio Mearim", "comprimento": 1.2356114813900001 }, "geometry": { "type": "LineString", "coordinates": [ [ -44.724469, -4.908918, 0.0 ], [ -44.723766, -4.908168, 0.0 ], [ -44.722698, -4.906574, 0.0 ], [ -44.720896, -4.905532, 0.0 ], [ -44.720186, -4.904343, 0.0 ], [ -44.719518, -4.903692, 0.0 ], [ -44.718869, -4.903328, 0.0 ], [ -44.717494, -4.904055, 0.0 ], [ -44.716654, -4.904303, 0.0 ], [ -44.716081, -4.904073, 0.0 ] ] } },
{ "type": "Feature", "properties": { "nome": "Rio Mearim", "comprimento": 2.3522770553700001 }, "geometry": { "type": "LineString", "coordinates": [ [ -44.841721, -4.934301, 0.0 ], [ -44.840575, -4.934856, 0.0 ], [ -44.839582, -4.934741, 0.0 ], [ -44.838399, -4.934051, 0.0 ], [ -44.838036, -4.933611, 0.0 ], [ -44.837674, -4.932366, 0.0 ], [ -44.837235, -4.931581, 0.0 ], [ -44.836891, -4.931274, 0.0 ], [ -44.836471, -4.931178, 0.0 ], [ -44.835994, -4.931216, 0.0 ], [ -44.83586, -4.931542, 0.0 ], [ -44.835917, -4.931925, 0.0 ], [ -44.836604, -4.932883, 0.0 ], [ -44.836967, -4.934166, 0.0 ], [ -44.836737, -4.934893, 0.0 ], [ -44.836317, -4.935391, 0.0 ], [ -44.835954, -4.935544, 0.0 ], [ -44.835019, -4.935467, 0.0 ], [ -44.834504, -4.934548, 0.0 ], [ -44.834103, -4.933112, 0.0 ], [ -44.833817, -4.932863, 0.0 ], [ -44.83332, -4.932958, 0.0 ], [ -44.832261, -4.933613, 0.0 ], [ -44.830351, -4.933555, 0.0 ], [ -44.829569, -4.933325, 0.0 ] ] } },
{ "type": "Feature", "properties": { "nome": "Rio Mearim", "comprimento": 7.18229942409 }, "geometry": { "type": "LineString", "coordinates": [ [ -45.227418, -5.478911, 0.0 ], [ -45.225996, -5.480738, 0.0 ], [ -45.225375, -5.481169, 0.0 ], [ -45.224587, -5.481265, 0.0 ], [ -45.22399, -5.481146, 0.0 ], [ -45.223225, -5.48062, 0.0 ], [ -45.22258, -5.480428, 0.0 ], [ -45.219762, -5.480358, 0.0 ], [ -45.218949, -5.479927, 0.0 ], [ -45.217176, -5.477872, 0.0 ], [ -45.216459, -5.476484, 0.0 ], [ -45.217127, -5.473756, 0.0 ], [ -45.217222, -5.472272, 0.0 ], [ -45.217818, -5.469998, 0.0 ], [ -45.217794, -5.468777, 0.0 ], [ -45.21722, -5.467508, 0.0 ], [ -45.216193, -5.466695, 0.0 ], [ -45.213637, -5.465571, 0.0 ], [ -45.21304, -5.464997, 0.0 ], [ -45.212484, -5.464148, 0.0 ], [ -45.211308, -5.46165, 0.0 ], [ -45.211967, -5.460357, 0.0 ], [ -45.212053, -5.459869, 0.0 ], [ -45.209557, -5.453091, 0.0 ], [ -45.20947, -5.452, 0.0 ], [ -45.209011, -5.44996, 0.0 ], [ -45.20881, -5.447174, 0.0 ], [ -45.208437, -5.446456, 0.0 ], [ -45.207949, -5.446169, 0.0 ], [ -45.207233, -5.445997, 0.0 ], [ -45.206201, -5.445998, 0.0 ], [ -45.204854, -5.4464, 0.0 ], [ -45.203908, -5.446343, 0.0 ], [ -45.203564, -5.445941, 0.0 ], [ -45.203478, -5.445596, 0.0 ], [ -45.203908, -5.444936, 0.0 ], [ -45.204143, -5.444196, 0.0 ], [ -45.203396, -5.440261, 0.0 ], [ -45.202995, -5.440032, 0.0 ], [ -45.200329, -5.439659, 0.0 ], [ -45.198236, -5.438281, 0.0 ] ] } },
{ "type": "Feature", "properties": { "nome": "Rio Mearim", "comprimento": 2.7673437178400002 }, "geometry": { "type": "LineString", "coordinates": [ [ -44.771653, -4.916769, 0.0 ], [ -44.769381, -4.916213, 0.0 ], [ -44.768942, -4.915887, 0.0 ], [ -44.767205, -4.91378, 0.0 ], [ -44.764399, -4.912745, 0.0 ], [ -44.763807, -4.912879, 0.0 ], [ -44.763597, -4.913415, 0.0 ], [ -44.763578, -4.914315, 0.0 ], [ -44.763387, -4.91487, 0.0 ], [ -44.762565, -4.916172, 0.0 ], [ -44.762049, -4.918125, 0.0 ], [ -44.761724, -4.918546, 0.0 ], [ -44.761056, -4.918776, 0.0 ], [ -44.759286, -4.918003, 0.0 ], [ -44.758186, -4.918049, 0.0 ], [ -44.757636, -4.917934, 0.0 ], [ -44.757132, -4.917462, 0.0 ], [ -44.756239, -4.915922, 0.0 ], [ -44.755884, -4.915681, 0.0 ], [ -44.754899, -4.915554, 0.0 ], [ -44.754464, -4.915749, 0.0 ], [ -44.75428, -4.916623, 0.0 ] ] } },
{ "type": "Feature", "properties": { "nome": "Rio Mearim", "comprimento": 1.2072806628 }, "geometry": { "type": "LineString", "coordinates": [ [ -44.587142, -4.719649, 0.0 ], [ -44.587066, -4.718868, 0.0 ], [ -44.586685, -4.718438, 0.0 ], [ -44.585929, -4.716645, 0.0 ], [ -44.583975, -4.716, 0.0 ], [ -44.583563, -4.715571, 0.0 ], [ -44.583137, -4.714085, 0.0 ], [ -44.582557, -4.71341, 0.0 ], [ -44.581733, -4.713241, 0.0 ], [ -44.58016, -4.713685, 0.0 ] ] } },
{ "type": "Feature", "properties": { "nome": "Rio Mearim", "comprimento": 1.81760515126 }, "geometry": { "type": "LineString", "coordinates": [ [ -45.0684, -5.313933, 0.0 ], [ -45.067362, -5.314028, 0.0 ], [ -45.06686, -5.313669, 0.0 ], [ -45.066478, -5.313047, 0.0 ], [ -45.064042, -5.310367, 0.0 ], [ -45.062466, -5.308356, 0.0 ], [ -45.061033, -5.307495, 0.0 ], [ -45.060698, -5.306944, 0.0 ], [ -45.060692, -5.305803, 0.0 ], [ -45.059689, -5.3042, 0.0 ], [ -45.058829, -5.30329, 0.0 ], [ -45.057635, -5.302931, 0.0 ] ] } },
{ "type": "Feature", "properties": { "nome": "Rio Mearim", "comprimento": 2.3144278649499999 }, "geometry": { "type": "LineString", "coordinates": [ [ -44.928809, -4.992863, 0.0 ], [ -44.928702, -4.991836, 0.0 ], [ -44.929038, -4.990963, 0.0 ], [ -44.929023, -4.99058, 0.0 ], [ -44.928977, -4.990259, 0.0 ], [ -44.928656, -4.990044, 0.0 ], [ -44.928213, -4.990151, 0.0 ], [ -44.927327, -4.990917, 0.0 ], [ -44.927281, -4.992097, 0.0 ], [ -44.926976, -4.992296, 0.0 ], [ -44.926288, -4.991897, 0.0 ], [ -44.925311, -4.990335, 0.0 ], [ -44.924807, -4.990258, 0.0 ], [ -44.923982, -4.990672, 0.0 ], [ -44.923554, -4.990442, 0.0 ], [ -44.92331, -4.990013, 0.0 ], [ -44.923356, -4.989078, 0.0 ], [ -44.923173, -4.988297, 0.0 ], [ -44.922898, -4.9877, 0.0 ], [ -44.922333, -4.987025, 0.0 ], [ -44.921747, -4.984895, 0.0 ], [ -44.920052, -4.984267, 0.0 ], [ -44.919838, -4.984053, 0.0 ], [ -44.919838, -4.983256, 0.0 ], [ -44.920571, -4.982705, 0.0 ], [ -44.920526, -4.982475, 0.0 ] ] } },
{ "type": "Feature", "properties": { "nome": "Rio Mearim", "comprimento": 6.48055841599 }, "geometry": { "type": "LineString", "coordinates": [ [ -45.052662, -5.291177, 0.0 ], [ -45.052433, -5.291131, 0.0 ], [ -45.052204, -5.29084, 0.0 ], [ -45.052142, -5.290273, 0.0 ], [ -45.052203, -5.288496, 0.0 ], [ -45.052677, -5.287715, 0.0 ], [ -45.052585, -5.287362, 0.0 ], [ -45.052249, -5.287179, 0.0 ], [ -45.051745, -5.287301, 0.0 ], [ -45.050736, -5.288006, 0.0 ], [ -45.050507, -5.287929, 0.0 ], [ -45.050003, -5.287363, 0.0 ], [ -45.049941, -5.286168, 0.0 ], [ -45.049727, -5.285815, 0.0 ], [ -45.049024, -5.285601, 0.0 ], [ -45.047557, -5.285616, 0.0 ], [ -45.047038, -5.285754, 0.0 ], [ -45.046396, -5.286903, 0.0 ], [ -45.046045, -5.287256, 0.0 ], [ -45.045296, -5.286857, 0.0 ], [ -45.045112, -5.285831, 0.0 ], [ -45.043966, -5.285617, 0.0 ], [ -45.043141, -5.285295, 0.0 ], [ -45.042361, -5.285571, 0.0 ], [ -45.041979, -5.286746, 0.0 ], [ -45.041712, -5.286746, 0.0 ], [ -45.041349, -5.286458, 0.0 ], [ -45.040719, -5.285252, 0.0 ], [ -45.040776, -5.284582, 0.0 ], [ -45.041253, -5.284046, 0.0 ], [ -45.041253, -5.283663, 0.0 ], [ -45.040623, -5.283529, 0.0 ], [ -45.039744, -5.28372, 0.0 ], [ -45.039496, -5.283414, 0.0 ], [ -45.039477, -5.282131, 0.0 ], [ -45.03963, -5.281729, 0.0 ], [ -45.040222, -5.280982, 0.0 ], [ -45.040374, -5.280484, 0.0 ], [ -45.040374, -5.279967, 0.0 ], [ -45.04005, -5.279144, 0.0 ], [ -45.040183, -5.278435, 0.0 ], [ -45.040852, -5.277976, 0.0 ], [ -45.0411, -5.277631, 0.0 ], [ -45.041196, -5.277171, 0.0 ], [ -45.041226, -5.2767, 0.0 ], [ -45.040768, -5.275743, 0.0 ], [ -45.040768, -5.275283, 0.0 ], [ -45.040863, -5.274996, 0.0 ], [ -45.041799, -5.274441, 0.0 ], [ -45.04199, -5.274077, 0.0 ], [ -45.042028, -5.273407, 0.0 ], [ -45.041856, -5.272985, 0.0 ], [ -45.041493, -5.272698, 0.0 ], [ -45.0405, -5.2722, 0.0 ], [ -45.040404, -5.271703, 0.0 ], [ -45.04071, -5.270649, 0.0 ], [ -45.040519, -5.270305, 0.0 ], [ -45.039908, -5.270171, 0.0 ], [ -45.039373, -5.270401, 0.0 ], [ -45.038666, -5.270401, 0.0 ], [ -45.037195, -5.26973, 0.0 ], [ -45.035686, -5.269711, 0.0 ], [ -45.034922, -5.269156, 0.0 ], [ -45.034807, -5.268735, 0.0 ], [ -45.035457, -5.266782, 0.0 ], [ -45.037286, -5.263354, 0.0 ], [ -45.038069, -5.261305, 0.0 ], [ -45.039692, -5.260118, 0.0 ], [ -45.040542, -5.259725, 0.0 ] ] } },
{ "type": "Feature", "properties": { "nome": "Rio Mearim", "comprimento": 1.3169074437899999 }, "geometry": { "type": "LineString", "coordinates": [ [ -46.349122, -6.770275, 0.0 ], [ -46.349023, -6.76884, 0.0 ], [ -46.348733, -6.768075, 0.0 ], [ -46.348205, -6.767454, 0.0 ], [ -46.347726, -6.767264, 0.0 ], [ -46.347437, -6.766882, 0.0 ], [ -46.34724, -6.764729, 0.0 ], [ -46.347621, -6.764154, 0.0 ], [ -46.347667, -6.763292, 0.0 ], [ -46.347857, -6.762813, 0.0 ], [ -46.349195, -6.761996, 0.0 ], [ -46.3501, -6.760175, 0.0 ] ] } },
{ "type": "Feature", "properties": { "nome": "Rio Mearim", "comprimento": 1.82523171654 }, "geometry": { "type": "LineString", "coordinates": [ [ -45.248258, -5.50429, 0.0 ], [ -45.246132, -5.50465, 0.0 ], [ -45.245487, -5.504555, 0.0 ], [ -45.243838, -5.503358, 0.0 ], [ -45.243623, -5.502808, 0.0 ], [ -45.243623, -5.501252, 0.0 ], [ -45.244267, -5.499433, 0.0 ], [ -45.244864, -5.498906, 0.0 ], [ -45.246535, -5.498187, 0.0 ], [ -45.247061, -5.497517, 0.0 ], [ -45.247204, -5.496923, 0.0 ], [ -45.247089, -5.496234, 0.0 ], [ -45.246544, -5.495229, 0.0 ], [ -45.245468, -5.494023, 0.0 ] ] } },
{ "type": "Feature", "properties": { "nome": "Rio Mearim", "comprimento": 1.5632264867700001 }, "geometry": { "type": "LineString", "coordinates": [ [ -46.132533, -6.548081, 0.0 ], [ -46.131884, -6.54679, 0.0 ], [ -46.132493, -6.546071, 0.0 ], [ -46.132492, -6.545604, 0.0 ], [ -46.132742, -6.545245, 0.0 ], [ -46.132777, -6.544706, 0.0 ], [ -46.132486, -6.543235, 0.0 ], [ -46.133093, -6.541726, 0.0 ], [ -46.134132, -6.540934, 0.0 ], [ -46.134917, -6.539066, 0.0 ], [ -46.135742, -6.538418, 0.0 ], [ -46.136028, -6.53795, 0.0 ], [ -46.136277, -6.537053, 0.0 ], [ -46.136276, -6.536514, 0.0 ], [ -46.136059, -6.535797, 0.0 ] ] } },
{ "type": "Feature", "properties": { "nome": "Rio Mearim", "comprimento": 0.429099482438 }, "geometry": { "type": "LineString", "coordinates": [ [ -45.368014, -5.555118, 0.0 ], [ -45.366207, -5.555116, 0.0 ], [ -45.364495, -5.556261, 0.0 ] ] } },
{ "type": "Feature", "properties": { "nome": "Rio Mearim", "comprimento": 4.27066717702 }, "geometry": { "type": "LineString", "coordinates": [ [ -45.149425, -5.413228, 0.0 ], [ -45.148482, -5.413563, 0.0 ], [ -45.14798, -5.413563, 0.0 ], [ -45.147717, -5.413396, 0.0 ], [ -45.145997, -5.408777, 0.0 ], [ -45.145447, -5.408011, 0.0 ], [ -45.144921, -5.407413, 0.0 ], [ -45.14184, -5.404948, 0.0 ], [ -45.140431, -5.403464, 0.0 ], [ -45.139642, -5.403129, 0.0 ], [ -45.138257, -5.40368, 0.0 ], [ -45.137827, -5.403968, 0.0 ], [ -45.137541, -5.404398, 0.0 ], [ -45.137446, -5.405428, 0.0 ], [ -45.137924, -5.407319, 0.0 ], [ -45.137519, -5.411364, 0.0 ], [ -45.137375, -5.411771, 0.0 ], [ -45.137113, -5.412058, 0.0 ], [ -45.136301, -5.412321, 0.0 ], [ -45.135226, -5.413088, 0.0 ], [ -45.133268, -5.413854, 0.0 ], [ -45.132623, -5.413854, 0.0 ], [ -45.130058, -5.412715, 0.0 ], [ -45.129399, -5.412601, 0.0 ], [ -45.12894, -5.412802, 0.0 ], [ -45.12937, -5.413836, 0.0 ], [ -45.129485, -5.414554, 0.0 ], [ -45.128556, -5.416399, 0.0 ] ] } },
{ "type": "Feature", "properties": { "nome": "Rio Mearim", "comprimento": 3.3052552695599999 }, "geometry": { "type": "LineString", "coordinates": [ [ -44.993154, -5.143914, 0.0 ], [ -44.992925, -5.143694, 0.0 ], [ -44.992848, -5.143254, 0.0 ], [ -44.99302, -5.142641, 0.0 ], [ -44.993459, -5.1422, 0.0 ], [ -44.993937, -5.141971, 0.0 ], [ -44.994682, -5.141951, 0.0 ], [ -44.995178, -5.141722, 0.0 ], [ -44.995388, -5.141339, 0.0 ], [ -44.995178, -5.140917, 0.0 ], [ -44.994643, -5.140592, 0.0 ], [ -44.99323, -5.140994, 0.0 ], [ -44.992562, -5.140994, 0.0 ], [ -44.992161, -5.140822, 0.0 ], [ -44.992065, -5.140439, 0.0 ], [ -44.992218, -5.140094, 0.0 ], [ -44.993268, -5.139122, 0.0 ], [ -44.994643, -5.138643, 0.0 ], [ -44.994891, -5.138356, 0.0 ], [ -44.99491, -5.13805, 0.0 ], [ -44.994471, -5.137533, 0.0 ], [ -44.994051, -5.137533, 0.0 ], [ -44.992657, -5.138509, 0.0 ], [ -44.991664, -5.138854, 0.0 ], [ -44.990785, -5.138662, 0.0 ], [ -44.990441, -5.138299, 0.0 ], [ -44.99025, -5.137705, 0.0 ], [ -44.990785, -5.136824, 0.0 ], [ -44.991587, -5.136633, 0.0 ], [ -44.992695, -5.137035, 0.0 ], [ -44.993001, -5.13692, 0.0 ], [ -44.993153, -5.136594, 0.0 ], [ -44.991263, -5.134507, 0.0 ], [ -44.991034, -5.133952, 0.0 ], [ -44.990957, -5.133358, 0.0 ], [ -44.991568, -5.132612, 0.0 ], [ -44.991664, -5.132248, 0.0 ], [ -44.990499, -5.130907, 0.0 ], [ -44.989888, -5.130505, 0.0 ] ] } },
{ "type": "Feature", "properties": { "nome": "Rio Mearim", "comprimento": 1.37148811709 }, "geometry": { "type": "LineString", "coordinates": [ [ -45.019918, -5.224249, 0.0 ], [ -45.020539, -5.223076, 0.0 ], [ -45.020276, -5.22207, 0.0 ], [ -45.019488, -5.221424, 0.0 ], [ -45.01839, -5.221281, 0.0 ], [ -45.018199, -5.220778, 0.0 ], [ -45.018748, -5.219246, 0.0 ], [ -45.019345, -5.218504, 0.0 ], [ -45.01944, -5.218097, 0.0 ], [ -45.019416, -5.217475, 0.0 ], [ -45.018942, -5.215958, 0.0 ], [ -45.018942, -5.215575, 0.0 ], [ -45.019111, -5.215254, 0.0 ], [ -45.019875, -5.214671, 0.0 ], [ -45.019951, -5.214319, 0.0 ] ] } },
{ "type": "Feature", "properties": { "nome": "Rio Mearim", "comprimento": 3.1828743260499999 }, "geometry": { "type": "LineString", "coordinates": [ [ -45.439999, -5.604514, 0.0 ], [ -45.439082, -5.604591, 0.0 ], [ -45.437363, -5.605473, 0.0 ], [ -45.436675, -5.606508, 0.0 ], [ -45.436007, -5.606968, 0.0 ], [ -45.435223, -5.606987, 0.0 ], [ -45.434268, -5.607237, 0.0 ], [ -45.431345, -5.609671, 0.0 ], [ -45.43081, -5.609805, 0.0 ], [ -45.430294, -5.609576, 0.0 ], [ -45.429681, -5.607719, 0.0 ], [ -45.427481, -5.604408, 0.0 ], [ -45.427366, -5.604044, 0.0 ], [ -45.427804, -5.602493, 0.0 ], [ -45.42767, -5.602034, 0.0 ], [ -45.426503, -5.600886, 0.0 ], [ -45.424974, -5.600408, 0.0 ], [ -45.423946, -5.599839, 0.0 ], [ -45.423392, -5.599016, 0.0 ], [ -45.42278, -5.598634, 0.0 ], [ -45.422129, -5.597753, 0.0 ], [ -45.421918, -5.596337, 0.0 ] ] } },
{ "type": "Feature", "properties": { "nome": "Rio Mearim", "comprimento": 2.8756794726299999 }, "geometry": { "type": "LineString", "coordinates": [ [ -46.164648, -6.603366, 0.0 ], [ -46.16363, -6.60274, 0.0 ], [ -46.162942, -6.602831, 0.0 ], [ -46.160936, -6.601969, 0.0 ], [ -46.160516, -6.60176, 0.0 ], [ -46.159527, -6.600865, 0.0 ], [ -46.158569, -6.600329, 0.0 ], [ -46.15806, -6.600211, 0.0 ], [ -46.156894, -6.600572, 0.0 ], [ -46.155907, -6.600634, 0.0 ], [ -46.154952, -6.601414, 0.0 ], [ -46.154144, -6.601326, 0.0 ], [ -46.153636, -6.601657, 0.0 ], [ -46.153128, -6.601598, 0.0 ], [ -46.152888, -6.601389, 0.0 ], [ -46.152887, -6.60106, 0.0 ], [ -46.153126, -6.60076, 0.0 ], [ -46.153065, -6.600402, 0.0 ], [ -46.152855, -6.600253, 0.0 ], [ -46.152138, -6.600434, 0.0 ], [ -46.151388, -6.599688, 0.0 ], [ -46.150549, -6.599151, 0.0 ], [ -46.149382, -6.598944, 0.0 ], [ -46.148336, -6.599066, 0.0 ], [ -46.147885, -6.59835, 0.0 ], [ -46.147017, -6.598082, 0.0 ], [ -46.146638, -6.597767, 0.0 ], [ -46.146385, -6.59705, 0.0 ], [ -46.146311, -6.59626, 0.0 ], [ -46.145915, -6.595794, 0.0 ], [ -46.145771, -6.595328, 0.0 ], [ -46.145949, -6.594969, 0.0 ], [ -46.145624, -6.593964, 0.0 ] ] } },
{ "type": "Feature", "properties": { "nome": "Rio Mearim", "comprimento": 2.0440669209900002 }, "geometry": { "type": "LineString", "coordinates": [ [ -44.825197, -4.932462, 0.0 ], [ -44.824662, -4.932577, 0.0 ], [ -44.823383, -4.932423, 0.0 ], [ -44.821894, -4.932519, 0.0 ], [ -44.821436, -4.932365, 0.0 ], [ -44.821016, -4.932059, 0.0 ], [ -44.820768, -4.931446, 0.0 ], [ -44.820883, -4.929914, 0.0 ], [ -44.82073, -4.929359, 0.0 ], [ -44.820234, -4.928937, 0.0 ], [ -44.819661, -4.928918, 0.0 ], [ -44.818191, -4.929339, 0.0 ], [ -44.817675, -4.929281, 0.0 ], [ -44.816893, -4.928592, 0.0 ], [ -44.816244, -4.927577, 0.0 ], [ -44.815767, -4.927366, 0.0 ], [ -44.815251, -4.927423, 0.0 ], [ -44.814831, -4.927998, 0.0 ], [ -44.814888, -4.928821, 0.0 ], [ -44.815804, -4.92997, 0.0 ], [ -44.815689, -4.930851, 0.0 ], [ -44.814945, -4.931272, 0.0 ] ] } },
{ "type": "Feature", "properties": { "nome": "Rio Mearim", "comprimento": 2.4442604371100001 }, "geometry": { "type": "LineString", "coordinates": [ [ -44.965806, -5.074947, 0.0 ], [ -44.964451, -5.074545, 0.0 ], [ -44.963859, -5.074201, 0.0 ], [ -44.963668, -5.073186, 0.0 ], [ -44.963725, -5.07196, 0.0 ], [ -44.964222, -5.071252, 0.0 ], [ -44.965597, -5.071137, 0.0 ], [ -44.965845, -5.070811, 0.0 ], [ -44.965768, -5.070447, 0.0 ], [ -44.965482, -5.070237, 0.0 ], [ -44.965234, -5.069452, 0.0 ], [ -44.964966, -5.069126, 0.0 ], [ -44.96426, -5.069164, 0.0 ], [ -44.962656, -5.069777, 0.0 ], [ -44.962102, -5.070179, 0.0 ], [ -44.961357, -5.071328, 0.0 ], [ -44.961013, -5.071539, 0.0 ], [ -44.960517, -5.071462, 0.0 ], [ -44.960001, -5.070849, 0.0 ], [ -44.960154, -5.068264, 0.0 ], [ -44.960059, -5.067805, 0.0 ], [ -44.959811, -5.067479, 0.0 ], [ -44.959047, -5.067268, 0.0 ], [ -44.958168, -5.066656, 0.0 ], [ -44.957806, -5.065794, 0.0 ], [ -44.957844, -5.065277, 0.0 ] ] } },
{ "type": "Feature", "properties": { "nome": "Rio Mearim", "comprimento": 7.2310929671100004 }, "geometry": { "type": "LineString", "coordinates": [ [ -46.104234, -6.396335, 0.0 ], [ -46.103844, -6.395618, 0.0 ], [ -46.103452, -6.393824, 0.0 ], [ -46.102703, -6.393167, 0.0 ], [ -46.102492, -6.392749, 0.0 ], [ -46.10195, -6.390567, 0.0 ], [ -46.101769, -6.390208, 0.0 ], [ -46.101381, -6.390119, 0.0 ], [ -46.101231, -6.38991, 0.0 ], [ -46.101379, -6.389252, 0.0 ], [ -46.101976, -6.388802, 0.0 ], [ -46.102005, -6.388413, 0.0 ], [ -46.101795, -6.388024, 0.0 ], [ -46.101495, -6.387815, 0.0 ], [ -46.101256, -6.387816, 0.0 ], [ -46.10054, -6.388416, 0.0 ], [ -46.100181, -6.388327, 0.0 ], [ -46.10006, -6.388058, 0.0 ], [ -46.09997, -6.387639, 0.0 ], [ -46.100208, -6.3871, 0.0 ], [ -46.099998, -6.386592, 0.0 ], [ -46.100086, -6.385814, 0.0 ], [ -46.099935, -6.385127, 0.0 ], [ -46.099126, -6.38456, 0.0 ], [ -46.099155, -6.384261, 0.0 ], [ -46.099483, -6.383782, 0.0 ], [ -46.099511, -6.382854, 0.0 ], [ -46.099242, -6.382735, 0.0 ], [ -46.098854, -6.382945, 0.0 ], [ -46.098644, -6.382826, 0.0 ], [ -46.098672, -6.381839, 0.0 ], [ -46.098462, -6.38157, 0.0 ], [ -46.098043, -6.381601, 0.0 ], [ -46.097714, -6.381452, 0.0 ], [ -46.097743, -6.380943, 0.0 ], [ -46.09807, -6.380135, 0.0 ], [ -46.097888, -6.378969, 0.0 ], [ -46.097678, -6.37861, 0.0 ], [ -46.096989, -6.378103, 0.0 ], [ -46.09684, -6.378223, 0.0 ], [ -46.096663, -6.379181, 0.0 ], [ -46.096275, -6.379391, 0.0 ], [ -46.095586, -6.379213, 0.0 ], [ -46.095017, -6.378467, 0.0 ], [ -46.094924, -6.376821, 0.0 ], [ -46.094594, -6.376523, 0.0 ], [ -46.093638, -6.377034, 0.0 ], [ -46.092771, -6.377065, 0.0 ], [ -46.092681, -6.376826, 0.0 ], [ -46.09289, -6.376586, 0.0 ], [ -46.093038, -6.376018, 0.0 ], [ -46.091931, -6.375721, 0.0 ], [ -46.091002, -6.374706, 0.0 ], [ -46.090942, -6.374407, 0.0 ], [ -46.091091, -6.374197, 0.0 ], [ -46.091778, -6.374136, 0.0 ], [ -46.091957, -6.373836, 0.0 ], [ -46.092046, -6.373417, 0.0 ], [ -46.091866, -6.373119, 0.0 ], [ -46.090401, -6.373331, 0.0 ], [ -46.090401, -6.373092, 0.0 ], [ -46.090549, -6.372643, 0.0 ], [ -46.090729, -6.372583, 0.0 ], [ -46.092493, -6.372579, 0.0 ], [ -46.093628, -6.372337, 0.0 ], [ -46.09506, -6.370689, 0.0 ], [ -46.095836, -6.370029, 0.0 ], [ -46.096433, -6.369729, 0.0 ], [ -46.096761, -6.36925, 0.0 ], [ -46.097177, -6.368082, 0.0 ], [ -46.097983, -6.367153, 0.0 ], [ -46.099382, -6.364398, 0.0 ], [ -46.09983, -6.364307, 0.0 ], [ -46.100339, -6.364576, 0.0 ], [ -46.100849, -6.365382, 0.0 ], [ -46.10121, -6.366339, 0.0 ], [ -46.10205, -6.367503, 0.0 ], [ -46.102439, -6.367682, 0.0 ], [ -46.104112, -6.36711, 0.0 ], [ -46.104351, -6.36687, 0.0 ], [ -46.104408, -6.365853, 0.0 ], [ -46.105509, -6.363188, 0.0 ], [ -46.105627, -6.36244, 0.0 ] ] } },
{ "type": "Feature", "properties": { "nome": "Rio Mearim", "comprimento": 2.9198953667200001 }, "geometry": { "type": "LineString", "coordinates": [ [ -46.214302, -6.651973, 0.0 ], [ -46.214062, -6.651705, 0.0 ], [ -46.213643, -6.651556, 0.0 ], [ -46.212596, -6.651619, 0.0 ], [ -46.211491, -6.65201, 0.0 ], [ -46.210594, -6.652551, 0.0 ], [ -46.207904, -6.653544, 0.0 ], [ -46.207545, -6.653186, 0.0 ], [ -46.207394, -6.652768, 0.0 ], [ -46.207392, -6.65211, 0.0 ], [ -46.207718, -6.650554, 0.0 ], [ -46.206696, -6.648881, 0.0 ], [ -46.206841, -6.646817, 0.0 ], [ -46.206541, -6.646518, 0.0 ], [ -46.205703, -6.646281, 0.0 ], [ -46.204026, -6.645508, 0.0 ], [ -46.202709, -6.645421, 0.0 ], [ -46.20193, -6.644944, 0.0 ], [ -46.201542, -6.645005, 0.0 ], [ -46.201244, -6.645514, 0.0 ], [ -46.200646, -6.645875, 0.0 ], [ -46.199629, -6.645967, 0.0 ], [ -46.199001, -6.645789, 0.0 ], [ -46.197866, -6.646569, 0.0 ], [ -46.197475, -6.645912, 0.0 ], [ -46.197206, -6.645913, 0.0 ], [ -46.196937, -6.646183, 0.0 ], [ -46.196399, -6.646364, 0.0 ] ] } },
{ "type": "Feature", "properties": { "nome": "Rio Mearim", "comprimento": 3.5705122282500001 }, "geometry": { "type": "LineString", "coordinates": [ [ -45.608091, -5.775521, 0.0 ], [ -45.607276, -5.775025, 0.0 ], [ -45.60619, -5.775072, 0.0 ], [ -45.605379, -5.774935, 0.0 ], [ -45.604063, -5.77414, 0.0 ], [ -45.603237, -5.774156, 0.0 ], [ -45.601997, -5.77284, 0.0 ], [ -45.599441, -5.771066, 0.0 ], [ -45.598569, -5.769762, 0.0 ], [ -45.598473, -5.769265, 0.0 ], [ -45.598836, -5.768766, 0.0 ], [ -45.59874, -5.768001, 0.0 ], [ -45.598854, -5.767656, 0.0 ], [ -45.599637, -5.766966, 0.0 ], [ -45.599866, -5.766582, 0.0 ], [ -45.59998, -5.765989, 0.0 ], [ -45.599903, -5.76528, 0.0 ], [ -45.599577, -5.764247, 0.0 ], [ -45.598352, -5.763291, 0.0 ], [ -45.59686, -5.762373, 0.0 ], [ -45.596076, -5.762049, 0.0 ], [ -45.595514, -5.761618, 0.0 ], [ -45.59533, -5.761296, 0.0 ], [ -45.595037, -5.75932, 0.0 ], [ -45.594723, -5.758291, 0.0 ], [ -45.595046, -5.756854, 0.0 ], [ -45.594931, -5.756318, 0.0 ], [ -45.594471, -5.755706, 0.0 ], [ -45.593821, -5.755171, 0.0 ], [ -45.593687, -5.754749, 0.0 ], [ -45.593782, -5.754443, 0.0 ], [ -45.59403, -5.754251, 0.0 ], [ -45.594833, -5.754155, 0.0 ], [ -45.595119, -5.753829, 0.0 ] ] } },
{ "type": "Feature", "properties": { "nome": "Rio Mearim", "comprimento": 3.6131941167299999 }, "geometry": { "type": "LineString", "coordinates": [ [ -46.3023, -6.739773, 0.0 ], [ -46.300815, -6.739394, 0.0 ], [ -46.299187, -6.739303, 0.0 ], [ -46.298707, -6.738826, 0.0 ], [ -46.298657, -6.738156, 0.0 ], [ -46.298226, -6.737774, 0.0 ], [ -46.298176, -6.737344, 0.0 ], [ -46.299417, -6.735617, 0.0 ], [ -46.300133, -6.735041, 0.0 ], [ -46.301903, -6.734606, 0.0 ], [ -46.302429, -6.734222, 0.0 ], [ -46.302619, -6.733695, 0.0 ], [ -46.302617, -6.733025, 0.0 ], [ -46.302376, -6.732499, 0.0 ], [ -46.299792, -6.732793, 0.0 ], [ -46.298978, -6.732556, 0.0 ], [ -46.298546, -6.73227, 0.0 ], [ -46.298257, -6.731792, 0.0 ], [ -46.296745, -6.731097, 0.0 ], [ -46.296493, -6.730847, 0.0 ], [ -46.296346, -6.729412, 0.0 ], [ -46.295984, -6.728515, 0.0 ], [ -46.296054, -6.727833, 0.0 ], [ -46.296626, -6.726898, 0.0 ], [ -46.296697, -6.726539, 0.0 ], [ -46.296589, -6.726324, 0.0 ], [ -46.29465, -6.726078, 0.0 ], [ -46.293465, -6.726261, 0.0 ], [ -46.293177, -6.725938, 0.0 ], [ -46.293211, -6.725077, 0.0 ], [ -46.29407, -6.724249, 0.0 ], [ -46.294213, -6.723926, 0.0 ], [ -46.294246, -6.722921, 0.0 ], [ -46.29403, -6.72249, 0.0 ], [ -46.293884, -6.721558, 0.0 ] ] } },
{ "type": "Feature", "properties": { "nome": "Rio Mearim", "comprimento": 0.15641143879399999 }, "geometry": { "type": "LineString", "coordinates": [ [ -44.929786, -4.993843, 0.0 ], [ -44.929236, -4.993491, 0.0 ], [ -44.928809, -4.992863, 0.0 ] ] } },
{ "type": "Feature", "properties": { "nome": "Rio Mearim", "comprimento": 3.6162983137300002 }, "geometry": { "type": "LineString", "coordinates": [ [ -44.957844, -5.065277, 0.0 ], [ -44.958169, -5.064798, 0.0 ], [ -44.958589, -5.064511, 0.0 ], [ -44.959028, -5.064454, 0.0 ], [ -44.959906, -5.065086, 0.0 ], [ -44.960384, -5.065124, 0.0 ], [ -44.960785, -5.064817, 0.0 ], [ -44.960918, -5.064281, 0.0 ], [ -44.960804, -5.063975, 0.0 ], [ -44.959467, -5.063209, 0.0 ], [ -44.958551, -5.060911, 0.0 ], [ -44.958665, -5.060566, 0.0 ], [ -44.958933, -5.06049, 0.0 ], [ -44.960346, -5.060413, 0.0 ], [ -44.960499, -5.059628, 0.0 ], [ -44.959487, -5.058728, 0.0 ], [ -44.959124, -5.058651, 0.0 ], [ -44.95794, -5.059207, 0.0 ], [ -44.957443, -5.05936, 0.0 ], [ -44.95708, -5.059302, 0.0 ], [ -44.956584, -5.059111, 0.0 ], [ -44.955954, -5.058192, 0.0 ], [ -44.955209, -5.057924, 0.0 ], [ -44.955075, -5.057253, 0.0 ], [ -44.955534, -5.054477, 0.0 ], [ -44.956274, -5.053813, 0.0 ], [ -44.956942, -5.053645, 0.0 ], [ -44.9573, -5.053406, 0.0 ], [ -44.957491, -5.052951, 0.0 ], [ -44.957372, -5.052592, 0.0 ], [ -44.957038, -5.052329, 0.0 ], [ -44.956179, -5.052185, 0.0 ], [ -44.95594, -5.051922, 0.0 ], [ -44.95594, -5.051036, 0.0 ], [ -44.956203, -5.050222, 0.0 ], [ -44.956155, -5.049744, 0.0 ], [ -44.955749, -5.049408, 0.0 ], [ -44.955343, -5.049313, 0.0 ], [ -44.95458, -5.049408, 0.0 ], [ -44.953649, -5.049049, 0.0 ], [ -44.951906, -5.048738, 0.0 ] ] } },
{ "type": "Feature", "properties": { "nome": "Rio Mearim", "comprimento": 2.2502088689400002 }, "geometry": { "type": "LineString", "coordinates": [ [ -44.57865, -4.683301, 0.0 ], [ -44.578327, -4.68242, 0.0 ], [ -44.578537, -4.68129, 0.0 ], [ -44.579397, -4.680199, 0.0 ], [ -44.581382, -4.67886, 0.0 ], [ -44.583883, -4.677674, 0.0 ], [ -44.584341, -4.677253, 0.0 ], [ -44.585487, -4.67555, 0.0 ], [ -44.586728, -4.674497, 0.0 ], [ -44.588523, -4.673579, 0.0 ], [ -44.59089, -4.672662, 0.0 ], [ -44.593695, -4.672874, 0.0 ] ] } },
{ "type": "Feature", "properties": { "nome": "Rio Mearim", "comprimento": 2.8948000549600001 }, "geometry": { "type": "LineString", "coordinates": [ [ -45.009392, -5.183775, 0.0 ], [ -45.010515, -5.181086, 0.0 ], [ -45.010389, -5.18019, 0.0 ], [ -45.00977, -5.179834, 0.0 ], [ -45.009357, -5.179869, 0.0 ], [ -45.008968, -5.180098, 0.0 ], [ -45.008796, -5.180386, 0.0 ], [ -45.008784, -5.181914, 0.0 ], [ -45.008567, -5.182178, 0.0 ], [ -45.008028, -5.182408, 0.0 ], [ -45.007638, -5.182247, 0.0 ], [ -45.007134, -5.181374, 0.0 ], [ -45.007077, -5.180535, 0.0 ], [ -45.006607, -5.179696, 0.0 ], [ -45.005793, -5.179535, 0.0 ], [ -45.005369, -5.179283, 0.0 ], [ -45.004475, -5.177904, 0.0 ], [ -45.004452, -5.177031, 0.0 ], [ -45.004722, -5.175938, 0.0 ], [ -45.00454, -5.173975, 0.0 ], [ -45.004617, -5.172778, 0.0 ], [ -45.004894, -5.172472, 0.0 ], [ -45.0056, -5.172098, 0.0 ], [ -45.006708, -5.17207, 0.0 ], [ -45.007061, -5.171936, 0.0 ], [ -45.007377, -5.171447, 0.0 ], [ -45.007119, -5.170691, 0.0 ], [ -45.005801, -5.169724, 0.0 ], [ -45.005407, -5.169097, 0.0 ] ] } },
{ "type": "Feature", "properties": { "nome": "Rio Mearim", "comprimento": 3.3829152872599999 }, "geometry": { "type": "LineString", "coordinates": [ [ -45.092922, -5.327345, 0.0 ], [ -45.091723, -5.325465, 0.0 ], [ -45.090347, -5.324173, 0.0 ], [ -45.088542, -5.32311, 0.0 ], [ -45.086937, -5.322478, 0.0 ], [ -45.081635, -5.321531, 0.0 ], [ -45.08009, -5.320801, 0.0 ], [ -45.079135, -5.318766, 0.0 ], [ -45.078752, -5.316732, 0.0 ], [ -45.078418, -5.315966, 0.0 ], [ -45.077678, -5.315535, 0.0 ], [ -45.073976, -5.314794, 0.0 ], [ -45.07166, -5.314626, 0.0 ], [ -45.07006, -5.313956, 0.0 ], [ -45.0684, -5.313933, 0.0 ] ] } },
{ "type": "Feature", "properties": { "nome": "Rio Mearim", "comprimento": 4.5075379062899996 }, "geometry": { "type": "LineString", "coordinates": [ [ -44.689242, -4.887809, 0.0 ], [ -44.688402, -4.887656, 0.0 ], [ -44.686779, -4.888095, 0.0 ], [ -44.685672, -4.888038, 0.0 ], [ -44.684279, -4.887328, 0.0 ], [ -44.682733, -4.886811, 0.0 ], [ -44.682065, -4.886351, 0.0 ], [ -44.681645, -4.885565, 0.0 ], [ -44.681302, -4.884378, 0.0 ], [ -44.681302, -4.883746, 0.0 ], [ -44.68052, -4.882348, 0.0 ], [ -44.679776, -4.881735, 0.0 ], [ -44.67907, -4.881677, 0.0 ], [ -44.677963, -4.882278, 0.0 ], [ -44.677505, -4.882144, 0.0 ], [ -44.677333, -4.881703, 0.0 ], [ -44.677257, -4.880669, 0.0 ], [ -44.676322, -4.879654, 0.0 ], [ -44.676055, -4.879022, 0.0 ], [ -44.677221, -4.877146, 0.0 ], [ -44.677259, -4.876437, 0.0 ], [ -44.676973, -4.875844, 0.0 ], [ -44.676267, -4.875671, 0.0 ], [ -44.675331, -4.876054, 0.0 ], [ -44.671875, -4.878216, 0.0 ], [ -44.670232, -4.879977, 0.0 ], [ -44.669183, -4.879689, 0.0 ], [ -44.668935, -4.879018, 0.0 ], [ -44.66924, -4.878616, 0.0 ], [ -44.6701, -4.8781, 0.0 ], [ -44.670234, -4.877736, 0.0 ], [ -44.669547, -4.876989, 0.0 ], [ -44.668974, -4.876778, 0.0 ], [ -44.667829, -4.876663, 0.0 ], [ -44.667218, -4.876892, 0.0 ], [ -44.665843, -4.878021, 0.0 ], [ -44.665413, -4.878844, 0.0 ] ] } },
{ "type": "Feature", "properties": { "nome": "Rio Mearim", "comprimento": 4.6206604931099999 }, "geometry": { "type": "LineString", "coordinates": [ [ -46.090256, -6.268754, 0.0 ], [ -46.090017, -6.268784, 0.0 ], [ -46.089929, -6.269502, 0.0 ], [ -46.08972, -6.269622, 0.0 ], [ -46.089451, -6.269623, 0.0 ], [ -46.088881, -6.268906, 0.0 ], [ -46.088672, -6.268817, 0.0 ], [ -46.088493, -6.268967, 0.0 ], [ -46.089033, -6.270222, 0.0 ], [ -46.088944, -6.270491, 0.0 ], [ -46.088107, -6.270613, 0.0 ], [ -46.087927, -6.270224, 0.0 ], [ -46.088255, -6.269775, 0.0 ], [ -46.088254, -6.269356, 0.0 ], [ -46.088105, -6.269207, 0.0 ], [ -46.087806, -6.269208, 0.0 ], [ -46.087359, -6.269896, 0.0 ], [ -46.087, -6.270107, 0.0 ], [ -46.086462, -6.270168, 0.0 ], [ -46.085444, -6.269272, 0.0 ], [ -46.084814, -6.267957, 0.0 ], [ -46.084035, -6.267211, 0.0 ], [ -46.083855, -6.266793, 0.0 ], [ -46.084178, -6.264339, 0.0 ], [ -46.083759, -6.263742, 0.0 ], [ -46.08328, -6.263503, 0.0 ], [ -46.081994, -6.263566, 0.0 ], [ -46.081785, -6.263267, 0.0 ], [ -46.081573, -6.26237, 0.0 ], [ -46.080764, -6.261175, 0.0 ], [ -46.080613, -6.260368, 0.0 ], [ -46.080133, -6.259442, 0.0 ], [ -46.079443, -6.258695, 0.0 ], [ -46.079621, -6.257887, 0.0 ], [ -46.0792, -6.256722, 0.0 ], [ -46.078361, -6.255766, 0.0 ], [ -46.077194, -6.255021, 0.0 ], [ -46.077193, -6.254721, 0.0 ], [ -46.077492, -6.254482, 0.0 ], [ -46.077491, -6.253973, 0.0 ], [ -46.07704, -6.253077, 0.0 ], [ -46.076889, -6.25194, 0.0 ], [ -46.075781, -6.251284, 0.0 ], [ -46.071683, -6.249677, 0.0 ], [ -46.069647, -6.248216, 0.0 ], [ -46.069166, -6.24699, 0.0 ] ] } },
{ "type": "Feature", "properties": { "nome": "Rio Mearim", "comprimento": 0.38643056003199999 }, "geometry": { "type": "LineString", "coordinates": [ [ -45.099811, -5.382319, 0.0 ], [ -45.097955, -5.379361, 0.0 ] ] } },
{ "type": "Feature", "properties": { "nome": "Rio Mearim", "comprimento": 2.6874040882000001 }, "geometry": { "type": "LineString", "coordinates": [ [ -46.105627, -6.36244, 0.0 ], [ -46.105567, -6.362231, 0.0 ], [ -46.105268, -6.362292, 0.0 ], [ -46.104611, -6.362891, 0.0 ], [ -46.104253, -6.362922, 0.0 ], [ -46.103563, -6.361906, 0.0 ], [ -46.103144, -6.361698, 0.0 ], [ -46.102008, -6.362149, 0.0 ], [ -46.100035, -6.362243, 0.0 ], [ -46.099706, -6.362064, 0.0 ], [ -46.099256, -6.361168, 0.0 ], [ -46.098776, -6.3606, 0.0 ], [ -46.098177, -6.360213, 0.0 ], [ -46.09701, -6.359587, 0.0 ], [ -46.096502, -6.359588, 0.0 ], [ -46.095605, -6.359889, 0.0 ], [ -46.095276, -6.35977, 0.0 ], [ -46.094258, -6.359204, 0.0 ], [ -46.093987, -6.358128, 0.0 ], [ -46.092909, -6.357233, 0.0 ], [ -46.0924, -6.356994, 0.0 ], [ -46.090576, -6.356819, 0.0 ], [ -46.090336, -6.35655, 0.0 ], [ -46.090094, -6.355294, 0.0 ], [ -46.089584, -6.354577, 0.0 ], [ -46.088149, -6.35464, 0.0 ], [ -46.087551, -6.354402, 0.0 ], [ -46.0866, -6.354389, 0.0 ] ] } },
{ "type": "Feature", "properties": { "nome": "Rio Mearim", "comprimento": 2.2237150138000001 }, "geometry": { "type": "LineString", "coordinates": [ [ -44.593517, -4.780097, 0.0 ], [ -44.590561, -4.781605, 0.0 ], [ -44.589988, -4.782083, 0.0 ], [ -44.589511, -4.782849, 0.0 ], [ -44.588612, -4.785357, 0.0 ], [ -44.588326, -4.78551, 0.0 ], [ -44.587963, -4.785471, 0.0 ], [ -44.587581, -4.78505, 0.0 ], [ -44.586838, -4.783115, 0.0 ], [ -44.586171, -4.782234, 0.0 ], [ -44.585541, -4.782119, 0.0 ], [ -44.585045, -4.782214, 0.0 ], [ -44.584223, -4.783592, 0.0 ], [ -44.583478, -4.783822, 0.0 ], [ -44.582887, -4.783649, 0.0 ], [ -44.582314, -4.783208, 0.0 ], [ -44.581494, -4.782116, 0.0 ], [ -44.579891, -4.781464, 0.0 ] ] } },
{ "type": "Feature", "properties": { "nome": "Rio Mearim", "comprimento": 4.2748195315800004 }, "geometry": { "type": "LineString", "coordinates": [ [ -44.61081, -4.528023, 0.0 ], [ -44.61144, -4.526319, 0.0 ], [ -44.61291, -4.524712, 0.0 ], [ -44.613082, -4.524214, 0.0 ], [ -44.612968, -4.523601, 0.0 ], [ -44.611958, -4.522222, 0.0 ], [ -44.611691, -4.521053, 0.0 ], [ -44.612226, -4.519771, 0.0 ], [ -44.612799, -4.519216, 0.0 ], [ -44.613219, -4.518508, 0.0 ], [ -44.613344, -4.517836, 0.0 ], [ -44.613264, -4.517089, 0.0 ], [ -44.612189, -4.516008, 0.0 ], [ -44.611571, -4.515893, 0.0 ], [ -44.608823, -4.516914, 0.0 ], [ -44.608239, -4.517052, 0.0 ], [ -44.607724, -4.516914, 0.0 ], [ -44.606899, -4.516442, 0.0 ], [ -44.605607, -4.514351, 0.0 ], [ -44.605378, -4.513454, 0.0 ], [ -44.605413, -4.512723, 0.0 ], [ -44.606235, -4.510732, 0.0 ], [ -44.606273, -4.510176, 0.0 ], [ -44.605949, -4.509295, 0.0 ], [ -44.605065, -4.508238, 0.0 ], [ -44.604685, -4.505289, 0.0 ], [ -44.604857, -4.504734, 0.0 ], [ -44.605315, -4.504121, 0.0 ], [ -44.60667, -4.502858, 0.0 ], [ -44.607396, -4.501442, 0.0 ], [ -44.607721, -4.500752, 0.0 ], [ -44.607778, -4.500044, 0.0 ], [ -44.607569, -4.499584, 0.0 ] ] } },
{ "type": "Feature", "properties": { "nome": "Rio Mearim", "comprimento": 1.5233958484000001 }, "geometry": { "type": "LineString", "coordinates": [ [ -46.182876, -6.633145, 0.0 ], [ -46.182784, -6.632218, 0.0 ], [ -46.181764, -6.631084, 0.0 ], [ -46.181674, -6.630725, 0.0 ], [ -46.182002, -6.630455, 0.0 ], [ -46.182392, -6.630664, 0.0 ], [ -46.182632, -6.631112, 0.0 ], [ -46.182961, -6.631231, 0.0 ], [ -46.183916, -6.630361, 0.0 ], [ -46.184065, -6.630031, 0.0 ], [ -46.183556, -6.629763, 0.0 ], [ -46.183376, -6.629495, 0.0 ], [ -46.183314, -6.628807, 0.0 ], [ -46.182027, -6.628481, 0.0 ], [ -46.182295, -6.627613, 0.0 ], [ -46.183431, -6.627461, 0.0 ], [ -46.183729, -6.627011, 0.0 ], [ -46.183368, -6.625965, 0.0 ], [ -46.183097, -6.625547, 0.0 ], [ -46.182798, -6.625368, 0.0 ] ] } },
{ "type": "Feature", "properties": { "nome": "Rio Mearim", "comprimento": 1.3760166979499999 }, "geometry": { "type": "LineString", "coordinates": [ [ -45.019951, -5.214319, 0.0 ], [ -45.019645, -5.213844, 0.0 ], [ -45.019065, -5.213783, 0.0 ], [ -45.018927, -5.213569, 0.0 ], [ -45.018942, -5.212956, 0.0 ], [ -45.019508, -5.211638, 0.0 ], [ -45.019523, -5.211255, 0.0 ], [ -45.019003, -5.209785, 0.0 ], [ -45.019599, -5.20954, 0.0 ], [ -45.021127, -5.20931, 0.0 ], [ -45.021326, -5.209034, 0.0 ], [ -45.021372, -5.208605, 0.0 ], [ -45.020728, -5.205977, 0.0 ], [ -45.020422, -5.205613, 0.0 ], [ -45.019658, -5.205307, 0.0 ] ] } },
{ "type": "Feature", "properties": { "nome": "Rio Mearim", "comprimento": 1.29783167964 }, "geometry": { "type": "LineString", "coordinates": [ [ -46.190606, -6.637942, 0.0 ], [ -46.190485, -6.637703, 0.0 ], [ -46.189139, -6.637617, 0.0 ], [ -46.188839, -6.637468, 0.0 ], [ -46.188749, -6.637169, 0.0 ], [ -46.188867, -6.636301, 0.0 ], [ -46.188386, -6.635345, 0.0 ], [ -46.187158, -6.63466, 0.0 ], [ -46.186081, -6.634693, 0.0 ], [ -46.18608, -6.634454, 0.0 ], [ -46.186409, -6.634184, 0.0 ], [ -46.186408, -6.633944, 0.0 ], [ -46.18506, -6.633319, 0.0 ], [ -46.18446, -6.632693, 0.0 ], [ -46.183653, -6.632934, 0.0 ], [ -46.183415, -6.633174, 0.0 ], [ -46.182876, -6.633145, 0.0 ] ] } },
{ "type": "Feature", "properties": { "nome": "Rio Mearim", "comprimento": 3.3504990826199998 }, "geometry": { "type": "LineString", "coordinates": [ [ -44.931399, -5.012859, 0.0 ], [ -44.93075, -5.011136, 0.0 ], [ -44.930845, -5.010064, 0.0 ], [ -44.93117, -5.009681, 0.0 ], [ -44.931705, -5.009508, 0.0 ], [ -44.932831, -5.00947, 0.0 ], [ -44.933156, -5.009145, 0.0 ], [ -44.933156, -5.008743, 0.0 ], [ -44.932793, -5.008187, 0.0 ], [ -44.931552, -5.008168, 0.0 ], [ -44.931113, -5.008015, 0.0 ], [ -44.93096, -5.00767, 0.0 ], [ -44.931017, -5.006464, 0.0 ], [ -44.93154, -5.005386, 0.0 ], [ -44.931998, -5.005018, 0.0 ], [ -44.932854, -5.004697, 0.0 ], [ -44.933205, -5.004007, 0.0 ], [ -44.933174, -5.003716, 0.0 ], [ -44.932869, -5.003425, 0.0 ], [ -44.932487, -5.003395, 0.0 ], [ -44.931341, -5.003808, 0.0 ], [ -44.931204, -5.003624, 0.0 ], [ -44.931219, -5.002874, 0.0 ], [ -44.931464, -5.002138, 0.0 ], [ -44.931372, -5.001434, 0.0 ], [ -44.930899, -5.000484, 0.0 ], [ -44.930899, -5.000055, 0.0 ], [ -44.931342, -4.99932, 0.0 ], [ -44.932854, -4.998891, 0.0 ], [ -44.932931, -4.998661, 0.0 ], [ -44.932839, -4.998247, 0.0 ], [ -44.931739, -4.996669, 0.0 ], [ -44.931632, -4.996087, 0.0 ], [ -44.932289, -4.994448, 0.0 ], [ -44.93223, -4.993935, 0.0 ], [ -44.931619, -4.993675, 0.0 ], [ -44.930932, -4.993721, 0.0 ], [ -44.930428, -4.994012, 0.0 ], [ -44.929786, -4.993843, 0.0 ] ] } },
{ "type": "Feature", "properties": { "nome": "Rio Mearim", "comprimento": 2.9744404339199999 }, "geometry": { "type": "LineString", "coordinates": [ [ -46.136059, -6.535797, 0.0 ], [ -46.13516, -6.535045, 0.0 ], [ -46.134369, -6.534616, 0.0 ], [ -46.133221, -6.534619, 0.0 ], [ -46.132896, -6.534117, 0.0 ], [ -46.132322, -6.533867, 0.0 ], [ -46.131281, -6.533761, 0.0 ], [ -46.13074, -6.532686, 0.0 ], [ -46.130846, -6.532183, 0.0 ], [ -46.131169, -6.531967, 0.0 ], [ -46.132174, -6.532216, 0.0 ], [ -46.132569, -6.532, 0.0 ], [ -46.132747, -6.531461, 0.0 ], [ -46.132816, -6.53042, 0.0 ], [ -46.133139, -6.530275, 0.0 ], [ -46.134719, -6.530595, 0.0 ], [ -46.135221, -6.530594, 0.0 ], [ -46.13558, -6.530414, 0.0 ], [ -46.135721, -6.529193, 0.0 ], [ -46.135863, -6.528798, 0.0 ], [ -46.136114, -6.528653, 0.0 ], [ -46.136546, -6.528904, 0.0 ], [ -46.136904, -6.528903, 0.0 ], [ -46.137585, -6.528363, 0.0 ], [ -46.137909, -6.528542, 0.0 ], [ -46.138194, -6.527716, 0.0 ], [ -46.138552, -6.527248, 0.0 ], [ -46.138587, -6.526817, 0.0 ], [ -46.138371, -6.526495, 0.0 ], [ -46.138476, -6.525489, 0.0 ], [ -46.138224, -6.525275, 0.0 ], [ -46.138223, -6.524844, 0.0 ], [ -46.139084, -6.524447, 0.0 ], [ -46.140085, -6.522865, 0.0 ], [ -46.140837, -6.522218, 0.0 ], [ -46.141554, -6.521929, 0.0 ], [ -46.14184, -6.521462, 0.0 ] ] } },
{ "type": "Feature", "properties": { "nome": "Rio Mearim", "comprimento": 1.41100576361 }, "geometry": { "type": "LineString", "coordinates": [ [ -45.282426, -5.516349, 0.0 ], [ -45.281814, -5.516789, 0.0 ], [ -45.280859, -5.517039, 0.0 ], [ -45.279923, -5.517001, 0.0 ], [ -45.278565, -5.516312, 0.0 ], [ -45.277915, -5.515087, 0.0 ], [ -45.27738, -5.5148, 0.0 ], [ -45.276635, -5.514628, 0.0 ], [ -45.274532, -5.514552, 0.0 ], [ -45.273672, -5.51417, 0.0 ], [ -45.273233, -5.513825, 0.0 ], [ -45.272123, -5.511968, 0.0 ] ] } },
{ "type": "Feature", "properties": { "nome": "Rio Mearim", "comprimento": 1.8771862584400001 }, "geometry": { "type": "LineString", "coordinates": [ [ -45.35139, -5.544728, 0.0 ], [ -45.35072, -5.542966, 0.0 ], [ -45.349267, -5.541818, 0.0 ], [ -45.348004, -5.539962, 0.0 ], [ -45.347679, -5.53887, 0.0 ], [ -45.348174, -5.536132, 0.0 ], [ -45.347656, -5.532858, 0.0 ], [ -45.347885, -5.532322, 0.0 ], [ -45.349528, -5.530904, 0.0 ], [ -45.350063, -5.530099, 0.0 ] ] } },
{ "type": "Feature", "properties": { "nome": "Rio Mearim", "comprimento": 1.9795327508 }, "geometry": { "type": "LineString", "coordinates": [ [ -44.779424, -4.925915, 0.0 ], [ -44.779491, -4.924891, 0.0 ], [ -44.778753, -4.92265, 0.0 ], [ -44.778677, -4.92175, 0.0 ], [ -44.778352, -4.921252, 0.0 ], [ -44.777818, -4.920984, 0.0 ], [ -44.777073, -4.920926, 0.0 ], [ -44.7765, -4.921098, 0.0 ], [ -44.775966, -4.921787, 0.0 ], [ -44.775431, -4.922094, 0.0 ], [ -44.775087, -4.922093, 0.0 ], [ -44.774839, -4.921921, 0.0 ], [ -44.774763, -4.921347, 0.0 ], [ -44.77526, -4.919968, 0.0 ], [ -44.775967, -4.91903, 0.0 ], [ -44.775986, -4.918379, 0.0 ], [ -44.775738, -4.917804, 0.0 ], [ -44.775394, -4.91744, 0.0 ], [ -44.774879, -4.917249, 0.0 ], [ -44.773714, -4.917421, 0.0 ], [ -44.772225, -4.917133, 0.0 ], [ -44.771653, -4.916769, 0.0 ] ] } },
{ "type": "Feature", "properties": { "nome": "Rio Mearim", "comprimento": 7.1049891804399996 }, "geometry": { "type": "LineString", "coordinates": [ [ -45.501174, -5.642287, 0.0 ], [ -45.500754, -5.642306, 0.0 ], [ -45.499857, -5.64359, 0.0 ], [ -45.499608, -5.643628, 0.0 ], [ -45.499303, -5.643609, 0.0 ], [ -45.498709, -5.642825, 0.0 ], [ -45.497849, -5.64227, 0.0 ], [ -45.49739, -5.641754, 0.0 ], [ -45.496834, -5.640146, 0.0 ], [ -45.495571, -5.6385, 0.0 ], [ -45.495437, -5.638041, 0.0 ], [ -45.495627, -5.636777, 0.0 ], [ -45.495493, -5.636241, 0.0 ], [ -45.495187, -5.635877, 0.0 ], [ -45.494613, -5.635667, 0.0 ], [ -45.493944, -5.635649, 0.0 ], [ -45.493218, -5.635898, 0.0 ], [ -45.492301, -5.636818, 0.0 ], [ -45.492015, -5.636933, 0.0 ], [ -45.489998, -5.636274, 0.0 ], [ -45.489902, -5.636006, 0.0 ], [ -45.490016, -5.635776, 0.0 ], [ -45.490418, -5.635527, 0.0 ], [ -45.491029, -5.634818, 0.0 ], [ -45.491047, -5.633478, 0.0 ], [ -45.490186, -5.633, 0.0 ], [ -45.48837, -5.63304, 0.0 ], [ -45.487854, -5.632715, 0.0 ], [ -45.48793, -5.632293, 0.0 ], [ -45.488636, -5.630837, 0.0 ], [ -45.48875, -5.630282, 0.0 ], [ -45.488674, -5.629918, 0.0 ], [ -45.487908, -5.628808, 0.0 ], [ -45.486474, -5.627948, 0.0 ], [ -45.485442, -5.627662, 0.0 ], [ -45.484887, -5.627222, 0.0 ], [ -45.48481, -5.626705, 0.0 ], [ -45.485135, -5.626168, 0.0 ], [ -45.48513, -5.625455, 0.0 ], [ -45.484767, -5.624996, 0.0 ], [ -45.483639, -5.624614, 0.0 ], [ -45.483161, -5.624289, 0.0 ], [ -45.482988, -5.623714, 0.0 ], [ -45.48314, -5.622144, 0.0 ], [ -45.482699, -5.62134, 0.0 ], [ -45.481533, -5.621035, 0.0 ], [ -45.480884, -5.620997, 0.0 ], [ -45.480329, -5.621151, 0.0 ], [ -45.479661, -5.621534, 0.0 ], [ -45.479012, -5.623143, 0.0 ], [ -45.478687, -5.623316, 0.0 ], [ -45.475878, -5.623012, 0.0 ], [ -45.47475, -5.622515, 0.0 ], [ -45.47343, -5.621597, 0.0 ], [ -45.472454, -5.620506, 0.0 ], [ -45.471422, -5.619914, 0.0 ], [ -45.470715, -5.619895, 0.0 ], [ -45.469626, -5.620375, 0.0 ], [ -45.468058, -5.621878, 0.0 ], [ -45.467122, -5.622319, 0.0 ], [ -45.463872, -5.621728, 0.0 ], [ -45.463241, -5.621327, 0.0 ], [ -45.46196, -5.620006, 0.0 ] ] } },
{ "type": "Feature", "properties": { "nome": "Rio Mearim", "comprimento": 4.7842241644700003 }, "geometry": { "type": "LineString", "coordinates": [ [ -45.325551, -5.507078, 0.0 ], [ -45.324824, -5.506389, 0.0 ], [ -45.323792, -5.506026, 0.0 ], [ -45.323028, -5.505471, 0.0 ], [ -45.322493, -5.505395, 0.0 ], [ -45.321098, -5.505529, 0.0 ], [ -45.319282, -5.505109, 0.0 ], [ -45.31804, -5.504995, 0.0 ], [ -45.315822, -5.50289, 0.0 ], [ -45.315019, -5.501416, 0.0 ], [ -45.31477, -5.501205, 0.0 ], [ -45.314464, -5.501186, 0.0 ], [ -45.313872, -5.501819, 0.0 ], [ -45.313453, -5.503044, 0.0 ], [ -45.312689, -5.50406, 0.0 ], [ -45.311198, -5.504405, 0.0 ], [ -45.309823, -5.504253, 0.0 ], [ -45.308791, -5.504387, 0.0 ], [ -45.308199, -5.504943, 0.0 ], [ -45.307148, -5.50636, 0.0 ], [ -45.306824, -5.506456, 0.0 ], [ -45.304702, -5.505806, 0.0 ], [ -45.302791, -5.506362, 0.0 ], [ -45.30025, -5.507436, 0.0 ], [ -45.299257, -5.507226, 0.0 ], [ -45.298224, -5.506786, 0.0 ], [ -45.297077, -5.505848, 0.0 ], [ -45.295606, -5.504987, 0.0 ], [ -45.29486, -5.504739, 0.0 ], [ -45.293752, -5.504988, 0.0 ], [ -45.293198, -5.505544, 0.0 ], [ -45.292645, -5.507421, 0.0 ], [ -45.292225, -5.507651, 0.0 ], [ -45.291747, -5.507708, 0.0 ], [ -45.290333, -5.507537, 0.0 ] ] } },
{ "type": "Feature", "properties": { "nome": "Rio Mearim", "comprimento": 2.1217764731200002 }, "geometry": { "type": "LineString", "coordinates": [ [ -46.173673, -6.612169, 0.0 ], [ -46.173223, -6.611901, 0.0 ], [ -46.170529, -6.611189, 0.0 ], [ -46.170351, -6.611758, 0.0 ], [ -46.170113, -6.611998, 0.0 ], [ -46.169843, -6.611939, 0.0 ], [ -46.169722, -6.61146, 0.0 ], [ -46.169363, -6.611132, 0.0 ], [ -46.168525, -6.611254, 0.0 ], [ -46.167749, -6.611764, 0.0 ], [ -46.16742, -6.611705, 0.0 ], [ -46.165949, -6.609704, 0.0 ], [ -46.166128, -6.609315, 0.0 ], [ -46.166636, -6.609164, 0.0 ], [ -46.166904, -6.608864, 0.0 ], [ -46.166932, -6.607967, 0.0 ], [ -46.16732, -6.607667, 0.0 ], [ -46.167349, -6.607158, 0.0 ], [ -46.166959, -6.6068, 0.0 ], [ -46.166508, -6.605695, 0.0 ], [ -46.165102, -6.605638, 0.0 ], [ -46.164381, -6.604384, 0.0 ], [ -46.164739, -6.603665, 0.0 ], [ -46.164648, -6.603366, 0.0 ] ] } },
{ "type": "Feature", "properties": { "nome": "Rio Mearim", "comprimento": 3.8203838222700002 }, "geometry": { "type": "LineString", "coordinates": [ [ -45.46196, -5.620006, 0.0 ], [ -45.461003, -5.618763, 0.0 ], [ -45.459205, -5.617443, 0.0 ], [ -45.458135, -5.616908, 0.0 ], [ -45.455766, -5.617943, 0.0 ], [ -45.45437, -5.618078, 0.0 ], [ -45.453931, -5.617964, 0.0 ], [ -45.453663, -5.617754, 0.0 ], [ -45.453395, -5.616873, 0.0 ], [ -45.452845, -5.615972, 0.0 ], [ -45.452864, -5.615341, 0.0 ], [ -45.452711, -5.614958, 0.0 ], [ -45.452328, -5.614537, 0.0 ], [ -45.451812, -5.614365, 0.0 ], [ -45.450837, -5.614672, 0.0 ], [ -45.450264, -5.614653, 0.0 ], [ -45.44818, -5.613889, 0.0 ], [ -45.446594, -5.61366, 0.0 ], [ -45.445657, -5.613182, 0.0 ], [ -45.445293, -5.612589, 0.0 ], [ -45.44535, -5.612264, 0.0 ], [ -45.446152, -5.611018, 0.0 ], [ -45.446514, -5.609946, 0.0 ], [ -45.446457, -5.60941, 0.0 ], [ -45.445462, -5.608874, 0.0 ], [ -45.443742, -5.608818, 0.0 ], [ -45.442156, -5.608973, 0.0 ], [ -45.44164, -5.608858, 0.0 ], [ -45.4412, -5.608456, 0.0 ], [ -45.440989, -5.607997, 0.0 ], [ -45.44118, -5.607059, 0.0 ], [ -45.440286, -5.604743, 0.0 ], [ -45.439999, -5.604514, 0.0 ] ] } },
{ "type": "Feature", "properties": { "nome": "Rio Mearim", "comprimento": 6.6633676238100001 }, "geometry": { "type": "LineString", "coordinates": [ [ -46.348171, -6.889602, 0.0 ], [ -46.349531, -6.887971, 0.0 ], [ -46.349911, -6.887109, 0.0 ], [ -46.349954, -6.885242, 0.0 ], [ -46.348705, -6.884002, 0.0 ], [ -46.347934, -6.882281, 0.0 ], [ -46.348171, -6.881371, 0.0 ], [ -46.349271, -6.880937, 0.0 ], [ -46.349893, -6.880505, 0.0 ], [ -46.349939, -6.879978, 0.0 ], [ -46.349408, -6.878544, 0.0 ], [ -46.349454, -6.87773, 0.0 ], [ -46.349931, -6.877155, 0.0 ], [ -46.350025, -6.876628, 0.0 ], [ -46.349735, -6.87572, 0.0 ], [ -46.349634, -6.87371, 0.0 ], [ -46.350682, -6.871745, 0.0 ], [ -46.349905, -6.868062, 0.0 ], [ -46.349472, -6.86725, 0.0 ], [ -46.349661, -6.866436, 0.0 ], [ -46.349612, -6.865862, 0.0 ], [ -46.348939, -6.865002, 0.0 ], [ -46.348742, -6.863137, 0.0 ], [ -46.348931, -6.862322, 0.0 ], [ -46.349981, -6.860884, 0.0 ], [ -46.350266, -6.860213, 0.0 ], [ -46.350214, -6.858538, 0.0 ], [ -46.350977, -6.857388, 0.0 ], [ -46.352027, -6.856475, 0.0 ], [ -46.352408, -6.855756, 0.0 ], [ -46.352407, -6.855182, 0.0 ], [ -46.352978, -6.854032, 0.0 ], [ -46.352975, -6.853075, 0.0 ], [ -46.353594, -6.851877, 0.0 ], [ -46.35364, -6.851207, 0.0 ], [ -46.352965, -6.849534, 0.0 ], [ -46.352675, -6.848338, 0.0 ], [ -46.352816, -6.84762, 0.0 ], [ -46.353818, -6.846325, 0.0 ], [ -46.354104, -6.84575, 0.0 ], [ -46.354102, -6.845176, 0.0 ], [ -46.353285, -6.843982, 0.0 ], [ -46.352325, -6.843219, 0.0 ], [ -46.352323, -6.842596, 0.0 ], [ -46.352655, -6.841399, 0.0 ], [ -46.352415, -6.840969, 0.0 ], [ -46.351792, -6.840732, 0.0 ], [ -46.351646, -6.839966, 0.0 ], [ -46.351692, -6.839392, 0.0 ], [ -46.35231, -6.837954, 0.0 ], [ -46.352644, -6.837523, 0.0 ], [ -46.353552, -6.836946, 0.0 ] ] } },
{ "type": "Feature", "properties": { "nome": "Rio Mearim", "comprimento": 1.55042985535 }, "geometry": { "type": "LineString", "coordinates": [ [ -45.241382, -5.489386, 0.0 ], [ -45.241181, -5.488797, 0.0 ], [ -45.239317, -5.486586, 0.0 ], [ -45.238887, -5.485869, 0.0 ], [ -45.237281, -5.48449, 0.0 ], [ -45.236908, -5.483859, 0.0 ], [ -45.236621, -5.483227, 0.0 ], [ -45.236411, -5.481596, 0.0 ], [ -45.235765, -5.479538, 0.0 ], [ -45.23586, -5.47724, 0.0 ] ] } },
{ "type": "Feature", "properties": { "nome": "Rio Mearim", "comprimento": 1.0989898228299999 }, "geometry": { "type": "LineString", "coordinates": [ [ -44.607192, -4.797167, 0.0 ], [ -44.605962, -4.796427, 0.0 ], [ -44.604632, -4.794566, 0.0 ], [ -44.604394, -4.793848, 0.0 ], [ -44.604204, -4.792316, 0.0 ], [ -44.603394, -4.789946, 0.0 ], [ -44.603251, -4.788558, 0.0 ] ] } },
{ "type": "Feature", "properties": { "nome": "Rio Mearim", "comprimento": 0.62008022981099997 }, "geometry": { "type": "LineString", "coordinates": [ [ -44.626331, -4.456572, 0.0 ], [ -44.626731, -4.456342, 0.0 ], [ -44.627275, -4.456716, 0.0 ], [ -44.628047, -4.459043, 0.0 ], [ -44.62839, -4.459646, 0.0 ], [ -44.629198, -4.460102, 0.0 ], [ -44.629603, -4.460087, 0.0 ] ] } },
{ "type": "Feature", "properties": { "nome": "Rio Mearim", "comprimento": 2.0121795145000001 }, "geometry": { "type": "LineString", "coordinates": [ [ -46.2568, -6.690192, 0.0 ], [ -46.255326, -6.68937, 0.0 ], [ -46.254784, -6.688115, 0.0 ], [ -46.254352, -6.687614, 0.0 ], [ -46.253741, -6.6874, 0.0 ], [ -46.253525, -6.687041, 0.0 ], [ -46.253058, -6.686935, 0.0 ], [ -46.252377, -6.687439, 0.0 ], [ -46.251623, -6.687441, 0.0 ], [ -46.251621, -6.686723, 0.0 ], [ -46.251154, -6.686437, 0.0 ], [ -46.249251, -6.686227, 0.0 ], [ -46.248892, -6.686479, 0.0 ], [ -46.248894, -6.686981, 0.0 ], [ -46.248715, -6.687269, 0.0 ], [ -46.248285, -6.687485, 0.0 ], [ -46.247818, -6.687487, 0.0 ], [ -46.247495, -6.687703, 0.0 ], [ -46.247749, -6.688707, 0.0 ], [ -46.247391, -6.688995, 0.0 ], [ -46.246168, -6.687993, 0.0 ], [ -46.245773, -6.687923, 0.0 ], [ -46.245522, -6.688067, 0.0 ], [ -46.245198, -6.68796, 0.0 ], [ -46.244155, -6.687101, 0.0 ] ] } },
{ "type": "Feature", "properties": { "nome": "Rio Mearim", "comprimento": 6.4718006396499996 }, "geometry": { "type": "LineString", "coordinates": [ [ -44.943363, -5.037418, 0.0 ], [ -44.943354, -5.036738, 0.0 ], [ -44.943907, -5.03626, 0.0 ], [ -44.94427, -5.036183, 0.0 ], [ -44.94448, -5.036432, 0.0 ], [ -44.944633, -5.037294, 0.0 ], [ -44.945034, -5.037466, 0.0 ], [ -44.945645, -5.037466, 0.0 ], [ -44.947154, -5.0367, 0.0 ], [ -44.947669, -5.0367, 0.0 ], [ -44.948414, -5.037083, 0.0 ], [ -44.948796, -5.038232, 0.0 ], [ -44.949292, -5.038481, 0.0 ], [ -44.950381, -5.037964, 0.0 ], [ -44.951908, -5.038386, 0.0 ], [ -44.953207, -5.037926, 0.0 ], [ -44.954066, -5.036375, 0.0 ], [ -44.954295, -5.03515, 0.0 ], [ -44.954257, -5.034422, 0.0 ], [ -44.954544, -5.03379, 0.0 ], [ -44.955518, -5.033063, 0.0 ], [ -44.955575, -5.032699, 0.0 ], [ -44.955365, -5.032297, 0.0 ], [ -44.953589, -5.03109, 0.0 ], [ -44.952042, -5.030879, 0.0 ], [ -44.95147, -5.030171, 0.0 ], [ -44.951241, -5.029482, 0.0 ], [ -44.950553, -5.028601, 0.0 ], [ -44.950308, -5.027947, 0.0 ], [ -44.950422, -5.027181, 0.0 ], [ -44.950709, -5.02653, 0.0 ], [ -44.951186, -5.026013, 0.0 ], [ -44.952847, -5.025649, 0.0 ], [ -44.953172, -5.025381, 0.0 ], [ -44.953172, -5.024903, 0.0 ], [ -44.952962, -5.024539, 0.0 ], [ -44.951969, -5.023888, 0.0 ], [ -44.951797, -5.023619, 0.0 ], [ -44.951645, -5.022662, 0.0 ], [ -44.951224, -5.022241, 0.0 ], [ -44.950823, -5.022317, 0.0 ], [ -44.950537, -5.022911, 0.0 ], [ -44.94899, -5.024424, 0.0 ], [ -44.948551, -5.024768, 0.0 ], [ -44.948284, -5.024768, 0.0 ], [ -44.947902, -5.024481, 0.0 ], [ -44.947195, -5.023466, 0.0 ], [ -44.947138, -5.022432, 0.0 ], [ -44.946928, -5.022164, 0.0 ], [ -44.946222, -5.022662, 0.0 ], [ -44.944694, -5.0227, 0.0 ], [ -44.94414, -5.022853, 0.0 ], [ -44.943777, -5.023159, 0.0 ], [ -44.943548, -5.023638, 0.0 ], [ -44.943319, -5.025323, 0.0 ], [ -44.942994, -5.025553, 0.0 ], [ -44.94267, -5.025553, 0.0 ], [ -44.942192, -5.025342, 0.0 ], [ -44.942001, -5.024902, 0.0 ], [ -44.942059, -5.023408, 0.0 ], [ -44.941868, -5.022929, 0.0 ], [ -44.941486, -5.022508, 0.0 ], [ -44.940894, -5.022451, 0.0 ], [ -44.93887, -5.023504, 0.0 ], [ -44.938202, -5.023637, 0.0 ], [ -44.937724, -5.023369, 0.0 ], [ -44.937476, -5.022967, 0.0 ], [ -44.937705, -5.021703, 0.0 ], [ -44.937476, -5.021378, 0.0 ] ] } },
{ "type": "Feature", "properties": { "nome": "Rio Mearim", "comprimento": 2.9329776059900001 }, "geometry": { "type": "LineString", "coordinates": [ [ -44.626427, -4.606136, 0.0 ], [ -44.625711, -4.605264, 0.0 ], [ -44.624166, -4.603961, 0.0 ], [ -44.623937, -4.603635, 0.0 ], [ -44.623899, -4.603118, 0.0 ], [ -44.624473, -4.601146, 0.0 ], [ -44.625427, -4.600438, 0.0 ], [ -44.626134, -4.600324, 0.0 ], [ -44.627526, -4.600631, 0.0 ], [ -44.628118, -4.600554, 0.0 ], [ -44.628366, -4.600229, 0.0 ], [ -44.628023, -4.599061, 0.0 ], [ -44.628139, -4.597644, 0.0 ], [ -44.628024, -4.596954, 0.0 ], [ -44.627662, -4.596284, 0.0 ], [ -44.627109, -4.595882, 0.0 ], [ -44.626518, -4.595824, 0.0 ], [ -44.625067, -4.596168, 0.0 ], [ -44.624819, -4.595861, 0.0 ], [ -44.624762, -4.594923, 0.0 ], [ -44.624915, -4.594444, 0.0 ], [ -44.625545, -4.593832, 0.0 ], [ -44.626824, -4.592052, 0.0 ], [ -44.628602, -4.588277, 0.0 ] ] } },
{ "type": "Feature", "properties": { "nome": "Rio Mearim", "comprimento": 0.66040417250299999 }, "geometry": { "type": "LineString", "coordinates": [ [ -45.005407, -5.169097, 0.0 ], [ -45.004048, -5.16781, 0.0 ], [ -45.002856, -5.165206, 0.0 ], [ -45.002535, -5.164884, 0.0 ], [ -45.00187, -5.164554, 0.0 ] ] } },
{ "type": "Feature", "properties": { "nome": "Rio Mearim", "comprimento": 5.8588957393700003 }, "geometry": { "type": "LineString", "coordinates": [ [ -45.12384, -5.417872, 0.0 ], [ -45.12341, -5.417916, 0.0 ], [ -45.122693, -5.417743, 0.0 ], [ -45.122263, -5.417399, 0.0 ], [ -45.120772, -5.413378, 0.0 ], [ -45.119855, -5.411942, 0.0 ], [ -45.119482, -5.410937, 0.0 ], [ -45.119396, -5.410046, 0.0 ], [ -45.119138, -5.409271, 0.0 ], [ -45.117876, -5.406399, 0.0 ], [ -45.117016, -5.404676, 0.0 ], [ -45.115525, -5.403154, 0.0 ], [ -45.115325, -5.402493, 0.0 ], [ -45.115583, -5.40166, 0.0 ], [ -45.115439, -5.401344, 0.0 ], [ -45.114895, -5.401172, 0.0 ], [ -45.112974, -5.401172, 0.0 ], [ -45.110911, -5.400167, 0.0 ], [ -45.109822, -5.400455, 0.0 ], [ -45.10922, -5.400455, 0.0 ], [ -45.106759, -5.398776, 0.0 ], [ -45.105125, -5.395444, 0.0 ], [ -45.104981, -5.394152, 0.0 ], [ -45.105239, -5.393405, 0.0 ], [ -45.106213, -5.392802, 0.0 ], [ -45.107274, -5.392399, 0.0 ], [ -45.109819, -5.391868, 0.0 ], [ -45.110536, -5.391006, 0.0 ], [ -45.110535, -5.390168, 0.0 ], [ -45.109245, -5.387129, 0.0 ], [ -45.10626, -5.385262, 0.0 ], [ -45.105137, -5.384401, 0.0 ], [ -45.104253, -5.383467, 0.0 ], [ -45.103417, -5.382893, 0.0 ], [ -45.10282, -5.382773, 0.0 ] ] } },
{ "type": "Feature", "properties": { "nome": "Rio Mearim", "comprimento": 1.30683661269 }, "geometry": { "type": "LineString", "coordinates": [ [ -45.097955, -5.379361, 0.0 ], [ -45.095978, -5.376662, 0.0 ], [ -45.095318, -5.375972, 0.0 ], [ -45.094974, -5.375283, 0.0 ], [ -45.095003, -5.374508, 0.0 ], [ -45.095289, -5.373675, 0.0 ], [ -45.095518, -5.372152, 0.0 ], [ -45.096463, -5.368734, 0.0 ] ] } },
{ "type": "Feature", "properties": { "nome": "Rio Mearim", "comprimento": 3.4814574023699998 }, "geometry": { "type": "LineString", "coordinates": [ [ -45.185347, -5.433247, 0.0 ], [ -45.185928, -5.432634, 0.0 ], [ -45.186065, -5.432267, 0.0 ], [ -45.186141, -5.431317, 0.0 ], [ -45.18582, -5.430076, 0.0 ], [ -45.186516, -5.428474, 0.0 ], [ -45.186439, -5.427995, 0.0 ], [ -45.185713, -5.427708, 0.0 ], [ -45.185082, -5.427153, 0.0 ], [ -45.182388, -5.425564, 0.0 ], [ -45.181929, -5.425488, 0.0 ], [ -45.180764, -5.425641, 0.0 ], [ -45.180076, -5.42524, 0.0 ], [ -45.178642, -5.423114, 0.0 ], [ -45.177342, -5.421774, 0.0 ], [ -45.176578, -5.420683, 0.0 ], [ -45.176196, -5.420511, 0.0 ], [ -45.175546, -5.420664, 0.0 ], [ -45.17482, -5.421067, 0.0 ], [ -45.172509, -5.422695, 0.0 ], [ -45.171458, -5.422887, 0.0 ], [ -45.17098, -5.42281, 0.0 ], [ -45.170369, -5.422428, 0.0 ], [ -45.169623, -5.421336, 0.0 ], [ -45.169795, -5.420992, 0.0 ], [ -45.171075, -5.420608, 0.0 ], [ -45.172221, -5.420033, 0.0 ], [ -45.172412, -5.419612, 0.0 ], [ -45.172317, -5.419229, 0.0 ], [ -45.171896, -5.418942, 0.0 ] ] } },
{ "type": "Feature", "properties": { "nome": "Rio Mearim", "comprimento": 2.1913025232000001 }, "geometry": { "type": "LineString", "coordinates": [ [ -46.27524, -6.713911, 0.0 ], [ -46.275181, -6.713222, 0.0 ], [ -46.274718, -6.711845, 0.0 ], [ -46.274387, -6.711745, 0.0 ], [ -46.273526, -6.712142, 0.0 ], [ -46.273454, -6.711963, 0.0 ], [ -46.273632, -6.711209, 0.0 ], [ -46.273414, -6.71024, 0.0 ], [ -46.273736, -6.709988, 0.0 ], [ -46.274383, -6.710238, 0.0 ], [ -46.275459, -6.709984, 0.0 ], [ -46.275818, -6.709768, 0.0 ], [ -46.276032, -6.709336, 0.0 ], [ -46.276749, -6.70894, 0.0 ], [ -46.276784, -6.708616, 0.0 ], [ -46.276352, -6.707972, 0.0 ], [ -46.274055, -6.708157, 0.0 ], [ -46.273551, -6.707979, 0.0 ], [ -46.272152, -6.70827, 0.0 ], [ -46.271398, -6.708272, 0.0 ], [ -46.270859, -6.708129, 0.0 ], [ -46.270643, -6.707807, 0.0 ], [ -46.268632, -6.707704, 0.0 ], [ -46.267339, -6.707385, 0.0 ] ] } },
{ "type": "Feature", "properties": { "nome": "Rio Mearim", "comprimento": 7.9691134132599997 }, "geometry": { "type": "LineString", "coordinates": [ [ -44.920526, -4.982475, 0.0 ], [ -44.919472, -4.982505, 0.0 ], [ -44.918738, -4.982199, 0.0 ], [ -44.917425, -4.979947, 0.0 ], [ -44.916173, -4.979456, 0.0 ], [ -44.915165, -4.978767, 0.0 ], [ -44.914202, -4.978491, 0.0 ], [ -44.912583, -4.978445, 0.0 ], [ -44.912155, -4.978215, 0.0 ], [ -44.912125, -4.977863, 0.0 ], [ -44.912522, -4.977189, 0.0 ], [ -44.912507, -4.976959, 0.0 ], [ -44.912186, -4.976882, 0.0 ], [ -44.911713, -4.97702, 0.0 ], [ -44.9113, -4.977372, 0.0 ], [ -44.911132, -4.978506, 0.0 ], [ -44.911376, -4.979594, 0.0 ], [ -44.911101, -4.979946, 0.0 ], [ -44.910689, -4.980114, 0.0 ], [ -44.910307, -4.979854, 0.0 ], [ -44.90994, -4.979333, 0.0 ], [ -44.910155, -4.977112, 0.0 ], [ -44.90991, -4.976576, 0.0 ], [ -44.908413, -4.976146, 0.0 ], [ -44.90823, -4.97584, 0.0 ], [ -44.908413, -4.974327, 0.0 ], [ -44.908184, -4.973906, 0.0 ], [ -44.906657, -4.973236, 0.0 ], [ -44.906447, -4.972317, 0.0 ], [ -44.905989, -4.971474, 0.0 ], [ -44.905473, -4.971168, 0.0 ], [ -44.904041, -4.971167, 0.0 ], [ -44.903316, -4.970593, 0.0 ], [ -44.900643, -4.969405, 0.0 ], [ -44.899688, -4.969309, 0.0 ], [ -44.899001, -4.969079, 0.0 ], [ -44.898657, -4.968792, 0.0 ], [ -44.898276, -4.967796, 0.0 ], [ -44.898276, -4.967356, 0.0 ], [ -44.898772, -4.966609, 0.0 ], [ -44.898696, -4.966245, 0.0 ], [ -44.898429, -4.965977, 0.0 ], [ -44.89797, -4.965824, 0.0 ], [ -44.897627, -4.96592, 0.0 ], [ -44.897168, -4.966915, 0.0 ], [ -44.896462, -4.967528, 0.0 ], [ -44.895946, -4.967662, 0.0 ], [ -44.895144, -4.967317, 0.0 ], [ -44.894973, -4.966972, 0.0 ], [ -44.894973, -4.965919, 0.0 ], [ -44.894706, -4.965345, 0.0 ], [ -44.894305, -4.964789, 0.0 ], [ -44.893446, -4.9641, 0.0 ], [ -44.893293, -4.963679, 0.0 ], [ -44.893454, -4.962888, 0.0 ], [ -44.893989, -4.961758, 0.0 ], [ -44.893874, -4.960954, 0.0 ], [ -44.893359, -4.960647, 0.0 ], [ -44.892939, -4.960054, 0.0 ], [ -44.891908, -4.959517, 0.0 ], [ -44.89124, -4.959613, 0.0 ], [ -44.890762, -4.959996, 0.0 ], [ -44.890151, -4.96103, 0.0 ], [ -44.889598, -4.961106, 0.0 ], [ -44.888815, -4.96057, 0.0 ], [ -44.888815, -4.960072, 0.0 ], [ -44.889006, -4.95967, 0.0 ], [ -44.890247, -4.959115, 0.0 ], [ -44.890495, -4.958866, 0.0 ], [ -44.890591, -4.95856, 0.0 ], [ -44.890495, -4.958177, 0.0 ], [ -44.890171, -4.957583, 0.0 ], [ -44.88977, -4.957238, 0.0 ], [ -44.889197, -4.957008, 0.0 ], [ -44.888567, -4.956434, 0.0 ], [ -44.888415, -4.955476, 0.0 ], [ -44.888224, -4.95494, 0.0 ], [ -44.887899, -4.954538, 0.0 ], [ -44.886601, -4.953638, 0.0 ], [ -44.886468, -4.953178, 0.0 ], [ -44.886621, -4.952048, 0.0 ], [ -44.886353, -4.951589, 0.0 ], [ -44.88538, -4.950658, 0.0 ], [ -44.884769, -4.949452, 0.0 ], [ -44.884368, -4.948973, 0.0 ] ] } },
{ "type": "Feature", "properties": { "nome": "Rio Mearim", "comprimento": 3.70342413365 }, "geometry": { "type": "LineString", "coordinates": [ [ -46.145624, -6.593964, 0.0 ], [ -46.14591, -6.593497, 0.0 ], [ -46.146233, -6.593353, 0.0 ], [ -46.146697, -6.59249, 0.0 ], [ -46.145904, -6.590733, 0.0 ], [ -46.145723, -6.590123, 0.0 ], [ -46.145901, -6.589728, 0.0 ], [ -46.145541, -6.589083, 0.0 ], [ -46.14554, -6.588616, 0.0 ], [ -46.144965, -6.588187, 0.0 ], [ -46.144964, -6.587935, 0.0 ], [ -46.145464, -6.586965, 0.0 ], [ -46.145642, -6.586283, 0.0 ], [ -46.146251, -6.585743, 0.0 ], [ -46.14625, -6.585384, 0.0 ], [ -46.145998, -6.585026, 0.0 ], [ -46.146104, -6.584343, 0.0 ], [ -46.147108, -6.583623, 0.0 ], [ -46.147536, -6.582689, 0.0 ], [ -46.147535, -6.582258, 0.0 ], [ -46.147964, -6.581432, 0.0 ], [ -46.148609, -6.581071, 0.0 ], [ -46.148645, -6.580784, 0.0 ], [ -46.148176, -6.57978, 0.0 ], [ -46.148101, -6.578524, 0.0 ], [ -46.148959, -6.577014, 0.0 ], [ -46.149209, -6.576368, 0.0 ], [ -46.149172, -6.575757, 0.0 ], [ -46.148848, -6.575327, 0.0 ], [ -46.148381, -6.575329, 0.0 ], [ -46.148344, -6.574826, 0.0 ], [ -46.148594, -6.574395, 0.0 ], [ -46.148557, -6.574, 0.0 ], [ -46.148234, -6.573965, 0.0 ], [ -46.148018, -6.573678, 0.0 ], [ -46.148052, -6.572601, 0.0 ], [ -46.148624, -6.57181, 0.0 ], [ -46.149665, -6.571772, 0.0 ], [ -46.149664, -6.571341, 0.0 ], [ -46.148945, -6.570912, 0.0 ], [ -46.148765, -6.570518, 0.0 ], [ -46.148979, -6.570194, 0.0 ], [ -46.149481, -6.570014, 0.0 ], [ -46.149804, -6.56969, 0.0 ], [ -46.149803, -6.569259, 0.0 ], [ -46.149406, -6.568578, 0.0 ], [ -46.149441, -6.568111, 0.0 ], [ -46.149941, -6.567033, 0.0 ] ] } },
{ "type": "Feature", "properties": { "nome": "Rio Mearim", "comprimento": 0.59049459928699999 }, "geometry": { "type": "LineString", "coordinates": [ [ -46.353552, -6.836946, 0.0 ], [ -46.353982, -6.836466, 0.0 ], [ -46.354645, -6.833976, 0.0 ], [ -46.355696, -6.833112, 0.0 ], [ -46.356173, -6.832536, 0.0 ] ] } },
{ "type": "Feature", "properties": { "nome": "Rio Mearim", "comprimento": 1.56613784178 }, "geometry": { "type": "LineString", "coordinates": [ [ -45.096463, -5.368734, 0.0 ], [ -45.097753, -5.366178, 0.0 ], [ -45.097523, -5.365258, 0.0 ], [ -45.095574, -5.362875, 0.0 ], [ -45.0948, -5.3623, 0.0 ], [ -45.092861, -5.359208, 0.0 ], [ -45.092287, -5.358519, 0.0 ], [ -45.09152, -5.356953, 0.0 ] ] } },
{ "type": "Feature", "properties": { "nome": "Rio Mearim", "comprimento": 1.77496917929 }, "geometry": { "type": "LineString", "coordinates": [ [ -44.628602, -4.588277, 0.0 ], [ -44.629025, -4.586775, 0.0 ], [ -44.629025, -4.586239, 0.0 ], [ -44.628781, -4.585779, 0.0 ], [ -44.625652, -4.584674, 0.0 ], [ -44.624782, -4.584153, 0.0 ], [ -44.623825, -4.583308, 0.0 ], [ -44.622966, -4.582867, 0.0 ], [ -44.619532, -4.581793, 0.0 ], [ -44.618578, -4.581237, 0.0 ], [ -44.616594, -4.580566, 0.0 ] ] } },
{ "type": "Feature", "properties": { "nome": "Rio Mearim", "comprimento": 4.865770056 }, "geometry": { "type": "LineString", "coordinates": [ [ -44.665413, -4.878844, 0.0 ], [ -44.664696, -4.879533, 0.0 ], [ -44.663761, -4.879667, 0.0 ], [ -44.663303, -4.879399, 0.0 ], [ -44.663074, -4.878824, 0.0 ], [ -44.662808, -4.876832, 0.0 ], [ -44.662445, -4.876258, 0.0 ], [ -44.661911, -4.875836, 0.0 ], [ -44.660938, -4.875644, 0.0 ], [ -44.66004, -4.875644, 0.0 ], [ -44.659487, -4.875433, 0.0 ], [ -44.658208, -4.874268, 0.0 ], [ -44.6563, -4.873788, 0.0 ], [ -44.655937, -4.873539, 0.0 ], [ -44.65567, -4.872486, 0.0 ], [ -44.654621, -4.871815, 0.0 ], [ -44.654449, -4.871222, 0.0 ], [ -44.654641, -4.870054, 0.0 ], [ -44.654546, -4.869211, 0.0 ], [ -44.65363, -4.868157, 0.0 ], [ -44.652695, -4.86674, 0.0 ], [ -44.6526, -4.866146, 0.0 ], [ -44.652696, -4.865553, 0.0 ], [ -44.653651, -4.864921, 0.0 ], [ -44.653689, -4.864596, 0.0 ], [ -44.652716, -4.86247, 0.0 ], [ -44.65172, -4.861056, 0.0 ], [ -44.651243, -4.860615, 0.0 ], [ -44.65069, -4.860346, 0.0 ], [ -44.650251, -4.860404, 0.0 ], [ -44.649162, -4.861495, 0.0 ], [ -44.648494, -4.861226, 0.0 ], [ -44.648284, -4.860441, 0.0 ], [ -44.648017, -4.860134, 0.0 ], [ -44.647578, -4.860019, 0.0 ], [ -44.646185, -4.860172, 0.0 ], [ -44.645841, -4.859923, 0.0 ], [ -44.645822, -4.859291, 0.0 ], [ -44.646109, -4.859099, 0.0 ], [ -44.647331, -4.858851, 0.0 ], [ -44.647732, -4.858507, 0.0 ], [ -44.64777, -4.858124, 0.0 ], [ -44.647541, -4.857722, 0.0 ], [ -44.647179, -4.857549, 0.0 ], [ -44.645995, -4.857606, 0.0 ], [ -44.645671, -4.857395, 0.0 ], [ -44.644946, -4.856629, 0.0 ], [ -44.643891, -4.855131, 0.0 ] ] } },
{ "type": "Feature", "properties": { "nome": "Rio Mearim", "comprimento": 1.72978590051 }, "geometry": { "type": "LineString", "coordinates": [ [ -46.111472, -6.410857, 0.0 ], [ -46.111411, -6.410139, 0.0 ], [ -46.111201, -6.409751, 0.0 ], [ -46.110781, -6.409423, 0.0 ], [ -46.110273, -6.409394, 0.0 ], [ -46.109616, -6.409784, 0.0 ], [ -46.109287, -6.409635, 0.0 ], [ -46.109106, -6.409247, 0.0 ], [ -46.109015, -6.408409, 0.0 ], [ -46.108446, -6.408261, 0.0 ], [ -46.107849, -6.408502, 0.0 ], [ -46.10686, -6.407397, 0.0 ], [ -46.106769, -6.406739, 0.0 ], [ -46.106908, -6.402252, 0.0 ], [ -46.106817, -6.401534, 0.0 ], [ -46.106517, -6.400907, 0.0 ], [ -46.106514, -6.39974, 0.0 ], [ -46.106334, -6.399202, 0.0 ] ] } },
{ "type": "Feature", "properties": { "nome": "Rio Mearim", "comprimento": 1.5310843192100001 }, "geometry": { "type": "LineString", "coordinates": [ [ -45.23586, -5.47724, 0.0 ], [ -45.235835, -5.476378, 0.0 ], [ -45.235261, -5.47432, 0.0 ], [ -45.234783, -5.47377, 0.0 ], [ -45.234162, -5.473578, 0.0 ], [ -45.231822, -5.474728, 0.0 ], [ -45.228789, -5.475687, 0.0 ], [ -45.228311, -5.476046, 0.0 ], [ -45.228049, -5.477722, 0.0 ], [ -45.227418, -5.478911, 0.0 ] ] } },
{ "type": "Feature", "properties": { "nome": "Rio Mearim", "comprimento": 4.0371364392700002 }, "geometry": { "type": "LineString", "coordinates": [ [ -45.27067, -5.509288, 0.0 ], [ -45.269618, -5.508236, 0.0 ], [ -45.269293, -5.507393, 0.0 ], [ -45.269121, -5.506168, 0.0 ], [ -45.269159, -5.505651, 0.0 ], [ -45.269388, -5.50523, 0.0 ], [ -45.269292, -5.504464, 0.0 ], [ -45.268068, -5.503066, 0.0 ], [ -45.267724, -5.503067, 0.0 ], [ -45.266731, -5.504331, 0.0 ], [ -45.264209, -5.505787, 0.0 ], [ -45.264305, -5.507013, 0.0 ], [ -45.264936, -5.507931, 0.0 ], [ -45.265051, -5.508697, 0.0 ], [ -45.263924, -5.50954, 0.0 ], [ -45.263428, -5.509694, 0.0 ], [ -45.261841, -5.509426, 0.0 ], [ -45.260829, -5.509733, 0.0 ], [ -45.259988, -5.509734, 0.0 ], [ -45.259051, -5.509255, 0.0 ], [ -45.258478, -5.508815, 0.0 ], [ -45.258, -5.508049, 0.0 ], [ -45.257598, -5.506824, 0.0 ], [ -45.257483, -5.505675, 0.0 ], [ -45.257043, -5.504814, 0.0 ], [ -45.256221, -5.50424, 0.0 ], [ -45.25496, -5.503991, 0.0 ], [ -45.253087, -5.502939, 0.0 ], [ -45.252437, -5.502767, 0.0 ], [ -45.251367, -5.502882, 0.0 ], [ -45.248258, -5.50429, 0.0 ] ] } },
{ "type": "Feature", "properties": { "nome": "Rio Mearim", "comprimento": 3.1375330678000002 }, "geometry": { "type": "LineString", "coordinates": [ [ -46.182798, -6.625368, 0.0 ], [ -46.181781, -6.62552, 0.0 ], [ -46.180853, -6.625163, 0.0 ], [ -46.180434, -6.625224, 0.0 ], [ -46.179687, -6.625525, 0.0 ], [ -46.17924, -6.626304, 0.0 ], [ -46.178404, -6.626725, 0.0 ], [ -46.178104, -6.626725, 0.0 ], [ -46.177115, -6.62595, 0.0 ], [ -46.176428, -6.626012, 0.0 ], [ -46.176337, -6.625683, 0.0 ], [ -46.175827, -6.625146, 0.0 ], [ -46.175826, -6.624577, 0.0 ], [ -46.176064, -6.624277, 0.0 ], [ -46.176123, -6.623859, 0.0 ], [ -46.176033, -6.62341, 0.0 ], [ -46.17657, -6.62299, 0.0 ], [ -46.176267, -6.621465, 0.0 ], [ -46.176416, -6.621106, 0.0 ], [ -46.176745, -6.621075, 0.0 ], [ -46.176744, -6.620776, 0.0 ], [ -46.176534, -6.620507, 0.0 ], [ -46.176952, -6.620028, 0.0 ], [ -46.176951, -6.619669, 0.0 ], [ -46.176651, -6.61943, 0.0 ], [ -46.176202, -6.619342, 0.0 ], [ -46.175185, -6.619344, 0.0 ], [ -46.174825, -6.618657, 0.0 ], [ -46.174525, -6.618388, 0.0 ], [ -46.174106, -6.61836, 0.0 ], [ -46.173778, -6.618809, 0.0 ], [ -46.173509, -6.618959, 0.0 ], [ -46.1733, -6.61887, 0.0 ], [ -46.173179, -6.618362, 0.0 ], [ -46.172579, -6.617885, 0.0 ], [ -46.172339, -6.617377, 0.0 ], [ -46.172845, -6.616358, 0.0 ], [ -46.173203, -6.615969, 0.0 ], [ -46.173652, -6.616087, 0.0 ], [ -46.17422, -6.615996, 0.0 ], [ -46.174757, -6.615367, 0.0 ], [ -46.174876, -6.614858, 0.0 ], [ -46.174095, -6.613723, 0.0 ], [ -46.173673, -6.612169, 0.0 ] ] } },
{ "type": "Feature", "properties": { "nome": "Rio Mearim", "comprimento": 3.1433671211299998 }, "geometry": { "type": "LineString", "coordinates": [ [ -45.50773, -5.658896, 0.0 ], [ -45.506698, -5.658419, 0.0 ], [ -45.506372, -5.657289, 0.0 ], [ -45.505702, -5.656524, 0.0 ], [ -45.504575, -5.65685, 0.0 ], [ -45.503275, -5.656488, 0.0 ], [ -45.503103, -5.656239, 0.0 ], [ -45.50312, -5.654554, 0.0 ], [ -45.503406, -5.652964, 0.0 ], [ -45.50373, -5.652849, 0.0 ], [ -45.505241, -5.653097, 0.0 ], [ -45.506597, -5.652866, 0.0 ], [ -45.507801, -5.65252, 0.0 ], [ -45.507973, -5.652156, 0.0 ], [ -45.507973, -5.651601, 0.0 ], [ -45.506805, -5.650166, 0.0 ], [ -45.506307, -5.649037, 0.0 ], [ -45.506721, -5.646762, 0.0 ], [ -45.506511, -5.646303, 0.0 ], [ -45.506147, -5.646112, 0.0 ], [ -45.505803, -5.646055, 0.0 ], [ -45.505001, -5.646438, 0.0 ], [ -45.504561, -5.646362, 0.0 ], [ -45.50236, -5.643071, 0.0 ], [ -45.501595, -5.642401, 0.0 ], [ -45.501174, -5.642287, 0.0 ] ] } },
{ "type": "Feature", "properties": { "nome": "Rio Mearim", "comprimento": 1.69061968008 }, "geometry": { "type": "LineString", "coordinates": [ [ -46.293884, -6.721558, 0.0 ], [ -46.293416, -6.721344, 0.0 ], [ -46.293092, -6.720914, 0.0 ], [ -46.292625, -6.720664, 0.0 ], [ -46.291368, -6.720631, 0.0 ], [ -46.290218, -6.720024, 0.0 ], [ -46.288925, -6.719812, 0.0 ], [ -46.28853, -6.719957, 0.0 ], [ -46.28828, -6.72046, 0.0 ], [ -46.287563, -6.721, 0.0 ], [ -46.287385, -6.721503, 0.0 ], [ -46.287099, -6.721827, 0.0 ], [ -46.28394, -6.722194, 0.0 ], [ -46.282685, -6.722664, 0.0 ], [ -46.281608, -6.722774, 0.0 ], [ -46.280315, -6.722347, 0.0 ] ] } },
{ "type": "Feature", "properties": { "nome": "Rio Mearim", "comprimento": 3.635392994 }, "geometry": { "type": "LineString", "coordinates": [ [ -46.0866, -6.354389, 0.0 ], [ -46.085667, -6.354287, 0.0 ], [ -46.084919, -6.353929, 0.0 ], [ -46.085036, -6.352822, 0.0 ], [ -46.085514, -6.352701, 0.0 ], [ -46.086113, -6.35291, 0.0 ], [ -46.086321, -6.35276, 0.0 ], [ -46.08644, -6.352101, 0.0 ], [ -46.086319, -6.351384, 0.0 ], [ -46.086677, -6.350994, 0.0 ], [ -46.088618, -6.349823, 0.0 ], [ -46.089603, -6.349043, 0.0 ], [ -46.09011, -6.348564, 0.0 ], [ -46.090437, -6.347696, 0.0 ], [ -46.091213, -6.347245, 0.0 ], [ -46.092198, -6.346376, 0.0 ], [ -46.092286, -6.345478, 0.0 ], [ -46.091864, -6.344043, 0.0 ], [ -46.093414, -6.341886, 0.0 ], [ -46.09398, -6.340599, 0.0 ], [ -46.093919, -6.34021, 0.0 ], [ -46.09329, -6.339434, 0.0 ], [ -46.092601, -6.338867, 0.0 ], [ -46.089098, -6.336631, 0.0 ], [ -46.088588, -6.335674, 0.0 ], [ -46.088676, -6.335166, 0.0 ], [ -46.089004, -6.334686, 0.0 ], [ -46.089091, -6.33337, 0.0 ], [ -46.088671, -6.332354, 0.0 ], [ -46.087771, -6.33092, 0.0 ] ] } },
{ "type": "Feature", "properties": { "nome": "Rio Mearim", "comprimento": 6.1155556185200002 }, "geometry": { "type": "LineString", "coordinates": [ [ -44.58016, -4.713685, 0.0 ], [ -44.579259, -4.7137, 0.0 ], [ -44.578023, -4.712795, 0.0 ], [ -44.577565, -4.712197, 0.0 ], [ -44.576265, -4.709047, 0.0 ], [ -44.576146, -4.708401, 0.0 ], [ -44.576337, -4.707731, 0.0 ], [ -44.577101, -4.706965, 0.0 ], [ -44.577364, -4.705957, 0.0 ], [ -44.578984, -4.703614, 0.0 ], [ -44.57955, -4.702144, 0.0 ], [ -44.580527, -4.701624, 0.0 ], [ -44.583352, -4.701411, 0.0 ], [ -44.584024, -4.701182, 0.0 ], [ -44.58575, -4.69985, 0.0 ], [ -44.586253, -4.699145, 0.0 ], [ -44.586902, -4.698571, 0.0 ], [ -44.587494, -4.698361, 0.0 ], [ -44.588448, -4.69861, 0.0 ], [ -44.588753, -4.699051, 0.0 ], [ -44.589173, -4.699185, 0.0 ], [ -44.589402, -4.699013, 0.0 ], [ -44.589461, -4.69662, 0.0 ], [ -44.590321, -4.694533, 0.0 ], [ -44.591295, -4.693212, 0.0 ], [ -44.591296, -4.692638, 0.0 ], [ -44.591087, -4.690206, 0.0 ], [ -44.590839, -4.689574, 0.0 ], [ -44.587048, -4.683488, 0.0 ], [ -44.585832, -4.682003, 0.0 ], [ -44.584568, -4.680997, 0.0 ], [ -44.583495, -4.680542, 0.0 ], [ -44.582898, -4.680589, 0.0 ], [ -44.582373, -4.680852, 0.0 ], [ -44.581934, -4.681273, 0.0 ], [ -44.58138, -4.683341, 0.0 ], [ -44.581131, -4.683877, 0.0 ], [ -44.580749, -4.684183, 0.0 ], [ -44.580081, -4.684183, 0.0 ], [ -44.57865, -4.683301, 0.0 ] ] } },
{ "type": "Feature", "properties": { "nome": "Rio Mearim", "comprimento": 2.3361892821799999 }, "geometry": { "type": "LineString", "coordinates": [ [ -44.648421, -4.844149, 0.0 ], [ -44.647658, -4.843765, 0.0 ], [ -44.646298, -4.843454, 0.0 ], [ -44.64458, -4.842759, 0.0 ], [ -44.642337, -4.842709, 0.0 ], [ -44.641431, -4.842422, 0.0 ], [ -44.641168, -4.842158, 0.0 ], [ -44.641002, -4.841584, 0.0 ], [ -44.641456, -4.840483, 0.0 ], [ -44.641909, -4.839885, 0.0 ], [ -44.643771, -4.83833, 0.0 ], [ -44.64401, -4.837756, 0.0 ], [ -44.64401, -4.837109, 0.0 ], [ -44.643701, -4.836104, 0.0 ], [ -44.643592, -4.835156, 0.0 ], [ -44.643764, -4.833471, 0.0 ], [ -44.64365, -4.832858, 0.0 ], [ -44.643364, -4.832341, 0.0 ], [ -44.642486, -4.831517, 0.0 ], [ -44.642315, -4.830924, 0.0 ], [ -44.642449, -4.830502, 0.0 ] ] } },
{ "type": "Feature", "properties": { "nome": "Rio Mearim", "comprimento": 7.2244847069300002 }, "geometry": { "type": "LineString", "coordinates": [ [ -44.607569, -4.499584, 0.0 ], [ -44.60713, -4.499641, 0.0 ], [ -44.606729, -4.500254, 0.0 ], [ -44.605965, -4.500617, 0.0 ], [ -44.605221, -4.500751, 0.0 ], [ -44.604763, -4.500655, 0.0 ], [ -44.602665, -4.499735, 0.0 ], [ -44.600876, -4.498376, 0.0 ], [ -44.600373, -4.497824, 0.0 ], [ -44.600037, -4.49715, 0.0 ], [ -44.600222, -4.495066, 0.0 ], [ -44.6001, -4.493795, 0.0 ], [ -44.600758, -4.491421, 0.0 ], [ -44.601323, -4.490165, 0.0 ], [ -44.601446, -4.489644, 0.0 ], [ -44.601416, -4.488219, 0.0 ], [ -44.60109, -4.487068, 0.0 ], [ -44.600785, -4.486517, 0.0 ], [ -44.600373, -4.48618, 0.0 ], [ -44.599885, -4.486026, 0.0 ], [ -44.599351, -4.486148, 0.0 ], [ -44.597824, -4.486776, 0.0 ], [ -44.597504, -4.486638, 0.0 ], [ -44.597153, -4.485366, 0.0 ], [ -44.598179, -4.480327, 0.0 ], [ -44.597996, -4.478886, 0.0 ], [ -44.598088, -4.477692, 0.0 ], [ -44.59899, -4.476705, 0.0 ], [ -44.600087, -4.476059, 0.0 ], [ -44.600446, -4.47491, 0.0 ], [ -44.600184, -4.474168, 0.0 ], [ -44.599135, -4.473067, 0.0 ], [ -44.598444, -4.47187, 0.0 ], [ -44.598277, -4.471223, 0.0 ], [ -44.598373, -4.470768, 0.0 ], [ -44.598803, -4.470266, 0.0 ], [ -44.599423, -4.470003, 0.0 ], [ -44.600234, -4.469884, 0.0 ], [ -44.600878, -4.469453, 0.0 ], [ -44.601451, -4.468496, 0.0 ], [ -44.602858, -4.467827, 0.0 ], [ -44.603517, -4.466961, 0.0 ], [ -44.604419, -4.464602, 0.0 ], [ -44.604953, -4.463959, 0.0 ], [ -44.605732, -4.46353, 0.0 ], [ -44.606297, -4.462642, 0.0 ], [ -44.606939, -4.460958, 0.0 ], [ -44.608588, -4.459534, 0.0 ], [ -44.608573, -4.459151, 0.0 ], [ -44.608375, -4.458783, 0.0 ], [ -44.607634, -4.458178, 0.0 ], [ -44.606971, -4.456799, 0.0 ], [ -44.607155, -4.45565, 0.0 ], [ -44.608037, -4.454697, 0.0 ], [ -44.608026, -4.454294, 0.0 ], [ -44.607214, -4.453214, 0.0 ] ] } },
{ "type": "Feature", "properties": { "nome": "Rio Mearim", "comprimento": 2.31842672361 }, "geometry": { "type": "LineString", "coordinates": [ [ -44.716081, -4.904073, 0.0 ], [ -44.714936, -4.902407, 0.0 ], [ -44.714459, -4.902254, 0.0 ], [ -44.714039, -4.902694, 0.0 ], [ -44.713514, -4.903699, 0.0 ], [ -44.713046, -4.903938, 0.0 ], [ -44.711557, -4.903612, 0.0 ], [ -44.710602, -4.903803, 0.0 ], [ -44.709227, -4.904779, 0.0 ], [ -44.708425, -4.904951, 0.0 ], [ -44.706841, -4.904778, 0.0 ], [ -44.705715, -4.904222, 0.0 ], [ -44.705696, -4.903858, 0.0 ], [ -44.706288, -4.902729, 0.0 ], [ -44.706403, -4.902097, 0.0 ], [ -44.706307, -4.901752, 0.0 ], [ -44.705888, -4.901273, 0.0 ], [ -44.705296, -4.901235, 0.0 ], [ -44.704322, -4.901751, 0.0 ], [ -44.703768, -4.902498, 0.0 ], [ -44.702851, -4.904661, 0.0 ] ] } },
{ "type": "Feature", "properties": { "nome": "Rio Mearim", "comprimento": 4.7584463907299996 }, "geometry": { "type": "LineString", "coordinates": [ [ -46.087771, -6.33092, 0.0 ], [ -46.087887, -6.329424, 0.0 ], [ -46.086148, -6.326885, 0.0 ], [ -46.085729, -6.326706, 0.0 ], [ -46.08531, -6.326827, 0.0 ], [ -46.084802, -6.326768, 0.0 ], [ -46.08322, -6.327998, 0.0 ], [ -46.082831, -6.328029, 0.0 ], [ -46.080498, -6.327495, 0.0 ], [ -46.079662, -6.327886, 0.0 ], [ -46.077929, -6.328278, 0.0 ], [ -46.077033, -6.329028, 0.0 ], [ -46.074615, -6.330379, 0.0 ], [ -46.07345, -6.331279, 0.0 ], [ -46.072972, -6.331489, 0.0 ], [ -46.072643, -6.33137, 0.0 ], [ -46.072014, -6.330803, 0.0 ], [ -46.070785, -6.329101, 0.0 ], [ -46.070664, -6.328353, 0.0 ], [ -46.071407, -6.326168, 0.0 ], [ -46.071762, -6.324492, 0.0 ], [ -46.07182, -6.323774, 0.0 ], [ -46.071669, -6.322937, 0.0 ], [ -46.071279, -6.32213, 0.0 ], [ -46.06996, -6.320607, 0.0 ], [ -46.069271, -6.32004, 0.0 ], [ -46.068613, -6.319772, 0.0 ], [ -46.068045, -6.319953, 0.0 ], [ -46.067658, -6.320402, 0.0 ], [ -46.067331, -6.32139, 0.0 ], [ -46.067062, -6.3216, 0.0 ], [ -46.066135, -6.321632, 0.0 ], [ -46.065207, -6.320796, 0.0 ], [ -46.064787, -6.320139, 0.0 ], [ -46.064816, -6.31969, 0.0 ], [ -46.065321, -6.318044, 0.0 ], [ -46.065738, -6.317205, 0.0 ], [ -46.065869, -6.316496, 0.0 ] ] } },
{ "type": "Feature", "properties": { "nome": "Rio Mearim", "comprimento": 0.52657805090599996 }, "geometry": { "type": "LineString", "coordinates": [ [ -44.592516, -4.654776, 0.0 ], [ -44.592846, -4.654034, 0.0 ], [ -44.593552, -4.653403, 0.0 ], [ -44.594106, -4.653212, 0.0 ], [ -44.594583, -4.653461, 0.0 ], [ -44.595307, -4.654572, 0.0 ], [ -44.595746, -4.654879, 0.0 ] ] } },
{ "type": "Feature", "properties": { "nome": "Rio Mearim", "comprimento": 1.4939508266399999 }, "geometry": { "type": "LineString", "coordinates": [ [ -45.027153, -5.237264, 0.0 ], [ -45.026436, -5.23639, 0.0 ], [ -45.026747, -5.235098, 0.0 ], [ -45.026699, -5.234427, 0.0 ], [ -45.026484, -5.234068, 0.0 ], [ -45.026054, -5.233751, 0.0 ], [ -45.025672, -5.233679, 0.0 ], [ -45.025099, -5.233823, 0.0 ], [ -45.024837, -5.233559, 0.0 ], [ -45.024359, -5.231405, 0.0 ], [ -45.023476, -5.229993, 0.0 ], [ -45.02338, -5.229419, 0.0 ], [ -45.02412, -5.227982, 0.0 ], [ -45.023834, -5.227504, 0.0 ], [ -45.02258, -5.226881, 0.0 ] ] } },
{ "type": "Feature", "properties": { "nome": "Rio Mearim", "comprimento": 10.3784388716 }, "geometry": { "type": "LineString", "coordinates": [ [ -46.065869, -6.316496, 0.0 ], [ -46.066398, -6.311729, 0.0 ], [ -46.067592, -6.310889, 0.0 ], [ -46.06792, -6.310499, 0.0 ], [ -46.068668, -6.310408, 0.0 ], [ -46.069773, -6.309777, 0.0 ], [ -46.070938, -6.309416, 0.0 ], [ -46.074345, -6.30914, 0.0 ], [ -46.076018, -6.308568, 0.0 ], [ -46.076437, -6.308567, 0.0 ], [ -46.078652, -6.309998, 0.0 ], [ -46.079789, -6.310295, 0.0 ], [ -46.080267, -6.310115, 0.0 ], [ -46.080444, -6.309037, 0.0 ], [ -46.080951, -6.308378, 0.0 ], [ -46.081069, -6.30781, 0.0 ], [ -46.081068, -6.307002, 0.0 ], [ -46.081572, -6.304907, 0.0 ], [ -46.081776, -6.302514, 0.0 ], [ -46.082277, -6.299252, 0.0 ], [ -46.081767, -6.298116, 0.0 ], [ -46.081467, -6.297788, 0.0 ], [ -46.080331, -6.297521, 0.0 ], [ -46.078504, -6.296029, 0.0 ], [ -46.076859, -6.295494, 0.0 ], [ -46.075152, -6.294451, 0.0 ], [ -46.07291, -6.294575, 0.0 ], [ -46.072222, -6.294427, 0.0 ], [ -46.069618, -6.292906, 0.0 ], [ -46.069138, -6.291681, 0.0 ], [ -46.069015, -6.290305, 0.0 ], [ -46.069432, -6.289287, 0.0 ], [ -46.06979, -6.288958, 0.0 ], [ -46.070358, -6.288926, 0.0 ], [ -46.070926, -6.289135, 0.0 ], [ -46.072152, -6.289102, 0.0 ], [ -46.072838, -6.288443, 0.0 ], [ -46.075763, -6.286343, 0.0 ], [ -46.07624, -6.285654, 0.0 ], [ -46.075961, -6.280539, 0.0 ], [ -46.07566, -6.279672, 0.0 ], [ -46.07452, -6.27776, 0.0 ], [ -46.074459, -6.277252, 0.0 ], [ -46.073859, -6.276176, 0.0 ], [ -46.074188, -6.276056, 0.0 ], [ -46.074547, -6.276294, 0.0 ], [ -46.075384, -6.276472, 0.0 ], [ -46.075535, -6.276921, 0.0 ], [ -46.075924, -6.277398, 0.0 ], [ -46.076373, -6.277457, 0.0 ], [ -46.07643, -6.276261, 0.0 ], [ -46.076579, -6.275931, 0.0 ], [ -46.076788, -6.275781, 0.0 ], [ -46.078133, -6.275808, 0.0 ], [ -46.078401, -6.27524, 0.0 ], [ -46.07867, -6.275, 0.0 ], [ -46.079507, -6.274968, 0.0 ], [ -46.079957, -6.275865, 0.0 ], [ -46.081123, -6.275713, 0.0 ], [ -46.082168, -6.275381, 0.0 ], [ -46.082587, -6.27541, 0.0 ], [ -46.082946, -6.275739, 0.0 ], [ -46.083067, -6.276337, 0.0 ], [ -46.083039, -6.276995, 0.0 ], [ -46.082711, -6.277743, 0.0 ], [ -46.082474, -6.278851, 0.0 ], [ -46.082535, -6.279389, 0.0 ], [ -46.082775, -6.279718, 0.0 ], [ -46.084029, -6.278997, 0.0 ], [ -46.084358, -6.279146, 0.0 ], [ -46.084538, -6.279415, 0.0 ], [ -46.08436, -6.279774, 0.0 ], [ -46.084361, -6.280283, 0.0 ], [ -46.085288, -6.28055, 0.0 ], [ -46.085678, -6.281058, 0.0 ], [ -46.086156, -6.281116, 0.0 ], [ -46.086425, -6.280877, 0.0 ], [ -46.086392, -6.27962, 0.0 ], [ -46.086631, -6.27947, 0.0 ], [ -46.08696, -6.279559, 0.0 ], [ -46.08732, -6.280037, 0.0 ], [ -46.087769, -6.280186, 0.0 ], [ -46.088187, -6.280035, 0.0 ] ] } },
{ "type": "Feature", "properties": { "nome": "Rio Mearim", "comprimento": 1.7963448336600001 }, "geometry": { "type": "LineString", "coordinates": [ [ -44.950546, -5.04723, 0.0 ], [ -44.949806, -5.047182, 0.0 ], [ -44.949305, -5.047397, 0.0 ], [ -44.948612, -5.047421, 0.0 ], [ -44.948326, -5.046799, 0.0 ], [ -44.948565, -5.045722, 0.0 ], [ -44.948374, -5.044788, 0.0 ], [ -44.947729, -5.044477, 0.0 ], [ -44.946321, -5.04419, 0.0 ], [ -44.945963, -5.043855, 0.0 ], [ -44.945939, -5.043496, 0.0 ], [ -44.946417, -5.04273, 0.0 ], [ -44.946417, -5.042418, 0.0 ], [ -44.94613, -5.042155, 0.0 ], [ -44.945244, -5.042081, 0.0 ], [ -44.944976, -5.041698, 0.0 ], [ -44.944881, -5.040166, 0.0 ], [ -44.944728, -5.03984, 0.0 ], [ -44.944308, -5.039649, 0.0 ], [ -44.943353, -5.039553, 0.0 ], [ -44.943363, -5.037418, 0.0 ] ] } },
{ "type": "Feature", "properties": { "nome": "Rio Mearim", "comprimento": 4.7945348133200003 }, "geometry": { "type": "LineString", "coordinates": [ [ -44.7588, -4.113645, 0.0 ], [ -44.761054, -4.110845, 0.0 ], [ -44.761126, -4.110199, 0.0 ], [ -44.760947, -4.10984, 0.0 ], [ -44.760518, -4.109516, 0.0 ], [ -44.75941, -4.109193, 0.0 ], [ -44.757014, -4.109838, 0.0 ], [ -44.75612, -4.10973, 0.0 ], [ -44.754904, -4.108832, 0.0 ], [ -44.754011, -4.107252, 0.0 ], [ -44.751973, -4.105133, 0.0 ], [ -44.749256, -4.103876, 0.0 ], [ -44.748398, -4.103732, 0.0 ], [ -44.746396, -4.103911, 0.0 ], [ -44.74611, -4.103695, 0.0 ], [ -44.746038, -4.103264, 0.0 ], [ -44.746217, -4.10287, 0.0 ], [ -44.746968, -4.102403, 0.0 ], [ -44.747898, -4.101003, 0.0 ], [ -44.750902, -4.099963, 0.0 ], [ -44.751761, -4.099532, 0.0 ], [ -44.752333, -4.098707, 0.0 ], [ -44.75287, -4.096732, 0.0 ], [ -44.753299, -4.095834, 0.0 ], [ -44.754158, -4.094758, 0.0 ], [ -44.756375, -4.095046, 0.0 ], [ -44.756911, -4.093969, 0.0 ], [ -44.758736, -4.091276, 0.0 ], [ -44.758736, -4.09081, 0.0 ], [ -44.758486, -4.090307, 0.0 ], [ -44.758258, -4.090201, 0.0 ] ] } },
{ "type": "Feature", "properties": { "nome": "Rio Mearim", "comprimento": 24.807765240599998 }, "geometry": { "type": "LineString", "coordinates": [ [ -44.758258, -4.090201, 0.0 ], [ -44.757377, -4.090091, 0.0 ], [ -44.755696, -4.090844, 0.0 ], [ -44.755196, -4.090844, 0.0 ], [ -44.754803, -4.090629, 0.0 ], [ -44.753695, -4.087684, 0.0 ], [ -44.752694, -4.085745, 0.0 ], [ -44.752766, -4.085278, 0.0 ], [ -44.756379, -4.079427, 0.0 ], [ -44.756701, -4.078565, 0.0 ], [ -44.75706, -4.075586, 0.0 ], [ -44.756774, -4.073611, 0.0 ], [ -44.756345, -4.073108, 0.0 ], [ -44.754701, -4.071779, 0.0 ], [ -44.754058, -4.07142, 0.0 ], [ -44.752949, -4.071455, 0.0 ], [ -44.750839, -4.072532, 0.0 ], [ -44.74923, -4.073106, 0.0 ], [ -44.74805, -4.073823, 0.0 ], [ -44.74687, -4.074721, 0.0 ], [ -44.745582, -4.076875, 0.0 ], [ -44.744688, -4.077197, 0.0 ], [ -44.74433, -4.076982, 0.0 ], [ -44.74383, -4.07612, 0.0 ], [ -44.743509, -4.07454, 0.0 ], [ -44.74258, -4.072852, 0.0 ], [ -44.740828, -4.071559, 0.0 ], [ -44.739863, -4.070374, 0.0 ], [ -44.739148, -4.068902, 0.0 ], [ -44.738505, -4.068219, 0.0 ], [ -44.73754, -4.067573, 0.0 ], [ -44.737504, -4.067178, 0.0 ], [ -44.737683, -4.066675, 0.0 ], [ -44.738112, -4.066424, 0.0 ], [ -44.740007, -4.067322, 0.0 ], [ -44.740794, -4.067394, 0.0 ], [ -44.742367, -4.067251, 0.0 ], [ -44.743082, -4.066856, 0.0 ], [ -44.743583, -4.066282, 0.0 ], [ -44.743798, -4.065025, 0.0 ], [ -44.743798, -4.06402, 0.0 ], [ -44.744013, -4.063625, 0.0 ], [ -44.745086, -4.063159, 0.0 ], [ -44.745801, -4.063159, 0.0 ], [ -44.746409, -4.062908, 0.0 ], [ -44.746909, -4.061831, 0.0 ], [ -44.747053, -4.061185, 0.0 ], [ -44.746374, -4.059784, 0.0 ], [ -44.744765, -4.058204, 0.0 ], [ -44.743907, -4.057809, 0.0 ], [ -44.740976, -4.055905, 0.0 ], [ -44.740011, -4.055007, 0.0 ], [ -44.739296, -4.054576, 0.0 ], [ -44.73876, -4.054396, 0.0 ], [ -44.736579, -4.054755, 0.0 ], [ -44.734898, -4.054754, 0.0 ], [ -44.734076, -4.054646, 0.0 ], [ -44.733754, -4.054395, 0.0 ], [ -44.733647, -4.054035, 0.0 ], [ -44.733647, -4.053641, 0.0 ], [ -44.733898, -4.052994, 0.0 ], [ -44.734363, -4.052276, 0.0 ], [ -44.736079, -4.050482, 0.0 ], [ -44.736079, -4.050123, 0.0 ], [ -44.735865, -4.049764, 0.0 ], [ -44.735293, -4.049548, 0.0 ], [ -44.734257, -4.048435, 0.0 ], [ -44.733649, -4.04689, 0.0 ], [ -44.733649, -4.046424, 0.0 ], [ -44.734043, -4.045921, 0.0 ], [ -44.736474, -4.044845, 0.0 ], [ -44.737118, -4.044199, 0.0 ], [ -44.737548, -4.043517, 0.0 ], [ -44.738084, -4.042081, 0.0 ], [ -44.738085, -4.040609, 0.0 ], [ -44.738586, -4.038993, 0.0 ], [ -44.739838, -4.037486, 0.0 ], [ -44.740374, -4.036121, 0.0 ], [ -44.740303, -4.035188, 0.0 ], [ -44.738087, -4.0335, 0.0 ], [ -44.736944, -4.031417, 0.0 ], [ -44.738482, -4.027683, 0.0 ], [ -44.738375, -4.027073, 0.0 ], [ -44.737589, -4.025852, 0.0 ], [ -44.736088, -4.025169, 0.0 ], [ -44.735623, -4.025169, 0.0 ], [ -44.735194, -4.025564, 0.0 ], [ -44.735122, -4.026066, 0.0 ], [ -44.735372, -4.02761, 0.0 ], [ -44.735622, -4.028149, 0.0 ], [ -44.735621, -4.029118, 0.0 ], [ -44.734263, -4.029836, 0.0 ], [ -44.732117, -4.030266, 0.0 ], [ -44.731617, -4.030733, 0.0 ], [ -44.731116, -4.032061, 0.0 ], [ -44.730757, -4.034251, 0.0 ], [ -44.729469, -4.036225, 0.0 ], [ -44.72854, -4.037266, 0.0 ], [ -44.727574, -4.037948, 0.0 ], [ -44.725178, -4.039348, 0.0 ], [ -44.724499, -4.039599, 0.0 ], [ -44.723855, -4.039347, 0.0 ], [ -44.723569, -4.038701, 0.0 ], [ -44.723355, -4.038126, 0.0 ], [ -44.723284, -4.036511, 0.0 ], [ -44.722891, -4.035397, 0.0 ], [ -44.722427, -4.034571, 0.0 ], [ -44.721211, -4.033171, 0.0 ], [ -44.720461, -4.031627, 0.0 ], [ -44.719961, -4.030908, 0.0 ], [ -44.71896, -4.029795, 0.0 ], [ -44.718317, -4.029472, 0.0 ], [ -44.715135, -4.028645, 0.0 ], [ -44.714956, -4.027855, 0.0 ], [ -44.714528, -4.026993, 0.0 ], [ -44.714134, -4.02667, 0.0 ], [ -44.713634, -4.026598, 0.0 ], [ -44.713241, -4.026849, 0.0 ], [ -44.711738, -4.028536, 0.0 ], [ -44.711166, -4.028895, 0.0 ], [ -44.71063, -4.029146, 0.0 ], [ -44.709915, -4.02893, 0.0 ], [ -44.709271, -4.02893, 0.0 ], [ -44.707018, -4.03015, 0.0 ], [ -44.706553, -4.030042, 0.0 ], [ -44.70591, -4.029575, 0.0 ], [ -44.705481, -4.028749, 0.0 ], [ -44.705017, -4.026918, 0.0 ], [ -44.704552, -4.026666, 0.0 ], [ -44.703909, -4.026522, 0.0 ], [ -44.702335, -4.027527, 0.0 ], [ -44.701763, -4.027706, 0.0 ], [ -44.700405, -4.027706, 0.0 ], [ -44.699189, -4.027239, 0.0 ], [ -44.697295, -4.025479, 0.0 ], [ -44.693399, -4.023754, 0.0 ], [ -44.691218, -4.02343, 0.0 ], [ -44.690503, -4.02343, 0.0 ], [ -44.689859, -4.023645, 0.0 ], [ -44.68918, -4.023645, 0.0 ], [ -44.688572, -4.023465, 0.0 ], [ -44.687303, -4.02204, 0.0 ], [ -44.684444, -4.019945, 0.0 ], [ -44.684086, -4.019376, 0.0 ], [ -44.681644, -4.018238, 0.0 ], [ -44.677384, -4.017369, 0.0 ], [ -44.674285, -4.017517, 0.0 ], [ -44.668178, -4.015719, 0.0 ], [ -44.666956, -4.015629, 0.0 ], [ -44.66353, -4.015807, 0.0 ], [ -44.659806, -4.014788, 0.0 ], [ -44.65921, -4.014818, 0.0 ], [ -44.655187, -4.016253, 0.0 ], [ -44.654621, -4.016252, 0.0 ] ] } },
{ "type": "Feature", "properties": { "nome": "Rio Mearim", "comprimento": 20.8292184401 }, "geometry": { "type": "LineString", "coordinates": [ [ -44.854987, -3.567518, 0.0 ], [ -44.853974, -3.566979, 0.0 ], [ -44.852605, -3.566919, 0.0 ], [ -44.850758, -3.567337, 0.0 ], [ -44.848912, -3.568534, 0.0 ], [ -44.845516, -3.571346, 0.0 ], [ -44.84367, -3.572542, 0.0 ], [ -44.842598, -3.572901, 0.0 ], [ -44.841585, -3.572722, 0.0 ], [ -44.840752, -3.571824, 0.0 ], [ -44.83968, -3.570208, 0.0 ], [ -44.836107, -3.564103, 0.0 ], [ -44.83575, -3.562428, 0.0 ], [ -44.835334, -3.558897, 0.0 ], [ -44.834322, -3.556623, 0.0 ], [ -44.833548, -3.556084, 0.0 ], [ -44.832833, -3.554708, 0.0 ], [ -44.832596, -3.552314, 0.0 ], [ -44.832597, -3.547467, 0.0 ], [ -44.832358, -3.546509, 0.0 ], [ -44.831882, -3.545731, 0.0 ], [ -44.828488, -3.543397, 0.0 ], [ -44.82694, -3.5419, 0.0 ], [ -44.82563, -3.540344, 0.0 ], [ -44.823605, -3.537352, 0.0 ], [ -44.823487, -3.535856, 0.0 ], [ -44.823963, -3.534001, 0.0 ], [ -44.825095, -3.532026, 0.0 ], [ -44.826406, -3.530889, 0.0 ], [ -44.827716, -3.530411, 0.0 ], [ -44.829324, -3.53083, 0.0 ], [ -44.830694, -3.531728, 0.0 ], [ -44.832063, -3.532925, 0.0 ], [ -44.833254, -3.534421, 0.0 ], [ -44.834207, -3.535977, 0.0 ], [ -44.834861, -3.537593, 0.0 ], [ -44.835695, -3.538491, 0.0 ], [ -44.836946, -3.539509, 0.0 ], [ -44.838315, -3.539569, 0.0 ], [ -44.840102, -3.538791, 0.0 ], [ -44.840758, -3.537295, 0.0 ], [ -44.840639, -3.535141, 0.0 ], [ -44.839865, -3.532268, 0.0 ], [ -44.838674, -3.529814, 0.0 ], [ -44.837364, -3.52778, 0.0 ], [ -44.836591, -3.526283, 0.0 ], [ -44.836412, -3.525266, 0.0 ], [ -44.83671, -3.524728, 0.0 ], [ -44.837425, -3.524428, 0.0 ], [ -44.838199, -3.524608, 0.0 ], [ -44.839449, -3.525326, 0.0 ], [ -44.841236, -3.526703, 0.0 ], [ -44.843141, -3.527302, 0.0 ], [ -44.844154, -3.527362, 0.0 ], [ -44.845166, -3.527123, 0.0 ], [ -44.846238, -3.526465, 0.0 ], [ -44.847013, -3.525747, 0.0 ], [ -44.848204, -3.523293, 0.0 ], [ -44.848383, -3.522037, 0.0 ], [ -44.849158, -3.519763, 0.0 ], [ -44.85023, -3.517429, 0.0 ], [ -44.850707, -3.515275, 0.0 ], [ -44.850707, -3.512343, 0.0 ], [ -44.852734, -3.504204, 0.0 ], [ -44.853687, -3.497742, 0.0 ], [ -44.853628, -3.495827, 0.0 ], [ -44.851783, -3.491458, 0.0 ], [ -44.850711, -3.490201, 0.0 ], [ -44.84952, -3.489603, 0.0 ], [ -44.84821, -3.489303, 0.0 ], [ -44.846721, -3.488704, 0.0 ], [ -44.845411, -3.487328, 0.0 ], [ -44.844459, -3.485712, 0.0 ], [ -44.844518, -3.484396, 0.0 ], [ -44.845293, -3.483378, 0.0 ], [ -44.846305, -3.482601, 0.0 ], [ -44.847258, -3.482481, 0.0 ], [ -44.848866, -3.48296, 0.0 ], [ -44.852404, -3.484999, 0.0 ], [ -44.853662, -3.485343, 0.0 ], [ -44.85532, -3.485286, 0.0 ], [ -44.85692, -3.484999, 0.0 ], [ -44.858121, -3.484138, 0.0 ], [ -44.858693, -3.483391, 0.0 ], [ -44.859722, -3.482529, 0.0 ], [ -44.860351, -3.481495, 0.0 ], [ -44.861152, -3.478681, 0.0 ], [ -44.86241, -3.475751, 0.0 ], [ -44.863383, -3.472764, 0.0 ], [ -44.864126, -3.4715, 0.0 ], [ -44.865098, -3.470409, 0.0 ], [ -44.865882, -3.469907, 0.0 ] ] } },
{ "type": "Feature", "properties": { "nome": "Rio Mearim", "comprimento": 2.05491450265 }, "geometry": { "type": "LineString", "coordinates": [ [ -44.775017, -4.174005, 0.0 ], [ -44.774481, -4.172569, 0.0 ], [ -44.77441, -4.171743, 0.0 ], [ -44.775305, -4.168583, 0.0 ], [ -44.776092, -4.167112, 0.0 ], [ -44.776164, -4.165424, 0.0 ], [ -44.775664, -4.164454, 0.0 ], [ -44.774913, -4.163628, 0.0 ], [ -44.774699, -4.163054, 0.0 ], [ -44.774591, -4.1623, 0.0 ], [ -44.774771, -4.159751, 0.0 ], [ -44.77454, -4.156338, 0.0 ] ] } },
{ "type": "Feature", "properties": { "nome": "Rio Mearim", "comprimento": 29.448326277900001 }, "geometry": { "type": "LineString", "coordinates": [ [ -44.852211, -3.458929, 0.0 ], [ -44.851779, -3.459032, 0.0 ], [ -44.850693, -3.459893, 0.0 ], [ -44.850235, -3.460755, 0.0 ], [ -44.850235, -3.461732, 0.0 ], [ -44.850864, -3.463455, 0.0 ], [ -44.853036, -3.466558, 0.0 ], [ -44.854236, -3.468971, 0.0 ], [ -44.854636, -3.470177, 0.0 ], [ -44.854807, -3.471326, 0.0 ], [ -44.854693, -3.472245, 0.0 ], [ -44.853892, -3.472935, 0.0 ], [ -44.851262, -3.473968, 0.0 ], [ -44.849604, -3.474198, 0.0 ], [ -44.844687, -3.476093, 0.0 ], [ -44.83714, -3.480573, 0.0 ], [ -44.835024, -3.482583, 0.0 ], [ -44.83411, -3.48287, 0.0 ], [ -44.833309, -3.482812, 0.0 ], [ -44.832223, -3.482238, 0.0 ], [ -44.831709, -3.481203, 0.0 ], [ -44.831652, -3.479652, 0.0 ], [ -44.832167, -3.47678, 0.0 ], [ -44.832224, -3.475172, 0.0 ], [ -44.831997, -3.467014, 0.0 ], [ -44.831483, -3.46575, 0.0 ], [ -44.830797, -3.465405, 0.0 ], [ -44.829825, -3.465233, 0.0 ], [ -44.828682, -3.46552, 0.0 ], [ -44.824736, -3.469425, 0.0 ], [ -44.822449, -3.471091, 0.0 ], [ -44.817989, -3.473331, 0.0 ], [ -44.81616, -3.47402, 0.0 ], [ -44.814902, -3.474307, 0.0 ], [ -44.813759, -3.473962, 0.0 ], [ -44.812673, -3.473215, 0.0 ], [ -44.810729, -3.470514, 0.0 ], [ -44.808271, -3.468618, 0.0 ], [ -44.806728, -3.468388, 0.0 ], [ -44.805413, -3.468962, 0.0 ], [ -44.804041, -3.470111, 0.0 ], [ -44.801181, -3.473212, 0.0 ], [ -44.800095, -3.474591, 0.0 ], [ -44.799294, -3.476027, 0.0 ], [ -44.798208, -3.478669, 0.0 ], [ -44.797578, -3.479703, 0.0 ], [ -44.796663, -3.480565, 0.0 ], [ -44.795234, -3.481139, 0.0 ], [ -44.794148, -3.481081, 0.0 ], [ -44.793233, -3.480851, 0.0 ], [ -44.791518, -3.479759, 0.0 ], [ -44.788546, -3.475795, 0.0 ], [ -44.786775, -3.471601, 0.0 ], [ -44.785004, -3.467866, 0.0 ], [ -44.783194, -3.46461, 0.0 ], [ -44.781384, -3.461881, 0.0 ], [ -44.780765, -3.460636, 0.0 ], [ -44.780432, -3.459631, 0.0 ], [ -44.780432, -3.458721, 0.0 ], [ -44.781004, -3.457429, 0.0 ], [ -44.783148, -3.455897, 0.0 ], [ -44.785435, -3.454557, 0.0 ], [ -44.78615, -3.453887, 0.0 ], [ -44.786531, -3.45293, 0.0 ], [ -44.786484, -3.451925, 0.0 ], [ -44.78596, -3.451206, 0.0 ], [ -44.784912, -3.450775, 0.0 ], [ -44.782673, -3.450775, 0.0 ], [ -44.781482, -3.450631, 0.0 ], [ -44.780148, -3.4502, 0.0 ], [ -44.779196, -3.449481, 0.0 ], [ -44.778386, -3.448045, 0.0 ], [ -44.778387, -3.445508, 0.0 ], [ -44.777958, -3.443018, 0.0 ], [ -44.778149, -3.44163, 0.0 ], [ -44.778531, -3.440625, 0.0 ], [ -44.779389, -3.439093, 0.0 ], [ -44.781581, -3.436029, 0.0 ], [ -44.783677, -3.434163, 0.0 ], [ -44.784916, -3.434067, 0.0 ], [ -44.786345, -3.434738, 0.0 ], [ -44.787107, -3.435696, 0.0 ], [ -44.787583, -3.437132, 0.0 ], [ -44.787726, -3.438807, 0.0 ], [ -44.788297, -3.441345, 0.0 ], [ -44.789154, -3.443164, 0.0 ], [ -44.790059, -3.444361, 0.0 ], [ -44.790725, -3.445702, 0.0 ], [ -44.791678, -3.446851, 0.0 ], [ -44.793631, -3.448623, 0.0 ], [ -44.794726, -3.450347, 0.0 ], [ -44.796441, -3.452358, 0.0 ], [ -44.79806, -3.453555, 0.0 ], [ -44.799156, -3.453555, 0.0 ], [ -44.800252, -3.453029, 0.0 ], [ -44.800871, -3.452023, 0.0 ], [ -44.801158, -3.450348, 0.0 ], [ -44.80092, -3.448289, 0.0 ], [ -44.800158, -3.446757, 0.0 ], [ -44.79911, -3.44556, 0.0 ], [ -44.794728, -3.443357, 0.0 ], [ -44.793918, -3.442734, 0.0 ], [ -44.793061, -3.441777, 0.0 ], [ -44.792299, -3.440101, 0.0 ], [ -44.791633, -3.436798, 0.0 ], [ -44.790537, -3.433973, 0.0 ], [ -44.789633, -3.432728, 0.0 ], [ -44.787442, -3.430813, 0.0 ], [ -44.782916, -3.428083, 0.0 ], [ -44.781488, -3.42612, 0.0 ], [ -44.781012, -3.425114, 0.0 ], [ -44.780821, -3.424109, 0.0 ], [ -44.780869, -3.42272, 0.0 ], [ -44.781441, -3.421715, 0.0 ], [ -44.782108, -3.420902, 0.0 ], [ -44.782918, -3.420471, 0.0 ], [ -44.784538, -3.420471, 0.0 ], [ -44.786396, -3.421238, 0.0 ], [ -44.789253, -3.423488, 0.0 ], [ -44.793874, -3.427559, 0.0 ], [ -44.796732, -3.429331, 0.0 ], [ -44.798208, -3.431006, 0.0 ], [ -44.799637, -3.433257, 0.0 ], [ -44.800208, -3.433783, 0.0 ], [ -44.801209, -3.434215, 0.0 ], [ -44.803067, -3.434215, 0.0 ], [ -44.80388, -3.433716, 0.0 ] ] } },
{ "type": "Feature", "properties": { "nome": "Rio Mearim", "comprimento": 7.8866671558199997 }, "geometry": { "type": "LineString", "coordinates": [ [ -44.627718, -4.031155, 0.0 ], [ -44.627266, -4.031587, 0.0 ], [ -44.626599, -4.031889, 0.0 ], [ -44.626105, -4.031867, 0.0 ], [ -44.624621, -4.030549, 0.0 ], [ -44.623761, -4.030008, 0.0 ], [ -44.621997, -4.030008, 0.0 ], [ -44.620577, -4.029337, 0.0 ], [ -44.61961, -4.028127, 0.0 ], [ -44.619417, -4.027695, 0.0 ], [ -44.619417, -4.027285, 0.0 ], [ -44.620407, -4.026399, 0.0 ], [ -44.620579, -4.025946, 0.0 ], [ -44.619977, -4.025405, 0.0 ], [ -44.618815, -4.025362, 0.0 ], [ -44.61817, -4.025491, 0.0 ], [ -44.617267, -4.025275, 0.0 ], [ -44.617095, -4.024713, 0.0 ], [ -44.617203, -4.023503, 0.0 ], [ -44.61771, -4.022349, 0.0 ], [ -44.618521, -4.022219, 0.0 ], [ -44.619031, -4.022387, 0.0 ], [ -44.619823, -4.022308, 0.0 ], [ -44.62191, -4.021381, 0.0 ], [ -44.622993, -4.021063, 0.0 ], [ -44.626876, -4.020296, 0.0 ], [ -44.629491, -4.019263, 0.0 ], [ -44.630178, -4.018812, 0.0 ], [ -44.630449, -4.018511, 0.0 ], [ -44.630944, -4.017003, 0.0 ], [ -44.631529, -4.014652, 0.0 ], [ -44.631559, -4.013814, 0.0 ], [ -44.631738, -4.013455, 0.0 ], [ -44.632095, -4.013366, 0.0 ], [ -44.633406, -4.013665, 0.0 ], [ -44.633704, -4.013366, 0.0 ], [ -44.635106, -4.011003, 0.0 ], [ -44.63591, -4.010136, 0.0 ], [ -44.63606, -4.009538, 0.0 ], [ -44.635851, -4.009238, 0.0 ], [ -44.635345, -4.008879, 0.0 ], [ -44.634004, -4.008489, 0.0 ], [ -44.633468, -4.00807, 0.0 ], [ -44.631831, -4.004898, 0.0 ], [ -44.631831, -4.004419, 0.0 ], [ -44.634097, -4.000261, 0.0 ], [ -44.634932, -3.999873, 0.0 ], [ -44.635855, -3.999783, 0.0 ], [ -44.636541, -3.999365, 0.0 ], [ -44.636749, -3.999066, 0.0 ], [ -44.63675, -3.998677, 0.0 ], [ -44.636571, -3.998378, 0.0 ], [ -44.635499, -3.997898, 0.0 ], [ -44.634456, -3.99697, 0.0 ], [ -44.634635, -3.996103, 0.0 ], [ -44.636453, -3.996133, 0.0 ], [ -44.63681, -3.996014, 0.0 ], [ -44.637049, -3.995745, 0.0 ], [ -44.637049, -3.995296, 0.0 ], [ -44.63565, -3.99371, 0.0 ], [ -44.635322, -3.99365, 0.0 ], [ -44.633445, -3.994127, 0.0 ] ] } },
{ "type": "Feature", "properties": { "nome": "Rio Mearim", "comprimento": 6.0445416956200004 }, "geometry": { "type": "LineString", "coordinates": [ [ -44.638723, -3.988424, 0.0 ], [ -44.638113, -3.986666, 0.0 ], [ -44.638078, -3.986164, 0.0 ], [ -44.638436, -3.985158, 0.0 ], [ -44.637543, -3.984009, 0.0 ], [ -44.636971, -3.983506, 0.0 ], [ -44.63622, -3.983111, 0.0 ], [ -44.635899, -3.982644, 0.0 ], [ -44.635828, -3.981244, 0.0 ], [ -44.63261, -3.981099, 0.0 ], [ -44.631537, -3.98275, 0.0 ], [ -44.631179, -3.982929, 0.0 ], [ -44.630536, -3.982965, 0.0 ], [ -44.629785, -3.982785, 0.0 ], [ -44.628963, -3.982318, 0.0 ], [ -44.627498, -3.980953, 0.0 ], [ -44.627355, -3.980342, 0.0 ], [ -44.627606, -3.979588, 0.0 ], [ -44.628071, -3.978978, 0.0 ], [ -44.630467, -3.977902, 0.0 ], [ -44.630789, -3.9774, 0.0 ], [ -44.631147, -3.974958, 0.0 ], [ -44.630791, -3.972732, 0.0 ], [ -44.630934, -3.971978, 0.0 ], [ -44.631507, -3.970686, 0.0 ], [ -44.631186, -3.96907, 0.0 ], [ -44.631544, -3.966916, 0.0 ], [ -44.63108, -3.965444, 0.0 ], [ -44.631438, -3.963864, 0.0 ], [ -44.63101, -3.961961, 0.0 ], [ -44.631869, -3.960202, 0.0 ], [ -44.633192, -3.958946, 0.0 ], [ -44.634444, -3.957367, 0.0 ], [ -44.634909, -3.956434, 0.0 ], [ -44.635769, -3.952269, 0.0 ], [ -44.637092, -3.950582, 0.0 ], [ -44.638201, -3.94947, 0.0 ] ] } },
{ "type": "Feature", "properties": { "nome": "Rio Mearim", "comprimento": 10.610283303399999 }, "geometry": { "type": "LineString", "coordinates": [ [ -44.77454, -4.156338, 0.0 ], [ -44.774272, -4.154904, 0.0 ], [ -44.774522, -4.153934, 0.0 ], [ -44.775095, -4.15318, 0.0 ], [ -44.776919, -4.151996, 0.0 ], [ -44.777348, -4.151529, 0.0 ], [ -44.777956, -4.150129, 0.0 ], [ -44.778564, -4.149519, 0.0 ], [ -44.780388, -4.148299, 0.0 ], [ -44.780532, -4.147509, 0.0 ], [ -44.78021, -4.146827, 0.0 ], [ -44.779531, -4.146108, 0.0 ], [ -44.777814, -4.145677, 0.0 ], [ -44.775991, -4.145569, 0.0 ], [ -44.77431, -4.144563, 0.0 ], [ -44.770628, -4.143054, 0.0 ], [ -44.77002, -4.142659, 0.0 ], [ -44.769412, -4.141977, 0.0 ], [ -44.769019, -4.141258, 0.0 ], [ -44.768984, -4.140289, 0.0 ], [ -44.769377, -4.139427, 0.0 ], [ -44.770987, -4.138099, 0.0 ], [ -44.771487, -4.138135, 0.0 ], [ -44.773204, -4.138962, 0.0 ], [ -44.774062, -4.138854, 0.0 ], [ -44.774777, -4.138531, 0.0 ], [ -44.775599, -4.138531, 0.0 ], [ -44.776386, -4.138783, 0.0 ], [ -44.77728, -4.139681, 0.0 ], [ -44.777744, -4.140435, 0.0 ], [ -44.778138, -4.140722, 0.0 ], [ -44.778531, -4.140543, 0.0 ], [ -44.778639, -4.14004, 0.0 ], [ -44.778281, -4.139178, 0.0 ], [ -44.777888, -4.13724, 0.0 ], [ -44.777495, -4.136916, 0.0 ], [ -44.775922, -4.136341, 0.0 ], [ -44.773991, -4.136305, 0.0 ], [ -44.773061, -4.135802, 0.0 ], [ -44.772346, -4.135084, 0.0 ], [ -44.771489, -4.133791, 0.0 ], [ -44.770917, -4.13336, 0.0 ], [ -44.770344, -4.133288, 0.0 ], [ -44.769701, -4.133539, 0.0 ], [ -44.7692, -4.134006, 0.0 ], [ -44.768628, -4.134113, 0.0 ], [ -44.767949, -4.133646, 0.0 ], [ -44.767305, -4.132677, 0.0 ], [ -44.766841, -4.131599, 0.0 ], [ -44.766448, -4.129984, 0.0 ], [ -44.765947, -4.129158, 0.0 ], [ -44.76534, -4.128511, 0.0 ], [ -44.764553, -4.128044, 0.0 ], [ -44.763838, -4.128116, 0.0 ], [ -44.763337, -4.128618, 0.0 ], [ -44.762514, -4.131203, 0.0 ], [ -44.762121, -4.131311, 0.0 ], [ -44.760869, -4.130951, 0.0 ], [ -44.760726, -4.130592, 0.0 ], [ -44.760905, -4.13009, 0.0 ], [ -44.760905, -4.129372, 0.0 ], [ -44.76062, -4.127756, 0.0 ], [ -44.759834, -4.125817, 0.0 ], [ -44.759333, -4.125206, 0.0 ], [ -44.758976, -4.124165, 0.0 ], [ -44.760121, -4.122801, 0.0 ], [ -44.761337, -4.122263, 0.0 ], [ -44.763447, -4.121653, 0.0 ], [ -44.764126, -4.12115, 0.0 ], [ -44.764627, -4.119607, 0.0 ], [ -44.764592, -4.118996, 0.0 ], [ -44.76427, -4.118099, 0.0 ], [ -44.763984, -4.11756, 0.0 ], [ -44.763448, -4.117344, 0.0 ], [ -44.762876, -4.117344, 0.0 ], [ -44.76166, -4.118026, 0.0 ], [ -44.760015, -4.118349, 0.0 ], [ -44.759443, -4.118025, 0.0 ], [ -44.759121, -4.11763, 0.0 ], [ -44.759336, -4.117164, 0.0 ], [ -44.759801, -4.116984, 0.0 ], [ -44.761517, -4.116841, 0.0 ], [ -44.762518, -4.116411, 0.0 ], [ -44.762912, -4.11598, 0.0 ], [ -44.76327, -4.11537, 0.0 ], [ -44.763198, -4.114687, 0.0 ], [ -44.762734, -4.114113, 0.0 ], [ -44.762197, -4.113861, 0.0 ] ] } },
{ "type": "Feature", "properties": { "nome": "Rio Mearim", "comprimento": 9.5622950425000006 }, "geometry": { "type": "LineString", "coordinates": [ [ -44.638201, -3.94947, 0.0 ], [ -44.638201, -3.948823, 0.0 ], [ -44.637058, -3.947243, 0.0 ], [ -44.636594, -3.946202, 0.0 ], [ -44.636487, -3.945448, 0.0 ], [ -44.636559, -3.944801, 0.0 ], [ -44.636916, -3.944227, 0.0 ], [ -44.638132, -3.943689, 0.0 ], [ -44.638454, -3.943151, 0.0 ], [ -44.638562, -3.942253, 0.0 ], [ -44.638348, -3.941535, 0.0 ], [ -44.637347, -3.940026, 0.0 ], [ -44.635239, -3.938266, 0.0 ], [ -44.633095, -3.935285, 0.0 ], [ -44.632273, -3.934244, 0.0 ], [ -44.63163, -3.933669, 0.0 ], [ -44.629736, -3.932806, 0.0 ], [ -44.62752, -3.932482, 0.0 ], [ -44.62516, -3.932338, 0.0 ], [ -44.623945, -3.931978, 0.0 ], [ -44.622301, -3.931223, 0.0 ], [ -44.622086, -3.930685, 0.0 ], [ -44.62198, -3.929033, 0.0 ], [ -44.622338, -3.928171, 0.0 ], [ -44.623482, -3.926915, 0.0 ], [ -44.624126, -3.926844, 0.0 ], [ -44.625663, -3.927922, 0.0 ], [ -44.626306, -3.928209, 0.0 ], [ -44.626949, -3.928173, 0.0 ], [ -44.627093, -3.927707, 0.0 ], [ -44.626843, -3.926989, 0.0 ], [ -44.626271, -3.926593, 0.0 ], [ -44.624342, -3.923648, 0.0 ], [ -44.623913, -3.923397, 0.0 ], [ -44.623412, -3.923397, 0.0 ], [ -44.621768, -3.92397, 0.0 ], [ -44.621267, -3.923898, 0.0 ], [ -44.620874, -3.923611, 0.0 ], [ -44.620624, -3.922857, 0.0 ], [ -44.620518, -3.920164, 0.0 ], [ -44.620662, -3.919625, 0.0 ], [ -44.620912, -3.919338, 0.0 ], [ -44.621913, -3.919087, 0.0 ], [ -44.622271, -3.918657, 0.0 ], [ -44.622664, -3.917652, 0.0 ], [ -44.622558, -3.916574, 0.0 ], [ -44.624203, -3.914098, 0.0 ], [ -44.624346, -3.913667, 0.0 ], [ -44.623632, -3.912805, 0.0 ], [ -44.623346, -3.912123, 0.0 ], [ -44.623132, -3.910112, 0.0 ], [ -44.623454, -3.909502, 0.0 ], [ -44.623991, -3.908999, 0.0 ], [ -44.62442, -3.908712, 0.0 ], [ -44.625063, -3.908641, 0.0 ], [ -44.625671, -3.909108, 0.0 ], [ -44.626207, -3.910077, 0.0 ], [ -44.6266, -3.910257, 0.0 ], [ -44.627172, -3.910186, 0.0 ], [ -44.627601, -3.909934, 0.0 ], [ -44.62778, -3.909504, 0.0 ], [ -44.627744, -3.908929, 0.0 ], [ -44.626708, -3.907385, 0.0 ], [ -44.626101, -3.90681, 0.0 ], [ -44.625565, -3.906666, 0.0 ], [ -44.624492, -3.907204, 0.0 ], [ -44.623384, -3.907024, 0.0 ], [ -44.621418, -3.907562, 0.0 ], [ -44.620774, -3.907598, 0.0 ], [ -44.618416, -3.905406, 0.0 ], [ -44.617487, -3.903359, 0.0 ], [ -44.616916, -3.902892, 0.0 ], [ -44.616487, -3.902964, 0.0 ], [ -44.615592, -3.903825, 0.0 ] ] } },
{ "type": "Feature", "properties": { "nome": "Rio Mearim", "comprimento": 23.254324422700002 }, "geometry": { "type": "LineString", "coordinates": [ [ -44.745624, -3.728036, 0.0 ], [ -44.747679, -3.728366, 0.0 ], [ -44.749466, -3.729024, 0.0 ], [ -44.75021, -3.728995, 0.0 ], [ -44.751461, -3.728666, 0.0 ], [ -44.751938, -3.728097, 0.0 ], [ -44.752027, -3.727529, 0.0 ], [ -44.749526, -3.726032, 0.0 ], [ -44.749228, -3.724925, 0.0 ], [ -44.748841, -3.724327, 0.0 ], [ -44.748216, -3.722711, 0.0 ], [ -44.748217, -3.721574, 0.0 ], [ -44.749349, -3.720437, 0.0 ], [ -44.749796, -3.719779, 0.0 ], [ -44.750451, -3.71933, 0.0 ], [ -44.752566, -3.71975, 0.0 ], [ -44.75337, -3.71972, 0.0 ], [ -44.754293, -3.719182, 0.0 ], [ -44.754502, -3.718733, 0.0 ], [ -44.754472, -3.718224, 0.0 ], [ -44.753907, -3.717745, 0.0 ], [ -44.753281, -3.717566, 0.0 ], [ -44.752239, -3.717685, 0.0 ], [ -44.751881, -3.717894, 0.0 ], [ -44.751107, -3.718044, 0.0 ], [ -44.750452, -3.718074, 0.0 ], [ -44.74929, -3.717834, 0.0 ], [ -44.748724, -3.717535, 0.0 ], [ -44.74798, -3.716667, 0.0 ], [ -44.746848, -3.715739, 0.0 ], [ -44.74524, -3.71502, 0.0 ], [ -44.744764, -3.714422, 0.0 ], [ -44.744913, -3.713943, 0.0 ], [ -44.746403, -3.712178, 0.0 ], [ -44.746611, -3.71164, 0.0 ], [ -44.746462, -3.711191, 0.0 ], [ -44.745599, -3.710173, 0.0 ], [ -44.742681, -3.708257, 0.0 ], [ -44.741757, -3.708257, 0.0 ], [ -44.741221, -3.708676, 0.0 ], [ -44.740357, -3.709693, 0.0 ], [ -44.739761, -3.710112, 0.0 ], [ -44.739344, -3.710171, 0.0 ], [ -44.738749, -3.709962, 0.0 ], [ -44.73854, -3.709603, 0.0 ], [ -44.738064, -3.708525, 0.0 ], [ -44.738005, -3.707897, 0.0 ], [ -44.738154, -3.707388, 0.0 ], [ -44.738511, -3.707059, 0.0 ], [ -44.739405, -3.706701, 0.0 ], [ -44.741579, -3.706193, 0.0 ], [ -44.742413, -3.705744, 0.0 ], [ -44.743009, -3.705086, 0.0 ], [ -44.742801, -3.70356, 0.0 ], [ -44.742117, -3.701495, 0.0 ], [ -44.742088, -3.69979, 0.0 ], [ -44.742416, -3.696858, 0.0 ], [ -44.742089, -3.695601, 0.0 ], [ -44.741731, -3.695391, 0.0 ], [ -44.741255, -3.695361, 0.0 ], [ -44.74054, -3.69569, 0.0 ], [ -44.739408, -3.696707, 0.0 ], [ -44.738782, -3.697036, 0.0 ], [ -44.738187, -3.697036, 0.0 ], [ -44.736638, -3.696527, 0.0 ], [ -44.733898, -3.696287, 0.0 ], [ -44.732349, -3.696376, 0.0 ], [ -44.731605, -3.696705, 0.0 ], [ -44.730979, -3.697183, 0.0 ], [ -44.730354, -3.697363, 0.0 ], [ -44.729639, -3.697362, 0.0 ], [ -44.729162, -3.697123, 0.0 ], [ -44.729073, -3.696106, 0.0 ], [ -44.731874, -3.692905, 0.0 ], [ -44.733542, -3.691679, 0.0 ], [ -44.735657, -3.690602, 0.0 ], [ -44.736283, -3.690572, 0.0 ], [ -44.736699, -3.691021, 0.0 ], [ -44.736729, -3.692458, 0.0 ], [ -44.737205, -3.692996, 0.0 ], [ -44.737741, -3.692787, 0.0 ], [ -44.738248, -3.692219, 0.0 ], [ -44.739797, -3.691082, 0.0 ], [ -44.741793, -3.689856, 0.0 ], [ -44.74349, -3.689049, 0.0 ], [ -44.74492, -3.688899, 0.0 ], [ -44.745516, -3.689049, 0.0 ], [ -44.748464, -3.6892, 0.0 ], [ -44.749417, -3.68902, 0.0 ], [ -44.751294, -3.688183, 0.0 ], [ -44.755315, -3.68606, 0.0 ], [ -44.756387, -3.685911, 0.0 ], [ -44.757281, -3.685971, 0.0 ], [ -44.758204, -3.68627, 0.0 ], [ -44.759097, -3.688275, 0.0 ], [ -44.759335, -3.688514, 0.0 ], [ -44.759663, -3.688455, 0.0 ], [ -44.759901, -3.688126, 0.0 ], [ -44.76002, -3.687198, 0.0 ], [ -44.760348, -3.686839, 0.0 ], [ -44.761748, -3.686092, 0.0 ], [ -44.762553, -3.685224, 0.0 ], [ -44.762493, -3.684117, 0.0 ], [ -44.762374, -3.683638, 0.0 ], [ -44.762047, -3.683159, 0.0 ], [ -44.7616, -3.68301, 0.0 ], [ -44.761094, -3.683099, 0.0 ], [ -44.758621, -3.684565, 0.0 ], [ -44.755852, -3.684744, 0.0 ], [ -44.754511, -3.684534, 0.0 ], [ -44.753916, -3.684175, 0.0 ], [ -44.752249, -3.681691, 0.0 ], [ -44.751743, -3.680703, 0.0 ], [ -44.751624, -3.679746, 0.0 ], [ -44.752011, -3.679297, 0.0 ], [ -44.753441, -3.678489, 0.0 ], [ -44.754007, -3.677861, 0.0 ], [ -44.756003, -3.674212, 0.0 ], [ -44.75642, -3.674002, 0.0 ], [ -44.756867, -3.674002, 0.0 ], [ -44.75782, -3.674362, 0.0 ], [ -44.758743, -3.674422, 0.0 ], [ -44.759547, -3.674123, 0.0 ], [ -44.761066, -3.673944, 0.0 ], [ -44.762228, -3.674123, 0.0 ], [ -44.763419, -3.674543, 0.0 ], [ -44.764848, -3.675171, 0.0 ], [ -44.76601, -3.67592, 0.0 ], [ -44.767201, -3.676728, 0.0 ], [ -44.768868, -3.678344, 0.0 ], [ -44.76997, -3.679182, 0.0 ], [ -44.770804, -3.679422, 0.0 ], [ -44.771489, -3.679392, 0.0 ], [ -44.77268, -3.677986, 0.0 ], [ -44.773336, -3.677657, 0.0 ], [ -44.774468, -3.677418, 0.0 ], [ -44.775629, -3.677388, 0.0 ], [ -44.776731, -3.677538, 0.0 ], [ -44.777327, -3.677987, 0.0 ], [ -44.777714, -3.678406, 0.0 ], [ -44.777862, -3.678825, 0.0 ], [ -44.777564, -3.68053, 0.0 ], [ -44.77661, -3.683432, 0.0 ], [ -44.776281, -3.688788, 0.0 ], [ -44.776519, -3.692768, 0.0 ], [ -44.776369, -3.694503, 0.0 ], [ -44.776071, -3.695341, 0.0 ], [ -44.775446, -3.695999, 0.0 ], [ -44.773897, -3.696088, 0.0 ], [ -44.77351, -3.696298, 0.0 ], [ -44.77342, -3.696806, 0.0 ], [ -44.773569, -3.697285, 0.0 ], [ -44.773837, -3.697554, 0.0 ], [ -44.775862, -3.697794, 0.0 ], [ -44.776994, -3.698513, 0.0 ], [ -44.77756, -3.699051, 0.0 ], [ -44.778453, -3.700996, 0.0 ], [ -44.779792, -3.703121, 0.0 ], [ -44.781073, -3.70384, 0.0 ], [ -44.781669, -3.70384, 0.0 ], [ -44.782383, -3.703571, 0.0 ], [ -44.783724, -3.702703, 0.0 ], [ -44.784528, -3.702404, 0.0 ], [ -44.786285, -3.701956, 0.0 ], [ -44.787205, -3.701868, 0.0 ] ] } },
{ "type": "Feature", "properties": { "nome": "Rio Mearim", "comprimento": 20.743151448500001 }, "geometry": { "type": "LineString", "coordinates": [ [ -44.818463, -3.676735, 0.0 ], [ -44.819131, -3.674868, 0.0 ], [ -44.819274, -3.67348, 0.0 ], [ -44.818845, -3.67233, 0.0 ], [ -44.81794, -3.671516, 0.0 ], [ -44.816939, -3.671133, 0.0 ], [ -44.814938, -3.671181, 0.0 ], [ -44.813651, -3.671563, 0.0 ], [ -44.811888, -3.672616, 0.0 ], [ -44.810744, -3.67477, 0.0 ], [ -44.810457, -3.676925, 0.0 ], [ -44.810124, -3.677834, 0.0 ], [ -44.808455, -3.679797, 0.0 ], [ -44.807788, -3.680036, 0.0 ], [ -44.807073, -3.680083, 0.0 ], [ -44.806311, -3.679844, 0.0 ], [ -44.805549, -3.679269, 0.0 ], [ -44.804739, -3.677546, 0.0 ], [ -44.804978, -3.674578, 0.0 ], [ -44.805312, -3.672711, 0.0 ], [ -44.805932, -3.671275, 0.0 ], [ -44.806885, -3.670317, 0.0 ], [ -44.808791, -3.669073, 0.0 ], [ -44.809554, -3.668068, 0.0 ], [ -44.810126, -3.667158, 0.0 ], [ -44.810412, -3.666297, 0.0 ], [ -44.810412, -3.665243, 0.0 ], [ -44.810031, -3.664717, 0.0 ], [ -44.809412, -3.664429, 0.0 ], [ -44.808649, -3.664381, 0.0 ], [ -44.807696, -3.664812, 0.0 ], [ -44.805885, -3.66778, 0.0 ], [ -44.804312, -3.669072, 0.0 ], [ -44.802453, -3.670077, 0.0 ], [ -44.800738, -3.670603, 0.0 ], [ -44.799308, -3.670746, 0.0 ], [ -44.798212, -3.670746, 0.0 ], [ -44.797021, -3.670411, 0.0 ], [ -44.796068, -3.669836, 0.0 ], [ -44.795544, -3.668926, 0.0 ], [ -44.795354, -3.664857, 0.0 ], [ -44.794307, -3.659543, 0.0 ], [ -44.793975, -3.656096, 0.0 ], [ -44.794308, -3.654756, 0.0 ], [ -44.794833, -3.653559, 0.0 ], [ -44.795595, -3.652889, 0.0 ], [ -44.79693, -3.652315, 0.0 ], [ -44.797978, -3.652171, 0.0 ], [ -44.800027, -3.652172, 0.0 ], [ -44.803411, -3.651502, 0.0 ], [ -44.805221, -3.650497, 0.0 ], [ -44.806508, -3.649205, 0.0 ], [ -44.807319, -3.648104, 0.0 ], [ -44.809369, -3.642791, 0.0 ], [ -44.810608, -3.64078, 0.0 ], [ -44.811228, -3.640158, 0.0 ], [ -44.813706, -3.639345, 0.0 ], [ -44.814373, -3.638818, 0.0 ], [ -44.814516, -3.637238, 0.0 ], [ -44.814374, -3.634701, 0.0 ], [ -44.814994, -3.630824, 0.0 ], [ -44.815852, -3.62776, 0.0 ], [ -44.816091, -3.626467, 0.0 ], [ -44.816091, -3.625462, 0.0 ], [ -44.815567, -3.624265, 0.0 ], [ -44.811612, -3.622637, 0.0 ], [ -44.810564, -3.621966, 0.0 ], [ -44.808278, -3.619907, 0.0 ], [ -44.805698, -3.615741, 0.0 ], [ -44.804912, -3.613945, 0.0 ], [ -44.80427, -3.611575, 0.0 ], [ -44.804115, -3.609397, 0.0 ], [ -44.804354, -3.607782, 0.0 ], [ -44.805605, -3.60485, 0.0 ], [ -44.806976, -3.602576, 0.0 ], [ -44.807631, -3.600781, 0.0 ], [ -44.808108, -3.598986, 0.0 ], [ -44.808228, -3.595515, 0.0 ], [ -44.809062, -3.592762, 0.0 ], [ -44.809956, -3.591745, 0.0 ], [ -44.81216, -3.590668, 0.0 ], [ -44.814066, -3.590968, 0.0 ], [ -44.815733, -3.592225, 0.0 ], [ -44.816328, -3.593482, 0.0 ], [ -44.817698, -3.594799, 0.0 ], [ -44.818294, -3.59444, 0.0 ], [ -44.818711, -3.593423, 0.0 ], [ -44.81883, -3.591687, 0.0 ], [ -44.819426, -3.591029, 0.0 ], [ -44.8202, -3.59055, 0.0 ], [ -44.822464, -3.589713, 0.0 ], [ -44.826157, -3.587559, 0.0 ], [ -44.827408, -3.586243, 0.0 ], [ -44.829374, -3.583251, 0.0 ], [ -44.830446, -3.582414, 0.0 ], [ -44.831816, -3.582294, 0.0 ], [ -44.833847, -3.584036, 0.0 ] ] } },
{ "type": "Feature", "properties": { "nome": "Rio Mearim", "comprimento": 6.1225419934699996 }, "geometry": { "type": "LineString", "coordinates": [ [ -44.695555, -3.76846, 0.0 ], [ -44.695876, -3.768891, 0.0 ], [ -44.696198, -3.768999, 0.0 ], [ -44.69677, -3.768533, 0.0 ], [ -44.696878, -3.766235, 0.0 ], [ -44.697164, -3.765589, 0.0 ], [ -44.697629, -3.765194, 0.0 ], [ -44.698308, -3.76505, 0.0 ], [ -44.699559, -3.765374, 0.0 ], [ -44.700095, -3.765661, 0.0 ], [ -44.700988, -3.767816, 0.0 ], [ -44.701416, -3.768032, 0.0 ], [ -44.702274, -3.767673, 0.0 ], [ -44.702489, -3.767206, 0.0 ], [ -44.702394, -3.766051, 0.0 ], [ -44.701918, -3.764316, 0.0 ], [ -44.702425, -3.761772, 0.0 ], [ -44.702426, -3.761174, 0.0 ], [ -44.702009, -3.758691, 0.0 ], [ -44.701861, -3.755698, 0.0 ], [ -44.7021, -3.75525, 0.0 ], [ -44.704305, -3.753665, 0.0 ], [ -44.70636, -3.752917, 0.0 ], [ -44.706777, -3.752558, 0.0 ], [ -44.708804, -3.747981, 0.0 ], [ -44.709459, -3.747084, 0.0 ], [ -44.709966, -3.746875, 0.0 ], [ -44.710472, -3.746875, 0.0 ], [ -44.711723, -3.747384, 0.0 ], [ -44.712051, -3.747324, 0.0 ], [ -44.712438, -3.746905, 0.0 ], [ -44.712706, -3.746187, 0.0 ], [ -44.712766, -3.74514, 0.0 ], [ -44.712528, -3.744631, 0.0 ], [ -44.712201, -3.743016, 0.0 ], [ -44.711933, -3.742627, 0.0 ], [ -44.710921, -3.742088, 0.0 ], [ -44.708955, -3.741728, 0.0 ], [ -44.70833, -3.741488, 0.0 ], [ -44.708091, -3.741069, 0.0 ], [ -44.708092, -3.740471, 0.0 ], [ -44.7083, -3.739723, 0.0 ], [ -44.709492, -3.738646, 0.0 ], [ -44.710415, -3.738407, 0.0 ], [ -44.712619, -3.738707, 0.0 ], [ -44.713126, -3.738588, 0.0 ], [ -44.713513, -3.738199, 0.0 ] ] } },
{ "type": "Feature", "properties": { "nome": "Rio Mearim", "comprimento": 2.9168138314599998 }, "geometry": { "type": "LineString", "coordinates": [ [ -44.776447, -4.27043, 0.0 ], [ -44.777373, -4.268637, 0.0 ], [ -44.77766, -4.267081, 0.0 ], [ -44.7784, -4.265191, 0.0 ], [ -44.7784, -4.263659, 0.0 ], [ -44.77771, -4.261111, 0.0 ], [ -44.777524, -4.260795, 0.0 ], [ -44.77658, -4.259976, 0.0 ], [ -44.776881, -4.258267, 0.0 ], [ -44.776853, -4.257463, 0.0 ], [ -44.775991, -4.256604, 0.0 ], [ -44.775412, -4.255175, 0.0 ], [ -44.774053, -4.254593, 0.0 ], [ -44.773653, -4.254075, 0.0 ], [ -44.773653, -4.253587, 0.0 ], [ -44.774083, -4.252639, 0.0 ], [ -44.77404, -4.251835, 0.0 ], [ -44.774369, -4.250643, 0.0 ], [ -44.77437, -4.249566, 0.0 ], [ -44.774241, -4.249236, 0.0 ], [ -44.773841, -4.24879, 0.0 ], [ -44.773469, -4.248618, 0.0 ], [ -44.772725, -4.24856, 0.0 ], [ -44.772207, -4.248853, 0.0 ] ] } },
{ "type": "Feature", "properties": { "nome": "Rio Mearim", "comprimento": 1.5904359118 }, "geometry": { "type": "LineString", "coordinates": [ [ -44.689728, -3.770361, 0.0 ], [ -44.689728, -3.769894, 0.0 ], [ -44.689407, -3.769284, 0.0 ], [ -44.6893, -3.767991, 0.0 ], [ -44.689443, -3.767345, 0.0 ], [ -44.689765, -3.767058, 0.0 ], [ -44.690265, -3.76695, 0.0 ], [ -44.69098, -3.76713, 0.0 ], [ -44.691409, -3.767597, 0.0 ], [ -44.691623, -3.768279, 0.0 ], [ -44.691587, -3.76889, 0.0 ], [ -44.691801, -3.769213, 0.0 ], [ -44.692087, -3.769321, 0.0 ], [ -44.692552, -3.769106, 0.0 ], [ -44.692767, -3.768747, 0.0 ], [ -44.693196, -3.766592, 0.0 ], [ -44.693482, -3.766269, 0.0 ], [ -44.693947, -3.76627, 0.0 ], [ -44.694519, -3.766521, 0.0 ], [ -44.695019, -3.766988, 0.0 ], [ -44.695555, -3.76846, 0.0 ] ] } },
{ "type": "Feature", "properties": { "nome": "Rio Mearim", "comprimento": 24.067976099799999 }, "geometry": { "type": "LineString", "coordinates": [ [ -44.610018, -3.843098, 0.0 ], [ -44.610531, -3.842804, 0.0 ], [ -44.610825, -3.842263, 0.0 ], [ -44.610753, -3.840862, 0.0 ], [ -44.610264, -3.839142, 0.0 ], [ -44.610778, -3.838159, 0.0 ], [ -44.611635, -3.837742, 0.0 ], [ -44.611806, -3.837226, 0.0 ], [ -44.61166, -3.835555, 0.0 ], [ -44.611881, -3.835186, 0.0 ], [ -44.61237, -3.83499, 0.0 ], [ -44.614669, -3.83563, 0.0 ], [ -44.615844, -3.835039, 0.0 ], [ -44.616392, -3.835031, 0.0 ], [ -44.617321, -3.835139, 0.0 ], [ -44.620823, -3.836039, 0.0 ], [ -44.622611, -3.836147, 0.0 ], [ -44.62379, -3.835968, 0.0 ], [ -44.62472, -3.835394, 0.0 ], [ -44.625078, -3.834245, 0.0 ], [ -44.625364, -3.833779, 0.0 ], [ -44.625936, -3.833671, 0.0 ], [ -44.626973, -3.833995, 0.0 ], [ -44.628116, -3.833816, 0.0 ], [ -44.630046, -3.834427, 0.0 ], [ -44.630904, -3.834535, 0.0 ], [ -44.631834, -3.834356, 0.0 ], [ -44.633121, -3.833279, 0.0 ], [ -44.635552, -3.831916, 0.0 ], [ -44.636267, -3.83109, 0.0 ], [ -44.636303, -3.830372, 0.0 ], [ -44.635732, -3.828218, 0.0 ], [ -44.635733, -3.826315, 0.0 ], [ -44.636807, -3.823479, 0.0 ], [ -44.637022, -3.82233, 0.0 ], [ -44.637094, -3.821325, 0.0 ], [ -44.63688, -3.819494, 0.0 ], [ -44.636987, -3.818991, 0.0 ], [ -44.637381, -3.818776, 0.0 ], [ -44.637845, -3.818776, 0.0 ], [ -44.639132, -3.819531, 0.0 ], [ -44.640311, -3.819711, 0.0 ], [ -44.64074, -3.819388, 0.0 ], [ -44.641564, -3.816157, 0.0 ], [ -44.6421, -3.815546, 0.0 ], [ -44.642815, -3.815403, 0.0 ], [ -44.64353, -3.815762, 0.0 ], [ -44.644887, -3.818384, 0.0 ], [ -44.646066, -3.819067, 0.0 ], [ -44.64789, -3.818421, 0.0 ], [ -44.64839, -3.818493, 0.0 ], [ -44.648712, -3.818888, 0.0 ], [ -44.648675, -3.820073, 0.0 ], [ -44.648461, -3.820827, 0.0 ], [ -44.648568, -3.821545, 0.0 ], [ -44.648782, -3.82212, 0.0 ], [ -44.649747, -3.822587, 0.0 ], [ -44.652857, -3.821439, 0.0 ], [ -44.654823, -3.820291, 0.0 ], [ -44.65586, -3.81943, 0.0 ], [ -44.656397, -3.81864, 0.0 ], [ -44.656504, -3.81785, 0.0 ], [ -44.655719, -3.816234, 0.0 ], [ -44.654003, -3.81469, 0.0 ], [ -44.652646, -3.813037, 0.0 ], [ -44.652217, -3.812032, 0.0 ], [ -44.651825, -3.810237, 0.0 ], [ -44.651897, -3.809339, 0.0 ], [ -44.652397, -3.809339, 0.0 ], [ -44.653255, -3.80977, 0.0 ], [ -44.654827, -3.81153, 0.0 ], [ -44.655291, -3.811746, 0.0 ], [ -44.655971, -3.811567, 0.0 ], [ -44.656614, -3.810562, 0.0 ], [ -44.6569, -3.810346, 0.0 ], [ -44.658616, -3.810239, 0.0 ], [ -44.661762, -3.808194, 0.0 ], [ -44.662156, -3.807476, 0.0 ], [ -44.662192, -3.806614, 0.0 ], [ -44.661728, -3.805932, 0.0 ], [ -44.659441, -3.8041, 0.0 ], [ -44.656367, -3.803704, 0.0 ], [ -44.653722, -3.804098, 0.0 ], [ -44.653078, -3.804026, 0.0 ], [ -44.652685, -3.803774, 0.0 ], [ -44.652542, -3.803415, 0.0 ], [ -44.652651, -3.800363, 0.0 ], [ -44.652258, -3.800076, 0.0 ], [ -44.650864, -3.800362, 0.0 ], [ -44.650256, -3.800075, 0.0 ], [ -44.649899, -3.799716, 0.0 ], [ -44.649863, -3.799034, 0.0 ], [ -44.650257, -3.798567, 0.0 ], [ -44.650829, -3.79828, 0.0 ], [ -44.653402, -3.798102, 0.0 ], [ -44.65426, -3.797599, 0.0 ], [ -44.654725, -3.796845, 0.0 ], [ -44.65494, -3.795984, 0.0 ], [ -44.654834, -3.794691, 0.0 ], [ -44.655477, -3.793435, 0.0 ], [ -44.656085, -3.793112, 0.0 ], [ -44.656729, -3.792358, 0.0 ], [ -44.657051, -3.791389, 0.0 ], [ -44.657016, -3.790491, 0.0 ], [ -44.657267, -3.788193, 0.0 ], [ -44.657231, -3.787332, 0.0 ], [ -44.656625, -3.784567, 0.0 ], [ -44.656625, -3.784136, 0.0 ], [ -44.656839, -3.783741, 0.0 ], [ -44.657483, -3.783741, 0.0 ], [ -44.658984, -3.784711, 0.0 ], [ -44.659949, -3.784748, 0.0 ], [ -44.66095, -3.784461, 0.0 ], [ -44.661951, -3.783887, 0.0 ], [ -44.662666, -3.783277, 0.0 ], [ -44.663309, -3.783133, 0.0 ], [ -44.663666, -3.783528, 0.0 ], [ -44.663666, -3.785862, 0.0 ], [ -44.663951, -3.786365, 0.0 ], [ -44.664595, -3.786329, 0.0 ], [ -44.665667, -3.785899, 0.0 ], [ -44.666311, -3.785217, 0.0 ], [ -44.667062, -3.783745, 0.0 ], [ -44.66717, -3.782704, 0.0 ], [ -44.666955, -3.781842, 0.0 ], [ -44.666956, -3.781088, 0.0 ], [ -44.667242, -3.780657, 0.0 ], [ -44.667742, -3.780478, 0.0 ], [ -44.668493, -3.780694, 0.0 ], [ -44.6691, -3.781053, 0.0 ], [ -44.669958, -3.781879, 0.0 ], [ -44.670458, -3.781879, 0.0 ], [ -44.67078, -3.781521, 0.0 ], [ -44.670423, -3.779833, 0.0 ], [ -44.669887, -3.779043, 0.0 ], [ -44.668494, -3.777965, 0.0 ], [ -44.668172, -3.777319, 0.0 ], [ -44.668244, -3.776637, 0.0 ], [ -44.668459, -3.776278, 0.0 ], [ -44.669102, -3.77617, 0.0 ], [ -44.669924, -3.776278, 0.0 ], [ -44.671747, -3.777356, 0.0 ], [ -44.672211, -3.778038, 0.0 ], [ -44.67239, -3.778685, 0.0 ], [ -44.672783, -3.779008, 0.0 ], [ -44.673569, -3.779116, 0.0 ], [ -44.674284, -3.778937, 0.0 ], [ -44.675285, -3.778039, 0.0 ], [ -44.675428, -3.777501, 0.0 ], [ -44.675142, -3.776855, 0.0 ], [ -44.673678, -3.775095, 0.0 ], [ -44.673678, -3.7747, 0.0 ], [ -44.673928, -3.774305, 0.0 ], [ -44.675251, -3.77391, 0.0 ], [ -44.67643, -3.773839, 0.0 ], [ -44.67686, -3.772618, 0.0 ], [ -44.677146, -3.772619, 0.0 ], [ -44.678325, -3.774055, 0.0 ], [ -44.678682, -3.774235, 0.0 ], [ -44.679147, -3.774127, 0.0 ], [ -44.679898, -3.773194, 0.0 ], [ -44.679898, -3.772584, 0.0 ], [ -44.679719, -3.772081, 0.0 ], [ -44.677076, -3.768885, 0.0 ], [ -44.677111, -3.768454, 0.0 ], [ -44.678041, -3.767592, 0.0 ], [ -44.678363, -3.765905, 0.0 ], [ -44.678792, -3.765582, 0.0 ], [ -44.679829, -3.765439, 0.0 ], [ -44.680472, -3.765152, 0.0 ], [ -44.681831, -3.764255, 0.0 ], [ -44.682403, -3.764183, 0.0 ], [ -44.683618, -3.764686, 0.0 ], [ -44.684404, -3.764686, 0.0 ], [ -44.685083, -3.764902, 0.0 ], [ -44.685405, -3.765297, 0.0 ], [ -44.685476, -3.766015, 0.0 ], [ -44.685797, -3.766733, 0.0 ], [ -44.687549, -3.767596, 0.0 ], [ -44.688227, -3.768709, 0.0 ], [ -44.688155, -3.770325, 0.0 ], [ -44.687833, -3.770863, 0.0 ], [ -44.687905, -3.771438, 0.0 ], [ -44.688083, -3.771689, 0.0 ], [ -44.688691, -3.771582, 0.0 ], [ -44.689227, -3.771295, 0.0 ], [ -44.68962, -3.770828, 0.0 ], [ -44.689728, -3.770361, 0.0 ] ] } },
{ "type": "Feature", "properties": { "nome": "Rio Mearim", "comprimento": 3.1546915202300001 }, "geometry": { "type": "LineString", "coordinates": [ [ -44.865882, -3.469907, 0.0 ], [ -44.869215, -3.467881, 0.0 ], [ -44.870015, -3.46702, 0.0 ], [ -44.870301, -3.466388, 0.0 ], [ -44.870473, -3.465411, 0.0 ], [ -44.87013, -3.46432, 0.0 ], [ -44.868415, -3.462251, 0.0 ], [ -44.866872, -3.460815, 0.0 ], [ -44.8655, -3.460125, 0.0 ], [ -44.863099, -3.458344, 0.0 ], [ -44.862013, -3.457712, 0.0 ], [ -44.860698, -3.45754, 0.0 ], [ -44.857725, -3.457711, 0.0 ], [ -44.852211, -3.458929, 0.0 ] ] } },
{ "type": "Feature", "properties": { "nome": "Rio Mearim", "comprimento": 9.8255393144400003 }, "geometry": { "type": "LineString", "coordinates": [ [ -44.787205, -3.701868, 0.0 ], [ -44.789439, -3.701419, 0.0 ], [ -44.791792, -3.700672, 0.0 ], [ -44.792746, -3.699415, 0.0 ], [ -44.792627, -3.698757, 0.0 ], [ -44.79221, -3.698218, 0.0 ], [ -44.791584, -3.697829, 0.0 ], [ -44.790959, -3.697201, 0.0 ], [ -44.790156, -3.694508, 0.0 ], [ -44.790275, -3.693281, 0.0 ], [ -44.790633, -3.691965, 0.0 ], [ -44.79105, -3.691097, 0.0 ], [ -44.792182, -3.690529, 0.0 ], [ -44.793552, -3.69032, 0.0 ], [ -44.795071, -3.690619, 0.0 ], [ -44.79793, -3.691817, 0.0 ], [ -44.799121, -3.692565, 0.0 ], [ -44.799835, -3.693373, 0.0 ], [ -44.799835, -3.694091, 0.0 ], [ -44.79921, -3.695467, 0.0 ], [ -44.798614, -3.695796, 0.0 ], [ -44.796886, -3.696215, 0.0 ], [ -44.795427, -3.697471, 0.0 ], [ -44.794801, -3.698219, 0.0 ], [ -44.794205, -3.699655, 0.0 ], [ -44.794235, -3.700134, 0.0 ], [ -44.794562, -3.700672, 0.0 ], [ -44.795068, -3.700972, 0.0 ], [ -44.795992, -3.701181, 0.0 ], [ -44.798821, -3.701122, 0.0 ], [ -44.80034, -3.701512, 0.0 ], [ -44.80171, -3.70211, 0.0 ], [ -44.805111, -3.704367, 0.0 ], [ -44.805933, -3.704511, 0.0 ], [ -44.806683, -3.704332, 0.0 ], [ -44.80747, -3.70347, 0.0 ], [ -44.808006, -3.702213, 0.0 ], [ -44.808471, -3.699916, 0.0 ], [ -44.809508, -3.697654, 0.0 ], [ -44.812583, -3.693992, 0.0 ], [ -44.813012, -3.693095, 0.0 ], [ -44.81319, -3.692089, 0.0 ], [ -44.812726, -3.691192, 0.0 ], [ -44.811904, -3.690366, 0.0 ], [ -44.808223, -3.688893, 0.0 ], [ -44.807902, -3.688498, 0.0 ], [ -44.808009, -3.687421, 0.0 ], [ -44.808617, -3.687026, 0.0 ], [ -44.81262, -3.687386, 0.0 ], [ -44.813513, -3.687242, 0.0 ], [ -44.814621, -3.686848, 0.0 ], [ -44.815122, -3.686201, 0.0 ], [ -44.815444, -3.685088, 0.0 ], [ -44.815694, -3.682108, 0.0 ], [ -44.816123, -3.680708, 0.0 ], [ -44.816839, -3.679272, 0.0 ], [ -44.818463, -3.676735, 0.0 ] ] } },
{ "type": "Feature", "properties": { "nome": "Rio Mearim", "comprimento": 9.0645687713100003 }, "geometry": { "type": "LineString", "coordinates": [ [ -44.773517, -4.233357, 0.0 ], [ -44.773554, -4.231167, 0.0 ], [ -44.773805, -4.229444, 0.0 ], [ -44.773733, -4.228474, 0.0 ], [ -44.773376, -4.227182, 0.0 ], [ -44.772661, -4.225961, 0.0 ], [ -44.771446, -4.224704, 0.0 ], [ -44.770676, -4.223623, 0.0 ], [ -44.768245, -4.221576, 0.0 ], [ -44.766349, -4.220606, 0.0 ], [ -44.765527, -4.219565, 0.0 ], [ -44.767781, -4.218129, 0.0 ], [ -44.768067, -4.21777, 0.0 ], [ -44.768461, -4.216442, 0.0 ], [ -44.76914, -4.215616, 0.0 ], [ -44.770893, -4.214468, 0.0 ], [ -44.771966, -4.213571, 0.0 ], [ -44.772753, -4.212601, 0.0 ], [ -44.773075, -4.212063, 0.0 ], [ -44.773218, -4.211417, 0.0 ], [ -44.773111, -4.21034, 0.0 ], [ -44.772719, -4.208939, 0.0 ], [ -44.77229, -4.208077, 0.0 ], [ -44.771467, -4.207539, 0.0 ], [ -44.771002, -4.207538, 0.0 ], [ -44.769679, -4.208077, 0.0 ], [ -44.769, -4.208112, 0.0 ], [ -44.768177, -4.207825, 0.0 ], [ -44.766926, -4.206137, 0.0 ], [ -44.766926, -4.205347, 0.0 ], [ -44.767213, -4.203839, 0.0 ], [ -44.766927, -4.202977, 0.0 ], [ -44.766283, -4.202331, 0.0 ], [ -44.764174, -4.201469, 0.0 ], [ -44.763387, -4.200463, 0.0 ], [ -44.76278, -4.198129, 0.0 ], [ -44.762888, -4.197124, 0.0 ], [ -44.76321, -4.196154, 0.0 ], [ -44.764247, -4.194898, 0.0 ], [ -44.766608, -4.192888, 0.0 ], [ -44.767181, -4.191883, 0.0 ], [ -44.767896, -4.189873, 0.0 ], [ -44.768361, -4.189406, 0.0 ], [ -44.768934, -4.189155, 0.0 ], [ -44.771187, -4.188868, 0.0 ], [ -44.77344, -4.188294, 0.0 ], [ -44.774191, -4.187971, 0.0 ], [ -44.775085, -4.186679, 0.0 ], [ -44.775229, -4.184417, 0.0 ], [ -44.777339, -4.182192, 0.0 ], [ -44.777948, -4.18072, 0.0 ], [ -44.777912, -4.180109, 0.0 ], [ -44.777019, -4.178637, 0.0 ], [ -44.775375, -4.174508, 0.0 ], [ -44.775017, -4.174005, 0.0 ] ] } },
{ "type": "Feature", "properties": { "nome": "Rio Mearim", "comprimento": 6.5838540323399997 }, "geometry": { "type": "LineString", "coordinates": [ [ -44.702975, -4.334263, 0.0 ], [ -44.703356, -4.334096, 0.0 ], [ -44.704238, -4.334288, 0.0 ], [ -44.706217, -4.335653, 0.0 ], [ -44.706932, -4.335821, 0.0 ], [ -44.707362, -4.335797, 0.0 ], [ -44.70791, -4.335534, 0.0 ], [ -44.708435, -4.335175, 0.0 ], [ -44.709103, -4.334361, 0.0 ], [ -44.709532, -4.334218, 0.0 ], [ -44.71008, -4.33441, 0.0 ], [ -44.711582, -4.336828, 0.0 ], [ -44.712035, -4.337139, 0.0 ], [ -44.712774, -4.337331, 0.0 ], [ -44.713537, -4.337259, 0.0 ], [ -44.714157, -4.336805, 0.0 ], [ -44.715064, -4.335656, 0.0 ], [ -44.715636, -4.334484, 0.0 ], [ -44.715953, -4.332821, 0.0 ], [ -44.716191, -4.332253, 0.0 ], [ -44.716609, -4.331804, 0.0 ], [ -44.718547, -4.330878, 0.0 ], [ -44.719322, -4.329651, 0.0 ], [ -44.719442, -4.328424, 0.0 ], [ -44.718787, -4.32642, 0.0 ], [ -44.718906, -4.325402, 0.0 ], [ -44.71986, -4.324894, 0.0 ], [ -44.720963, -4.324745, 0.0 ], [ -44.722453, -4.325852, 0.0 ], [ -44.722751, -4.325882, 0.0 ], [ -44.723228, -4.325673, 0.0 ], [ -44.723676, -4.324596, 0.0 ], [ -44.723975, -4.321694, 0.0 ], [ -44.724482, -4.319331, 0.0 ], [ -44.724335, -4.318736, 0.0 ], [ -44.723054, -4.315983, 0.0 ], [ -44.722667, -4.314038, 0.0 ], [ -44.722846, -4.3135, 0.0 ], [ -44.723532, -4.313051, 0.0 ], [ -44.724277, -4.312872, 0.0 ], [ -44.72541, -4.312962, 0.0 ], [ -44.726095, -4.312753, 0.0 ], [ -44.726483, -4.312214, 0.0 ], [ -44.726394, -4.310688, 0.0 ], [ -44.726216, -4.309761, 0.0 ], [ -44.725679, -4.309222, 0.0 ], [ -44.725024, -4.308893, 0.0 ], [ -44.723802, -4.308892, 0.0 ], [ -44.723623, -4.308772, 0.0 ], [ -44.723444, -4.307935, 0.0 ], [ -44.723802, -4.306858, 0.0 ], [ -44.723534, -4.306648, 0.0 ], [ -44.72264, -4.306378, 0.0 ], [ -44.72121, -4.306348, 0.0 ] ] } },
{ "type": "Feature", "properties": { "nome": "Rio Mearim", "comprimento": 7.8323579055500003 }, "geometry": { "type": "LineString", "coordinates": [ [ -44.713513, -3.738199, 0.0 ], [ -44.713692, -3.737182, 0.0 ], [ -44.714467, -3.735267, 0.0 ], [ -44.714884, -3.735028, 0.0 ], [ -44.71685, -3.734909, 0.0 ], [ -44.717952, -3.733922, 0.0 ], [ -44.718221, -3.733443, 0.0 ], [ -44.719263, -3.733563, 0.0 ], [ -44.723164, -3.736257, 0.0 ], [ -44.72367, -3.736437, 0.0 ], [ -44.724177, -3.736228, 0.0 ], [ -44.724385, -3.735898, 0.0 ], [ -44.724475, -3.734612, 0.0 ], [ -44.72528, -3.730992, 0.0 ], [ -44.725638, -3.730244, 0.0 ], [ -44.726323, -3.729346, 0.0 ], [ -44.726532, -3.728658, 0.0 ], [ -44.726294, -3.72791, 0.0 ], [ -44.725609, -3.727342, 0.0 ], [ -44.724447, -3.727042, 0.0 ], [ -44.722869, -3.727191, 0.0 ], [ -44.722482, -3.726682, 0.0 ], [ -44.722482, -3.726024, 0.0 ], [ -44.72272, -3.725486, 0.0 ], [ -44.723227, -3.725067, 0.0 ], [ -44.724538, -3.724439, 0.0 ], [ -44.726057, -3.723063, 0.0 ], [ -44.726504, -3.723003, 0.0 ], [ -44.726712, -3.723333, 0.0 ], [ -44.727129, -3.724799, 0.0 ], [ -44.727724, -3.725816, 0.0 ], [ -44.728737, -3.726295, 0.0 ], [ -44.730612, -3.728061, 0.0 ], [ -44.73094, -3.728211, 0.0 ], [ -44.732936, -3.728032, 0.0 ], [ -44.734008, -3.72881, 0.0 ], [ -44.734871, -3.729768, 0.0 ], [ -44.735556, -3.730247, 0.0 ], [ -44.737164, -3.731055, 0.0 ], [ -44.738653, -3.731325, 0.0 ], [ -44.739219, -3.731176, 0.0 ], [ -44.739726, -3.730069, 0.0 ], [ -44.739666, -3.72962, 0.0 ], [ -44.738952, -3.728632, 0.0 ], [ -44.739101, -3.728004, 0.0 ], [ -44.739548, -3.727316, 0.0 ], [ -44.740054, -3.726897, 0.0 ], [ -44.740591, -3.726598, 0.0 ], [ -44.741484, -3.726479, 0.0 ], [ -44.74208, -3.72618, 0.0 ], [ -44.742318, -3.725671, 0.0 ], [ -44.742318, -3.725162, 0.0 ], [ -44.7408, -3.723606, 0.0 ], [ -44.740621, -3.723008, 0.0 ], [ -44.741039, -3.72211, 0.0 ], [ -44.741515, -3.721841, 0.0 ], [ -44.742081, -3.721841, 0.0 ], [ -44.742945, -3.722649, 0.0 ], [ -44.743212, -3.723697, 0.0 ], [ -44.744642, -3.725223, 0.0 ], [ -44.745326, -3.727796, 0.0 ], [ -44.745624, -3.728036, 0.0 ] ] } },
{ "type": "Feature", "properties": { "nome": "Rio Mearim", "comprimento": 3.6761959562099999 }, "geometry": { "type": "LineString", "coordinates": [ [ -44.833847, -3.584036, 0.0 ], [ -44.834317, -3.584509, 0.0 ], [ -44.835508, -3.585227, 0.0 ], [ -44.837473, -3.586185, 0.0 ], [ -44.839915, -3.586964, 0.0 ], [ -44.841345, -3.587024, 0.0 ], [ -44.842238, -3.586366, 0.0 ], [ -44.842834, -3.585648, 0.0 ], [ -44.843072, -3.584092, 0.0 ], [ -44.844026, -3.580801, 0.0 ], [ -44.845754, -3.57727, 0.0 ], [ -44.848613, -3.57392, 0.0 ], [ -44.854212, -3.569971, 0.0 ], [ -44.855106, -3.568475, 0.0 ], [ -44.854987, -3.567518, 0.0 ] ] } },
{ "type": "Feature", "properties": { "nome": "Rio Mearim", "comprimento": 3.4380185229300002 }, "geometry": { "type": "LineString", "coordinates": [ [ -44.609982, -3.899694, 0.0 ], [ -44.610018, -3.899263, 0.0 ], [ -44.611663, -3.898617, 0.0 ], [ -44.611984, -3.898187, 0.0 ], [ -44.612056, -3.897505, 0.0 ], [ -44.611163, -3.895745, 0.0 ], [ -44.611128, -3.895027, 0.0 ], [ -44.611415, -3.892909, 0.0 ], [ -44.61206, -3.890001, 0.0 ], [ -44.611953, -3.888959, 0.0 ], [ -44.611489, -3.888026, 0.0 ], [ -44.611847, -3.886446, 0.0 ], [ -44.61385, -3.884077, 0.0 ], [ -44.613779, -3.882749, 0.0 ], [ -44.613922, -3.882067, 0.0 ], [ -44.614173, -3.881205, 0.0 ], [ -44.615175, -3.879446, 0.0 ], [ -44.615389, -3.878764, 0.0 ], [ -44.615282, -3.878082, 0.0 ], [ -44.614032, -3.875496, 0.0 ], [ -44.613569, -3.873665, 0.0 ], [ -44.61432, -3.871942, 0.0 ] ] } },
{ "type": "Feature", "properties": { "nome": "Rio Mearim", "comprimento": 7.0525336312900002 }, "geometry": { "type": "LineString", "coordinates": [ [ -44.695751, -4.439725, 0.0 ], [ -44.696008, -4.438536, 0.0 ], [ -44.695937, -4.437962, 0.0 ], [ -44.695603, -4.436813, 0.0 ], [ -44.695341, -4.436478, 0.0 ], [ -44.694793, -4.436262, 0.0 ], [ -44.69434, -4.436381, 0.0 ], [ -44.69236, -4.437338, 0.0 ], [ -44.691692, -4.437075, 0.0 ], [ -44.691311, -4.435949, 0.0 ], [ -44.691095, -4.43446, 0.0 ], [ -44.69069, -4.43355, 0.0 ], [ -44.690619, -4.432784, 0.0 ], [ -44.690834, -4.430845, 0.0 ], [ -44.691694, -4.428117, 0.0 ], [ -44.691694, -4.426776, 0.0 ], [ -44.692148, -4.425245, 0.0 ], [ -44.692059, -4.42485, 0.0 ], [ -44.691821, -4.424515, 0.0 ], [ -44.691248, -4.424203, 0.0 ], [ -44.690509, -4.423293, 0.0 ], [ -44.690033, -4.421785, 0.0 ], [ -44.689605, -4.419272, 0.0 ], [ -44.689295, -4.418769, 0.0 ], [ -44.688413, -4.417883, 0.0 ], [ -44.687054, -4.417284, 0.0 ], [ -44.685957, -4.416996, 0.0 ], [ -44.685743, -4.416685, 0.0 ], [ -44.685648, -4.416134, 0.0 ], [ -44.6856, -4.415368, 0.0 ], [ -44.685982, -4.414196, 0.0 ], [ -44.686364, -4.413502, 0.0 ], [ -44.687891, -4.411851, 0.0 ], [ -44.688345, -4.410487, 0.0 ], [ -44.68844, -4.409769, 0.0 ], [ -44.688751, -4.409218, 0.0 ], [ -44.689252, -4.408835, 0.0 ], [ -44.691207, -4.408166, 0.0 ], [ -44.691446, -4.407711, 0.0 ], [ -44.691375, -4.406132, 0.0 ], [ -44.690994, -4.405509, 0.0 ], [ -44.688896, -4.404168, 0.0 ], [ -44.687823, -4.403186, 0.0 ], [ -44.686359, -4.402694, 0.0 ], [ -44.684857, -4.401592, 0.0 ], [ -44.681734, -4.398766, 0.0 ], [ -44.680876, -4.39867, 0.0 ], [ -44.680542, -4.399077, 0.0 ], [ -44.680303, -4.399867, 0.0 ], [ -44.679874, -4.400537, 0.0 ], [ -44.679182, -4.401279, 0.0 ], [ -44.678514, -4.401661, 0.0 ], [ -44.677846, -4.401757, 0.0 ], [ -44.677083, -4.401661, 0.0 ], [ -44.67655, -4.401249, 0.0 ] ] } },
{ "type": "Feature", "properties": { "nome": "Rio Mearim", "comprimento": 0.75592350851699996 }, "geometry": { "type": "LineString", "coordinates": [ [ -44.7682, -4.252169, 0.0 ], [ -44.768843, -4.252577, 0.0 ], [ -44.76921, -4.252545, 0.0 ], [ -44.77012, -4.252293, 0.0 ], [ -44.77164, -4.251605, 0.0 ], [ -44.772147, -4.251187, 0.0 ], [ -44.772416, -4.249212, 0.0 ], [ -44.772207, -4.248853, 0.0 ] ] } },
{ "type": "Feature", "properties": { "nome": "Rio Mearim", "comprimento": 5.1272689327799998 }, "geometry": { "type": "LineString", "coordinates": [ [ -44.67655, -4.401249, 0.0 ], [ -44.67632, -4.400823, 0.0 ], [ -44.676226, -4.398022, 0.0 ], [ -44.678374, -4.392996, 0.0 ], [ -44.679423, -4.391445, 0.0 ], [ -44.680115, -4.390775, 0.0 ], [ -44.680855, -4.390225, 0.0 ], [ -44.682548, -4.389555, 0.0 ], [ -44.683073, -4.389149, 0.0 ], [ -44.683217, -4.387569, 0.0 ], [ -44.682955, -4.386803, 0.0 ], [ -44.682383, -4.386372, 0.0 ], [ -44.681286, -4.3863, 0.0 ], [ -44.680952, -4.386682, 0.0 ], [ -44.680903, -4.387903, 0.0 ], [ -44.680378, -4.388884, 0.0 ], [ -44.679877, -4.389076, 0.0 ], [ -44.678757, -4.388501, 0.0 ], [ -44.678567, -4.38716, 0.0 ], [ -44.679164, -4.385628, 0.0 ], [ -44.68102, -4.383292, 0.0 ], [ -44.681318, -4.382663, 0.0 ], [ -44.680871, -4.382155, 0.0 ], [ -44.680245, -4.381855, 0.0 ], [ -44.6795, -4.381735, 0.0 ], [ -44.678427, -4.381795, 0.0 ], [ -44.676907, -4.382183, 0.0 ], [ -44.676072, -4.382182, 0.0 ], [ -44.675029, -4.381643, 0.0 ], [ -44.673927, -4.380506, 0.0 ], [ -44.673957, -4.379967, 0.0 ], [ -44.675239, -4.378502, 0.0 ], [ -44.675567, -4.377545, 0.0 ], [ -44.675598, -4.376019, 0.0 ], [ -44.674854, -4.373804, 0.0 ] ] } },
{ "type": "Feature", "properties": { "nome": "Rio Mearim", "comprimento": 1.47160331405 }, "geometry": { "type": "LineString", "coordinates": [ [ -44.680621, -4.35821, 0.0 ], [ -44.680955, -4.357923, 0.0 ], [ -44.683507, -4.357924, 0.0 ], [ -44.684484, -4.357637, 0.0 ], [ -44.686201, -4.357925, 0.0 ], [ -44.687155, -4.358357, 0.0 ], [ -44.687465, -4.358931, 0.0 ], [ -44.687464, -4.359314, 0.0 ], [ -44.686582, -4.360128, 0.0 ], [ -44.686295, -4.360678, 0.0 ], [ -44.686438, -4.361157, 0.0 ], [ -44.686963, -4.361277, 0.0 ], [ -44.688084, -4.361038, 0.0 ], [ -44.689218, -4.360197, 0.0 ] ] } },
{ "type": "Feature", "properties": { "nome": "Rio Mearim", "comprimento": 1.9958780294 }, "geometry": { "type": "LineString", "coordinates": [ [ -44.674854, -4.373804, 0.0 ], [ -44.674497, -4.372129, 0.0 ], [ -44.674706, -4.37153, 0.0 ], [ -44.675421, -4.370633, 0.0 ], [ -44.67736, -4.368958, 0.0 ], [ -44.678185, -4.367927, 0.0 ], [ -44.6784, -4.366036, 0.0 ], [ -44.681097, -4.361657, 0.0 ], [ -44.68124, -4.361035, 0.0 ], [ -44.681145, -4.360197, 0.0 ], [ -44.680549, -4.358689, 0.0 ], [ -44.680621, -4.35821, 0.0 ] ] } },
{ "type": "Feature", "properties": { "nome": "Rio Mearim", "comprimento": 4.2789530879099997 }, "geometry": { "type": "LineString", "coordinates": [ [ -44.689218, -4.360197, 0.0 ], [ -44.690259, -4.358869, 0.0 ], [ -44.691557, -4.356801, 0.0 ], [ -44.692092, -4.355499, 0.0 ], [ -44.692207, -4.353585, 0.0 ], [ -44.692818, -4.352283, 0.0 ], [ -44.692838, -4.35077, 0.0 ], [ -44.691846, -4.349378, 0.0 ], [ -44.691637, -4.348869, 0.0 ], [ -44.691637, -4.34845, 0.0 ], [ -44.69274, -4.347823, 0.0 ], [ -44.693158, -4.347164, 0.0 ], [ -44.693248, -4.346028, 0.0 ], [ -44.692593, -4.344292, 0.0 ], [ -44.692593, -4.343694, 0.0 ], [ -44.693517, -4.342946, 0.0 ], [ -44.693845, -4.342348, 0.0 ], [ -44.693846, -4.34148, 0.0 ], [ -44.693578, -4.340492, 0.0 ], [ -44.693757, -4.339864, 0.0 ], [ -44.694324, -4.339326, 0.0 ], [ -44.695039, -4.339087, 0.0 ], [ -44.695993, -4.339027, 0.0 ], [ -44.696768, -4.339058, 0.0 ], [ -44.697721, -4.339776, 0.0 ], [ -44.698496, -4.340135, 0.0 ], [ -44.699182, -4.340255, 0.0 ], [ -44.699808, -4.339897, 0.0 ], [ -44.699897, -4.339208, 0.0 ], [ -44.699779, -4.33846, 0.0 ], [ -44.699182, -4.336871, 0.0 ], [ -44.699349, -4.336344, 0.0 ], [ -44.699588, -4.336129, 0.0 ], [ -44.699898, -4.336081, 0.0 ], [ -44.701305, -4.336537, 0.0 ], [ -44.701853, -4.336297, 0.0 ], [ -44.702975, -4.334263, 0.0 ] ] } },
{ "type": "Feature", "properties": { "nome": "Rio Mearim", "comprimento": 4.5189512783600003 }, "geometry": { "type": "LineString", "coordinates": [ [ -44.72121, -4.306348, 0.0 ], [ -44.720465, -4.305989, 0.0 ], [ -44.720229, -4.305719, 0.0 ], [ -44.72011, -4.305073, 0.0 ], [ -44.720182, -4.304474, 0.0 ], [ -44.72085, -4.303278, 0.0 ], [ -44.721422, -4.303134, 0.0 ], [ -44.722614, -4.303494, 0.0 ], [ -44.723926, -4.303566, 0.0 ], [ -44.72445, -4.303758, 0.0 ], [ -44.725833, -4.303854, 0.0 ], [ -44.726262, -4.303663, 0.0 ], [ -44.727407, -4.303639, 0.0 ], [ -44.728814, -4.303879, 0.0 ], [ -44.730316, -4.303832, 0.0 ], [ -44.73146, -4.303976, 0.0 ], [ -44.732891, -4.304527, 0.0 ], [ -44.734154, -4.305844, 0.0 ], [ -44.734702, -4.30594, 0.0 ], [ -44.735394, -4.305413, 0.0 ], [ -44.735824, -4.304624, 0.0 ], [ -44.735586, -4.302493, 0.0 ], [ -44.735634, -4.300076, 0.0 ], [ -44.735945, -4.29919, 0.0 ], [ -44.736648, -4.298619, 0.0 ], [ -44.737006, -4.298655, 0.0 ], [ -44.737399, -4.299302, 0.0 ], [ -44.737971, -4.299805, 0.0 ], [ -44.738472, -4.300954, 0.0 ], [ -44.738185, -4.301672, 0.0 ], [ -44.737076, -4.30221, 0.0 ], [ -44.736826, -4.302569, 0.0 ], [ -44.736826, -4.303, 0.0 ], [ -44.737112, -4.303395, 0.0 ], [ -44.737791, -4.303575, 0.0 ], [ -44.738864, -4.303503, 0.0 ], [ -44.739365, -4.303001, 0.0 ], [ -44.740617, -4.302463, 0.0 ], [ -44.742656, -4.302284, 0.0 ], [ -44.744265, -4.302464, 0.0 ] ] } },
{ "type": "Feature", "properties": { "nome": "Rio Mearim", "comprimento": 3.7991628614500002 }, "geometry": { "type": "LineString", "coordinates": [ [ -44.744265, -4.302464, 0.0 ], [ -44.74498, -4.30232, 0.0 ], [ -44.745481, -4.301603, 0.0 ], [ -44.746305, -4.300023, 0.0 ], [ -44.746305, -4.299197, 0.0 ], [ -44.744946, -4.298335, 0.0 ], [ -44.744517, -4.297689, 0.0 ], [ -44.744088, -4.296791, 0.0 ], [ -44.744196, -4.295857, 0.0 ], [ -44.745197, -4.295104, 0.0 ], [ -44.745496, -4.294721, 0.0 ], [ -44.74583, -4.292327, 0.0 ], [ -44.74626, -4.291514, 0.0 ], [ -44.746975, -4.290939, 0.0 ], [ -44.749312, -4.289552, 0.0 ], [ -44.749522, -4.289092, 0.0 ], [ -44.749599, -4.288422, 0.0 ], [ -44.749484, -4.288001, 0.0 ], [ -44.748569, -4.286871, 0.0 ], [ -44.74836, -4.286411, 0.0 ], [ -44.74815, -4.285894, 0.0 ], [ -44.747941, -4.284362, 0.0 ], [ -44.747483, -4.283156, 0.0 ], [ -44.746205, -4.282408, 0.0 ], [ -44.743402, -4.282063, 0.0 ], [ -44.742276, -4.282024, 0.0 ], [ -44.741589, -4.282196, 0.0 ], [ -44.740902, -4.283249, 0.0 ], [ -44.740253, -4.285049, 0.0 ], [ -44.739547, -4.285259, 0.0 ] ] } },
{ "type": "Feature", "properties": { "nome": "Rio Mearim", "comprimento": 1.1010740724400001 }, "geometry": { "type": "LineString", "coordinates": [ [ -44.761481, -4.253377, 0.0 ], [ -44.761649, -4.252611, 0.0 ], [ -44.763766, -4.250157, 0.0 ], [ -44.764362, -4.249679, 0.0 ], [ -44.764982, -4.249559, 0.0 ], [ -44.766245, -4.249727, 0.0 ], [ -44.766841, -4.250087, 0.0 ], [ -44.7682, -4.252169, 0.0 ] ] } },
{ "type": "Feature", "properties": { "nome": "Rio Mearim", "comprimento": 7.0208589092900002 }, "geometry": { "type": "LineString", "coordinates": [ [ -44.739547, -4.285259, 0.0 ], [ -44.738899, -4.285144, 0.0 ], [ -44.73846, -4.284608, 0.0 ], [ -44.738327, -4.283976, 0.0 ], [ -44.738404, -4.283344, 0.0 ], [ -44.739339, -4.281563, 0.0 ], [ -44.740793, -4.279941, 0.0 ], [ -44.741723, -4.279319, 0.0 ], [ -44.742629, -4.279008, 0.0 ], [ -44.746229, -4.27889, 0.0 ], [ -44.74952, -4.278604, 0.0 ], [ -44.750259, -4.278221, 0.0 ], [ -44.750283, -4.277862, 0.0 ], [ -44.748877, -4.276832, 0.0 ], [ -44.748448, -4.276186, 0.0 ], [ -44.748353, -4.27554, 0.0 ], [ -44.748425, -4.274271, 0.0 ], [ -44.748663, -4.273553, 0.0 ], [ -44.749498, -4.272644, 0.0 ], [ -44.749927, -4.272476, 0.0 ], [ -44.750261, -4.272524, 0.0 ], [ -44.750475, -4.273482, 0.0 ], [ -44.750904, -4.273721, 0.0 ], [ -44.75181, -4.273961, 0.0 ], [ -44.75323, -4.273997, 0.0 ], [ -44.753936, -4.274303, 0.0 ], [ -44.753955, -4.274974, 0.0 ], [ -44.753611, -4.276582, 0.0 ], [ -44.753745, -4.276812, 0.0 ], [ -44.754107, -4.276889, 0.0 ], [ -44.754736, -4.276755, 0.0 ], [ -44.755385, -4.276334, 0.0 ], [ -44.755652, -4.275817, 0.0 ], [ -44.755634, -4.27237, 0.0 ], [ -44.755806, -4.27191, 0.0 ], [ -44.75613, -4.271719, 0.0 ], [ -44.756531, -4.271719, 0.0 ], [ -44.757408, -4.272102, 0.0 ], [ -44.758105, -4.272232, 0.0 ], [ -44.75913, -4.271826, 0.0 ], [ -44.759631, -4.271419, 0.0 ], [ -44.760156, -4.270701, 0.0 ], [ -44.760752, -4.269361, 0.0 ], [ -44.761778, -4.268356, 0.0 ], [ -44.762183, -4.26759, 0.0 ], [ -44.76309, -4.264478, 0.0 ], [ -44.7629, -4.262444, 0.0 ], [ -44.763053, -4.260008, 0.0 ], [ -44.763578, -4.258667, 0.0 ], [ -44.764508, -4.257638, 0.0 ], [ -44.764747, -4.25716, 0.0 ], [ -44.764914, -4.256035, 0.0 ], [ -44.764652, -4.255436, 0.0 ], [ -44.762149, -4.254047, 0.0 ], [ -44.761481, -4.253377, 0.0 ] ] } },
{ "type": "Feature", "properties": { "nome": "Rio Mearim", "comprimento": 2.57313558348 }, "geometry": { "type": "LineString", "coordinates": [ [ -44.772207, -4.248853, 0.0 ], [ -44.77176, -4.248703, 0.0 ], [ -44.770121, -4.248613, 0.0 ], [ -44.769227, -4.248224, 0.0 ], [ -44.767708, -4.246159, 0.0 ], [ -44.767023, -4.24565, 0.0 ], [ -44.766755, -4.245201, 0.0 ], [ -44.766785, -4.244363, 0.0 ], [ -44.767142, -4.243705, 0.0 ], [ -44.768752, -4.24194, 0.0 ], [ -44.77063, -4.240924, 0.0 ], [ -44.772585, -4.240466, 0.0 ], [ -44.772836, -4.240143, 0.0 ], [ -44.7728, -4.239497, 0.0 ], [ -44.771692, -4.237773, 0.0 ], [ -44.771621, -4.237234, 0.0 ], [ -44.771764, -4.236373, 0.0 ], [ -44.772766, -4.234722, 0.0 ], [ -44.773195, -4.234255, 0.0 ], [ -44.773517, -4.233681, 0.0 ], [ -44.773517, -4.233357, 0.0 ] ] } },
{ "type": "Feature", "properties": { "nome": "Rio Mearim", "comprimento": 3.2583757577600001 }, "geometry": { "type": "LineString", "coordinates": [ [ -44.641089, -4.020619, 0.0 ], [ -44.641594, -4.021738, 0.0 ], [ -44.64369, -4.024085, 0.0 ], [ -44.643809, -4.024564, 0.0 ], [ -44.643523, -4.025258, 0.0 ], [ -44.64307, -4.025497, 0.0 ], [ -44.641974, -4.025568, 0.0 ], [ -44.639495, -4.0254, 0.0 ], [ -44.638018, -4.023939, 0.0 ], [ -44.637183, -4.023747, 0.0 ], [ -44.636706, -4.024321, 0.0 ], [ -44.636391, -4.025575, 0.0 ], [ -44.63596, -4.026525, 0.0 ], [ -44.635045, -4.027127, 0.0 ], [ -44.633313, -4.02746, 0.0 ], [ -44.632947, -4.027427, 0.0 ], [ -44.632015, -4.026875, 0.0 ], [ -44.631632, -4.026875, 0.0 ], [ -44.6307, -4.027409, 0.0 ], [ -44.629202, -4.028595, 0.0 ], [ -44.628852, -4.028612, 0.0 ], [ -44.627437, -4.028076, 0.0 ], [ -44.627005, -4.028059, 0.0 ], [ -44.626722, -4.02831, 0.0 ], [ -44.626601, -4.029124, 0.0 ], [ -44.627289, -4.030248, 0.0 ], [ -44.627654, -4.030594, 0.0 ], [ -44.627718, -4.031155, 0.0 ] ] } },
{ "type": "Feature", "properties": { "nome": "Rio Mearim", "comprimento": 5.46753968261 }, "geometry": { "type": "LineString", "coordinates": [ [ -45.716767, -5.789553, 0.0 ], [ -45.716015, -5.790093, 0.0 ], [ -45.71531, -5.790153, 0.0 ], [ -45.714665, -5.789927, 0.0 ], [ -45.713744, -5.789318, 0.0 ], [ -45.710804, -5.789297, 0.0 ], [ -45.709322, -5.788426, 0.0 ], [ -45.708388, -5.787242, 0.0 ], [ -45.707384, -5.78643, 0.0 ], [ -45.706786, -5.786263, 0.0 ], [ -45.705496, -5.786408, 0.0 ], [ -45.705042, -5.786696, 0.0 ], [ -45.704732, -5.787211, 0.0 ], [ -45.7044, -5.788863, 0.0 ], [ -45.704401, -5.790071, 0.0 ], [ -45.703924, -5.790981, 0.0 ], [ -45.703016, -5.790982, 0.0 ], [ -45.700075, -5.789754, 0.0 ], [ -45.69857, -5.789923, 0.0 ], [ -45.697674, -5.790235, 0.0 ], [ -45.697101, -5.790655, 0.0 ], [ -45.696648, -5.791266, 0.0 ], [ -45.696625, -5.791768, 0.0 ], [ -45.697247, -5.792533, 0.0 ], [ -45.697319, -5.792904, 0.0 ], [ -45.6972, -5.793443, 0.0 ], [ -45.696258, -5.794976, 0.0 ], [ -45.696008, -5.795287, 0.0 ], [ -45.695614, -5.795455, 0.0 ], [ -45.694347, -5.795445, 0.0 ], [ -45.693237, -5.796021, 0.0 ], [ -45.693094, -5.796978, 0.0 ], [ -45.692677, -5.797864, 0.0 ], [ -45.691889, -5.798057, 0.0 ], [ -45.690001, -5.797772, 0.0 ], [ -45.689199, -5.796875, 0.0 ], [ -45.689673, -5.793452, 0.0 ], [ -45.689134, -5.792388, 0.0 ], [ -45.688368, -5.791539, 0.0 ], [ -45.687699, -5.791241, 0.0 ], [ -45.687388, -5.791313, 0.0 ], [ -45.686577, -5.792774, 0.0 ], [ -45.68592, -5.793098, 0.0 ], [ -45.685311, -5.793098, 0.0 ] ] } },
{ "type": "Feature", "properties": { "nome": "Rio Mearim", "comprimento": 2.5276717933600001 }, "geometry": { "type": "LineString", "coordinates": [ [ -45.994117, -5.994358, 0.0 ], [ -45.993567, -5.994347, 0.0 ], [ -45.992849, -5.993989, 0.0 ], [ -45.992634, -5.993786, 0.0 ], [ -45.992644, -5.993056, 0.0 ], [ -45.992918, -5.992337, 0.0 ], [ -45.993562, -5.991379, 0.0 ], [ -45.994099, -5.990828, 0.0 ], [ -45.995889, -5.989496, 0.0 ], [ -45.996163, -5.989173, 0.0 ], [ -45.996198, -5.988766, 0.0 ], [ -45.995995, -5.988383, 0.0 ], [ -45.995157, -5.988157, 0.0 ], [ -45.99481, -5.987895, 0.0 ], [ -45.994089, -5.985658, 0.0 ], [ -45.992186, -5.98425, 0.0 ], [ -45.991791, -5.98388, 0.0 ], [ -45.991647, -5.983377, 0.0 ], [ -45.991742, -5.982791, 0.0 ], [ -45.992909, -5.980599, 0.0 ], [ -45.993267, -5.980395, 0.0 ], [ -45.994223, -5.980214, 0.0 ], [ -45.994724, -5.97983, 0.0 ], [ -45.994878, -5.979207, 0.0 ], [ -45.994722, -5.978873, 0.0 ], [ -45.994268, -5.978598, 0.0 ], [ -45.994028, -5.978204, 0.0 ] ] } },
{ "type": "Feature", "properties": { "nome": "Rio Mearim", "comprimento": 1.43143197513 }, "geometry": { "type": "LineString", "coordinates": [ [ -45.993682, -5.965269, 0.0 ], [ -45.992196, -5.963262, 0.0 ], [ -45.9915, -5.961732, 0.0 ], [ -45.99095, -5.961529, 0.0 ], [ -45.99009, -5.961495, 0.0 ], [ -45.989265, -5.961113, 0.0 ], [ -45.9893, -5.960682, 0.0 ], [ -45.991256, -5.958741, 0.0 ], [ -45.991695, -5.957124, 0.0 ], [ -45.991812, -5.955652, 0.0 ] ] } },
{ "type": "Feature", "properties": { "nome": "Rio Mearim", "comprimento": 2.1638590957699999 }, "geometry": { "type": "LineString", "coordinates": [ [ -45.992226, -5.953079, 0.0 ], [ -45.993098, -5.953053, 0.0 ], [ -45.993203, -5.951402, 0.0 ], [ -45.994275, -5.949222, 0.0 ], [ -45.994523, -5.947774, 0.0 ], [ -45.993732, -5.946567, 0.0 ], [ -45.993588, -5.946005, 0.0 ], [ -45.993261, -5.943684, 0.0 ], [ -45.992853, -5.942632, 0.0 ], [ -45.992811, -5.939628, 0.0 ], [ -45.992115, -5.938122, 0.0 ], [ -45.992483, -5.936625, 0.0 ], [ -45.992624, -5.935285, 0.0 ] ] } },
{ "type": "Feature", "properties": { "nome": "Rio Mearim", "comprimento": 2.4644816768500002 }, "geometry": { "type": "LineString", "coordinates": [ [ -45.992624, -5.935285, 0.0 ], [ -45.992224, -5.931864, 0.0 ], [ -45.991613, -5.930991, 0.0 ], [ -45.991314, -5.93086, 0.0 ], [ -45.989641, -5.930887, 0.0 ], [ -45.988051, -5.930651, 0.0 ], [ -45.986997, -5.929456, 0.0 ], [ -45.98605, -5.92771, 0.0 ], [ -45.984877, -5.92666, 0.0 ], [ -45.985079, -5.926145, 0.0 ], [ -45.985819, -5.925617, 0.0 ], [ -45.987189, -5.923389, 0.0 ], [ -45.987917, -5.92267, 0.0 ], [ -45.98807, -5.921126, 0.0 ], [ -45.988367, -5.920419, 0.0 ], [ -45.988976, -5.919975, 0.0 ], [ -45.989142, -5.919305, 0.0 ] ] } },
{ "type": "Feature", "properties": { "nome": "Rio Mearim", "comprimento": 1.78018045799 }, "geometry": { "type": "LineString", "coordinates": [ [ -45.983301, -5.910341, 0.0 ], [ -45.982059, -5.907974, 0.0 ], [ -45.98177, -5.906467, 0.0 ], [ -45.981853, -5.906179, 0.0 ], [ -45.982283, -5.905808, 0.0 ], [ -45.983859, -5.905326, 0.0 ], [ -45.985827, -5.902774, 0.0 ], [ -45.985987, -5.899064, 0.0 ], [ -45.985843, -5.89843, 0.0 ], [ -45.985099, -5.896948, 0.0 ] ] } },
{ "type": "Feature", "properties": { "nome": "Rio Mearim", "comprimento": 1.45204443871 }, "geometry": { "type": "LineString", "coordinates": [ [ -45.985654, -5.893106, 0.0 ], [ -45.985869, -5.892818, 0.0 ], [ -45.986979, -5.892158, 0.0 ], [ -45.987779, -5.891965, 0.0 ], [ -45.98834, -5.89157, 0.0 ], [ -45.988447, -5.891294, 0.0 ], [ -45.988339, -5.890935, 0.0 ], [ -45.987176, -5.888999, 0.0 ], [ -45.987353, -5.887335, 0.0 ], [ -45.987781, -5.886222, 0.0 ], [ -45.990201, -5.882915, 0.0 ] ] } },
{ "type": "Feature", "properties": { "nome": "Rio Mearim", "comprimento": 4.1777196958099996 }, "geometry": { "type": "LineString", "coordinates": [ [ -45.973492, -5.832448, 0.0 ], [ -45.973311, -5.831838, 0.0 ], [ -45.973681, -5.831383, 0.0 ], [ -45.974445, -5.831118, 0.0 ], [ -45.976321, -5.831307, 0.0 ], [ -45.977766, -5.830359, 0.0 ], [ -45.978696, -5.829304, 0.0 ], [ -45.978958, -5.828753, 0.0 ], [ -45.979112, -5.828191, 0.0 ], [ -45.979169, -5.826659, 0.0 ], [ -45.978845, -5.825714, 0.0 ], [ -45.978805, -5.823632, 0.0 ], [ -45.978193, -5.821755, 0.0 ], [ -45.978167, -5.820594, 0.0 ], [ -45.976909, -5.818909, 0.0 ], [ -45.976609, -5.818084, 0.0 ], [ -45.976163, -5.815524, 0.0 ], [ -45.974676, -5.812272, 0.0 ], [ -45.974627, -5.81159, 0.0 ], [ -45.974816, -5.810536, 0.0 ], [ -45.97451, -5.806576, 0.0 ], [ -45.974198, -5.805775, 0.0 ], [ -45.97336, -5.804664, 0.0 ], [ -45.972629, -5.803337, 0.0 ], [ -45.971385, -5.802166, 0.0 ], [ -45.970905, -5.801018, 0.0 ] ] } },
{ "type": "Feature", "properties": { "nome": "Rio Mearim", "comprimento": 2.00074040295 }, "geometry": { "type": "LineString", "coordinates": [ [ -45.98342, -5.783909, 0.0 ], [ -45.983503, -5.783191, 0.0 ], [ -45.983371, -5.782868, 0.0 ], [ -45.981264, -5.780347, 0.0 ], [ -45.98052, -5.778781, 0.0 ], [ -45.980663, -5.778242, 0.0 ], [ -45.981796, -5.777582, 0.0 ], [ -45.98207, -5.7769, 0.0 ], [ -45.980967, -5.774915, 0.0 ], [ -45.980967, -5.774676, 0.0 ], [ -45.981062, -5.774365, 0.0 ], [ -45.981372, -5.774113, 0.0 ], [ -45.98395, -5.772349, 0.0 ], [ -45.985214, -5.770768, 0.0 ], [ -45.985344, -5.770444, 0.0 ], [ -45.985248, -5.76987, 0.0 ] ] } },
{ "type": "Feature", "properties": { "nome": "Rio Mearim", "comprimento": 6.8801740689899997 }, "geometry": { "type": "LineString", "coordinates": [ [ -45.962046, -5.772818, 0.0 ], [ -45.962038, -5.772171, 0.0 ], [ -45.961355, -5.771048, 0.0 ], [ -45.960267, -5.770164, 0.0 ], [ -45.957612, -5.768685, 0.0 ], [ -45.956787, -5.768004, 0.0 ], [ -45.956881, -5.76731, 0.0 ], [ -45.957761, -5.765107, 0.0 ], [ -45.958009, -5.763455, 0.0 ], [ -45.958926, -5.761419, 0.0 ], [ -45.95977, -5.758618, 0.0 ], [ -45.95972, -5.757792, 0.0 ], [ -45.959457, -5.757242, 0.0 ], [ -45.958034, -5.756646, 0.0 ], [ -45.956311, -5.755309, 0.0 ], [ -45.955462, -5.75482, 0.0 ], [ -45.954889, -5.755084, 0.0 ], [ -45.954579, -5.755396, 0.0 ], [ -45.952922, -5.757385, 0.0 ], [ -45.951943, -5.757853, 0.0 ], [ -45.951166, -5.75783, 0.0 ], [ -45.949157, -5.756254, 0.0 ], [ -45.947577, -5.754713, 0.0 ], [ -45.947134, -5.753924, 0.0 ], [ -45.946473, -5.751999, 0.0 ], [ -45.945122, -5.751044, 0.0 ], [ -45.943889, -5.749718, 0.0 ], [ -45.943447, -5.74973, 0.0 ], [ -45.941561, -5.750511, 0.0 ], [ -45.940858, -5.751577, 0.0 ], [ -45.940571, -5.751781, 0.0 ], [ -45.940249, -5.751865, 0.0 ], [ -45.939651, -5.751615, 0.0 ], [ -45.938143, -5.75017, 0.0 ], [ -45.938119, -5.749919, 0.0 ], [ -45.93862, -5.749176, 0.0 ], [ -45.938726, -5.748673, 0.0 ], [ -45.938294, -5.747429, 0.0 ], [ -45.938758, -5.745873, 0.0 ], [ -45.938637, -5.745131, 0.0 ], [ -45.937417, -5.744008, 0.0 ], [ -45.936054, -5.743712, 0.0 ], [ -45.934847, -5.743247, 0.0 ], [ -45.93438, -5.742865, 0.0 ], [ -45.934176, -5.741848, 0.0 ], [ -45.933888, -5.741286, 0.0 ], [ -45.933421, -5.740844, 0.0 ], [ -45.932668, -5.74045, 0.0 ], [ -45.931652, -5.740284, 0.0 ] ] } },
{ "type": "Feature", "properties": { "nome": "Rio Mearim", "comprimento": 1.45054058248 }, "geometry": { "type": "LineString", "coordinates": [ [ -45.931652, -5.740284, 0.0 ], [ -45.930839, -5.739963, 0.0 ], [ -45.93011, -5.739916, 0.0 ], [ -45.928929, -5.740385, 0.0 ], [ -45.927986, -5.741128, 0.0 ], [ -45.927546, -5.742421, 0.0 ], [ -45.927164, -5.742912, 0.0 ], [ -45.924882, -5.742641, 0.0 ], [ -45.924583, -5.74227, 0.0 ], [ -45.924439, -5.741756, 0.0 ], [ -45.92507, -5.740618, 0.0 ], [ -45.925116, -5.739505, 0.0 ], [ -45.924793, -5.738907, 0.0 ], [ -45.924326, -5.738645, 0.0 ] ] } },
{ "type": "Feature", "properties": { "nome": "Rio Mearim", "comprimento": 6.80668793255 }, "geometry": { "type": "LineString", "coordinates": [ [ -45.924326, -5.738645, 0.0 ], [ -45.923741, -5.738646, 0.0 ], [ -45.922691, -5.739533, 0.0 ], [ -45.921138, -5.739428, 0.0 ], [ -45.919347, -5.740173, 0.0 ], [ -45.916636, -5.740536, 0.0 ], [ -45.915406, -5.741088, 0.0 ], [ -45.915144, -5.741568, 0.0 ], [ -45.915252, -5.742034, 0.0 ], [ -45.916724, -5.743671, 0.0 ], [ -45.918207, -5.744638, 0.0 ], [ -45.918174, -5.746194, 0.0 ], [ -45.917627, -5.747726, 0.0 ], [ -45.917364, -5.747798, 0.0 ], [ -45.916384, -5.747477, 0.0 ], [ -45.915679, -5.747406, 0.0 ], [ -45.915452, -5.747526, 0.0 ], [ -45.914331, -5.74906, 0.0 ], [ -45.913639, -5.749599, 0.0 ], [ -45.913245, -5.749612, 0.0 ], [ -45.910974, -5.749005, 0.0 ], [ -45.910389, -5.74903, 0.0 ], [ -45.909398, -5.749498, 0.0 ], [ -45.906805, -5.748928, 0.0 ], [ -45.905419, -5.74917, 0.0 ], [ -45.90444, -5.749159, 0.0 ], [ -45.903674, -5.74843, 0.0 ], [ -45.902991, -5.747474, 0.0 ], [ -45.902489, -5.747128, 0.0 ], [ -45.901939, -5.746997, 0.0 ], [ -45.900912, -5.747286, 0.0 ], [ -45.899705, -5.747001, 0.0 ], [ -45.898713, -5.746392, 0.0 ], [ -45.898388, -5.745351, 0.0 ], [ -45.897047, -5.743463, 0.0 ], [ -45.895659, -5.741957, 0.0 ], [ -45.895002, -5.741587, 0.0 ], [ -45.894452, -5.741493, 0.0 ], [ -45.893819, -5.741506, 0.0 ], [ -45.893329, -5.741805, 0.0 ], [ -45.893091, -5.74238, 0.0 ], [ -45.893152, -5.743146, 0.0 ], [ -45.893668, -5.744426, 0.0 ], [ -45.893503, -5.74567, 0.0 ], [ -45.893145, -5.74603, 0.0 ], [ -45.890182, -5.745963, 0.0 ], [ -45.889609, -5.746143, 0.0 ], [ -45.888248, -5.746935, 0.0 ], [ -45.88697, -5.74714, 0.0 ], [ -45.886444, -5.74701, 0.0 ], [ -45.884746, -5.746043, 0.0 ], [ -45.884172, -5.7459, 0.0 ] ] } },
{ "type": "Feature", "properties": { "nome": "Rio Mearim", "comprimento": 0.50854075798300002 }, "geometry": { "type": "LineString", "coordinates": [ [ -45.871831, -5.745488, 0.0 ], [ -45.870455, -5.744641, 0.0 ], [ -45.869724, -5.742727, 0.0 ], [ -45.869473, -5.742668, 0.0 ], [ -45.868924, -5.742968, 0.0 ] ] } },
{ "type": "Feature", "properties": { "nome": "Rio Mearim", "comprimento": 6.1244626442000003 }, "geometry": { "type": "LineString", "coordinates": [ [ -45.868924, -5.742968, 0.0 ], [ -45.86785, -5.744094, 0.0 ], [ -45.866489, -5.744814, 0.0 ], [ -45.865677, -5.744995, 0.0 ], [ -45.865068, -5.744924, 0.0 ], [ -45.864805, -5.744757, 0.0 ], [ -45.864911, -5.744051, 0.0 ], [ -45.864719, -5.743716, 0.0 ], [ -45.863979, -5.743765, 0.0 ], [ -45.862723, -5.743097, 0.0 ], [ -45.86166, -5.743003, 0.0 ], [ -45.860285, -5.742395, 0.0 ], [ -45.859605, -5.742755, 0.0 ], [ -45.858794, -5.744048, 0.0 ], [ -45.858174, -5.744432, 0.0 ], [ -45.855593, -5.744209, 0.0 ], [ -45.854229, -5.743476, 0.0 ], [ -45.852888, -5.743076, 0.0 ], [ -45.850792, -5.743125, 0.0 ], [ -45.849168, -5.743666, 0.0 ], [ -45.848392, -5.743631, 0.0 ], [ -45.847794, -5.743297, 0.0 ], [ -45.846442, -5.742054, 0.0 ], [ -45.844721, -5.741351, 0.0 ], [ -45.844577, -5.741183, 0.0 ], [ -45.844456, -5.740238, 0.0 ], [ -45.844742, -5.739628, 0.0 ], [ -45.844931, -5.73788, 0.0 ], [ -45.844559, -5.737175, 0.0 ], [ -45.844117, -5.736774, 0.0 ], [ -45.84139, -5.735282, 0.0 ], [ -45.840816, -5.734768, 0.0 ], [ -45.839762, -5.733118, 0.0 ], [ -45.838208, -5.732104, 0.0 ], [ -45.836977, -5.731543, 0.0 ], [ -45.835782, -5.73188, 0.0 ], [ -45.834804, -5.732527, 0.0 ], [ -45.834018, -5.734371, 0.0 ], [ -45.832919, -5.73466, 0.0 ], [ -45.830744, -5.733981, 0.0 ], [ -45.829585, -5.734246, 0.0 ], [ -45.828164, -5.734332, 0.0 ], [ -45.827518, -5.733926, 0.0 ], [ -45.827038, -5.732503, 0.0 ] ] } },
{ "type": "Feature", "properties": { "nome": "Rio Mearim", "comprimento": 4.4985352487499997 }, "geometry": { "type": "LineString", "coordinates": [ [ -45.805133, -5.744752, 0.0 ], [ -45.804237, -5.744968, 0.0 ], [ -45.803054, -5.744707, 0.0 ], [ -45.802134, -5.744804, 0.0 ], [ -45.801632, -5.7449, 0.0 ], [ -45.801072, -5.745344, 0.0 ], [ -45.799245, -5.74604, 0.0 ], [ -45.797871, -5.746018, 0.0 ], [ -45.796223, -5.74699, 0.0 ], [ -45.795484, -5.748032, 0.0 ], [ -45.794493, -5.748404, 0.0 ], [ -45.790428, -5.746663, 0.0 ], [ -45.789125, -5.745516, 0.0 ], [ -45.788383, -5.745122, 0.0 ], [ -45.786532, -5.745591, 0.0 ], [ -45.786139, -5.746166, 0.0 ], [ -45.786212, -5.747004, 0.0 ], [ -45.785842, -5.747543, 0.0 ], [ -45.784982, -5.747424, 0.0 ], [ -45.784432, -5.747629, 0.0 ], [ -45.783703, -5.747582, 0.0 ], [ -45.782149, -5.747033, 0.0 ], [ -45.780046, -5.746737, 0.0 ], [ -45.779436, -5.74608, 0.0 ], [ -45.778921, -5.745111, 0.0 ], [ -45.777713, -5.74388, 0.0 ], [ -45.777283, -5.743905, 0.0 ], [ -45.775896, -5.743572, 0.0 ], [ -45.775323, -5.743668, 0.0 ], [ -45.773604, -5.744472, 0.0 ], [ -45.772995, -5.744641, 0.0 ], [ -45.772505, -5.744605, 0.0 ], [ -45.772026, -5.744211, 0.0 ], [ -45.771486, -5.742584, 0.0 ] ] } },
{ "type": "Feature", "properties": { "nome": "Rio Mearim", "comprimento": 7.4284405522499997 }, "geometry": { "type": "LineString", "coordinates": [ [ -45.771486, -5.742584, 0.0 ], [ -45.771163, -5.741687, 0.0 ], [ -45.770732, -5.741484, 0.0 ], [ -45.770255, -5.741581, 0.0 ], [ -45.768142, -5.742768, 0.0 ], [ -45.765946, -5.74477, 0.0 ], [ -45.765481, -5.745536, 0.0 ], [ -45.765542, -5.74641, 0.0 ], [ -45.765375, -5.74708, 0.0 ], [ -45.765113, -5.747475, 0.0 ], [ -45.764086, -5.747836, 0.0 ], [ -45.763836, -5.748099, 0.0 ], [ -45.763443, -5.749308, 0.0 ], [ -45.762285, -5.750339, 0.0 ], [ -45.761808, -5.750603, 0.0 ], [ -45.759944, -5.750677, 0.0 ], [ -45.757532, -5.751662, 0.0 ], [ -45.756995, -5.751698, 0.0 ], [ -45.754905, -5.752407, 0.0 ], [ -45.753232, -5.752194, 0.0 ], [ -45.752192, -5.751681, 0.0 ], [ -45.750325, -5.74984, 0.0 ], [ -45.749321, -5.749339, 0.0 ], [ -45.744433, -5.748173, 0.0 ], [ -45.743764, -5.748317, 0.0 ], [ -45.742643, -5.749432, 0.0 ], [ -45.741642, -5.75136, 0.0 ], [ -45.741583, -5.752245, 0.0 ], [ -45.74193, -5.753022, 0.0 ], [ -45.741979, -5.753669, 0.0 ], [ -45.741489, -5.753753, 0.0 ], [ -45.741179, -5.753658, 0.0 ], [ -45.740748, -5.753227, 0.0 ], [ -45.740545, -5.753216, 0.0 ], [ -45.739722, -5.754114, 0.0 ], [ -45.739268, -5.754366, 0.0 ], [ -45.738491, -5.754331, 0.0 ], [ -45.737392, -5.753866, 0.0 ], [ -45.736066, -5.754131, 0.0 ], [ -45.73505, -5.753893, 0.0 ], [ -45.734596, -5.753977, 0.0 ], [ -45.733306, -5.754613, 0.0 ], [ -45.732842, -5.755763, 0.0 ], [ -45.730706, -5.75762, 0.0 ], [ -45.730683, -5.758207, 0.0 ], [ -45.730802, -5.758422, 0.0 ], [ -45.731364, -5.758768, 0.0 ], [ -45.731938, -5.758708, 0.0 ], [ -45.732153, -5.75909, 0.0 ], [ -45.731891, -5.759797, 0.0 ], [ -45.731306, -5.760156, 0.0 ], [ -45.73108, -5.760504, 0.0 ], [ -45.731033, -5.761294, 0.0 ], [ -45.730783, -5.76212, 0.0 ], [ -45.730437, -5.762204, 0.0 ], [ -45.729659, -5.761678, 0.0 ], [ -45.729014, -5.761524, 0.0 ], [ -45.728107, -5.762051, 0.0 ], [ -45.727844, -5.76247, 0.0 ], [ -45.727906, -5.763703, 0.0 ], [ -45.727739, -5.76411, 0.0 ], [ -45.727393, -5.764266, 0.0 ], [ -45.726628, -5.764303, 0.0 ] ] } },
{ "type": "Feature", "properties": { "nome": "Rio Mearim", "comprimento": 1.31224685348 }, "geometry": { "type": "LineString", "coordinates": [ [ -45.730378, -5.77216, 0.0 ], [ -45.729926, -5.773561, 0.0 ], [ -45.727118, -5.773732, 0.0 ], [ -45.726282, -5.77414, 0.0 ], [ -45.726031, -5.774128, 0.0 ], [ -45.72504, -5.774644, 0.0 ], [ -45.723093, -5.775293, 0.0 ], [ -45.721255, -5.776731, 0.0 ], [ -45.720551, -5.777115, 0.0 ] ] } },
{ "type": "Feature", "properties": { "nome": "Rio Mearim", "comprimento": 4.0346876120799999 }, "geometry": { "type": "LineString", "coordinates": [ [ -45.652077, -5.790334, 0.0 ], [ -45.651398, -5.790745, 0.0 ], [ -45.649164, -5.791023, 0.0 ], [ -45.644789, -5.78879, 0.0 ], [ -45.644597, -5.788754, 0.0 ], [ -45.643702, -5.789186, 0.0 ], [ -45.643272, -5.789151, 0.0 ], [ -45.642554, -5.788338, 0.0 ], [ -45.6418, -5.787058, 0.0 ], [ -45.640986, -5.786018, 0.0 ], [ -45.640304, -5.785444, 0.0 ], [ -45.638272, -5.784693, 0.0 ], [ -45.635918, -5.784432, 0.0 ], [ -45.634508, -5.784075, 0.0 ], [ -45.632595, -5.783131, 0.0 ], [ -45.632368, -5.782856, 0.0 ], [ -45.631672, -5.780942, 0.0 ], [ -45.630296, -5.779089, 0.0 ], [ -45.629579, -5.778575, 0.0 ], [ -45.628707, -5.778588, 0.0 ], [ -45.628181, -5.778948, 0.0 ], [ -45.627668, -5.779056, 0.0 ], [ -45.626892, -5.78011, 0.0 ], [ -45.626212, -5.780769, 0.0 ], [ -45.624276, -5.780699, 0.0 ], [ -45.622353, -5.78124, 0.0 ] ] } },
{ "type": "Feature", "properties": { "nome": "Rio Mearim", "comprimento": 0.27557668189399998 }, "geometry": { "type": "LineString", "coordinates": [ [ -45.994028, -5.978204, 0.0 ], [ -45.994049, -5.976672, 0.0 ], [ -45.994334, -5.975774, 0.0 ] ] } },
{ "type": "Feature", "properties": { "nome": "Rio Mearim", "comprimento": 1.42527558646 }, "geometry": { "type": "LineString", "coordinates": [ [ -45.994334, -5.975774, 0.0 ], [ -45.994307, -5.973979, 0.0 ], [ -45.994713, -5.973548, 0.0 ], [ -45.99617, -5.973174, 0.0 ], [ -45.996409, -5.972947, 0.0 ], [ -45.996849, -5.971582, 0.0 ], [ -45.996883, -5.970947, 0.0 ], [ -45.995361, -5.968581, 0.0 ], [ -45.993682, -5.965269, 0.0 ] ] } },
{ "type": "Feature", "properties": { "nome": "Rio Mearim", "comprimento": 0.31700512226200001 }, "geometry": { "type": "LineString", "coordinates": [ [ -45.991812, -5.955652, 0.0 ], [ -45.991535, -5.954576, 0.0 ], [ -45.991594, -5.954109, 0.0 ], [ -45.991868, -5.953319, 0.0 ], [ -45.992226, -5.953079, 0.0 ] ] } },
{ "type": "Feature", "properties": { "nome": "Rio Mearim", "comprimento": 1.7684653836199999 }, "geometry": { "type": "LineString", "coordinates": [ [ -45.989142, -5.919305, 0.0 ], [ -45.98976, -5.917497, 0.0 ], [ -45.989712, -5.917354, 0.0 ], [ -45.988887, -5.916924, 0.0 ], [ -45.988671, -5.91641, 0.0 ], [ -45.988825, -5.915823, 0.0 ], [ -45.989744, -5.914829, 0.0 ], [ -45.990017, -5.91411, 0.0 ], [ -45.989933, -5.913548, 0.0 ], [ -45.989297, -5.912436, 0.0 ], [ -45.988412, -5.911852, 0.0 ], [ -45.987217, -5.911686, 0.0 ], [ -45.986715, -5.911783, 0.0 ], [ -45.985426, -5.912575, 0.0 ], [ -45.98496, -5.912671, 0.0 ], [ -45.98393, -5.911812, 0.0 ], [ -45.983691, -5.911286, 0.0 ], [ -45.98369, -5.910771, 0.0 ], [ -45.983301, -5.910341, 0.0 ] ] } },
{ "type": "Feature", "properties": { "nome": "Rio Mearim", "comprimento": 2.0924210297100001 }, "geometry": { "type": "LineString", "coordinates": [ [ -45.990201, -5.882915, 0.0 ], [ -45.990093, -5.882484, 0.0 ], [ -45.989446, -5.882055, 0.0 ], [ -45.988549, -5.881087, 0.0 ], [ -45.987951, -5.880813, 0.0 ], [ -45.987222, -5.881149, 0.0 ], [ -45.987163, -5.881652, 0.0 ], [ -45.986818, -5.882155, 0.0 ], [ -45.986651, -5.882227, 0.0 ], [ -45.985886, -5.882037, 0.0 ], [ -45.98372, -5.880665, 0.0 ], [ -45.983385, -5.880283, 0.0 ], [ -45.983599, -5.879576, 0.0 ], [ -45.983252, -5.879134, 0.0 ], [ -45.981733, -5.87867, 0.0 ], [ -45.980956, -5.878229, 0.0 ], [ -45.980308, -5.876794, 0.0 ], [ -45.978552, -5.877395, 0.0 ], [ -45.977668, -5.877181, 0.0 ], [ -45.97695, -5.876549, 0.0 ], [ -45.976459, -5.876382, 0.0 ] ] } },
{ "type": "Feature", "properties": { "nome": "Rio Mearim", "comprimento": 3.0005178509500001 }, "geometry": { "type": "LineString", "coordinates": [ [ -45.975742, -5.876251, 0.0 ], [ -45.975132, -5.875906, 0.0 ], [ -45.974904, -5.875367, 0.0 ], [ -45.975235, -5.873129, 0.0 ], [ -45.97552, -5.872339, 0.0 ], [ -45.976463, -5.871356, 0.0 ], [ -45.976832, -5.870745, 0.0 ], [ -45.977391, -5.869057, 0.0 ], [ -45.977495, -5.867023, 0.0 ], [ -45.978438, -5.866375, 0.0 ], [ -45.979118, -5.86623, 0.0 ], [ -45.979705, -5.866887, 0.0 ], [ -45.980363, -5.867149, 0.0 ], [ -45.981139, -5.867208, 0.0 ], [ -45.981474, -5.867052, 0.0 ], [ -45.981617, -5.866812, 0.0 ], [ -45.981545, -5.866513, 0.0 ], [ -45.980432, -5.86557, 0.0 ], [ -45.979713, -5.864398, 0.0 ], [ -45.979759, -5.863788, 0.0 ], [ -45.979986, -5.863572, 0.0 ], [ -45.981169, -5.863367, 0.0 ], [ -45.981407, -5.862959, 0.0 ], [ -45.981322, -5.862517, 0.0 ], [ -45.980772, -5.862051, 0.0 ], [ -45.979672, -5.861598, 0.0 ], [ -45.979873, -5.860461, 0.0 ], [ -45.978891, -5.859338, 0.0 ], [ -45.978459, -5.858382, 0.0 ] ] } },
{ "type": "Feature", "properties": { "nome": "Rio Mearim", "comprimento": 3.4829393570199998 }, "geometry": { "type": "LineString", "coordinates": [ [ -45.978459, -5.858382, 0.0 ], [ -45.977669, -5.857198, 0.0 ], [ -45.976053, -5.855921, 0.0 ], [ -45.974856, -5.854679, 0.0 ], [ -45.97317, -5.853868, 0.0 ], [ -45.972295, -5.852038, 0.0 ], [ -45.971862, -5.850448, 0.0 ], [ -45.971095, -5.848953, 0.0 ], [ -45.970854, -5.848092, 0.0 ], [ -45.970661, -5.84704, 0.0 ], [ -45.970708, -5.846561, 0.0 ], [ -45.972161, -5.843866, 0.0 ], [ -45.971848, -5.842167, 0.0 ], [ -45.972121, -5.841102, 0.0 ], [ -45.973182, -5.83988, 0.0 ], [ -45.973467, -5.839101, 0.0 ], [ -45.973944, -5.838383, 0.0 ], [ -45.975304, -5.837315, 0.0 ], [ -45.97559, -5.8368, 0.0 ], [ -45.97535, -5.835999, 0.0 ], [ -45.974643, -5.834744, 0.0 ], [ -45.974498, -5.833739, 0.0 ], [ -45.974186, -5.833105, 0.0 ], [ -45.973492, -5.832448, 0.0 ] ] } },
{ "type": "Feature", "properties": { "nome": "Rio Mearim", "comprimento": 2.6399962872099998 }, "geometry": { "type": "LineString", "coordinates": [ [ -45.970905, -5.801018, 0.0 ], [ -45.970711, -5.799523, 0.0 ], [ -45.970853, -5.798924, 0.0 ], [ -45.971306, -5.798038, 0.0 ], [ -45.971292, -5.797105, 0.0 ], [ -45.971435, -5.796578, 0.0 ], [ -45.971912, -5.796278, 0.0 ], [ -45.972999, -5.796109, 0.0 ], [ -45.974062, -5.795676, 0.0 ], [ -45.974465, -5.794191, 0.0 ], [ -45.974724, -5.791582, 0.0 ], [ -45.975664, -5.789235, 0.0 ], [ -45.976869, -5.788575, 0.0 ], [ -45.979973, -5.787373, 0.0 ], [ -45.980964, -5.786761, 0.0 ], [ -45.981811, -5.786138, 0.0 ], [ -45.982646, -5.785263, 0.0 ], [ -45.983004, -5.784831, 0.0 ], [ -45.98342, -5.783909, 0.0 ] ] } },
{ "type": "Feature", "properties": { "nome": "Rio Mearim", "comprimento": 3.7767417870500002 }, "geometry": { "type": "LineString", "coordinates": [ [ -45.985248, -5.76987, 0.0 ], [ -45.983812, -5.768688, 0.0 ], [ -45.983237, -5.767899, 0.0 ], [ -45.982974, -5.767409, 0.0 ], [ -45.982852, -5.766201, 0.0 ], [ -45.982636, -5.765519, 0.0 ], [ -45.982516, -5.765292, 0.0 ], [ -45.982241, -5.765197, 0.0 ], [ -45.980534, -5.766181, 0.0 ], [ -45.97989, -5.766864, 0.0 ], [ -45.979355, -5.768253, 0.0 ], [ -45.979359, -5.770634, 0.0 ], [ -45.979097, -5.771041, 0.0 ], [ -45.978846, -5.771138, 0.0 ], [ -45.978177, -5.771115, 0.0 ], [ -45.975583, -5.770341, 0.0 ], [ -45.974819, -5.770283, 0.0 ], [ -45.973482, -5.771386, 0.0 ], [ -45.97076, -5.772468, 0.0 ], [ -45.969709, -5.772481, 0.0 ], [ -45.968216, -5.772951, 0.0 ], [ -45.965949, -5.774618, 0.0 ], [ -45.963765, -5.77571, 0.0 ], [ -45.963095, -5.775568, 0.0 ], [ -45.962258, -5.774947, 0.0 ], [ -45.961958, -5.773823, 0.0 ], [ -45.962046, -5.772818, 0.0 ] ] } },
{ "type": "Feature", "properties": { "nome": "Rio Mearim", "comprimento": 1.03142648128 }, "geometry": { "type": "LineString", "coordinates": [ [ -45.884172, -5.7459, 0.0 ], [ -45.881973, -5.745413, 0.0 ], [ -45.880837, -5.744721, 0.0 ], [ -45.878554, -5.743695, 0.0 ], [ -45.877252, -5.744032, 0.0 ], [ -45.875735, -5.743903, 0.0 ], [ -45.875436, -5.744023, 0.0 ] ] } },
{ "type": "Feature", "properties": { "nome": "Rio Mearim", "comprimento": 2.8105602422899998 }, "geometry": { "type": "LineString", "coordinates": [ [ -45.827038, -5.732503, 0.0 ], [ -45.826344, -5.731714, 0.0 ], [ -45.824802, -5.73101, 0.0 ], [ -45.823726, -5.73015, 0.0 ], [ -45.822124, -5.729973, 0.0 ], [ -45.820358, -5.731423, 0.0 ], [ -45.817887, -5.73242, 0.0 ], [ -45.816252, -5.733703, 0.0 ], [ -45.814461, -5.734818, 0.0 ], [ -45.813374, -5.734808, 0.0 ], [ -45.812514, -5.735132, 0.0 ], [ -45.812109, -5.735576, 0.0 ], [ -45.811406, -5.736881, 0.0 ], [ -45.81043, -5.73924, 0.0 ], [ -45.810562, -5.739922, 0.0 ], [ -45.8114, -5.741249, 0.0 ], [ -45.811749, -5.74272, 0.0 ] ] } },
{ "type": "Feature", "properties": { "nome": "Rio Mearim", "comprimento": 0.44533839482999998 }, "geometry": { "type": "LineString", "coordinates": [ [ -45.875436, -5.744023, 0.0 ], [ -45.873157, -5.745391, 0.0 ], [ -45.872595, -5.745559, 0.0 ], [ -45.871831, -5.745488, 0.0 ] ] } },
{ "type": "Feature", "properties": { "nome": "Rio Mearim", "comprimento": 0.85703935698300004 }, "geometry": { "type": "LineString", "coordinates": [ [ -45.811749, -5.74272, 0.0 ], [ -45.811678, -5.743594, 0.0 ], [ -45.811523, -5.743809, 0.0 ], [ -45.810652, -5.744205, 0.0 ], [ -45.806685, -5.744187, 0.0 ], [ -45.805133, -5.744752, 0.0 ] ] } },
{ "type": "Feature", "properties": { "nome": "Rio Mearim", "comprimento": 1.30075809086 }, "geometry": { "type": "LineString", "coordinates": [ [ -45.726628, -5.764303, 0.0 ], [ -45.726019, -5.764615, 0.0 ], [ -45.725972, -5.76507, 0.0 ], [ -45.726211, -5.765249, 0.0 ], [ -45.726928, -5.765188, 0.0 ], [ -45.727167, -5.765331, 0.0 ], [ -45.727239, -5.765798, 0.0 ], [ -45.726882, -5.766672, 0.0 ], [ -45.727086, -5.767258, 0.0 ], [ -45.728282, -5.768453, 0.0 ], [ -45.729119, -5.768608, 0.0 ], [ -45.73016, -5.769851, 0.0 ], [ -45.73022, -5.770294, 0.0 ], [ -45.729635, -5.770665, 0.0 ], [ -45.729504, -5.770905, 0.0 ], [ -45.729744, -5.771431, 0.0 ], [ -45.730378, -5.77216, 0.0 ] ] } },
{ "type": "Feature", "properties": { "nome": "Rio Mearim", "comprimento": 5.1279844718699996 }, "geometry": { "type": "LineString", "coordinates": [ [ -45.685311, -5.793098, 0.0 ], [ -45.68311, -5.791115, 0.0 ], [ -45.682428, -5.790194, 0.0 ], [ -45.681662, -5.789453, 0.0 ], [ -45.680264, -5.788844, 0.0 ], [ -45.679929, -5.788533, 0.0 ], [ -45.679307, -5.787697, 0.0 ], [ -45.678947, -5.786931, 0.0 ], [ -45.678994, -5.785734, 0.0 ], [ -45.679208, -5.785196, 0.0 ], [ -45.680594, -5.785409, 0.0 ], [ -45.681096, -5.785026, 0.0 ], [ -45.681489, -5.784439, 0.0 ], [ -45.682251, -5.782452, 0.0 ], [ -45.68366, -5.781253, 0.0 ], [ -45.684375, -5.779553, 0.0 ], [ -45.684374, -5.778847, 0.0 ], [ -45.683525, -5.777962, 0.0 ], [ -45.68289, -5.776874, 0.0 ], [ -45.681861, -5.775607, 0.0 ], [ -45.681443, -5.775536, 0.0 ], [ -45.681096, -5.775704, 0.0 ], [ -45.680906, -5.775979, 0.0 ], [ -45.680275, -5.777907, 0.0 ], [ -45.679738, -5.778888, 0.0 ], [ -45.67943, -5.780756, 0.0 ], [ -45.678821, -5.781391, 0.0 ], [ -45.676444, -5.782363, 0.0 ], [ -45.675262, -5.782568, 0.0 ], [ -45.674259, -5.783586, 0.0 ], [ -45.673985, -5.783562, 0.0 ], [ -45.673853, -5.783168, 0.0 ], [ -45.674174, -5.782485, 0.0 ], [ -45.674031, -5.78221, 0.0 ], [ -45.673589, -5.782127, 0.0 ], [ -45.67274, -5.782295, 0.0 ], [ -45.672263, -5.782727, 0.0 ], [ -45.671857, -5.782847, 0.0 ], [ -45.671486, -5.782799, 0.0 ], [ -45.671283, -5.782596, 0.0 ], [ -45.671187, -5.782237, 0.0 ], [ -45.671711, -5.781052, 0.0 ], [ -45.671496, -5.780753, 0.0 ], [ -45.671078, -5.780634, 0.0 ], [ -45.670731, -5.780718, 0.0 ], [ -45.670338, -5.781616, 0.0 ], [ -45.669562, -5.782227, 0.0 ] ] } },
{ "type": "Feature", "properties": { "nome": "Rio Mearim", "comprimento": 1.8093272633699999 }, "geometry": { "type": "LineString", "coordinates": [ [ -45.720551, -5.777115, 0.0 ], [ -45.719297, -5.777727, 0.0 ], [ -45.718617, -5.778374, 0.0 ], [ -45.718319, -5.779344, 0.0 ], [ -45.718191, -5.781438, 0.0 ], [ -45.718563, -5.783065, 0.0 ], [ -45.720466, -5.785863, 0.0 ], [ -45.720658, -5.786257, 0.0 ], [ -45.720647, -5.786772, 0.0 ], [ -45.72054, -5.787071, 0.0 ], [ -45.719871, -5.787718, 0.0 ], [ -45.719513, -5.787803, 0.0 ], [ -45.716767, -5.789553, 0.0 ] ] } },
{ "type": "Feature", "properties": { "nome": "Rio Mearim", "comprimento": 3.0432057550099998 }, "geometry": { "type": "LineString", "coordinates": [ [ -45.669562, -5.782227, 0.0 ], [ -45.669312, -5.782826, 0.0 ], [ -45.669301, -5.78346, 0.0 ], [ -45.668907, -5.783951, 0.0 ], [ -45.668107, -5.784192, 0.0 ], [ -45.666781, -5.784289, 0.0 ], [ -45.666255, -5.784601, 0.0 ], [ -45.66622, -5.78484, 0.0 ], [ -45.66665, -5.785402, 0.0 ], [ -45.666555, -5.785737, 0.0 ], [ -45.666125, -5.785654, 0.0 ], [ -45.66512, -5.784793, 0.0 ], [ -45.66481, -5.784794, 0.0 ], [ -45.663198, -5.786088, 0.0 ], [ -45.662732, -5.786208, 0.0 ], [ -45.662195, -5.786161, 0.0 ], [ -45.661692, -5.785791, 0.0 ], [ -45.660952, -5.785959, 0.0 ], [ -45.659721, -5.785745, 0.0 ], [ -45.659434, -5.785853, 0.0 ], [ -45.659124, -5.786332, 0.0 ], [ -45.659113, -5.787505, 0.0 ], [ -45.658674, -5.7896, 0.0 ], [ -45.658245, -5.790546, 0.0 ], [ -45.657313, -5.790499, 0.0 ], [ -45.655938, -5.789902, 0.0 ], [ -45.65314, -5.788218, 0.0 ], [ -45.652686, -5.788374, 0.0 ], [ -45.652555, -5.78859, 0.0 ], [ -45.652425, -5.78987, 0.0 ], [ -45.652077, -5.790334, 0.0 ] ] } },
{ "type": "Feature", "properties": { "nome": "Rio Mearim", "comprimento": 1.8556285161899999 }, "geometry": { "type": "LineString", "coordinates": [ [ -45.622353, -5.78124, 0.0 ], [ -45.621672, -5.781013, 0.0 ], [ -45.619926, -5.77995, 0.0 ], [ -45.618659, -5.779676, 0.0 ], [ -45.61781, -5.779199, 0.0 ], [ -45.617595, -5.778529, 0.0 ], [ -45.617533, -5.776865, 0.0 ], [ -45.617018, -5.776184, 0.0 ], [ -45.616409, -5.775861, 0.0 ], [ -45.613433, -5.775218, 0.0 ], [ -45.612716, -5.775363, 0.0 ], [ -45.611188, -5.776094, 0.0 ], [ -45.60893, -5.776067, 0.0 ] ] } },
{ "type": "Feature", "properties": { "nome": "Rio Mearim", "comprimento": 9.1900235758199997 }, "geometry": { "type": "LineString", "coordinates": [ [ -46.047787, -6.109003, 0.0 ], [ -46.047213, -6.109124, 0.0 ], [ -46.046304, -6.108862, 0.0 ], [ -46.045776, -6.107834, 0.0 ], [ -46.045655, -6.107117, 0.0 ], [ -46.046299, -6.105967, 0.0 ], [ -46.046872, -6.105535, 0.0 ], [ -46.047708, -6.105509, 0.0 ], [ -46.047947, -6.105365, 0.0 ], [ -46.048615, -6.104502, 0.0 ], [ -46.048538, -6.102986, 0.0 ], [ -46.048172, -6.101896, 0.0 ], [ -46.047597, -6.10138, 0.0 ], [ -46.046239, -6.101096, 0.0 ], [ -46.043561, -6.101254, 0.0 ], [ -46.043293, -6.101044, 0.0 ], [ -46.043804, -6.098171, 0.0 ], [ -46.044548, -6.097404, 0.0 ], [ -46.045523, -6.096885, 0.0 ], [ -46.045827, -6.09587, 0.0 ], [ -46.045807, -6.095506, 0.0 ], [ -46.045404, -6.09455, 0.0 ], [ -46.044694, -6.09367, 0.0 ], [ -46.043603, -6.093098, 0.0 ], [ -46.041901, -6.093044, 0.0 ], [ -46.041461, -6.093141, 0.0 ], [ -46.041022, -6.09362, 0.0 ], [ -46.039897, -6.09546, 0.0 ], [ -46.039209, -6.095653, 0.0 ], [ -46.038673, -6.095482, 0.0 ], [ -46.0385, -6.09508, 0.0 ], [ -46.038442, -6.094735, 0.0 ], [ -46.038632, -6.094142, 0.0 ], [ -46.039224, -6.093375, 0.0 ], [ -46.039299, -6.092858, 0.0 ], [ -46.038934, -6.092112, 0.0 ], [ -46.03878, -6.091346, 0.0 ], [ -46.039044, -6.089431, 0.0 ], [ -46.038658, -6.0879, 0.0 ], [ -46.038236, -6.087135, 0.0 ], [ -46.038254, -6.086523, 0.0 ], [ -46.038368, -6.086005, 0.0 ], [ -46.039246, -6.084989, 0.0 ], [ -46.039683, -6.083782, 0.0 ], [ -46.039681, -6.082519, 0.0 ], [ -46.03989, -6.081637, 0.0 ], [ -46.039658, -6.080527, 0.0 ], [ -46.04023, -6.079397, 0.0 ], [ -46.040228, -6.07844, 0.0 ], [ -46.039728, -6.077005, 0.0 ], [ -46.039096, -6.076585, 0.0 ], [ -46.038541, -6.076547, 0.0 ], [ -46.037909, -6.076242, 0.0 ], [ -46.037104, -6.075306, 0.0 ], [ -46.036969, -6.074617, 0.0 ], [ -46.037388, -6.07364, 0.0 ], [ -46.037349, -6.073123, 0.0 ], [ -46.036525, -6.072454, 0.0 ], [ -46.036141, -6.071766, 0.0 ], [ -46.034092, -6.070238, 0.0 ], [ -46.033555, -6.069454, 0.0 ], [ -46.033895, -6.067501, 0.0 ], [ -46.033855, -6.066276, 0.0 ], [ -46.033527, -6.065147, 0.0 ], [ -46.032915, -6.064995, 0.0 ], [ -46.032627, -6.064517, 0.0 ], [ -46.032089, -6.062929, 0.0 ], [ -46.031953, -6.061914, 0.0 ], [ -46.032084, -6.060631, 0.0 ], [ -46.032885, -6.059328, 0.0 ], [ -46.033514, -6.057929, 0.0 ], [ -46.033338, -6.056053, 0.0 ], [ -46.033833, -6.054846, 0.0 ], [ -46.034536, -6.052164, 0.0 ], [ -46.034649, -6.051418, 0.0 ], [ -46.034532, -6.050441, 0.0 ] ] } },
{ "type": "Feature", "properties": { "nome": "Rio Mearim", "comprimento": 2.20324985305 }, "geometry": { "type": "LineString", "coordinates": [ [ -46.020854, -6.029015, 0.0 ], [ -46.021006, -6.028536, 0.0 ], [ -46.022134, -6.028592, 0.0 ], [ -46.023432, -6.027249, 0.0 ], [ -46.024136, -6.025391, 0.0 ], [ -46.024212, -6.02472, 0.0 ], [ -46.023675, -6.023994, 0.0 ], [ -46.023215, -6.023727, 0.0 ], [ -46.022068, -6.023633, 0.0 ], [ -46.020977, -6.023195, 0.0 ], [ -46.020594, -6.022832, 0.0 ], [ -46.020285, -6.021186, 0.0 ], [ -46.019997, -6.02067, 0.0 ], [ -46.019838, -6.017588, 0.0 ], [ -46.019703, -6.017224, 0.0 ], [ -46.019052, -6.016517, 0.0 ], [ -46.016812, -6.015085, 0.0 ] ] } },
{ "type": "Feature", "properties": { "nome": "Rio Mearim", "comprimento": 2.9552629887299999 }, "geometry": { "type": "LineString", "coordinates": [ [ -46.069095, -6.246305, 0.0 ], [ -46.069331, -6.245551, 0.0 ], [ -46.069976, -6.245024, 0.0 ], [ -46.07245, -6.244444, 0.0 ], [ -46.073383, -6.244371, 0.0 ], [ -46.074995, -6.243362, 0.0 ], [ -46.074994, -6.242931, 0.0 ], [ -46.074814, -6.24286, 0.0 ], [ -46.074492, -6.243076, 0.0 ], [ -46.07399, -6.243113, 0.0 ], [ -46.073344, -6.242935, 0.0 ], [ -46.073164, -6.242648, 0.0 ], [ -46.073163, -6.242181, 0.0 ], [ -46.073341, -6.241786, 0.0 ], [ -46.075026, -6.241029, 0.0 ], [ -46.075205, -6.240813, 0.0 ], [ -46.075154, -6.240344, 0.0 ], [ -46.074577, -6.239235, 0.0 ], [ -46.072545, -6.236923, 0.0 ], [ -46.072525, -6.236616, 0.0 ], [ -46.072925, -6.235754, 0.0 ], [ -46.073651, -6.235427, 0.0 ], [ -46.074761, -6.235501, 0.0 ], [ -46.075507, -6.235366, 0.0 ], [ -46.07671, -6.234425, 0.0 ], [ -46.076824, -6.2341, 0.0 ], [ -46.075713, -6.233202, 0.0 ], [ -46.075444, -6.232667, 0.0 ], [ -46.075347, -6.232093, 0.0 ], [ -46.075462, -6.231882, 0.0 ], [ -46.076054, -6.231766, 0.0 ] ] } },
{ "type": "Feature", "properties": { "nome": "Rio Mearim", "comprimento": 3.22963379171 }, "geometry": { "type": "LineString", "coordinates": [ [ -46.063427, -6.221893, 0.0 ], [ -46.063254, -6.221492, 0.0 ], [ -46.064075, -6.220743, 0.0 ], [ -46.064132, -6.220456, 0.0 ], [ -46.063746, -6.218925, 0.0 ], [ -46.062902, -6.217759, 0.0 ], [ -46.061177, -6.216174, 0.0 ], [ -46.060584, -6.215792, 0.0 ], [ -46.058992, -6.213976, 0.0 ], [ -46.058819, -6.213556, 0.0 ], [ -46.058952, -6.213019, 0.0 ], [ -46.059926, -6.212386, 0.0 ], [ -46.060689, -6.21114, 0.0 ], [ -46.061205, -6.211005, 0.0 ], [ -46.062087, -6.21173, 0.0 ], [ -46.062836, -6.213165, 0.0 ], [ -46.06343, -6.213834, 0.0 ], [ -46.063889, -6.213833, 0.0 ], [ -46.064433, -6.213334, 0.0 ], [ -46.065217, -6.213007, 0.0 ], [ -46.067494, -6.213155, 0.0 ], [ -46.068564, -6.212521, 0.0 ], [ -46.069535, -6.210279, 0.0 ], [ -46.070756, -6.208726, 0.0 ], [ -46.070582, -6.207903, 0.0 ] ] } },
{ "type": "Feature", "properties": { "nome": "Rio Mearim", "comprimento": 2.8336625103399999 }, "geometry": { "type": "LineString", "coordinates": [ [ -46.062785, -6.192527, 0.0 ], [ -46.062306, -6.19203, 0.0 ], [ -46.062133, -6.191609, 0.0 ], [ -46.062227, -6.190824, 0.0 ], [ -46.062513, -6.190326, 0.0 ], [ -46.062684, -6.190115, 0.0 ], [ -46.063258, -6.189922, 0.0 ], [ -46.064482, -6.190073, 0.0 ], [ -46.065095, -6.19032, 0.0 ], [ -46.065592, -6.189937, 0.0 ], [ -46.066983, -6.187579, 0.0 ], [ -46.067723, -6.184304, 0.0 ], [ -46.068009, -6.183652, 0.0 ], [ -46.068447, -6.182962, 0.0 ], [ -46.069974, -6.181236, 0.0 ], [ -46.070011, -6.180719, 0.0 ], [ -46.068302, -6.177181, 0.0 ], [ -46.067883, -6.175659, 0.0 ], [ -46.067881, -6.174797, 0.0 ], [ -46.068739, -6.173384, 0.0 ], [ -46.068976, -6.172235, 0.0 ] ] } },
{ "type": "Feature", "properties": { "nome": "Rio Mearim", "comprimento": 2.1809342385499999 }, "geometry": { "type": "LineString", "coordinates": [ [ -46.067351, -6.160512, 0.0 ], [ -46.06675, -6.159245, 0.0 ], [ -46.06562, -6.15604, 0.0 ], [ -46.065666, -6.154843, 0.0 ], [ -46.066092, -6.153024, 0.0 ], [ -46.066973, -6.150988, 0.0 ], [ -46.067664, -6.150005, 0.0 ], [ -46.067446, -6.148618, 0.0 ], [ -46.067587, -6.14711, 0.0 ], [ -46.067944, -6.1462, 0.0 ], [ -46.068636, -6.145528, 0.0 ], [ -46.068562, -6.144332, 0.0 ], [ -46.068298, -6.143854, 0.0 ], [ -46.067028, -6.142636, 0.0 ] ] } },
{ "type": "Feature", "properties": { "nome": "Rio Mearim", "comprimento": 2.91300607306 }, "geometry": { "type": "LineString", "coordinates": [ [ -46.067028, -6.142636, 0.0 ], [ -46.066597, -6.142206, 0.0 ], [ -46.066811, -6.141775, 0.0 ], [ -46.0676, -6.141558, 0.0 ], [ -46.067791, -6.141294, 0.0 ], [ -46.068243, -6.140288, 0.0 ], [ -46.068098, -6.139834, 0.0 ], [ -46.066085, -6.137206, 0.0 ], [ -46.065511, -6.137087, 0.0 ], [ -46.065271, -6.136657, 0.0 ], [ -46.063786, -6.135678, 0.0 ], [ -46.063499, -6.135272, 0.0 ], [ -46.063712, -6.13441, 0.0 ], [ -46.064046, -6.133835, 0.0 ], [ -46.064452, -6.133715, 0.0 ], [ -46.065026, -6.133977, 0.0 ], [ -46.065815, -6.133664, 0.0 ], [ -46.068821, -6.130571, 0.0 ], [ -46.069945, -6.130378, 0.0 ], [ -46.070588, -6.129419, 0.0 ], [ -46.071638, -6.128244, 0.0 ], [ -46.071995, -6.127478, 0.0 ], [ -46.071012, -6.126044, 0.0 ], [ -46.070771, -6.125255, 0.0 ], [ -46.070364, -6.124801, 0.0 ] ] } },
{ "type": "Feature", "properties": { "nome": "Rio Mearim", "comprimento": 4.2181281475099999 }, "geometry": { "type": "LineString", "coordinates": [ [ -46.016812, -6.015085, 0.0 ], [ -46.016371, -6.014512, 0.0 ], [ -46.015564, -6.012369, 0.0 ], [ -46.014759, -6.011375, 0.0 ], [ -46.014106, -6.010093, 0.0 ], [ -46.013525, -6.006074, 0.0 ], [ -46.012835, -6.00508, 0.0 ], [ -46.012661, -6.004353, 0.0 ], [ -46.01262, -6.002955, 0.0 ], [ -46.012313, -6.002094, 0.0 ], [ -46.011949, -6.001808, 0.0 ], [ -46.010896, -6.001427, 0.0 ], [ -46.007918, -5.998819, 0.0 ], [ -46.007115, -5.997624, 0.0 ], [ -46.006765, -5.995842, 0.0 ], [ -46.004969, -5.994218, 0.0 ], [ -46.004082, -5.992856, 0.0 ], [ -46.003543, -5.992342, 0.0 ], [ -46.00316, -5.992151, 0.0 ], [ -45.999574, -5.991655, 0.0 ], [ -45.997913, -5.991754, 0.0 ], [ -45.996814, -5.992283, 0.0 ], [ -45.994117, -5.994358, 0.0 ] ] } },
{ "type": "Feature", "properties": { "nome": "Rio Mearim", "comprimento": 2.2352142882 }, "geometry": { "type": "LineString", "coordinates": [ [ -46.076054, -6.231766, 0.0 ], [ -46.075859, -6.229603, 0.0 ], [ -46.0762, -6.228185, 0.0 ], [ -46.076066, -6.227918, 0.0 ], [ -46.074073, -6.226352, 0.0 ], [ -46.073937, -6.225605, 0.0 ], [ -46.073994, -6.224954, 0.0 ], [ -46.073341, -6.22375, 0.0 ], [ -46.072804, -6.223444, 0.0 ], [ -46.072001, -6.223293, 0.0 ], [ -46.07026, -6.223258, 0.0 ], [ -46.069667, -6.223336, 0.0 ], [ -46.069361, -6.223528, 0.0 ], [ -46.068615, -6.223568, 0.0 ], [ -46.067198, -6.223111, 0.0 ], [ -46.066109, -6.223649, 0.0 ], [ -46.065592, -6.223267, 0.0 ], [ -46.064405, -6.222791, 0.0 ], [ -46.063427, -6.221893, 0.0 ] ] } },
{ "type": "Feature", "properties": { "nome": "Rio Mearim", "comprimento": 2.4034125780100002 }, "geometry": { "type": "LineString", "coordinates": [ [ -46.070582, -6.207903, 0.0 ], [ -46.069988, -6.206967, 0.0 ], [ -46.06964, -6.205512, 0.0 ], [ -46.069787, -6.202372, 0.0 ], [ -46.070167, -6.20105, 0.0 ], [ -46.069915, -6.199232, 0.0 ], [ -46.069167, -6.198583, 0.0 ], [ -46.068555, -6.198412, 0.0 ], [ -46.067236, -6.198874, 0.0 ], [ -46.066356, -6.198952, 0.0 ], [ -46.065897, -6.198857, 0.0 ], [ -46.06492, -6.198266, 0.0 ], [ -46.064938, -6.197653, 0.0 ], [ -46.065737, -6.195641, 0.0 ], [ -46.064567, -6.19394, 0.0 ], [ -46.063589, -6.192985, 0.0 ], [ -46.062785, -6.192527, 0.0 ] ] } },
{ "type": "Feature", "properties": { "nome": "Rio Mearim", "comprimento": 1.8412531841799999 }, "geometry": { "type": "LineString", "coordinates": [ [ -46.068976, -6.172235, 0.0 ], [ -46.069021, -6.170942, 0.0 ], [ -46.068516, -6.169148, 0.0 ], [ -46.068705, -6.167999, 0.0 ], [ -46.068943, -6.167544, 0.0 ], [ -46.069301, -6.167328, 0.0 ], [ -46.07095, -6.166774, 0.0 ], [ -46.071738, -6.166294, 0.0 ], [ -46.072382, -6.165671, 0.0 ], [ -46.072406, -6.165383, 0.0 ], [ -46.072141, -6.164762, 0.0 ], [ -46.071446, -6.164045, 0.0 ], [ -46.069389, -6.163451, 0.0 ], [ -46.069006, -6.163189, 0.0 ], [ -46.069053, -6.163021, 0.0 ], [ -46.068262, -6.161682, 0.0 ], [ -46.067351, -6.160512, 0.0 ] ] } },
{ "type": "Feature", "properties": { "nome": "Rio Mearim", "comprimento": 4.08357292075 }, "geometry": { "type": "LineString", "coordinates": [ [ -46.070364, -6.124801, 0.0 ], [ -46.06914, -6.122338, 0.0 ], [ -46.06811, -6.121742, 0.0 ], [ -46.066867, -6.121625, 0.0 ], [ -46.066198, -6.12177, 0.0 ], [ -46.065575, -6.121436, 0.0 ], [ -46.06488, -6.120456, 0.0 ], [ -46.062557, -6.118642, 0.0 ], [ -46.0616, -6.118022, 0.0 ], [ -46.060547, -6.117641, 0.0 ], [ -46.060259, -6.116876, 0.0 ], [ -46.060329, -6.116182, 0.0 ], [ -46.060686, -6.115607, 0.0 ], [ -46.062071, -6.114647, 0.0 ], [ -46.062309, -6.113952, 0.0 ], [ -46.062283, -6.113139, 0.0 ], [ -46.061443, -6.11125, 0.0 ], [ -46.06094, -6.110892, 0.0 ], [ -46.060558, -6.110845, 0.0 ], [ -46.058258, -6.1086, 0.0 ], [ -46.057349, -6.10841, 0.0 ], [ -46.056442, -6.108986, 0.0 ], [ -46.056083, -6.108963, 0.0 ], [ -46.055437, -6.108749, 0.0 ], [ -46.054312, -6.107961, 0.0 ], [ -46.052328, -6.10818, 0.0 ], [ -46.052136, -6.108013, 0.0 ], [ -46.051848, -6.107272, 0.0 ], [ -46.051035, -6.107226, 0.0 ], [ -46.050414, -6.107418, 0.0 ], [ -46.049029, -6.10857, 0.0 ], [ -46.047787, -6.109003, 0.0 ] ] } },
{ "type": "Feature", "properties": { "nome": "Rio Mearim", "comprimento": 1.8135819306200001 }, "geometry": { "type": "LineString", "coordinates": [ [ -46.034532, -6.050441, 0.0 ], [ -46.034283, -6.050136, 0.0 ], [ -46.034225, -6.049695, 0.0 ], [ -46.034394, -6.047895, 0.0 ], [ -46.033702, -6.046537, 0.0 ], [ -46.033032, -6.045926, 0.0 ], [ -46.031099, -6.045087, 0.0 ], [ -46.030487, -6.04505, 0.0 ], [ -46.02974, -6.04463, 0.0 ], [ -46.028688, -6.044518, 0.0 ], [ -46.028419, -6.044078, 0.0 ], [ -46.028474, -6.042594, 0.0 ], [ -46.028186, -6.042078, 0.0 ], [ -46.025255, -6.039384, 0.0 ] ] } },
{ "type": "Feature", "properties": { "nome": "Rio Mearim", "comprimento": 1.27831816838 }, "geometry": { "type": "LineString", "coordinates": [ [ -46.025255, -6.039384, 0.0 ], [ -46.02447, -6.038658, 0.0 ], [ -46.023913, -6.037721, 0.0 ], [ -46.023241, -6.036114, 0.0 ], [ -46.022875, -6.034698, 0.0 ], [ -46.022088, -6.033359, 0.0 ], [ -46.020994, -6.03093, 0.0 ], [ -46.02084, -6.030451, 0.0 ], [ -46.020854, -6.029015, 0.0 ] ] } },
{ "type": "Feature", "properties": { "nome": "Rio Mearim", "comprimento": 1.02623991651 }, "geometry": { "type": "LineString", "coordinates": [ [ -44.633445, -3.994127, 0.0 ], [ -44.633206, -3.994097, 0.0 ], [ -44.632998, -3.993858, 0.0 ], [ -44.633028, -3.993559, 0.0 ], [ -44.634577, -3.992961, 0.0 ], [ -44.634935, -3.992632, 0.0 ], [ -44.635531, -3.991226, 0.0 ], [ -44.635859, -3.990927, 0.0 ], [ -44.636604, -3.990538, 0.0 ], [ -44.637617, -3.990449, 0.0 ], [ -44.637885, -3.9903, 0.0 ], [ -44.638333, -3.989672, 0.0 ], [ -44.638363, -3.989133, 0.0 ], [ -44.638723, -3.988424, 0.0 ] ] } },
{ "type": "Feature", "properties": { "nome": "Rio Mearim", "comprimento": 3.9326926432499998 }, "geometry": { "type": "LineString", "coordinates": [ [ -44.624367, -3.858761, 0.0 ], [ -44.624224, -3.858139, 0.0 ], [ -44.623366, -3.857564, 0.0 ], [ -44.622318, -3.857372, 0.0 ], [ -44.621079, -3.85651, 0.0 ], [ -44.62018, -3.854612, 0.0 ], [ -44.62018, -3.854104, 0.0 ], [ -44.620449, -3.853625, 0.0 ], [ -44.6217, -3.852578, 0.0 ], [ -44.622177, -3.85195, 0.0 ], [ -44.622356, -3.851143, 0.0 ], [ -44.622267, -3.850664, 0.0 ], [ -44.621255, -3.849915, 0.0 ], [ -44.620719, -3.849077, 0.0 ], [ -44.620452, -3.847102, 0.0 ], [ -44.620095, -3.846384, 0.0 ], [ -44.618159, -3.844319, 0.0 ], [ -44.617742, -3.844229, 0.0 ], [ -44.617444, -3.844378, 0.0 ], [ -44.617265, -3.844767, 0.0 ], [ -44.617205, -3.846203, 0.0 ], [ -44.617056, -3.846503, 0.0 ], [ -44.61652, -3.846502, 0.0 ], [ -44.616192, -3.846263, 0.0 ], [ -44.615776, -3.845485, 0.0 ], [ -44.615568, -3.844647, 0.0 ], [ -44.614704, -3.84339, 0.0 ], [ -44.613722, -3.842761, 0.0 ], [ -44.613245, -3.84263, 0.0 ], [ -44.613002, -3.842878, 0.0 ], [ -44.612782, -3.843763, 0.0 ], [ -44.612781, -3.846737, 0.0 ], [ -44.612633, -3.847302, 0.0 ], [ -44.61234, -3.847744, 0.0 ], [ -44.611801, -3.847867, 0.0 ], [ -44.61141, -3.847842, 0.0 ], [ -44.610187, -3.847301, 0.0 ] ] } },
{ "type": "Feature", "properties": { "nome": "Rio Mearim", "comprimento": 2.85575399324 }, "geometry": { "type": "LineString", "coordinates": [ [ -44.61432, -3.871942, 0.0 ], [ -44.614749, -3.871583, 0.0 ], [ -44.616322, -3.871727, 0.0 ], [ -44.616644, -3.871404, 0.0 ], [ -44.61693, -3.870938, 0.0 ], [ -44.617217, -3.869322, 0.0 ], [ -44.618146, -3.868389, 0.0 ], [ -44.618755, -3.866199, 0.0 ], [ -44.619077, -3.865697, 0.0 ], [ -44.619685, -3.865482, 0.0 ], [ -44.620507, -3.865769, 0.0 ], [ -44.62165, -3.867637, 0.0 ], [ -44.622115, -3.867888, 0.0 ], [ -44.622722, -3.86796, 0.0 ], [ -44.624081, -3.86692, 0.0 ], [ -44.625619, -3.865987, 0.0 ], [ -44.625654, -3.865556, 0.0 ], [ -44.625297, -3.864946, 0.0 ], [ -44.624011, -3.863545, 0.0 ], [ -44.62344, -3.861211, 0.0 ], [ -44.624513, -3.860134, 0.0 ], [ -44.62462, -3.859595, 0.0 ], [ -44.624367, -3.858761, 0.0 ] ] } },
{ "type": "Feature", "properties": { "nome": "Rio Mearim", "comprimento": 0.97382668810399997 }, "geometry": { "type": "LineString", "coordinates": [ [ -44.615592, -3.903825, 0.0 ], [ -44.615128, -3.903825, 0.0 ], [ -44.614949, -3.903502, 0.0 ], [ -44.61495, -3.90203, 0.0 ], [ -44.614343, -3.900629, 0.0 ], [ -44.61395, -3.90045, 0.0 ], [ -44.612448, -3.900987, 0.0 ], [ -44.611376, -3.900879, 0.0 ], [ -44.609982, -3.899694, 0.0 ] ] } },
{ "type": "Feature", "properties": { "nome": "Rio Mearim", "comprimento": 1.5100994721100001 }, "geometry": { "type": "LineString", "coordinates": [ [ -44.607214, -4.453214, 0.0 ], [ -44.606507, -4.452241, 0.0 ] ] } },
{ "type": "Feature", "properties": { "nome": "Rio Mearim", "comprimento": 1.5100994721100001 }, "geometry": { "type": "LineString", "coordinates": [ [ -44.62009, -4.452476, 0.0 ], [ -44.622096, -4.45476, 0.0 ], [ -44.622611, -4.455823, 0.0 ], [ -44.622695, -4.458839, 0.0 ], [ -44.622895, -4.459184, 0.0 ], [ -44.623381, -4.4595, 0.0 ], [ -44.624469, -4.45884, 0.0 ], [ -44.626331, -4.456572, 0.0 ] ] } },
{ "type": "Feature", "properties": { "nome": "Rio Mearim", "comprimento": 1.5153727023600001 }, "geometry": { "type": "LineString", "coordinates": [ [ -45.595119, -5.753829, 0.0 ], [ -45.594793, -5.75268, 0.0 ], [ -45.593664, -5.751399, 0.0 ], [ -45.592802, -5.749983, 0.0 ], [ -45.591622, -5.748806, 0.0 ], [ -45.59217, -5.747704, 0.0 ], [ -45.593722, -5.746405, 0.0 ], [ -45.59353, -5.74585, 0.0 ], [ -45.593224, -5.745468, 0.0 ], [ -45.592402, -5.745296, 0.0 ], [ -45.591331, -5.745527, 0.0 ], [ -45.590901, -5.746006, 0.0 ] ] } },
{ "type": "Feature", "properties": { "nome": "Rio Mearim", "comprimento": 1.5153727023600001 }, "geometry": { "type": "LineString", "coordinates": [ [ -45.588884, -5.74657, 0.0 ], [ -45.588465, -5.746315, 0.0 ] ] } },
{ "type": "Feature", "properties": { "nome": "Rio Mearim", "comprimento": 4.1074795903699997 }, "geometry": { "type": "LineString", "coordinates": [ [ -45.576859, -5.734267, 0.0 ], [ -45.576624, -5.733967, 0.0 ], [ -45.576564, -5.733194, 0.0 ], [ -45.575982, -5.732413, 0.0 ], [ -45.575859, -5.731755, 0.0 ], [ -45.576378, -5.730513, 0.0 ], [ -45.57653, -5.729717, 0.0 ], [ -45.576329, -5.727756, 0.0 ], [ -45.576772, -5.727189, 0.0 ], [ -45.577597, -5.726622, 0.0 ], [ -45.577887, -5.725871, 0.0 ], [ -45.576558, -5.723777, 0.0 ], [ -45.576481, -5.722954, 0.0 ], [ -45.576843, -5.722015, 0.0 ], [ -45.575447, -5.720677, 0.0 ], [ -45.574966, -5.718975, 0.0 ] ] } },
{ "type": "Feature", "properties": { "nome": "Rio Mearim", "comprimento": 4.1074795903699997 }, "geometry": { "type": "LineString", "coordinates": [ [ -45.588465, -5.746315, 0.0 ], [ -45.587719, -5.745799, 0.0 ], [ -45.587489, -5.745435, 0.0 ], [ -45.58745, -5.744497, 0.0 ], [ -45.588079, -5.743271, 0.0 ], [ -45.588557, -5.74283, 0.0 ], [ -45.588805, -5.742102, 0.0 ], [ -45.588804, -5.741662, 0.0 ], [ -45.587771, -5.741261, 0.0 ], [ -45.587408, -5.740974, 0.0 ], [ -45.58666, -5.73883, 0.0 ], [ -45.585914, -5.73774, 0.0 ], [ -45.582321, -5.734708, 0.0 ], [ -45.580792, -5.734538, 0.0 ], [ -45.579281, -5.733869, 0.0 ], [ -45.578372, -5.734119, 0.0 ] ] } }
]
}
