{"type":"FeatureCollection","name":"terras_indigenas","crs":{"type":"name","properties":{"name":"urn:ogc:def:crs:OGC:1.3:CRS84"}},"xy_coordinate_resolution":1e-06,"features":[{"type":"Feature","properties":{"nome":"Arariboia","etnia":"Guaji","fase":"Regularizada","superficie_ha":413288.0472},"geometry":{"type":"Polygon","coordinates":[[[-46.628423,-4.782236,0.0],[-46.627626,-4.782349,0.0],[-46.626854,-4.783716,0.0],[-46.626219,-4.784536,0.0],[-46.625648,-4.785268,0.0],[-46.625286,-4.786,0.0],[-46.624538,-4.786692,0.0],[-46.623758,-4.787174,0.0],[-46.622181,-4.788582,0.0],[-46.621667,-4.78945,0.0],[-46.621072,-4.790094,0.0],[-46.620122,-4.790882,0.0],[-46.619753,-4.791928,0.0],[-46.61919,-4.792941,0.0],[-46.618128,-4.793826,0.0],[-46.617694,-4.794533,0.0],[-46.616616,-4.795161,0.0],[-46.616246,-4.796319,0.0],[-46.615554,-4.796978,0.0],[-46.614645,-4.797751,0.0],[-46.614002,-4.798209,0.0],[-46.613359,-4.798772,0.0],[-46.612664,-4.798699,0.0],[-46.611935,-4.798571,0.0],[-46.611223,-4.798784,0.0],[-46.610343,-4.798804,0.0],[-46.609578,-4.798949,0.0],[-46.608734,-4.798627,0.0],[-46.608444,-4.798056,0.0],[-46.606783,-4.798111,0.0],[-46.605071,-4.798006,0.0],[-46.604077,-4.797888,0.0],[-46.603568,-4.797758,0.0],[-46.602975,-4.798189,0.0],[-46.601861,-4.798507,0.0],[-46.600816,-4.798466,0.0],[-46.600012,-4.798724,0.0],[-46.599481,-4.799254,0.0],[-46.598725,-4.799351,0.0],[-46.597627,-4.798876,0.0],[-46.596799,-4.799616,0.0],[-46.595439,-4.799962,0.0],[-46.594635,-4.800517,0.0],[-46.593791,-4.800823,0.0],[-46.592785,-4.800984,0.0],[-46.591595,-4.800791,0.0],[-46.590847,-4.800557,0.0],[-46.590348,-4.800252,0.0],[-46.58985,-4.799978,0.0],[-46.589303,-4.799898,0.0],[-46.58874,-4.799705,0.0],[-46.588322,-4.79919,0.0],[-46.588225,-4.798732,0.0],[-46.587574,-4.798096,0.0],[-46.586922,-4.797759,0.0],[-46.586359,-4.797155,0.0],[-46.585877,-4.796721,0.0],[-46.585748,-4.796142,0.0],[-46.584976,-4.795949,0.0],[-46.584365,-4.796078,0.0],[-46.583625,-4.796094,0.0],[-46.582965,-4.796351,0.0],[-46.58229,-4.79619,0.0],[-46.581984,-4.79648,0.0],[-46.581727,-4.796994,0.0],[-46.580906,-4.797316,0.0],[-46.580185,-4.796673,0.0],[-46.580062,-4.795909,0.0],[-46.579394,-4.795563,0.0],[-46.578702,-4.795362,0.0],[-46.578043,-4.79496,0.0],[-46.577086,-4.794558,0.0],[-46.576394,-4.794204,0.0],[-46.575686,-4.79434,0.0],[-46.575244,-4.794823,0.0],[-46.57444,-4.794847,0.0],[-46.573837,-4.794453,0.0],[-46.572347,-4.795494,0.0],[-46.571854,-4.795669,0.0],[-46.570712,-4.795687,0.0],[-46.565339,-4.795841,0.0],[-46.558272,-4.796044,0.0],[-46.549368,-4.796318,0.0],[-46.539778,-4.796572,0.0],[-46.529483,-4.796901,0.0],[-46.520262,-4.79712,0.0],[-46.514618,-4.797311,0.0],[-46.506153,-4.797506,0.0],[-46.504063,-4.797555,0.0],[-46.495557,-4.797799,0.0],[-46.484725,-4.79805,0.0],[-46.483046,-4.798087,0.0],[-46.476263,-4.79824,0.0],[-46.467325,-4.798454,0.0],[-46.458121,-4.798667,0.0],[-46.456209,-4.798704,0.0],[-46.449437,-4.798877,0.0],[-46.440832,-4.799075,0.0],[-46.431527,-4.799269,0.0],[-46.422533,-4.799493,0.0],[-46.415926,-4.799673,0.0],[-46.406898,-4.79985,0.0],[-46.397872,-4.800058,0.0],[-46.389364,-4.80023,0.0],[-46.382884,-4.800377,0.0],[-46.380972,-4.800408,0.0],[-46.370128,-4.800586,0.0],[-46.360899,-4.800832,0.0],[-46.351899,-4.800977,0.0],[-46.34354,-4.801191,0.0],[-46.334847,-4.801382,0.0],[-46.328736,-4.801518,0.0],[-46.324857,-4.801605,0.0],[-46.315452,-4.801828,0.0],[-46.306015,-4.80205,0.0],[-46.296979,-4.802269,0.0],[-46.287958,-4.802486,0.0],[-46.279035,-4.802703,0.0],[-46.270025,-4.802922,0.0],[-46.262041,-4.80311,0.0],[-46.252969,-4.803329,0.0],[-46.243586,-4.803552,0.0],[-46.234275,-4.803774,0.0],[-46.224951,-4.803993,0.0],[-46.215931,-4.804204,0.0],[-46.205851,-4.804435,0.0],[-46.195658,-4.804657,0.0],[-46.188034,-4.804805,0.0],[-46.179021,-4.804996,0.0],[-46.161857,-4.805304,0.0],[-46.152393,-4.805478,0.0],[-46.143212,-4.80562,0.0],[-46.134596,-4.805756,0.0],[-46.125558,-4.805876,0.0],[-46.123624,-4.806068,0.0],[-46.119616,-4.806013,0.0],[-46.11182,-4.806059,0.0],[-46.110816,-4.806065,0.0],[-46.09878,-4.80626,0.0],[-46.089523,-4.806338,0.0],[-46.084242,-4.806418,0.0],[-46.075229,-4.806554,0.0],[-46.071165,-4.806603,0.0],[-46.062044,-4.806711,0.0],[-46.053031,-4.806818,0.0],[-46.044106,-4.806937,0.0],[-46.035114,-4.807077,0.0],[-46.033162,-4.807123,0.0],[-46.033157,-4.807161,0.0],[-46.03315,-4.807185,0.0],[-46.033144,-4.807201,0.0],[-46.033135,-4.807232,0.0],[-46.033123,-4.807261,0.0],[-46.03312,-4.80728,0.0],[-46.03312,-4.807296,0.0],[-46.033126,-4.807313,0.0],[-46.033137,-4.807323,0.0],[-46.033161,-4.807355,0.0],[-46.033153,-4.807435,0.0],[-46.033148,-4.807483,0.0],[-46.033129,-4.807518,0.0],[-46.033132,-4.807537,0.0],[-46.033144,-4.807551,0.0],[-46.033147,-4.807564,0.0],[-46.033146,-4.807595,0.0],[-46.033132,-4.807621,0.0],[-46.033122,-4.807621,0.0],[-46.033113,-4.807614,0.0],[-46.033091,-4.807599,0.0],[-46.033047,-4.8076,0.0],[-46.032998,-4.807589,0.0],[-46.032961,-4.80759,0.0],[-46.032899,-4.807584,0.0],[-46.032891,-4.807586,0.0],[-46.032873,-4.807615,0.0],[-46.032864,-4.807629,0.0],[-46.032862,-4.807638,0.0],[-46.032865,-4.807645,0.0],[-46.032887,-4.807669,0.0],[-46.032907,-4.80772,0.0],[-46.03291,-4.80777,0.0],[-46.032905,-4.807794,0.0],[-46.032886,-4.807855,0.0],[-46.032833,-4.807932,0.0],[-46.032808,-4.807949,0.0],[-46.032784,-4.807977,0.0],[-46.03276,-4.808008,0.0],[-46.032743,-4.808038,0.0],[-46.032697,-4.808091,0.0],[-46.032669,-4.808114,0.0],[-46.032647,-4.80817,0.0],[-46.03261,-4.808217,0.0],[-46.032578,-4.808272,0.0],[-46.032536,-4.808372,0.0],[-46.032526,-4.808401,0.0],[-46.032491,-4.808422,0.0],[-46.032427,-4.808434,0.0],[-46.032392,-4.808441,0.0],[-46.032366,-4.808463,0.0],[-46.032358,-4.808497,0.0],[-46.032337,-4.808745,0.0],[-46.032386,-4.808886,0.0],[-46.032405,-4.808974,0.0],[-46.032413,-4.809024,0.0],[-46.0324,-4.809089,0.0],[-46.032386,-4.809105,0.0],[-46.03235,-4.809131,0.0],[-46.032265,-4.80915,0.0],[-46.032046,-4.809108,0.0],[-46.031647,-4.809098,0.0],[-46.031399,-4.809099,0.0],[-46.031268,-4.809105,0.0],[-46.031092,-4.809137,0.0],[-46.030992,-4.809166,0.0],[-46.03078,-4.809245,0.0],[-46.030696,-4.80931,0.0],[-46.030634,-4.809362,0.0],[-46.030543,-4.809471,0.0],[-46.030344,-4.809678,0.0],[-46.030084,-4.809771,0.0],[-46.029852,-4.809912,0.0],[-46.029713,-4.809997,0.0],[-46.029618,-4.810101,0.0],[-46.029568,-4.810167,0.0],[-46.029548,-4.810201,0.0],[-46.029539,-4.81024,0.0],[-46.029549,-4.810283,0.0],[-46.029573,-4.810322,0.0],[-46.029631,-4.810373,0.0],[-46.029657,-4.810405,0.0],[-46.02967,-4.810439,0.0],[-46.029678,-4.810465,0.0],[-46.029681,-4.810498,0.0],[-46.029681,-4.810527,0.0],[-46.029674,-4.810553,0.0],[-46.029655,-4.810605,0.0],[-46.02964,-4.810631,0.0],[-46.029613,-4.810643,0.0],[-46.029567,-4.810648,0.0],[-46.029526,-4.810638,0.0],[-46.029482,-4.810638,0.0],[-46.029456,-4.810645,0.0],[-46.029425,-4.810659,0.0],[-46.029401,-4.810679,0.0],[-46.029388,-4.810697,0.0],[-46.029365,-4.810734,0.0],[-46.029341,-4.81078,0.0],[-46.029318,-4.810834,0.0],[-46.029306,-4.810875,0.0],[-46.029297,-4.810914,0.0],[-46.029291,-4.810939,0.0],[-46.029275,-4.810956,0.0],[-46.029256,-4.810957,0.0],[-46.029226,-4.810947,0.0],[-46.029164,-4.810924,0.0],[-46.029109,-4.810917,0.0],[-46.029039,-4.810907,0.0],[-46.028966,-4.810914,0.0],[-46.028868,-4.81094,0.0],[-46.028802,-4.810966,0.0],[-46.028768,-4.810978,0.0],[-46.028749,-4.81099,0.0],[-46.028737,-4.811004,0.0],[-46.028734,-4.811008,0.0],[-46.028718,-4.811031,0.0],[-46.028705,-4.811059,0.0],[-46.028693,-4.811089,0.0],[-46.028687,-4.81113,0.0],[-46.028688,-4.81117,0.0],[-46.028705,-4.811209,0.0],[-46.028738,-4.811307,0.0],[-46.028736,-4.811377,0.0],[-46.028733,-4.811429,0.0],[-46.02874,-4.811483,0.0],[-46.028749,-4.811531,0.0],[-46.028769,-4.811585,0.0],[-46.028773,-4.811607,0.0],[-46.028771,-4.811627,0.0],[-46.028762,-4.81165,0.0],[-46.028744,-4.811673,0.0],[-46.028717,-4.811683,0.0],[-46.028656,-4.811702,0.0],[-46.028614,-4.811717,0.0],[-46.02851,-4.811748,0.0],[-46.028491,-4.811758,0.0],[-46.028476,-4.811772,0.0],[-46.028465,-4.811788,0.0],[-46.028458,-4.811808,0.0],[-46.028454,-4.811826,0.0],[-46.028439,-4.81188,0.0],[-46.02843,-4.811962,0.0],[-46.028419,-4.811985,0.0],[-46.028422,-4.812006,0.0],[-46.02843,-4.812072,0.0],[-46.028434,-4.812177,0.0],[-46.02843,-4.812233,0.0],[-46.028422,-4.812287,0.0],[-46.02842,-4.812305,0.0],[-46.028412,-4.812322,0.0],[-46.028394,-4.812338,0.0],[-46.028378,-4.812352,0.0],[-46.028317,-4.812422,0.0],[-46.02825,-4.8125,0.0],[-46.028221,-4.812511,0.0],[-46.028149,-4.812499,0.0],[-46.028082,-4.812528,0.0],[-46.028064,-4.812544,0.0],[-46.028046,-4.812565,0.0],[-46.028034,-4.812597,0.0],[-46.028031,-4.812616,0.0],[-46.028033,-4.81264,0.0],[-46.028043,-4.812679,0.0],[-46.028064,-4.812701,0.0],[-46.028087,-4.812723,0.0],[-46.028133,-4.812749,0.0],[-46.028177,-4.812785,0.0],[-46.028252,-4.812777,0.0],[-46.028294,-4.81277,0.0],[-46.02832,-4.812774,0.0],[-46.028344,-4.812792,0.0],[-46.028367,-4.812806,0.0],[-46.028382,-4.812813,0.0],[-46.0284,-4.812829,0.0],[-46.028412,-4.812843,0.0],[-46.028419,-4.812863,0.0],[-46.028422,-4.81289,0.0],[-46.028417,-4.812922,0.0],[-46.028405,-4.812951,0.0],[-46.028375,-4.813005,0.0],[-46.028359,-4.813027,0.0],[-46.02834,-4.813046,0.0],[-46.028321,-4.813059,0.0],[-46.028297,-4.813072,0.0],[-46.028264,-4.813085,0.0],[-46.028245,-4.813093,0.0],[-46.028189,-4.813106,0.0],[-46.028096,-4.813086,0.0],[-46.028051,-4.813079,0.0],[-46.02801,-4.813078,0.0],[-46.027985,-4.813089,0.0],[-46.027946,-4.813096,0.0],[-46.027907,-4.813102,0.0],[-46.02788,-4.813099,0.0],[-46.027868,-4.8131,0.0],[-46.027859,-4.813104,0.0],[-46.02785,-4.813115,0.0],[-46.027847,-4.813125,0.0],[-46.027848,-4.813136,0.0],[-46.027851,-4.813143,0.0],[-46.02793,-4.813233,0.0],[-46.027953,-4.813255,0.0],[-46.028002,-4.813291,0.0],[-46.028033,-4.813306,0.0],[-46.028063,-4.813319,0.0],[-46.028098,-4.813335,0.0],[-46.028135,-4.813361,0.0],[-46.028159,-4.813395,0.0],[-46.028181,-4.813421,0.0],[-46.028225,-4.813482,0.0],[-46.028259,-4.813581,0.0],[-46.028277,-4.813735,0.0],[-46.02827,-4.813903,0.0],[-46.028275,-4.813993,0.0],[-46.028283,-4.814035,0.0],[-46.028294,-4.814049,0.0],[-46.028308,-4.814058,0.0],[-46.028352,-4.814059,0.0],[-46.028366,-4.81407,0.0],[-46.028374,-4.814084,0.0],[-46.028392,-4.814121,0.0],[-46.028452,-4.814271,0.0],[-46.028464,-4.814307,0.0],[-46.028465,-4.814319,0.0],[-46.028462,-4.814331,0.0],[-46.028459,-4.814343,0.0],[-46.028452,-4.814352,0.0],[-46.028392,-4.814378,0.0],[-46.02833,-4.814386,0.0],[-46.028322,-4.814393,0.0],[-46.028317,-4.814403,0.0],[-46.028312,-4.81443,0.0],[-46.028301,-4.814547,0.0],[-46.028278,-4.814627,0.0],[-46.028269,-4.81465,0.0],[-46.028261,-4.814662,0.0],[-46.028251,-4.814671,0.0],[-46.028239,-4.814676,0.0],[-46.028224,-4.814676,0.0],[-46.02819,-4.814678,0.0],[-46.028139,-4.814673,0.0],[-46.028114,-4.814674,0.0],[-46.028093,-4.814683,0.0],[-46.028065,-4.81471,0.0],[-46.02804,-4.814752,0.0],[-46.028026,-4.814779,0.0],[-46.028016,-4.814814,0.0],[-46.028017,-4.814851,0.0],[-46.028031,-4.814891,0.0],[-46.028033,-4.814908,0.0],[-46.028026,-4.814938,0.0],[-46.028003,-4.81498,0.0],[-46.02799,-4.815044,0.0],[-46.027986,-4.815074,0.0],[-46.027986,-4.8151,0.0],[-46.027987,-4.815125,0.0],[-46.027995,-4.815151,0.0],[-46.028029,-4.8152,0.0],[-46.028039,-4.815226,0.0],[-46.028044,-4.815247,0.0],[-46.028046,-4.815266,0.0],[-46.028044,-4.815299,0.0],[-46.028036,-4.815327,0.0],[-46.028028,-4.815353,0.0],[-46.028015,-4.815377,0.0],[-46.027984,-4.815416,0.0],[-46.027938,-4.81548,0.0],[-46.027926,-4.815507,0.0],[-46.027924,-4.815519,0.0],[-46.027927,-4.815534,0.0],[-46.027937,-4.81556,0.0],[-46.027956,-4.81559,0.0],[-46.028008,-4.815656,0.0],[-46.028013,-4.815665,0.0],[-46.028016,-4.815677,0.0],[-46.028016,-4.815691,0.0],[-46.028013,-4.815706,0.0],[-46.028011,-4.815716,0.0],[-46.028008,-4.815727,0.0],[-46.028003,-4.815738,0.0],[-46.027997,-4.815747,0.0],[-46.027988,-4.815758,0.0],[-46.027977,-4.815768,0.0],[-46.027946,-4.815778,0.0],[-46.027886,-4.815789,0.0],[-46.027813,-4.81581,0.0],[-46.027792,-4.815822,0.0],[-46.027772,-4.815838,0.0],[-46.027761,-4.815854,0.0],[-46.027751,-4.815872,0.0],[-46.027736,-4.815904,0.0],[-46.027723,-4.815947,0.0],[-46.027696,-4.816022,0.0],[-46.027662,-4.816124,0.0],[-46.027659,-4.816132,0.0],[-46.027647,-4.816149,0.0],[-46.027638,-4.816154,0.0],[-46.027627,-4.816157,0.0],[-46.02758,-4.816162,0.0],[-46.027549,-4.816165,0.0],[-46.027513,-4.816162,0.0],[-46.027414,-4.816165,0.0],[-46.027344,-4.816173,0.0],[-46.027311,-4.816184,0.0],[-46.027284,-4.816201,0.0],[-46.027235,-4.816235,0.0],[-46.02718,-4.816258,0.0],[-46.027155,-4.816266,0.0],[-46.027129,-4.816269,0.0],[-46.027106,-4.816271,0.0],[-46.027084,-4.816269,0.0],[-46.026994,-4.816261,0.0],[-46.026913,-4.816249,0.0],[-46.026778,-4.816191,0.0],[-46.026721,-4.81617,0.0],[-46.026696,-4.816162,0.0],[-46.026671,-4.816159,0.0],[-46.026652,-4.816159,0.0],[-46.026629,-4.816168,0.0],[-46.026614,-4.816187,0.0],[-46.02661,-4.816202,0.0],[-46.026609,-4.816217,0.0],[-46.026609,-4.816237,0.0],[-46.026616,-4.816273,0.0],[-46.026631,-4.816308,0.0],[-46.026662,-4.816356,0.0],[-46.026685,-4.816389,0.0],[-46.026702,-4.816414,0.0],[-46.026715,-4.816438,0.0],[-46.026721,-4.816469,0.0],[-46.026724,-4.816502,0.0],[-46.026719,-4.816539,0.0],[-46.026703,-4.81657,0.0],[-46.026679,-4.816595,0.0],[-46.02663,-4.816633,0.0],[-46.026574,-4.816654,0.0],[-46.026507,-4.816679,0.0],[-46.026419,-4.816708,0.0],[-46.026325,-4.816731,0.0],[-46.026198,-4.816754,0.0],[-46.026029,-4.816734,0.0],[-46.02591,-4.816712,0.0],[-46.025856,-4.816704,0.0],[-46.025808,-4.816714,0.0],[-46.025787,-4.816728,0.0],[-46.025776,-4.816745,0.0],[-46.025773,-4.816768,0.0],[-46.025776,-4.816796,0.0],[-46.025788,-4.816823,0.0],[-46.025816,-4.816848,0.0],[-46.025852,-4.816892,0.0],[-46.025875,-4.81692,0.0],[-46.025893,-4.816939,0.0],[-46.025921,-4.81697,0.0],[-46.02593,-4.816983,0.0],[-46.025962,-4.817018,0.0],[-46.025987,-4.817031,0.0],[-46.026059,-4.817092,0.0],[-46.026068,-4.817105,0.0],[-46.026076,-4.817122,0.0],[-46.02608,-4.817152,0.0],[-46.026074,-4.817177,0.0],[-46.02605,-4.817221,0.0],[-46.026029,-4.81723,0.0],[-46.02602,-4.817239,0.0],[-46.026019,-4.817251,0.0],[-46.026021,-4.817263,0.0],[-46.026027,-4.817275,0.0],[-46.026035,-4.817286,0.0],[-46.026047,-4.817291,0.0],[-46.026059,-4.8173,0.0],[-46.026075,-4.817303,0.0],[-46.02609,-4.817304,0.0],[-46.026112,-4.817295,0.0],[-46.026116,-4.817283,0.0],[-46.02612,-4.817265,0.0],[-46.026124,-4.817261,0.0],[-46.02613,-4.81726,0.0],[-46.026137,-4.817261,0.0],[-46.026144,-4.817265,0.0],[-46.026174,-4.817335,0.0],[-46.026175,-4.81741,0.0],[-46.026167,-4.817467,0.0],[-46.026164,-4.817506,0.0],[-46.026164,-4.817545,0.0],[-46.026177,-4.817586,0.0],[-46.026227,-4.817654,0.0],[-46.026261,-4.817682,0.0],[-46.026278,-4.817714,0.0],[-46.026292,-4.817749,0.0],[-46.026331,-4.817789,0.0],[-46.02641,-4.817853,0.0],[-46.026453,-4.81788,0.0],[-46.026498,-4.817919,0.0],[-46.026541,-4.817963,0.0],[-46.026568,-4.81803,0.0],[-46.026572,-4.818074,0.0],[-46.026557,-4.818116,0.0],[-46.026501,-4.818199,0.0],[-46.026466,-4.818245,0.0],[-46.026422,-4.818277,0.0],[-46.026322,-4.818328,0.0],[-46.026239,-4.818352,0.0],[-46.026161,-4.818344,0.0],[-46.02615,-4.818344,0.0],[-46.026131,-4.818356,0.0],[-46.026124,-4.818367,0.0],[-46.02612,-4.818381,0.0],[-46.026117,-4.81839,0.0],[-46.02611,-4.818426,0.0],[-46.026112,-4.818439,0.0],[-46.026119,-4.818451,0.0],[-46.02614,-4.818465,0.0],[-46.026168,-4.81849,0.0],[-46.026175,-4.818499,0.0],[-46.026179,-4.818509,0.0],[-46.026181,-4.818521,0.0],[-46.026181,-4.818534,0.0],[-46.026181,-4.818549,0.0],[-46.026178,-4.818563,0.0],[-46.026169,-4.818583,0.0],[-46.02616,-4.818594,0.0],[-46.026138,-4.818602,0.0],[-46.026116,-4.818604,0.0],[-46.026044,-4.818599,0.0],[-46.026012,-4.81862,0.0],[-46.025997,-4.818641,0.0],[-46.025985,-4.818667,0.0],[-46.025977,-4.818701,0.0],[-46.025975,-4.818756,0.0],[-46.025975,-4.818813,0.0],[-46.025992,-4.818883,0.0],[-46.026032,-4.818969,0.0],[-46.026069,-4.819019,0.0],[-46.026073,-4.819029,0.0],[-46.026072,-4.819043,0.0],[-46.026065,-4.819065,0.0],[-46.026055,-4.819084,0.0],[-46.026042,-4.819094,0.0],[-46.026017,-4.819109,0.0],[-46.025993,-4.819118,0.0],[-46.025958,-4.819156,0.0],[-46.025942,-4.819161,0.0],[-46.025929,-4.819162,0.0],[-46.025918,-4.819156,0.0],[-46.025869,-4.819121,0.0],[-46.025845,-4.819074,0.0],[-46.025813,-4.819053,0.0],[-46.025731,-4.819029,0.0],[-46.025693,-4.819038,0.0],[-46.025646,-4.819075,0.0],[-46.025629,-4.819101,0.0],[-46.025624,-4.819119,0.0],[-46.025622,-4.819144,0.0],[-46.025622,-4.819171,0.0],[-46.025624,-4.819186,0.0],[-46.025632,-4.8192,0.0],[-46.025656,-4.819205,0.0],[-46.025662,-4.819211,0.0],[-46.025665,-4.819225,0.0],[-46.025663,-4.819257,0.0],[-46.025658,-4.819275,0.0],[-46.025644,-4.819303,0.0],[-46.025639,-4.819316,0.0],[-46.025637,-4.819364,0.0],[-46.025637,-4.819379,0.0],[-46.025641,-4.819394,0.0],[-46.025667,-4.819432,0.0],[-46.025682,-4.819456,0.0],[-46.025703,-4.819483,0.0],[-46.025907,-4.819758,0.0],[-46.025976,-4.81979,0.0],[-46.026,-4.819795,0.0],[-46.026013,-4.819808,0.0],[-46.026021,-4.819825,0.0],[-46.026024,-4.819979,0.0],[-46.026028,-4.819998,0.0],[-46.026042,-4.820011,0.0],[-46.02613,-4.820072,0.0],[-46.026435,-4.820229,0.0],[-46.026583,-4.820292,0.0],[-46.02676,-4.820331,0.0],[-46.027015,-4.820469,0.0],[-46.027024,-4.820481,0.0],[-46.027028,-4.820498,0.0],[-46.027029,-4.82052,0.0],[-46.027021,-4.820541,0.0],[-46.027005,-4.82056,0.0],[-46.026971,-4.820564,0.0],[-46.026964,-4.820582,0.0],[-46.026961,-4.820598,0.0],[-46.02696,-4.820622,0.0],[-46.026967,-4.820646,0.0],[-46.026977,-4.820667,0.0],[-46.027004,-4.820701,0.0],[-46.027065,-4.820757,0.0],[-46.02708,-4.82077,0.0],[-46.027104,-4.820781,0.0],[-46.02715,-4.820781,0.0],[-46.02723,-4.820791,0.0],[-46.027267,-4.820825,0.0],[-46.027311,-4.820851,0.0],[-46.027347,-4.820854,0.0],[-46.02737,-4.820858,0.0],[-46.027391,-4.820872,0.0],[-46.027402,-4.820887,0.0],[-46.027411,-4.820903,0.0],[-46.027413,-4.820929,0.0],[-46.027414,-4.82096,0.0],[-46.027406,-4.820982,0.0],[-46.027394,-4.821002,0.0],[-46.027379,-4.821023,0.0],[-46.027361,-4.821035,0.0],[-46.027347,-4.821043,0.0],[-46.02733,-4.821046,0.0],[-46.027297,-4.821046,0.0],[-46.027284,-4.821043,0.0],[-46.027262,-4.82103,0.0],[-46.027243,-4.821017,0.0],[-46.027218,-4.821001,0.0],[-46.0272,-4.820996,0.0],[-46.027183,-4.820995,0.0],[-46.027171,-4.820995,0.0],[-46.027154,-4.821008,0.0],[-46.027149,-4.821017,0.0],[-46.027128,-4.821067,0.0],[-46.02712,-4.821089,0.0],[-46.02711,-4.821118,0.0],[-46.027101,-4.821134,0.0],[-46.027087,-4.821148,0.0],[-46.027068,-4.821154,0.0],[-46.027049,-4.821154,0.0],[-46.027002,-4.821153,0.0],[-46.026935,-4.821159,0.0],[-46.026916,-4.82117,0.0],[-46.026899,-4.821182,0.0],[-46.026885,-4.821198,0.0],[-46.026872,-4.821221,0.0],[-46.026869,-4.82128,0.0],[-46.026862,-4.821294,0.0],[-46.026831,-4.821315,0.0],[-46.026815,-4.821346,0.0],[-46.026795,-4.821421,0.0],[-46.026782,-4.821493,0.0],[-46.02677,-4.821537,0.0],[-46.026762,-4.821605,0.0],[-46.026759,-4.821668,0.0],[-46.026767,-4.821728,0.0],[-46.026762,-4.821791,0.0],[-46.026755,-4.821838,0.0],[-46.026746,-4.821861,0.0],[-46.026729,-4.821881,0.0],[-46.026719,-4.821894,0.0],[-46.026703,-4.821901,0.0],[-46.026639,-4.821905,0.0],[-46.026607,-4.821922,0.0],[-46.026573,-4.821931,0.0],[-46.026556,-4.821944,0.0],[-46.02653,-4.821987,0.0],[-46.026516,-4.82201,0.0],[-46.026512,-4.822021,0.0],[-46.026512,-4.822034,0.0],[-46.026524,-4.822072,0.0],[-46.026527,-4.822093,0.0],[-46.026522,-4.822114,0.0],[-46.02645,-4.822259,0.0],[-46.02643,-4.822298,0.0],[-46.026414,-4.822318,0.0],[-46.026397,-4.822352,0.0],[-46.026392,-4.822368,0.0],[-46.02639,-4.822436,0.0],[-46.026408,-4.822563,0.0],[-46.026461,-4.822683,0.0],[-46.026461,-4.822696,0.0],[-46.026458,-4.822702,0.0],[-46.026443,-4.822709,0.0],[-46.026404,-4.822732,0.0],[-46.026381,-4.822737,0.0],[-46.026372,-4.822746,0.0],[-46.026359,-4.822763,0.0],[-46.026355,-4.822783,0.0],[-46.026357,-4.822822,0.0],[-46.026356,-4.822828,0.0],[-46.026347,-4.822836,0.0],[-46.026337,-4.822838,0.0],[-46.026301,-4.822829,0.0],[-46.026268,-4.822831,0.0],[-46.02626,-4.822834,0.0],[-46.026256,-4.822835,0.0],[-46.026253,-4.82284,0.0],[-46.026249,-4.822855,0.0],[-46.026248,-4.822873,0.0],[-46.026239,-4.822892,0.0],[-46.02622,-4.82291,0.0],[-46.026187,-4.822938,0.0],[-46.026142,-4.822953,0.0],[-46.026102,-4.822962,0.0],[-46.026085,-4.822979,0.0],[-46.026066,-4.823029,0.0],[-46.026042,-4.823201,0.0],[-46.026032,-4.823216,0.0],[-46.026019,-4.823222,0.0],[-46.025989,-4.823229,0.0],[-46.025949,-4.823235,0.0],[-46.025899,-4.82324,0.0],[-46.025852,-4.823265,0.0],[-46.025827,-4.823292,0.0],[-46.025809,-4.823319,0.0],[-46.025803,-4.823352,0.0],[-46.025796,-4.823408,0.0],[-46.025796,-4.823461,0.0],[-46.025861,-4.823593,0.0],[-46.025903,-4.823672,0.0],[-46.025994,-4.823815,0.0],[-46.026006,-4.823833,0.0],[-46.026017,-4.823858,0.0],[-46.026025,-4.823896,0.0],[-46.026036,-4.823908,0.0],[-46.026041,-4.823928,0.0],[-46.026043,-4.823946,0.0],[-46.026037,-4.823964,0.0],[-46.025988,-4.824074,0.0],[-46.02598,-4.824125,0.0],[-46.025954,-4.824164,0.0],[-46.025939,-4.824191,0.0],[-46.02593,-4.824234,0.0],[-46.025943,-4.824281,0.0],[-46.025942,-4.824296,0.0],[-46.02594,-4.824309,0.0],[-46.025933,-4.824318,0.0],[-46.02592,-4.824325,0.0],[-46.025907,-4.824327,0.0],[-46.02589,-4.824344,0.0],[-46.02589,-4.824357,0.0],[-46.025886,-4.82438,0.0],[-46.02589,-4.824393,0.0],[-46.025889,-4.824421,0.0],[-46.02594,-4.824491,0.0],[-46.025988,-4.82458,0.0],[-46.02602,-4.824595,0.0],[-46.026055,-4.824597,0.0],[-46.026143,-4.824691,0.0],[-46.026187,-4.824761,0.0],[-46.026237,-4.824805,0.0],[-46.026268,-4.824836,0.0],[-46.026343,-4.824913,0.0],[-46.026372,-4.824956,0.0],[-46.026382,-4.824974,0.0],[-46.026395,-4.824994,0.0],[-46.026409,-4.825008,0.0],[-46.026428,-4.825008,0.0],[-46.026442,-4.825005,0.0],[-46.026475,-4.824956,0.0],[-46.026518,-4.8249,0.0],[-46.026554,-4.824876,0.0],[-46.026571,-4.824877,0.0],[-46.026586,-4.824885,0.0],[-46.0266,-4.824898,0.0],[-46.026608,-4.82492,0.0],[-46.026607,-4.824965,0.0],[-46.026602,-4.825001,0.0],[-46.026599,-4.825018,0.0],[-46.026603,-4.825028,0.0],[-46.026611,-4.825034,0.0],[-46.026638,-4.825029,0.0],[-46.026659,-4.825017,0.0],[-46.02669,-4.824997,0.0],[-46.026704,-4.824997,0.0],[-46.026716,-4.825002,0.0],[-46.026726,-4.82501,0.0],[-46.026735,-4.825022,0.0],[-46.026745,-4.825033,0.0],[-46.026744,-4.825051,0.0],[-46.026758,-4.825068,0.0],[-46.026784,-4.825081,0.0],[-46.026886,-4.825106,0.0],[-46.026935,-4.825119,0.0],[-46.026967,-4.825151,0.0],[-46.026997,-4.825176,0.0],[-46.027036,-4.825189,0.0],[-46.027109,-4.825231,0.0],[-46.027132,-4.825259,0.0],[-46.027145,-4.825288,0.0],[-46.027146,-4.825313,0.0],[-46.027143,-4.82534,0.0],[-46.027115,-4.825397,0.0],[-46.027095,-4.82542,0.0],[-46.027043,-4.825451,0.0],[-46.027002,-4.825452,0.0],[-46.026984,-4.825462,0.0],[-46.026979,-4.825474,0.0],[-46.026979,-4.82549,0.0],[-46.026983,-4.825505,0.0],[-46.026992,-4.825519,0.0],[-46.027082,-4.825562,0.0],[-46.027129,-4.825605,0.0],[-46.027228,-4.825653,0.0],[-46.027258,-4.825706,0.0],[-46.0273,-4.825719,0.0],[-46.027319,-4.825731,0.0],[-46.027334,-4.825752,0.0],[-46.027362,-4.825786,0.0],[-46.027368,-4.825822,0.0],[-46.027362,-4.825854,0.0],[-46.027337,-4.825874,0.0],[-46.027284,-4.825874,0.0],[-46.027243,-4.825863,0.0],[-46.027215,-4.825838,0.0],[-46.027181,-4.825827,0.0],[-46.027131,-4.82582,0.0],[-46.027088,-4.825833,0.0],[-46.027053,-4.825869,0.0],[-46.027035,-4.825898,0.0],[-46.027033,-4.825924,0.0],[-46.027033,-4.825949,0.0],[-46.027038,-4.825972,0.0],[-46.027059,-4.826009,0.0],[-46.027085,-4.826027,0.0],[-46.02711,-4.826059,0.0],[-46.027123,-4.826102,0.0],[-46.027126,-4.826149,0.0],[-46.027115,-4.826203,0.0],[-46.027098,-4.826274,0.0],[-46.02705,-4.826377,0.0],[-46.02702,-4.826428,0.0],[-46.026882,-4.826652,0.0],[-46.026835,-4.826691,0.0],[-46.026765,-4.826735,0.0],[-46.026698,-4.826995,0.0],[-46.026656,-4.827272,0.0],[-46.026587,-4.827721,0.0],[-46.026421,-4.827994,0.0],[-46.026392,-4.828313,0.0],[-46.026368,-4.828386,0.0],[-46.026272,-4.828547,0.0],[-46.026247,-4.82859,0.0],[-46.02612,-4.828689,0.0],[-46.025987,-4.828761,0.0],[-46.025928,-4.828749,0.0],[-46.025847,-4.828713,0.0],[-46.025767,-4.828736,0.0],[-46.025779,-4.828909,0.0],[-46.025808,-4.829066,0.0],[-46.025819,-4.829176,0.0],[-46.025837,-4.829273,0.0],[-46.025881,-4.829371,0.0],[-46.025935,-4.829418,0.0],[-46.025987,-4.829511,0.0],[-46.026042,-4.829581,0.0],[-46.025983,-4.829673,0.0],[-46.025971,-4.829787,0.0],[-46.025984,-4.829893,0.0],[-46.02602,-4.830007,0.0],[-46.026064,-4.830081,0.0],[-46.026129,-4.83012,0.0],[-46.02623,-4.830127,0.0],[-46.026325,-4.830196,0.0],[-46.026356,-4.830341,0.0],[-46.026362,-4.830456,0.0],[-46.026372,-4.830486,0.0],[-46.026397,-4.83052,0.0],[-46.026486,-4.830643,0.0],[-46.026579,-4.830834,0.0],[-46.026579,-4.830949,0.0],[-46.026537,-4.831021,0.0],[-46.026491,-4.831026,0.0],[-46.026458,-4.83102,0.0],[-46.026357,-4.831003,0.0],[-46.026335,-4.831013,0.0],[-46.026329,-4.831218,0.0],[-46.026309,-4.831322,0.0],[-46.026257,-4.83154,0.0],[-46.026301,-4.831718,0.0],[-46.026363,-4.831757,0.0],[-46.026382,-4.831777,0.0],[-46.026396,-4.831844,0.0],[-46.026379,-4.831949,0.0],[-46.026382,-4.832037,0.0],[-46.026412,-4.832055,0.0],[-46.02647,-4.832037,0.0],[-46.026499,-4.832044,0.0],[-46.026553,-4.832117,0.0],[-46.026568,-4.832145,0.0],[-46.026587,-4.832177,0.0],[-46.026594,-4.832223,0.0],[-46.026581,-4.832297,0.0],[-46.026532,-4.832418,0.0],[-46.026441,-4.832603,0.0],[-46.026434,-4.832662,0.0],[-46.026444,-4.832737,0.0],[-46.026493,-4.832922,0.0],[-46.026499,-4.833007,0.0],[-46.02649,-4.833118,0.0],[-46.02649,-4.8332,0.0],[-46.026539,-4.833456,0.0],[-46.026572,-4.833598,0.0],[-46.026566,-4.833635,0.0],[-46.026561,-4.833676,0.0],[-46.026556,-4.833865,0.0],[-46.026427,-4.834083,0.0],[-46.02642,-4.834102,0.0],[-46.026422,-4.834142,0.0],[-46.02644,-4.834185,0.0],[-46.026458,-4.834205,0.0],[-46.0265,-4.834227,0.0],[-46.026556,-4.83425,0.0],[-46.026577,-4.834261,0.0],[-46.026631,-4.83426,0.0],[-46.026689,-4.834271,0.0],[-46.026723,-4.834281,0.0],[-46.026761,-4.834295,0.0],[-46.026765,-4.834314,0.0],[-46.026772,-4.834338,0.0],[-46.026768,-4.834413,0.0],[-46.026759,-4.834471,0.0],[-46.026754,-4.834531,0.0],[-46.026764,-4.834598,0.0],[-46.02679,-4.834657,0.0],[-46.026816,-4.83469,0.0],[-46.026852,-4.834722,0.0],[-46.026865,-4.834753,0.0],[-46.026866,-4.834789,0.0],[-46.026863,-4.834838,0.0],[-46.026835,-4.834922,0.0],[-46.026774,-4.835104,0.0],[-46.026763,-4.835119,0.0],[-46.026738,-4.835144,0.0],[-46.026713,-4.835173,0.0],[-46.026696,-4.835196,0.0],[-46.026679,-4.835213,0.0],[-46.026645,-4.83529,0.0],[-46.026639,-4.835322,0.0],[-46.02664,-4.835355,0.0],[-46.026656,-4.835417,0.0],[-46.026671,-4.835462,0.0],[-46.026704,-4.835506,0.0],[-46.026719,-4.835538,0.0],[-46.026724,-4.835555,0.0],[-46.026728,-4.835574,0.0],[-46.026729,-4.835591,0.0],[-46.026727,-4.835628,0.0],[-46.026722,-4.835647,0.0],[-46.026695,-4.835733,0.0],[-46.026668,-4.835786,0.0],[-46.026646,-4.835825,0.0],[-46.026629,-4.83586,0.0],[-46.026611,-4.835895,0.0],[-46.026601,-4.835909,0.0],[-46.026588,-4.83592,0.0],[-46.026568,-4.835934,0.0],[-46.026557,-4.835937,0.0],[-46.026481,-4.835929,0.0],[-46.026406,-4.83589,0.0],[-46.026372,-4.835887,0.0],[-46.026338,-4.835889,0.0],[-46.02631,-4.835894,0.0],[-46.026282,-4.835902,0.0],[-46.026264,-4.835913,0.0],[-46.02625,-4.835925,0.0],[-46.026224,-4.835962,0.0],[-46.026185,-4.836025,0.0],[-46.026091,-4.836077,0.0],[-46.025992,-4.836119,0.0],[-46.025913,-4.8362,0.0],[-46.025878,-4.836224,0.0],[-46.02584,-4.83623,0.0],[-46.025804,-4.836228,0.0],[-46.025758,-4.836195,0.0],[-46.025695,-4.836207,0.0],[-46.025605,-4.836183,0.0],[-46.025579,-4.836178,0.0],[-46.025553,-4.836182,0.0],[-46.02553,-4.836193,0.0],[-46.025511,-4.836208,0.0],[-46.025471,-4.836265,0.0],[-46.025405,-4.836362,0.0],[-46.025378,-4.836389,0.0],[-46.025371,-4.836428,0.0],[-46.025378,-4.836464,0.0],[-46.025396,-4.836493,0.0],[-46.025501,-4.836597,0.0],[-46.025513,-4.836615,0.0],[-46.025525,-4.83662,0.0],[-46.025536,-4.83662,0.0],[-46.025546,-4.836618,0.0],[-46.025552,-4.836609,0.0],[-46.025578,-4.836521,0.0],[-46.025599,-4.836516,0.0],[-46.02569,-4.836527,0.0],[-46.025757,-4.836533,0.0],[-46.025823,-4.836559,0.0],[-46.025854,-4.836593,0.0],[-46.025882,-4.836637,0.0],[-46.025897,-4.836683,0.0],[-46.0259,-4.836727,0.0],[-46.025885,-4.836759,0.0],[-46.025862,-4.836776,0.0],[-46.02581,-4.836792,0.0],[-46.025776,-4.836808,0.0],[-46.02576,-4.836829,0.0],[-46.025756,-4.836894,0.0],[-46.025763,-4.836929,0.0],[-46.02577,-4.836956,0.0],[-46.025765,-4.836981,0.0],[-46.025755,-4.836991,0.0],[-46.02574,-4.836994,0.0],[-46.025711,-4.836987,0.0],[-46.025627,-4.836991,0.0],[-46.025506,-4.836951,0.0],[-46.025326,-4.836856,0.0],[-46.025225,-4.836811,0.0],[-46.025139,-4.836796,0.0],[-46.0251,-4.836802,0.0],[-46.025085,-4.836816,0.0],[-46.025075,-4.836832,0.0],[-46.025078,-4.836859,0.0],[-46.025095,-4.836892,0.0],[-46.02513,-4.836954,0.0],[-46.025186,-4.837022,0.0],[-46.025262,-4.837073,0.0],[-46.025324,-4.837086,0.0],[-46.025375,-4.837115,0.0],[-46.025392,-4.837139,0.0],[-46.025394,-4.837214,0.0],[-46.025383,-4.83725,0.0],[-46.025352,-4.837294,0.0],[-46.025327,-4.837325,0.0],[-46.025298,-4.837343,0.0],[-46.02527,-4.837352,0.0],[-46.025236,-4.837346,0.0],[-46.02515,-4.837292,0.0],[-46.025083,-4.837268,0.0],[-46.024683,-4.83718,0.0],[-46.024668,-4.837133,0.0],[-46.024636,-4.837047,0.0],[-46.024613,-4.836939,0.0],[-46.024592,-4.836908,0.0],[-46.024559,-4.836881,0.0],[-46.024532,-4.836866,0.0],[-46.024477,-4.836853,0.0],[-46.02445,-4.836871,0.0],[-46.024434,-4.836882,0.0],[-46.02442,-4.836901,0.0],[-46.024401,-4.836978,0.0],[-46.024393,-4.837037,0.0],[-46.024349,-4.837125,0.0],[-46.024317,-4.837298,0.0],[-46.024257,-4.837399,0.0],[-46.024232,-4.837427,0.0],[-46.024208,-4.837444,0.0],[-46.024146,-4.837457,0.0],[-46.02412,-4.837457,0.0],[-46.024084,-4.837404,0.0],[-46.024063,-4.837389,0.0],[-46.024037,-4.837386,0.0],[-46.024019,-4.837396,0.0],[-46.02397,-4.837464,0.0],[-46.023804,-4.837571,0.0],[-46.023772,-4.837643,0.0],[-46.023771,-4.837842,0.0],[-46.023799,-4.838048,0.0],[-46.023825,-4.838108,0.0],[-46.02384,-4.838131,0.0],[-46.023851,-4.838162,0.0],[-46.023853,-4.838173,0.0],[-46.023842,-4.838203,0.0],[-46.023801,-4.83824,0.0],[-46.023777,-4.838243,0.0],[-46.023728,-4.838234,0.0],[-46.023659,-4.838204,0.0],[-46.023607,-4.838192,0.0],[-46.023584,-4.838191,0.0],[-46.023545,-4.838195,0.0],[-46.023531,-4.838199,0.0],[-46.023515,-4.838227,0.0],[-46.023463,-4.838305,0.0],[-46.023446,-4.838328,0.0],[-46.02344,-4.838359,0.0],[-46.02343,-4.838387,0.0],[-46.023437,-4.838414,0.0],[-46.023456,-4.838471,0.0],[-46.023523,-4.83861,0.0],[-46.023528,-4.838622,0.0],[-46.023528,-4.838641,0.0],[-46.023521,-4.838659,0.0],[-46.023515,-4.838669,0.0],[-46.023411,-4.838763,0.0],[-46.023378,-4.838823,0.0],[-46.023362,-4.838856,0.0],[-46.023369,-4.838897,0.0],[-46.023398,-4.838975,0.0],[-46.023555,-4.839382,0.0],[-46.023555,-4.839437,0.0],[-46.023545,-4.839512,0.0],[-46.023519,-4.839577,0.0],[-46.02348,-4.839622,0.0],[-46.023408,-4.839649,0.0],[-46.023321,-4.839669,0.0],[-46.02323,-4.839666,0.0],[-46.022728,-4.839443,0.0],[-46.022608,-4.839435,0.0],[-46.022507,-4.839455,0.0],[-46.022473,-4.839453,0.0],[-46.02245,-4.839433,0.0],[-46.022398,-4.83939,0.0],[-46.022365,-4.839377,0.0],[-46.022332,-4.83938,0.0],[-46.0223,-4.839393,0.0],[-46.022271,-4.839416,0.0],[-46.022243,-4.839427,0.0],[-46.022235,-4.839453,0.0],[-46.022233,-4.839484,0.0],[-46.022236,-4.839509,0.0],[-46.022262,-4.839548,0.0],[-46.022283,-4.839579,0.0],[-46.022316,-4.839585,0.0],[-46.022352,-4.839585,0.0],[-46.022389,-4.839566,0.0],[-46.022424,-4.839564,0.0],[-46.022454,-4.83958,0.0],[-46.022474,-4.839587,0.0],[-46.022489,-4.839609,0.0],[-46.02251,-4.839637,0.0],[-46.022518,-4.839668,0.0],[-46.022511,-4.839705,0.0],[-46.022458,-4.839759,0.0],[-46.022402,-4.839793,0.0],[-46.022363,-4.839805,0.0],[-46.022331,-4.839808,0.0],[-46.022305,-4.839801,0.0],[-46.022285,-4.839784,0.0],[-46.02224,-4.839723,0.0],[-46.022123,-4.839621,0.0],[-46.022088,-4.839611,0.0],[-46.022062,-4.839616,0.0],[-46.022025,-4.83964,0.0],[-46.022015,-4.839665,0.0],[-46.022007,-4.839702,0.0],[-46.022007,-4.839735,0.0],[-46.022009,-4.839779,0.0],[-46.022015,-4.839832,0.0],[-46.022023,-4.839875,0.0],[-46.022043,-4.839919,0.0],[-46.022071,-4.839956,0.0],[-46.022092,-4.839998,0.0],[-46.02207,-4.840031,0.0],[-46.022049,-4.840055,0.0],[-46.022033,-4.840092,0.0],[-46.022005,-4.84019,0.0],[-46.021977,-4.840288,0.0],[-46.021933,-4.840342,0.0],[-46.021886,-4.840344,0.0],[-46.021832,-4.840307,0.0],[-46.021671,-4.840092,0.0],[-46.021587,-4.84005,0.0],[-46.021548,-4.840045,0.0],[-46.021499,-4.840065,0.0],[-46.021447,-4.840114,0.0],[-46.021323,-4.840419,0.0],[-46.020995,-4.840674,0.0],[-46.020972,-4.840722,0.0],[-46.020976,-4.840786,0.0],[-46.021014,-4.840919,0.0],[-46.02102,-4.840948,0.0],[-46.02102,-4.840984,0.0],[-46.021003,-4.841041,0.0],[-46.020981,-4.841072,0.0],[-46.020906,-4.841122,0.0],[-46.020856,-4.84145,0.0],[-46.020811,-4.841692,0.0],[-46.020772,-4.841896,0.0],[-46.020744,-4.84198,0.0],[-46.020734,-4.842067,0.0],[-46.020724,-4.842125,0.0],[-46.020731,-4.842183,0.0],[-46.020752,-4.842231,0.0],[-46.020789,-4.842258,0.0],[-46.020871,-4.842314,0.0],[-46.020936,-4.842323,0.0],[-46.02106,-4.842305,0.0],[-46.0211,-4.842274,0.0],[-46.02114,-4.842199,0.0],[-46.021154,-4.842131,0.0],[-46.021195,-4.842081,0.0],[-46.021366,-4.842157,0.0],[-46.021384,-4.842184,0.0],[-46.021391,-4.842242,0.0],[-46.021399,-4.842289,0.0],[-46.021448,-4.842339,0.0],[-46.021444,-4.842362,0.0],[-46.021478,-4.842384,0.0],[-46.021523,-4.842397,0.0],[-46.021561,-4.842397,0.0],[-46.021604,-4.842402,0.0],[-46.021639,-4.842443,0.0],[-46.021648,-4.842495,0.0],[-46.021629,-4.842561,0.0],[-46.021585,-4.842667,0.0],[-46.021504,-4.842781,0.0],[-46.021478,-4.842829,0.0],[-46.021431,-4.842878,0.0],[-46.021351,-4.842911,0.0],[-46.02131,-4.842921,0.0],[-46.021234,-4.842941,0.0],[-46.021172,-4.842956,0.0],[-46.021093,-4.842985,0.0],[-46.021014,-4.843021,0.0],[-46.020881,-4.843067,0.0],[-46.020754,-4.843075,0.0],[-46.020622,-4.843109,0.0],[-46.020594,-4.843121,0.0],[-46.020508,-4.843169,0.0],[-46.020413,-4.843237,0.0],[-46.020361,-4.843279,0.0],[-46.020318,-4.843348,0.0],[-46.020148,-4.843513,0.0],[-46.019998,-4.843727,0.0],[-46.019851,-4.843959,0.0],[-46.019781,-4.844056,0.0],[-46.019756,-4.844115,0.0],[-46.019741,-4.844169,0.0],[-46.01974,-4.844222,0.0],[-46.019759,-4.844269,0.0],[-46.01979,-4.844304,0.0],[-46.019808,-4.844348,0.0],[-46.019807,-4.844445,0.0],[-46.019772,-4.84452,0.0],[-46.019726,-4.844559,0.0],[-46.019668,-4.844588,0.0],[-46.019561,-4.844608,0.0],[-46.019421,-4.844605,0.0],[-46.019368,-4.844597,0.0],[-46.019323,-4.844579,0.0],[-46.019294,-4.84454,0.0],[-46.019283,-4.844509,0.0],[-46.019287,-4.84449,0.0],[-46.019333,-4.844452,0.0],[-46.019408,-4.844374,0.0],[-46.019425,-4.844337,0.0],[-46.019413,-4.844296,0.0],[-46.019398,-4.844279,0.0],[-46.019323,-4.844247,0.0],[-46.019242,-4.844224,0.0],[-46.019193,-4.84422,0.0],[-46.019099,-4.84423,0.0],[-46.019056,-4.844253,0.0],[-46.019015,-4.844296,0.0],[-46.018971,-4.844324,0.0],[-46.018927,-4.844338,0.0],[-46.018883,-4.844342,0.0],[-46.01884,-4.844349,0.0],[-46.018798,-4.844342,0.0],[-46.018745,-4.844325,0.0],[-46.018705,-4.844321,0.0],[-46.018661,-4.84433,0.0],[-46.018649,-4.844344,0.0],[-46.018638,-4.844366,0.0],[-46.018639,-4.844395,0.0],[-46.018661,-4.844419,0.0],[-46.018661,-4.844433,0.0],[-46.018657,-4.844449,0.0],[-46.018646,-4.844459,0.0],[-46.018632,-4.844463,0.0],[-46.018517,-4.844459,0.0],[-46.018367,-4.844491,0.0],[-46.018227,-4.844512,0.0],[-46.018168,-4.844524,0.0],[-46.018115,-4.844544,0.0],[-46.018077,-4.844562,0.0],[-46.017978,-4.844626,0.0],[-46.017907,-4.844661,0.0],[-46.017823,-4.844705,0.0],[-46.017732,-4.844738,0.0],[-46.017617,-4.844751,0.0],[-46.017578,-4.844767,0.0],[-46.017502,-4.84485,0.0],[-46.017441,-4.844943,0.0],[-46.017397,-4.845023,0.0],[-46.017377,-4.845048,0.0],[-46.017275,-4.845104,0.0],[-46.017187,-4.845119,0.0],[-46.017108,-4.845189,0.0],[-46.016922,-4.845235,0.0],[-46.016908,-4.845251,0.0],[-46.016896,-4.845285,0.0],[-46.016891,-4.845314,0.0],[-46.016895,-4.845376,0.0],[-46.016913,-4.84543,0.0],[-46.016919,-4.845466,0.0],[-46.016908,-4.845501,0.0],[-46.01689,-4.845514,0.0],[-46.016869,-4.845522,0.0],[-46.016833,-4.845522,0.0],[-46.016777,-4.845511,0.0],[-46.016717,-4.845518,0.0],[-46.016611,-4.845622,0.0],[-46.016542,-4.845725,0.0],[-46.016504,-4.845765,0.0],[-46.016367,-4.845909,0.0],[-46.016273,-4.846009,0.0],[-46.016145,-4.846087,0.0],[-46.015997,-4.846205,0.0],[-46.015936,-4.846299,0.0],[-46.015919,-4.846357,0.0],[-46.015919,-4.846466,0.0],[-46.015936,-4.846506,0.0],[-46.015984,-4.846578,0.0],[-46.015996,-4.846642,0.0],[-46.015986,-4.846674,0.0],[-46.015965,-4.846697,0.0],[-46.015922,-4.846715,0.0],[-46.015732,-4.846739,0.0],[-46.015655,-4.846721,0.0],[-46.015587,-4.846681,0.0],[-46.015517,-4.84664,0.0],[-46.015493,-4.846633,0.0],[-46.015455,-4.846635,0.0],[-46.015408,-4.846651,0.0],[-46.015346,-4.846684,0.0],[-46.015278,-4.846718,0.0],[-46.015226,-4.846769,0.0],[-46.015216,-4.846788,0.0],[-46.015211,-4.846819,0.0],[-46.015211,-4.846868,0.0],[-46.014943,-4.846871,0.0],[-46.014865,-4.846956,0.0],[-46.014778,-4.846983,0.0],[-46.014712,-4.846985,0.0],[-46.014671,-4.847004,0.0],[-46.014637,-4.847032,0.0],[-46.014608,-4.847065,0.0],[-46.014601,-4.847107,0.0],[-46.014603,-4.847146,0.0],[-46.014617,-4.847255,0.0],[-46.014616,-4.84733,0.0],[-46.014591,-4.847397,0.0],[-46.014551,-4.847467,0.0],[-46.014485,-4.847598,0.0],[-46.01445,-4.847685,0.0],[-46.014432,-4.847758,0.0],[-46.01443,-4.847794,0.0],[-46.014442,-4.847831,0.0],[-46.014459,-4.847909,0.0],[-46.014472,-4.848028,0.0],[-46.01452,-4.848077,0.0],[-46.014619,-4.848012,0.0],[-46.014847,-4.847976,0.0],[-46.015078,-4.847979,0.0],[-46.015245,-4.848,0.0],[-46.015291,-4.848021,0.0],[-46.015304,-4.848049,0.0],[-46.015297,-4.848093,0.0],[-46.015267,-4.848171,0.0],[-46.015135,-4.848399,0.0],[-46.015084,-4.848521,0.0],[-46.015062,-4.84857,0.0],[-46.015053,-4.848627,0.0],[-46.015065,-4.84869,0.0],[-46.015088,-4.848762,0.0],[-46.01511,-4.848827,0.0],[-46.015148,-4.848871,0.0],[-46.015231,-4.848918,0.0],[-46.015371,-4.84896,0.0],[-46.015436,-4.849162,0.0],[-46.015433,-4.849229,0.0],[-46.015421,-4.849253,0.0],[-46.015403,-4.849273,0.0],[-46.015241,-4.849359,0.0],[-46.015149,-4.849455,0.0],[-46.01511,-4.849491,0.0],[-46.015089,-4.849537,0.0],[-46.015081,-4.849592,0.0],[-46.015094,-4.849633,0.0],[-46.015117,-4.849673,0.0],[-46.015156,-4.849689,0.0],[-46.015199,-4.849696,0.0],[-46.015241,-4.849676,0.0],[-46.015283,-4.849608,0.0],[-46.015341,-4.84948,0.0],[-46.015395,-4.849423,0.0],[-46.015429,-4.849418,0.0],[-46.015465,-4.849424,0.0],[-46.015507,-4.849468,0.0],[-46.015533,-4.849535,0.0],[-46.015525,-4.84959,0.0],[-46.015494,-4.849667,0.0],[-46.015423,-4.849798,0.0],[-46.015348,-4.849947,0.0],[-46.015263,-4.850041,0.0],[-46.015136,-4.850126,0.0],[-46.015042,-4.850165,0.0],[-46.014944,-4.850155,0.0],[-46.014876,-4.850165,0.0],[-46.014847,-4.850181,0.0],[-46.014795,-4.850319,0.0],[-46.014713,-4.850376,0.0],[-46.014701,-4.850413,0.0],[-46.014699,-4.850454,0.0],[-46.014712,-4.8505,0.0],[-46.01478,-4.850567,0.0],[-46.014805,-4.850601,0.0],[-46.014813,-4.850646,0.0],[-46.014788,-4.850681,0.0],[-46.014746,-4.85069,0.0],[-46.014658,-4.8507,0.0],[-46.014516,-4.850542,0.0],[-46.014496,-4.850535,0.0],[-46.014474,-4.850544,0.0],[-46.014449,-4.850565,0.0],[-46.014433,-4.850602,0.0],[-46.014375,-4.850749,0.0],[-46.014311,-4.850811,0.0],[-46.014274,-4.850802,0.0],[-46.01424,-4.850809,0.0],[-46.014229,-4.850821,0.0],[-46.014229,-4.850845,0.0],[-46.014228,-4.850868,0.0],[-46.014237,-4.850892,0.0],[-46.014275,-4.850916,0.0],[-46.014323,-4.850924,0.0],[-46.014401,-4.850884,0.0],[-46.01442,-4.850923,0.0],[-46.014381,-4.851022,0.0],[-46.014352,-4.851121,0.0],[-46.014276,-4.851376,0.0],[-46.014322,-4.852017,0.0],[-46.014374,-4.852457,0.0],[-46.014404,-4.85272,0.0],[-46.014458,-4.852977,0.0],[-46.014466,-4.853031,0.0],[-46.014431,-4.853282,0.0],[-46.014311,-4.853369,0.0],[-46.014269,-4.853414,0.0],[-46.014215,-4.853466,0.0],[-46.014167,-4.853495,0.0],[-46.014155,-4.853483,0.0],[-46.014027,-4.853322,0.0],[-46.013981,-4.853247,0.0],[-46.013927,-4.853245,0.0],[-46.013903,-4.853253,0.0],[-46.013879,-4.853272,0.0],[-46.013855,-4.853321,0.0],[-46.013584,-4.853408,0.0],[-46.013462,-4.85335,0.0],[-46.013423,-4.853347,0.0],[-46.013344,-4.853363,0.0],[-46.013311,-4.853382,0.0],[-46.013293,-4.853399,0.0],[-46.01328,-4.853454,0.0],[-46.013277,-4.853498,0.0],[-46.01327,-4.853566,0.0],[-46.013257,-4.853605,0.0],[-46.013233,-4.85363,0.0],[-46.013145,-4.853659,0.0],[-46.013104,-4.853641,0.0],[-46.013056,-4.853548,0.0],[-46.013018,-4.853506,0.0],[-46.012976,-4.853475,0.0],[-46.012818,-4.85342,0.0],[-46.012768,-4.853413,0.0],[-46.012717,-4.853427,0.0],[-46.012691,-4.853454,0.0],[-46.012679,-4.853472,0.0],[-46.012659,-4.853522,0.0],[-46.012657,-4.853542,0.0],[-46.012665,-4.853556,0.0],[-46.012676,-4.853567,0.0],[-46.012702,-4.853582,0.0],[-46.012755,-4.8536,0.0],[-46.012788,-4.853622,0.0],[-46.012798,-4.853644,0.0],[-46.012802,-4.853658,0.0],[-46.0128,-4.853696,0.0],[-46.012768,-4.853753,0.0],[-46.012729,-4.853794,0.0],[-46.012635,-4.853875,0.0],[-46.012342,-4.85403,0.0],[-46.012281,-4.854049,0.0],[-46.012237,-4.854078,0.0],[-46.012207,-4.85412,0.0],[-46.01219,-4.854169,0.0],[-46.012176,-4.854251,0.0],[-46.012176,-4.854299,0.0],[-46.012181,-4.854345,0.0],[-46.012202,-4.8544,0.0],[-46.01221,-4.854441,0.0],[-46.012202,-4.854485,0.0],[-46.012192,-4.854503,0.0],[-46.012137,-4.854529,0.0],[-46.012091,-4.854534,0.0],[-46.012054,-4.854556,0.0],[-46.012029,-4.854604,0.0],[-46.012013,-4.854685,0.0],[-46.011997,-4.854705,0.0],[-46.011932,-4.854708,0.0],[-46.011878,-4.854705,0.0],[-46.011808,-4.85469,0.0],[-46.011757,-4.854709,0.0],[-46.011718,-4.854749,0.0],[-46.011707,-4.854791,0.0],[-46.011704,-4.854833,0.0],[-46.011715,-4.854887,0.0],[-46.011749,-4.854934,0.0],[-46.011796,-4.854971,0.0],[-46.011825,-4.855028,0.0],[-46.011821,-4.855056,0.0],[-46.011652,-4.855255,0.0],[-46.011619,-4.855328,0.0],[-46.011614,-4.855363,0.0],[-46.011619,-4.85543,0.0],[-46.011662,-4.855471,0.0],[-46.011685,-4.855477,0.0],[-46.011789,-4.855466,0.0],[-46.011834,-4.855482,0.0],[-46.011851,-4.855496,0.0],[-46.011859,-4.855507,0.0],[-46.011867,-4.855524,0.0],[-46.011867,-4.855542,0.0],[-46.011857,-4.855583,0.0],[-46.011808,-4.855645,0.0],[-46.011506,-4.855758,0.0],[-46.011448,-4.855819,0.0],[-46.011448,-4.855914,0.0],[-46.011466,-4.856038,0.0],[-46.011455,-4.856164,0.0],[-46.011439,-4.856286,0.0],[-46.011416,-4.856386,0.0],[-46.011417,-4.856403,0.0],[-46.011424,-4.856423,0.0],[-46.011473,-4.85647,0.0],[-46.011553,-4.856532,0.0],[-46.011558,-4.856745,0.0],[-46.01156,-4.856772,0.0],[-46.011575,-4.856832,0.0],[-46.011589,-4.856849,0.0],[-46.011601,-4.856863,0.0],[-46.011618,-4.856875,0.0],[-46.011737,-4.856909,0.0],[-46.011868,-4.856948,0.0],[-46.011896,-4.856956,0.0],[-46.01192,-4.856997,0.0],[-46.011926,-4.857072,0.0],[-46.011936,-4.85711,0.0],[-46.011953,-4.857142,0.0],[-46.011972,-4.857148,0.0],[-46.012002,-4.857133,0.0],[-46.012021,-4.857103,0.0],[-46.01205,-4.857058,0.0],[-46.012144,-4.857009,0.0],[-46.012162,-4.85702,0.0],[-46.012195,-4.857066,0.0],[-46.012208,-4.857102,0.0],[-46.012245,-4.857162,0.0],[-46.012274,-4.857379,0.0],[-46.012274,-4.857434,0.0],[-46.012257,-4.85759,0.0],[-46.012161,-4.857825,0.0],[-46.012112,-4.857958,0.0],[-46.012092,-4.857985,0.0],[-46.01209,-4.858057,0.0],[-46.012115,-4.858133,0.0],[-46.012141,-4.858193,0.0],[-46.012191,-4.858245,0.0],[-46.012318,-4.858329,0.0],[-46.012396,-4.858389,0.0],[-46.012416,-4.858407,0.0],[-46.012427,-4.85843,0.0],[-46.012436,-4.858462,0.0],[-46.012432,-4.858496,0.0],[-46.012299,-4.85875,0.0],[-46.012285,-4.858791,0.0],[-46.012288,-4.858823,0.0],[-46.012292,-4.85884,0.0],[-46.012302,-4.858858,0.0],[-46.012315,-4.858875,0.0],[-46.012373,-4.858921,0.0],[-46.012433,-4.858989,0.0],[-46.012458,-4.859054,0.0],[-46.012517,-4.859286,0.0],[-46.012519,-4.859304,0.0],[-46.012493,-4.859368,0.0],[-46.012345,-4.859528,0.0],[-46.012314,-4.859555,0.0],[-46.0123,-4.859555,0.0],[-46.01223,-4.859529,0.0],[-46.0121,-4.859518,0.0],[-46.012034,-4.859538,0.0],[-46.011997,-4.859899,0.0],[-46.012,-4.859959,0.0],[-46.012039,-4.860068,0.0],[-46.012065,-4.860134,0.0],[-46.012067,-4.86021,0.0],[-46.012077,-4.860275,0.0],[-46.012083,-4.860296,0.0],[-46.012099,-4.860319,0.0],[-46.012123,-4.860318,0.0],[-46.012227,-4.860234,0.0],[-46.012245,-4.860234,0.0],[-46.012317,-4.860295,0.0],[-46.012357,-4.860347,0.0],[-46.012387,-4.860405,0.0],[-46.012395,-4.860439,0.0],[-46.012396,-4.86048,0.0],[-46.012355,-4.860542,0.0],[-46.012324,-4.860576,0.0],[-46.012294,-4.860596,0.0],[-46.012237,-4.860608,0.0],[-46.012163,-4.860609,0.0],[-46.012107,-4.860626,0.0],[-46.012071,-4.860662,0.0],[-46.012049,-4.860671,0.0],[-46.012024,-4.860653,0.0],[-46.012005,-4.860606,0.0],[-46.011968,-4.860579,0.0],[-46.01195,-4.860587,0.0],[-46.011907,-4.860613,0.0],[-46.011896,-4.860632,0.0],[-46.011884,-4.860648,0.0],[-46.011851,-4.86073,0.0],[-46.011867,-4.860718,0.0],[-46.011849,-4.860757,0.0],[-46.011811,-4.86081,0.0],[-46.011763,-4.860901,0.0],[-46.01174,-4.861141,0.0],[-46.011758,-4.861192,0.0],[-46.011769,-4.861203,0.0],[-46.011819,-4.861234,0.0],[-46.011862,-4.861271,0.0],[-46.011902,-4.861286,0.0],[-46.011931,-4.861288,0.0],[-46.011939,-4.861274,0.0],[-46.011934,-4.861244,0.0],[-46.01193,-4.86122,0.0],[-46.011931,-4.861188,0.0],[-46.011939,-4.861158,0.0],[-46.011961,-4.861139,0.0],[-46.011984,-4.861135,0.0],[-46.012009,-4.861138,0.0],[-46.012027,-4.861148,0.0],[-46.012047,-4.861184,0.0],[-46.012075,-4.861296,0.0],[-46.012052,-4.861342,0.0],[-46.01204,-4.861377,0.0],[-46.012045,-4.861412,0.0],[-46.012072,-4.861469,0.0],[-46.012284,-4.861778,0.0],[-46.012287,-4.861817,0.0],[-46.012284,-4.861885,0.0],[-46.012271,-4.861947,0.0],[-46.012269,-4.861954,0.0],[-46.01225,-4.862035,0.0],[-46.012189,-4.862142,0.0],[-46.012057,-4.862312,0.0],[-46.012052,-4.862341,0.0],[-46.012052,-4.862374,0.0],[-46.012047,-4.862388,0.0],[-46.012029,-4.862402,0.0],[-46.011955,-4.862436,0.0],[-46.01194,-4.862442,0.0],[-46.011914,-4.862451,0.0],[-46.011887,-4.862456,0.0],[-46.011857,-4.86246,0.0],[-46.011843,-4.86246,0.0],[-46.011823,-4.862462,0.0],[-46.011744,-4.862492,0.0],[-46.011722,-4.862525,0.0],[-46.011715,-4.862552,0.0],[-46.011715,-4.86258,0.0],[-46.011712,-4.862604,0.0],[-46.011703,-4.862638,0.0],[-46.01169,-4.86265,0.0],[-46.011671,-4.862662,0.0],[-46.011528,-4.862715,0.0],[-46.011501,-4.862726,0.0],[-46.011477,-4.862732,0.0],[-46.011457,-4.862724,0.0],[-46.011428,-4.862701,0.0],[-46.011405,-4.862667,0.0],[-46.011397,-4.862633,0.0],[-46.011398,-4.862612,0.0],[-46.011411,-4.862595,0.0],[-46.011454,-4.862571,0.0],[-46.011465,-4.862556,0.0],[-46.011465,-4.862538,0.0],[-46.011453,-4.862508,0.0],[-46.011442,-4.862498,0.0],[-46.011288,-4.862472,0.0],[-46.01111,-4.862616,0.0],[-46.011095,-4.862646,0.0],[-46.011045,-4.862732,0.0],[-46.011023,-4.862748,0.0],[-46.011001,-4.862747,0.0],[-46.010979,-4.86274,0.0],[-46.010959,-4.862727,0.0],[-46.010943,-4.862722,0.0],[-46.010925,-4.862723,0.0],[-46.0109,-4.862733,0.0],[-46.010874,-4.862747,0.0],[-46.010836,-4.862815,0.0],[-46.010789,-4.862893,0.0],[-46.010712,-4.863098,0.0],[-46.010702,-4.863133,0.0],[-46.01073,-4.86319,0.0],[-46.010758,-4.863225,0.0],[-46.010787,-4.86326,0.0],[-46.0108,-4.86328,0.0],[-46.010808,-4.863306,0.0],[-46.010809,-4.863331,0.0],[-46.010802,-4.863356,0.0],[-46.010771,-4.863381,0.0],[-46.010755,-4.863384,0.0],[-46.010738,-4.863379,0.0],[-46.01071,-4.863369,0.0],[-46.010678,-4.863361,0.0],[-46.010617,-4.863328,0.0],[-46.010562,-4.863327,0.0],[-46.010534,-4.863342,0.0],[-46.010497,-4.863362,0.0],[-46.010466,-4.863395,0.0],[-46.010433,-4.863456,0.0],[-46.010409,-4.863518,0.0],[-46.010401,-4.863586,0.0],[-46.010403,-4.863641,0.0],[-46.010403,-4.863695,0.0],[-46.010414,-4.863718,0.0],[-46.010409,-4.863755,0.0],[-46.010422,-4.863802,0.0],[-46.010443,-4.863833,0.0],[-46.01048,-4.863856,0.0],[-46.010526,-4.863861,0.0],[-46.010553,-4.863872,0.0],[-46.010583,-4.8639,0.0],[-46.010628,-4.863902,0.0],[-46.010692,-4.86397,0.0],[-46.010715,-4.863998,0.0],[-46.01075,-4.864024,0.0],[-46.01077,-4.864064,0.0],[-46.01077,-4.864139,0.0],[-46.01075,-4.864175,0.0],[-46.010662,-4.864224,0.0],[-46.010592,-4.864297,0.0],[-46.01058,-4.864333,0.0],[-46.010575,-4.864367,0.0],[-46.010555,-4.864393,0.0],[-46.010544,-4.864421,0.0],[-46.010537,-4.864448,0.0],[-46.010536,-4.864476,0.0],[-46.010539,-4.864502,0.0],[-46.010547,-4.864528,0.0],[-46.010568,-4.864565,0.0],[-46.010575,-4.864598,0.0],[-46.010599,-4.864618,0.0],[-46.010763,-4.86471,0.0],[-46.010822,-4.864826,0.0],[-46.010884,-4.86505,0.0],[-46.010923,-4.865111,0.0],[-46.010928,-4.865127,0.0],[-46.010926,-4.865203,0.0],[-46.010936,-4.865258,0.0],[-46.010936,-4.865307,0.0],[-46.010936,-4.865372,0.0],[-46.010941,-4.865457,0.0],[-46.010948,-4.865491,0.0],[-46.010982,-4.865554,0.0],[-46.011003,-4.865642,0.0],[-46.011025,-4.865718,0.0],[-46.011045,-4.865759,0.0],[-46.011055,-4.865781,0.0],[-46.011068,-4.865794,0.0],[-46.011086,-4.865803,0.0],[-46.011125,-4.865813,0.0],[-46.011149,-4.865814,0.0],[-46.011179,-4.865808,0.0],[-46.011226,-4.86579,0.0],[-46.011239,-4.865788,0.0],[-46.011255,-4.865788,0.0],[-46.011281,-4.865795,0.0],[-46.011302,-4.865807,0.0],[-46.011316,-4.865829,0.0],[-46.011333,-4.865857,0.0],[-46.011355,-4.865866,0.0],[-46.011397,-4.865873,0.0],[-46.011418,-4.86587,0.0],[-46.011433,-4.865855,0.0],[-46.011437,-4.86583,0.0],[-46.011446,-4.865821,0.0],[-46.011481,-4.865812,0.0],[-46.0115,-4.865821,0.0],[-46.011518,-4.865839,0.0],[-46.011533,-4.865858,0.0],[-46.011544,-4.865882,0.0],[-46.011565,-4.865916,0.0],[-46.011586,-4.865938,0.0],[-46.011604,-4.865974,0.0],[-46.01162,-4.866033,0.0],[-46.011652,-4.8661,0.0],[-46.011675,-4.86612,0.0],[-46.01169,-4.866152,0.0],[-46.011686,-4.866202,0.0],[-46.011678,-4.866228,0.0],[-46.011657,-4.866268,0.0],[-46.011615,-4.866313,0.0],[-46.011607,-4.866328,0.0],[-46.011587,-4.866346,0.0],[-46.011577,-4.866362,0.0],[-46.011555,-4.866391,0.0],[-46.011527,-4.866435,0.0],[-46.011498,-4.866473,0.0],[-46.011459,-4.86649,0.0],[-46.011414,-4.866508,0.0],[-46.011391,-4.866536,0.0],[-46.011381,-4.86658,0.0],[-46.011377,-4.866613,0.0],[-46.011388,-4.866639,0.0],[-46.01178,-4.866997,0.0],[-46.011838,-4.867122,0.0],[-46.011905,-4.867197,0.0],[-46.012023,-4.867234,0.0],[-46.012101,-4.867265,0.0],[-46.012139,-4.867269,0.0],[-46.012237,-4.867244,0.0],[-46.012265,-4.867247,0.0],[-46.012395,-4.867301,0.0],[-46.012577,-4.867302,0.0],[-46.012607,-4.867307,0.0],[-46.012638,-4.867318,0.0],[-46.01265,-4.867326,0.0],[-46.012658,-4.867338,0.0],[-46.012682,-4.867404,0.0],[-46.012693,-4.867419,0.0],[-46.0127,-4.867437,0.0],[-46.01269,-4.867472,0.0],[-46.012668,-4.867507,0.0],[-46.012641,-4.867543,0.0],[-46.012635,-4.867557,0.0],[-46.012634,-4.867572,0.0],[-46.012635,-4.867585,0.0],[-46.012654,-4.867612,0.0],[-46.012668,-4.867637,0.0],[-46.01268,-4.867711,0.0],[-46.012709,-4.867753,0.0],[-46.012724,-4.867768,0.0],[-46.012737,-4.867773,0.0],[-46.0128,-4.867773,0.0],[-46.012835,-4.867775,0.0],[-46.012875,-4.867775,0.0],[-46.012902,-4.867788,0.0],[-46.012913,-4.867797,0.0],[-46.012925,-4.867817,0.0],[-46.012926,-4.867866,0.0],[-46.012917,-4.867911,0.0],[-46.012907,-4.867952,0.0],[-46.012903,-4.868002,0.0],[-46.012917,-4.868024,0.0],[-46.01293,-4.868029,0.0],[-46.012945,-4.868028,0.0],[-46.012959,-4.868023,0.0],[-46.012977,-4.86799,0.0],[-46.012992,-4.867981,0.0],[-46.013009,-4.867977,0.0],[-46.013021,-4.867979,0.0],[-46.013038,-4.867997,0.0],[-46.013051,-4.868023,0.0],[-46.013078,-4.868059,0.0],[-46.013086,-4.868088,0.0],[-46.013089,-4.868138,0.0],[-46.013073,-4.868244,0.0],[-46.013064,-4.868259,0.0],[-46.01299,-4.868307,0.0],[-46.01297,-4.868339,0.0],[-46.012961,-4.868365,0.0],[-46.012962,-4.868398,0.0],[-46.01297,-4.868433,0.0],[-46.01297,-4.868471,0.0],[-46.012961,-4.868495,0.0],[-46.012948,-4.868513,0.0],[-46.012895,-4.86858,0.0],[-46.012848,-4.868647,0.0],[-46.012795,-4.868725,0.0],[-46.01274,-4.868832,0.0],[-46.012732,-4.868878,0.0],[-46.012733,-4.868892,0.0],[-46.012736,-4.868906,0.0],[-46.012742,-4.868914,0.0],[-46.012751,-4.868921,0.0],[-46.012761,-4.868923,0.0],[-46.012768,-4.868918,0.0],[-46.012792,-4.868875,0.0],[-46.012799,-4.868843,0.0],[-46.012811,-4.868814,0.0],[-46.012832,-4.868797,0.0],[-46.012864,-4.86879,0.0],[-46.012923,-4.868798,0.0],[-46.013079,-4.868873,0.0],[-46.013154,-4.868913,0.0],[-46.013197,-4.868953,0.0],[-46.01321,-4.868971,0.0],[-46.013215,-4.868998,0.0],[-46.01321,-4.869025,0.0],[-46.013202,-4.869045,0.0],[-46.013181,-4.869069,0.0],[-46.013164,-4.869073,0.0],[-46.01313,-4.869103,0.0],[-46.013081,-4.869112,0.0],[-46.013053,-4.869145,0.0],[-46.013033,-4.869154,0.0],[-46.012989,-4.869145,0.0],[-46.012974,-4.869146,0.0],[-46.012963,-4.869151,0.0],[-46.012937,-4.869168,0.0],[-46.012871,-4.869197,0.0],[-46.012837,-4.869205,0.0],[-46.012803,-4.869238,0.0],[-46.012772,-4.8693,0.0],[-46.01276,-4.869329,0.0],[-46.012754,-4.869364,0.0],[-46.012752,-4.869399,0.0],[-46.012779,-4.869544,0.0],[-46.012808,-4.869667,0.0],[-46.012824,-4.869707,0.0],[-46.012856,-4.869726,0.0],[-46.012904,-4.869785,0.0],[-46.012936,-4.869842,0.0],[-46.012987,-4.869904,0.0],[-46.013011,-4.86999,0.0],[-46.013054,-4.870064,0.0],[-46.013071,-4.870101,0.0],[-46.013075,-4.870135,0.0],[-46.013068,-4.870161,0.0],[-46.01306,-4.870173,0.0],[-46.013048,-4.87017,0.0],[-46.01304,-4.87016,0.0],[-46.013016,-4.870083,0.0],[-46.012987,-4.870069,0.0],[-46.012964,-4.870066,0.0],[-46.01294,-4.870074,0.0],[-46.012924,-4.870085,0.0],[-46.012908,-4.870101,0.0],[-46.012887,-4.87011,0.0],[-46.012858,-4.870114,0.0],[-46.012836,-4.870109,0.0],[-46.012821,-4.870111,0.0],[-46.012737,-4.870152,0.0],[-46.012662,-4.870153,0.0],[-46.012642,-4.870161,0.0],[-46.01262,-4.870188,0.0],[-46.012608,-4.870213,0.0],[-46.012607,-4.870227,0.0],[-46.012609,-4.870241,0.0],[-46.012632,-4.870256,0.0],[-46.012683,-4.870267,0.0],[-46.012747,-4.870267,0.0],[-46.012779,-4.870259,0.0],[-46.012797,-4.870259,0.0],[-46.012811,-4.870264,0.0],[-46.012828,-4.870283,0.0],[-46.012839,-4.870307,0.0],[-46.012839,-4.870343,0.0],[-46.012833,-4.870365,0.0],[-46.012822,-4.870388,0.0],[-46.012784,-4.870453,0.0],[-46.012753,-4.870528,0.0],[-46.012721,-4.870689,0.0],[-46.012721,-4.870718,0.0],[-46.012716,-4.870782,0.0],[-46.012719,-4.870886,0.0],[-46.012721,-4.871001,0.0],[-46.012727,-4.871049,0.0],[-46.012729,-4.871079,0.0],[-46.012733,-4.871093,0.0],[-46.012748,-4.871116,0.0],[-46.01278,-4.871137,0.0],[-46.012796,-4.87114,0.0],[-46.012811,-4.871138,0.0],[-46.012831,-4.871127,0.0],[-46.012871,-4.871096,0.0],[-46.012903,-4.871073,0.0],[-46.012927,-4.871065,0.0],[-46.012944,-4.87107,0.0],[-46.012957,-4.87108,0.0],[-46.013003,-4.871107,0.0],[-46.013013,-4.871118,0.0],[-46.013038,-4.871162,0.0],[-46.013061,-4.871215,0.0],[-46.013074,-4.871231,0.0],[-46.013118,-4.871247,0.0],[-46.013163,-4.871265,0.0],[-46.013171,-4.871274,0.0],[-46.013177,-4.871288,0.0],[-46.013216,-4.871492,0.0],[-46.013225,-4.871645,0.0],[-46.013267,-4.871788,0.0],[-46.013281,-4.871816,0.0],[-46.013346,-4.871888,0.0],[-46.013353,-4.871916,0.0],[-46.013348,-4.871935,0.0],[-46.013348,-4.872025,0.0],[-46.01329,-4.872155,0.0],[-46.013284,-4.872254,0.0],[-46.013227,-4.872378,0.0],[-46.013222,-4.8724,0.0],[-46.013216,-4.872512,0.0],[-46.013218,-4.872527,0.0],[-46.013228,-4.872541,0.0],[-46.013258,-4.872554,0.0],[-46.013314,-4.872566,0.0],[-46.01335,-4.872554,0.0],[-46.013365,-4.872556,0.0],[-46.01339,-4.872575,0.0],[-46.01341,-4.872576,0.0],[-46.01344,-4.872558,0.0],[-46.013445,-4.872566,0.0],[-46.013478,-4.872549,0.0],[-46.013504,-4.872515,0.0],[-46.013534,-4.872515,0.0],[-46.013564,-4.872539,0.0],[-46.013587,-4.87257,0.0],[-46.013604,-4.872611,0.0],[-46.013609,-4.872665,0.0],[-46.013607,-4.872697,0.0],[-46.013598,-4.872723,0.0],[-46.01358,-4.872743,0.0],[-46.01355,-4.872754,0.0],[-46.01352,-4.872754,0.0],[-46.013493,-4.87274,0.0],[-46.013381,-4.872676,0.0],[-46.013332,-4.872673,0.0],[-46.013289,-4.872686,0.0],[-46.013244,-4.872711,0.0],[-46.013222,-4.872743,0.0],[-46.013193,-4.872793,0.0],[-46.013185,-4.872826,0.0],[-46.013185,-4.872855,0.0],[-46.013193,-4.872895,0.0],[-46.013255,-4.872962,0.0],[-46.013397,-4.873028,0.0],[-46.013406,-4.873048,0.0],[-46.013408,-4.873071,0.0],[-46.013407,-4.873085,0.0],[-46.013378,-4.873119,0.0],[-46.013322,-4.873156,0.0],[-46.01326,-4.873199,0.0],[-46.013172,-4.873246,0.0],[-46.01308,-4.87328,0.0],[-46.012996,-4.873305,0.0],[-46.012974,-4.8733,0.0],[-46.012957,-4.873275,0.0],[-46.012938,-4.873267,0.0],[-46.012926,-4.873272,0.0],[-46.012918,-4.873281,0.0],[-46.012915,-4.873299,0.0],[-46.012919,-4.873315,0.0],[-46.012918,-4.873334,0.0],[-46.012916,-4.873442,0.0],[-46.012902,-4.873485,0.0],[-46.012884,-4.873522,0.0],[-46.012878,-4.873548,0.0],[-46.012886,-4.873586,0.0],[-46.012906,-4.873622,0.0],[-46.012954,-4.873686,0.0],[-46.012986,-4.873704,0.0],[-46.013018,-4.873705,0.0],[-46.013045,-4.873712,0.0],[-46.013077,-4.873739,0.0],[-46.013101,-4.873771,0.0],[-46.013109,-4.873793,0.0],[-46.013118,-4.873852,0.0],[-46.013107,-4.873882,0.0],[-46.013071,-4.87396,0.0],[-46.013063,-4.873995,0.0],[-46.013048,-4.874034,0.0],[-46.013015,-4.874086,0.0],[-46.012954,-4.874155,0.0],[-46.012914,-4.874239,0.0],[-46.012922,-4.87431,0.0],[-46.012935,-4.874336,0.0],[-46.012932,-4.874413,0.0],[-46.012953,-4.874475,0.0],[-46.012966,-4.874489,0.0],[-46.012986,-4.874497,0.0],[-46.013126,-4.874469,0.0],[-46.013162,-4.874465,0.0],[-46.013184,-4.874465,0.0],[-46.013202,-4.87448,0.0],[-46.013221,-4.87451,0.0],[-46.013228,-4.874536,0.0],[-46.013232,-4.874564,0.0],[-46.013231,-4.874591,0.0],[-46.013224,-4.87462,0.0],[-46.013194,-4.874663,0.0],[-46.013153,-4.874698,0.0],[-46.013114,-4.874709,0.0],[-46.013051,-4.874684,0.0],[-46.013032,-4.874661,0.0],[-46.013027,-4.874638,0.0],[-46.013022,-4.874632,0.0],[-46.013003,-4.874625,0.0],[-46.012991,-4.874624,0.0],[-46.012981,-4.874625,0.0],[-46.012955,-4.874634,0.0],[-46.012945,-4.874652,0.0],[-46.012945,-4.874668,0.0],[-46.012951,-4.874689,0.0],[-46.012958,-4.874708,0.0],[-46.012993,-4.874748,0.0],[-46.013054,-4.874791,0.0],[-46.013121,-4.874834,0.0],[-46.013207,-4.874877,0.0],[-46.013234,-4.874899,0.0],[-46.013251,-4.874931,0.0],[-46.013272,-4.874972,0.0],[-46.013285,-4.875017,0.0],[-46.013286,-4.875047,0.0],[-46.013285,-4.87508,0.0],[-46.01328,-4.875113,0.0],[-46.013273,-4.875144,0.0],[-46.013258,-4.875172,0.0],[-46.013234,-4.8752,0.0],[-46.013191,-4.875229,0.0],[-46.013135,-4.875248,0.0],[-46.013085,-4.875265,0.0],[-46.013036,-4.875268,0.0],[-46.012836,-4.875175,0.0],[-46.012805,-4.875174,0.0],[-46.012785,-4.875179,0.0],[-46.012769,-4.875196,0.0],[-46.012764,-4.875218,0.0],[-46.012764,-4.875239,0.0],[-46.012768,-4.875256,0.0],[-46.012786,-4.875268,0.0],[-46.012823,-4.875281,0.0],[-46.01291,-4.87533,0.0],[-46.012945,-4.875357,0.0],[-46.012953,-4.875373,0.0],[-46.012949,-4.875394,0.0],[-46.012936,-4.8754,0.0],[-46.012719,-4.875358,0.0],[-46.012695,-4.875366,0.0],[-46.012684,-4.875375,0.0],[-46.012678,-4.875384,0.0],[-46.012675,-4.875408,0.0],[-46.012684,-4.875427,0.0],[-46.012696,-4.875445,0.0],[-46.012711,-4.875454,0.0],[-46.012757,-4.875461,0.0],[-46.012842,-4.875461,0.0],[-46.012861,-4.875467,0.0],[-46.012869,-4.875491,0.0],[-46.012863,-4.87551,0.0],[-46.01284,-4.875529,0.0],[-46.012749,-4.875572,0.0],[-46.012702,-4.875602,0.0],[-46.012686,-4.87563,0.0],[-46.012689,-4.875671,0.0],[-46.012698,-4.875704,0.0],[-46.012714,-4.875733,0.0],[-46.012743,-4.875763,0.0],[-46.01281,-4.875802,0.0],[-46.012826,-4.875827,0.0],[-46.012853,-4.875851,0.0],[-46.012877,-4.87587,0.0],[-46.01291,-4.875875,0.0],[-46.012982,-4.875861,0.0],[-46.013047,-4.875808,0.0],[-46.013083,-4.8758,0.0],[-46.013113,-4.875805,0.0],[-46.013137,-4.875819,0.0],[-46.013156,-4.875845,0.0],[-46.013188,-4.875975,0.0],[-46.013212,-4.876015,0.0],[-46.01324,-4.876071,0.0],[-46.013263,-4.876154,0.0],[-46.013289,-4.876193,0.0],[-46.013296,-4.876235,0.0],[-46.013298,-4.876367,0.0],[-46.013277,-4.87646,0.0],[-46.01328,-4.876552,0.0],[-46.013314,-4.876622,0.0],[-46.013396,-4.876684,0.0],[-46.013497,-4.876746,0.0],[-46.013511,-4.876765,0.0],[-46.013516,-4.87679,0.0],[-46.013514,-4.876817,0.0],[-46.013506,-4.87684,0.0],[-46.013473,-4.876907,0.0],[-46.01341,-4.877001,0.0],[-46.013377,-4.877021,0.0],[-46.013318,-4.877111,0.0],[-46.0133,-4.877147,0.0],[-46.013282,-4.877178,0.0],[-46.013247,-4.877225,0.0],[-46.01321,-4.877284,0.0],[-46.013165,-4.87731,0.0],[-46.013131,-4.877331,0.0],[-46.013122,-4.877343,0.0],[-46.013078,-4.877366,0.0],[-46.012994,-4.877379,0.0],[-46.012945,-4.877392,0.0],[-46.012926,-4.877407,0.0],[-46.012915,-4.877428,0.0],[-46.012909,-4.87745,0.0],[-46.012902,-4.877487,0.0],[-46.012905,-4.877517,0.0],[-46.012922,-4.877543,0.0],[-46.012949,-4.877566,0.0],[-46.013028,-4.877608,0.0],[-46.013105,-4.87762,0.0],[-46.013129,-4.87765,0.0],[-46.013121,-4.877688,0.0],[-46.01311,-4.877772,0.0],[-46.01311,-4.877793,0.0],[-46.013116,-4.87782,0.0],[-46.013134,-4.877834,0.0],[-46.013157,-4.877836,0.0],[-46.013199,-4.877833,0.0],[-46.013238,-4.877849,0.0],[-46.013251,-4.877851,0.0],[-46.013272,-4.877855,0.0],[-46.013336,-4.877893,0.0],[-46.013355,-4.877903,0.0],[-46.013376,-4.877893,0.0],[-46.013408,-4.877864,0.0],[-46.013448,-4.877826,0.0],[-46.013456,-4.877822,0.0],[-46.013465,-4.877821,0.0],[-46.013481,-4.877838,0.0],[-46.013492,-4.87785,0.0],[-46.013513,-4.87789,0.0],[-46.013516,-4.877927,0.0],[-46.013503,-4.878019,0.0],[-46.01351,-4.878083,0.0],[-46.013508,-4.878104,0.0],[-46.0135,-4.878134,0.0],[-46.013505,-4.878159,0.0],[-46.013516,-4.87818,0.0],[-46.013546,-4.878194,0.0],[-46.013581,-4.87822,0.0],[-46.013592,-4.878244,0.0],[-46.013598,-4.878278,0.0],[-46.013608,-4.878338,0.0],[-46.013596,-4.878387,0.0],[-46.013373,-4.878711,0.0],[-46.013331,-4.878738,0.0],[-46.013312,-4.878778,0.0],[-46.013299,-4.878845,0.0],[-46.013267,-4.878918,0.0],[-46.01322,-4.878964,0.0],[-46.013153,-4.879002,0.0],[-46.013125,-4.879022,0.0],[-46.013108,-4.87905,0.0],[-46.013106,-4.879067,0.0],[-46.013116,-4.879115,0.0],[-46.013102,-4.879222,0.0],[-46.013098,-4.879287,0.0],[-46.013095,-4.879307,0.0],[-46.013065,-4.87932,0.0],[-46.013059,-4.879381,0.0],[-46.01302,-4.879422,0.0],[-46.012956,-4.879476,0.0],[-46.012933,-4.879489,0.0],[-46.012916,-4.879499,0.0],[-46.012912,-4.879547,0.0],[-46.012901,-4.879566,0.0],[-46.012893,-4.879586,0.0],[-46.012867,-4.879617,0.0],[-46.012843,-4.879654,0.0],[-46.012833,-4.879694,0.0],[-46.012836,-4.879726,0.0],[-46.012841,-4.879768,0.0],[-46.012847,-4.879817,0.0],[-46.012847,-4.879844,0.0],[-46.012839,-4.879872,0.0],[-46.012831,-4.879895,0.0],[-46.012812,-4.879937,0.0],[-46.012821,-4.879989,0.0],[-46.01284,-4.880028,0.0],[-46.012853,-4.880034,0.0],[-46.012883,-4.880035,0.0],[-46.012937,-4.880018,0.0],[-46.013052,-4.879984,0.0],[-46.01307,-4.879958,0.0],[-46.013096,-4.879934,0.0],[-46.013137,-4.879907,0.0],[-46.013151,-4.879889,0.0],[-46.01318,-4.879883,0.0],[-46.013207,-4.879883,0.0],[-46.013232,-4.879887,0.0],[-46.013263,-4.879906,0.0],[-46.013284,-4.879927,0.0],[-46.013304,-4.87995,0.0],[-46.013318,-4.879979,0.0],[-46.013328,-4.880021,0.0],[-46.013346,-4.880063,0.0],[-46.01337,-4.880115,0.0],[-46.013381,-4.880131,0.0],[-46.013411,-4.880157,0.0],[-46.01343,-4.880204,0.0],[-46.013433,-4.880246,0.0],[-46.013444,-4.880315,0.0],[-46.013444,-4.880344,0.0],[-46.013437,-4.880373,0.0],[-46.013429,-4.880397,0.0],[-46.013394,-4.880451,0.0],[-46.013386,-4.880484,0.0],[-46.013392,-4.880515,0.0],[-46.013391,-4.880564,0.0],[-46.013394,-4.88058,0.0],[-46.013389,-4.880606,0.0],[-46.013352,-4.880663,0.0],[-46.013347,-4.880712,0.0],[-46.013345,-4.880736,0.0],[-46.013351,-4.880758,0.0],[-46.013366,-4.880787,0.0],[-46.013414,-4.88089,0.0],[-46.013426,-4.880905,0.0],[-46.013446,-4.880919,0.0],[-46.013476,-4.88097,0.0],[-46.013492,-4.881017,0.0],[-46.013498,-4.881068,0.0],[-46.013501,-4.881094,0.0],[-46.0135,-4.881121,0.0],[-46.013492,-4.881148,0.0],[-46.013485,-4.881169,0.0],[-46.013486,-4.881198,0.0],[-46.013512,-4.881354,0.0],[-46.013508,-4.881365,0.0],[-46.013497,-4.881383,0.0],[-46.013491,-4.881424,0.0],[-46.013496,-4.881484,0.0],[-46.013489,-4.881563,0.0],[-46.013492,-4.88162,0.0],[-46.013496,-4.881712,0.0],[-46.013499,-4.881777,0.0],[-46.013503,-4.88183,0.0],[-46.013499,-4.881885,0.0],[-46.013496,-4.881901,0.0],[-46.013487,-4.881913,0.0],[-46.013469,-4.881945,0.0],[-46.013451,-4.881963,0.0],[-46.013421,-4.881993,0.0],[-46.013407,-4.882023,0.0],[-46.013403,-4.882035,0.0],[-46.013404,-4.882049,0.0],[-46.013409,-4.882087,0.0],[-46.013401,-4.882137,0.0],[-46.013395,-4.882159,0.0],[-46.013381,-4.882202,0.0],[-46.01335,-4.882279,0.0],[-46.013317,-4.882351,0.0],[-46.013278,-4.882446,0.0],[-46.013242,-4.88254,0.0],[-46.013226,-4.882629,0.0],[-46.013227,-4.882666,0.0],[-46.013181,-4.882799,0.0],[-46.013138,-4.882868,0.0],[-46.013084,-4.882903,0.0],[-46.012958,-4.883073,0.0],[-46.012862,-4.883146,0.0],[-46.012719,-4.883223,0.0],[-46.012585,-4.88328,0.0],[-46.012552,-4.883274,0.0],[-46.012525,-4.883271,0.0],[-46.012486,-4.883226,0.0],[-46.012458,-4.883209,0.0],[-46.012423,-4.883207,0.0],[-46.012384,-4.883226,0.0],[-46.012314,-4.883293,0.0],[-46.012285,-4.883326,0.0],[-46.01226,-4.883373,0.0],[-46.012258,-4.883409,0.0],[-46.012243,-4.883463,0.0],[-46.012245,-4.883565,0.0],[-46.012257,-4.883626,0.0],[-46.012268,-4.883761,0.0],[-46.012329,-4.883869,0.0],[-46.012445,-4.883965,0.0],[-46.01252,-4.884004,0.0],[-46.012547,-4.884086,0.0],[-46.012646,-4.884525,0.0],[-46.01269,-4.884708,0.0],[-46.012843,-4.885113,0.0],[-46.012888,-4.885298,0.0],[-46.012912,-4.88557,0.0],[-46.012882,-4.885623,0.0],[-46.012821,-4.885664,0.0],[-46.012799,-4.885699,0.0],[-46.012795,-4.88576,0.0],[-46.012789,-4.88583,0.0],[-46.012808,-4.885884,0.0],[-46.01288,-4.886003,0.0],[-46.012897,-4.886078,0.0],[-46.012891,-4.886164,0.0],[-46.012865,-4.886289,0.0],[-46.01285,-4.886502,0.0],[-46.01285,-4.88662,0.0],[-46.01284,-4.886789,0.0],[-46.012837,-4.886866,0.0],[-46.012834,-4.886936,0.0],[-46.012882,-4.887121,0.0],[-46.012904,-4.88728,0.0],[-46.012907,-4.887446,0.0],[-46.012875,-4.887586,0.0],[-46.012875,-4.887653,0.0],[-46.012894,-4.887736,0.0],[-46.012955,-4.887859,0.0],[-46.013009,-4.888,0.0],[-46.013032,-4.888045,0.0],[-46.013057,-4.888122,0.0],[-46.013101,-4.888191,0.0],[-46.013154,-4.888349,0.0],[-46.013181,-4.888456,0.0],[-46.013399,-4.888646,0.0],[-46.013688,-4.8888,0.0],[-46.013723,-4.888851,0.0],[-46.013761,-4.888995,0.0],[-46.014007,-4.88916,0.0],[-46.01412,-4.889226,0.0],[-46.014163,-4.889272,0.0],[-46.014188,-4.889364,0.0],[-46.014233,-4.889536,0.0],[-46.014246,-4.889718,0.0],[-46.014313,-4.88982,0.0],[-46.014339,-4.88988,0.0],[-46.014348,-4.889979,0.0],[-46.014325,-4.890183,0.0],[-46.014344,-4.890528,0.0],[-46.014373,-4.890655,0.0],[-46.014434,-4.890773,0.0],[-46.014424,-4.890999,0.0],[-46.0143,-4.891286,0.0],[-46.014287,-4.891447,0.0],[-46.014408,-4.891581,0.0],[-46.014666,-4.891753,0.0],[-46.014912,-4.8919,0.0],[-46.015055,-4.892017,0.0],[-46.015192,-4.892147,0.0],[-46.015242,-4.892344,0.0],[-46.015199,-4.892443,0.0],[-46.015167,-4.892604,0.0],[-46.015178,-4.892647,0.0],[-46.015238,-4.892676,0.0],[-46.01527,-4.892723,0.0],[-46.015272,-4.892864,0.0],[-46.015215,-4.892968,0.0],[-46.015171,-4.892996,0.0],[-46.015201,-4.893055,0.0],[-46.015321,-4.893087,0.0],[-46.015387,-4.893127,0.0],[-46.015409,-4.893165,0.0],[-46.015417,-4.893201,0.0],[-46.015399,-4.893276,0.0],[-46.015377,-4.893313,0.0],[-46.015342,-4.893332,0.0],[-46.015246,-4.893311,0.0],[-46.015162,-4.893328,0.0],[-46.015104,-4.893425,0.0],[-46.015099,-4.893491,0.0],[-46.015042,-4.893621,0.0],[-46.015036,-4.893681,0.0],[-46.015052,-4.893727,0.0],[-46.015079,-4.893782,0.0],[-46.015141,-4.893821,0.0],[-46.015273,-4.893866,0.0],[-46.015366,-4.893877,0.0],[-46.015399,-4.893891,0.0],[-46.015318,-4.894141,0.0],[-46.015066,-4.894146,0.0],[-46.014663,-4.893954,0.0],[-46.014585,-4.893952,0.0],[-46.01455,-4.893976,0.0],[-46.014526,-4.894008,0.0],[-46.014497,-4.894106,0.0],[-46.014497,-4.894171,0.0],[-46.014534,-4.894273,0.0],[-46.014552,-4.894318,0.0],[-46.014683,-4.894557,0.0],[-46.014641,-4.894704,0.0],[-46.014626,-4.894746,0.0],[-46.014677,-4.894889,0.0],[-46.01466,-4.895005,0.0],[-46.014588,-4.89506,0.0],[-46.014469,-4.895071,0.0],[-46.014367,-4.895085,0.0],[-46.014281,-4.895107,0.0],[-46.014246,-4.895136,0.0],[-46.014249,-4.895206,0.0],[-46.01429,-4.895268,0.0],[-46.014365,-4.895351,0.0],[-46.014488,-4.895404,0.0],[-46.014542,-4.895417,0.0],[-46.01452,-4.895498,0.0],[-46.014472,-4.895533,0.0],[-46.014443,-4.895534,0.0],[-46.014317,-4.895341,0.0],[-46.014234,-4.895346,0.0],[-46.014179,-4.895426,0.0],[-46.014186,-4.895492,0.0],[-46.014201,-4.895526,0.0],[-46.014258,-4.895595,0.0],[-46.014352,-4.895668,0.0],[-46.014426,-4.895775,0.0],[-46.014422,-4.895821,0.0],[-46.014314,-4.89611,0.0],[-46.014354,-4.896216,0.0],[-46.014714,-4.896293,0.0],[-46.014865,-4.896288,0.0],[-46.014969,-4.896244,0.0],[-46.015034,-4.896173,0.0],[-46.015079,-4.896119,0.0],[-46.015089,-4.896182,0.0],[-46.015068,-4.896247,0.0],[-46.015028,-4.896347,0.0],[-46.015046,-4.89642,0.0],[-46.015135,-4.896432,0.0],[-46.015184,-4.896438,0.0],[-46.01521,-4.896465,0.0],[-46.015238,-4.896575,0.0],[-46.015275,-4.896744,0.0],[-46.015275,-4.896798,0.0],[-46.015215,-4.896997,0.0],[-46.015206,-4.897051,0.0],[-46.015391,-4.897007,0.0],[-46.015527,-4.897031,0.0],[-46.015591,-4.89709,0.0],[-46.015592,-4.8972,0.0],[-46.015583,-4.897437,0.0],[-46.015588,-4.897512,0.0],[-46.015613,-4.897644,0.0],[-46.015632,-4.897715,0.0],[-46.015649,-4.897747,0.0],[-46.015694,-4.897777,0.0],[-46.015788,-4.89773,0.0],[-46.015891,-4.897765,0.0],[-46.016014,-4.897785,0.0],[-46.016307,-4.897929,0.0],[-46.016446,-4.898002,0.0],[-46.016479,-4.89812,0.0],[-46.01646,-4.898429,0.0],[-46.016444,-4.898636,0.0],[-46.016538,-4.89873,0.0],[-46.016642,-4.898845,0.0],[-46.016572,-4.899011,0.0],[-46.016514,-4.89906,0.0],[-46.016441,-4.899204,0.0],[-46.016358,-4.899296,0.0],[-46.016397,-4.899607,0.0],[-46.01641,-4.899634,0.0],[-46.016455,-4.899661,0.0],[-46.016583,-4.899698,0.0],[-46.01668,-4.899703,0.0],[-46.016725,-4.899694,0.0],[-46.016779,-4.899721,0.0],[-46.016852,-4.899742,0.0],[-46.01703,-4.899865,0.0],[-46.017027,-4.899953,0.0],[-46.016978,-4.900074,0.0],[-46.016941,-4.900129,0.0],[-46.016876,-4.900213,0.0],[-46.016782,-4.900405,0.0],[-46.016693,-4.900561,0.0],[-46.016671,-4.900649,0.0],[-46.016667,-4.900824,0.0],[-46.016679,-4.900955,0.0],[-46.01681,-4.901192,0.0],[-46.017051,-4.901403,0.0],[-46.017127,-4.90147,0.0],[-46.017228,-4.901509,0.0],[-46.017468,-4.90149,0.0],[-46.017565,-4.901573,0.0],[-46.017561,-4.901635,0.0],[-46.017533,-4.901715,0.0],[-46.017427,-4.901768,0.0],[-46.017213,-4.90179,0.0],[-46.017079,-4.901785,0.0],[-46.017024,-4.901798,0.0],[-46.016981,-4.901822,0.0],[-46.016969,-4.901866,0.0],[-46.016972,-4.902004,0.0],[-46.017024,-4.902113,0.0],[-46.017082,-4.902171,0.0],[-46.017108,-4.902205,0.0],[-46.017215,-4.902185,0.0],[-46.017304,-4.90216,0.0],[-46.01751,-4.902115,0.0],[-46.017623,-4.902117,0.0],[-46.01772,-4.902171,0.0],[-46.017763,-4.902177,0.0],[-46.017814,-4.902191,0.0],[-46.017788,-4.902273,0.0],[-46.017698,-4.902328,0.0],[-46.017568,-4.902335,0.0],[-46.017431,-4.902327,0.0],[-46.017347,-4.902357,0.0],[-46.017378,-4.902423,0.0],[-46.01748,-4.902529,0.0],[-46.01751,-4.902603,0.0],[-46.017627,-4.902677,0.0],[-46.017779,-4.902711,0.0],[-46.017879,-4.902725,0.0],[-46.017947,-4.902756,0.0],[-46.017967,-4.902799,0.0],[-46.017937,-4.902891,0.0],[-46.017902,-4.902918,0.0],[-46.017838,-4.902937,0.0],[-46.017801,-4.902952,0.0],[-46.017784,-4.903052,0.0],[-46.01786,-4.903148,0.0],[-46.017981,-4.903242,0.0],[-46.018245,-4.903436,0.0],[-46.018264,-4.903551,0.0],[-46.018121,-4.903697,0.0],[-46.018096,-4.903769,0.0],[-46.018098,-4.903838,0.0],[-46.018114,-4.903917,0.0],[-46.018141,-4.90397,0.0],[-46.018184,-4.904019,0.0],[-46.018278,-4.904253,0.0],[-46.018248,-4.90451,0.0],[-46.018278,-4.904658,0.0],[-46.01835,-4.904797,0.0],[-46.018922,-4.905444,0.0],[-46.019458,-4.906075,0.0],[-46.019595,-4.906253,0.0],[-46.019655,-4.906394,0.0],[-46.019713,-4.906629,0.0],[-46.019719,-4.906792,0.0],[-46.019827,-4.906958,0.0],[-46.019885,-4.907084,0.0],[-46.019937,-4.907249,0.0],[-46.01996,-4.907441,0.0],[-46.019952,-4.907543,0.0],[-46.019966,-4.907582,0.0],[-46.020004,-4.90772,0.0],[-46.019966,-4.907762,0.0],[-46.019898,-4.907748,0.0],[-46.019842,-4.907723,0.0],[-46.019701,-4.907695,0.0],[-46.019548,-4.907692,0.0],[-46.019522,-4.9077,0.0],[-46.01949,-4.907754,0.0],[-46.019487,-4.907828,0.0],[-46.019514,-4.907894,0.0],[-46.019544,-4.907921,0.0],[-46.019648,-4.908,0.0],[-46.019717,-4.908047,0.0],[-46.019811,-4.908099,0.0],[-46.019937,-4.908192,0.0],[-46.019992,-4.908249,0.0],[-46.020047,-4.908334,0.0],[-46.020061,-4.908354,0.0],[-46.02007,-4.908405,0.0],[-46.020055,-4.908493,0.0],[-46.019958,-4.908531,0.0],[-46.019925,-4.90856,0.0],[-46.019888,-4.908605,0.0],[-46.019867,-4.908652,0.0],[-46.019867,-4.908695,0.0],[-46.019905,-4.908774,0.0],[-46.019912,-4.908833,0.0],[-46.019824,-4.908879,0.0],[-46.019808,-4.908907,0.0],[-46.019804,-4.908982,0.0],[-46.019813,-4.909025,0.0],[-46.019846,-4.909073,0.0],[-46.019922,-4.909111,0.0],[-46.019949,-4.909174,0.0],[-46.019929,-4.909293,0.0],[-46.019838,-4.909374,0.0],[-46.019726,-4.909424,0.0],[-46.019636,-4.909449,0.0],[-46.019629,-4.909495,0.0],[-46.019653,-4.909519,0.0],[-46.01968,-4.909534,0.0],[-46.019759,-4.909524,0.0],[-46.019818,-4.909492,0.0],[-46.019881,-4.909479,0.0],[-46.019911,-4.909497,0.0],[-46.019923,-4.90951,0.0],[-46.019916,-4.909556,0.0],[-46.019903,-4.909585,0.0],[-46.019868,-4.909613,0.0],[-46.019833,-4.90965,0.0],[-46.01983,-4.909669,0.0],[-46.019849,-4.909682,0.0],[-46.019898,-4.909655,0.0],[-46.019922,-4.909626,0.0],[-46.019973,-4.909598,0.0],[-46.020028,-4.90963,0.0],[-46.02008,-4.909672,0.0],[-46.020117,-4.909715,0.0],[-46.020136,-4.909715,0.0],[-46.020198,-4.909691,0.0],[-46.02047,-4.909617,0.0],[-46.020524,-4.909605,0.0],[-46.02058,-4.909609,0.0],[-46.020626,-4.90962,0.0],[-46.020673,-4.90964,0.0],[-46.020716,-4.909683,0.0],[-46.020787,-4.909805,0.0],[-46.020878,-4.909872,0.0],[-46.020942,-4.909875,0.0],[-46.020972,-4.909862,0.0],[-46.020994,-4.909886,0.0],[-46.020999,-4.909964,0.0],[-46.020908,-4.910002,0.0],[-46.02077,-4.910104,0.0],[-46.020731,-4.91016,0.0],[-46.020719,-4.9102,0.0],[-46.020725,-4.910248,0.0],[-46.020771,-4.910367,0.0],[-46.020805,-4.910401,0.0],[-46.020849,-4.910418,0.0],[-46.021044,-4.910389,0.0],[-46.021122,-4.91042,0.0],[-46.021205,-4.910436,0.0],[-46.021216,-4.910452,0.0],[-46.020997,-4.910539,0.0],[-46.020965,-4.910579,0.0],[-46.020939,-4.910697,0.0],[-46.020938,-4.910764,0.0],[-46.020943,-4.910858,0.0],[-46.020979,-4.910958,0.0],[-46.021038,-4.911028,0.0],[-46.021139,-4.911099,0.0],[-46.021204,-4.911121,0.0],[-46.021263,-4.911135,0.0],[-46.021321,-4.91114,0.0],[-46.021352,-4.911142,0.0],[-46.021377,-4.911157,0.0],[-46.021367,-4.91125,0.0],[-46.021376,-4.911353,0.0],[-46.02141,-4.911481,0.0],[-46.021398,-4.911621,0.0],[-46.021414,-4.911651,0.0],[-46.021449,-4.911671,0.0],[-46.021496,-4.911677,0.0],[-46.021567,-4.911672,0.0],[-46.021614,-4.911642,0.0],[-46.021659,-4.911636,0.0],[-46.021704,-4.911621,0.0],[-46.021792,-4.911564,0.0],[-46.021822,-4.911557,0.0],[-46.021872,-4.911516,0.0],[-46.021931,-4.911526,0.0],[-46.02197,-4.911511,0.0],[-46.021988,-4.911514,0.0],[-46.022004,-4.911532,0.0],[-46.02201,-4.911562,0.0],[-46.022001,-4.911605,0.0],[-46.021991,-4.91164,0.0],[-46.021997,-4.911652,0.0],[-46.02213,-4.91184,0.0],[-46.022174,-4.911871,0.0],[-46.022245,-4.911891,0.0],[-46.02234,-4.9119,0.0],[-46.022394,-4.911919,0.0],[-46.022452,-4.911964,0.0],[-46.022471,-4.912043,0.0],[-46.02256,-4.912515,0.0],[-46.022605,-4.912576,0.0],[-46.022684,-4.912604,0.0],[-46.022831,-4.912636,0.0],[-46.023099,-4.912729,0.0],[-46.023229,-4.912786,0.0],[-46.023405,-4.912843,0.0],[-46.023549,-4.912847,0.0],[-46.023653,-4.91285,0.0],[-46.023803,-4.912904,0.0],[-46.023911,-4.913028,0.0],[-46.024099,-4.913334,0.0],[-46.024116,-4.913368,0.0],[-46.02416,-4.913503,0.0],[-46.02423,-4.913663,0.0],[-46.024265,-4.913757,0.0],[-46.024284,-4.913822,0.0],[-46.024351,-4.913927,0.0],[-46.024475,-4.914065,0.0],[-46.024527,-4.914147,0.0],[-46.024577,-4.91424,0.0],[-46.024632,-4.914357,0.0],[-46.024669,-4.914486,0.0],[-46.024879,-4.91467,0.0],[-46.025056,-4.914807,0.0],[-46.025062,-4.914867,0.0],[-46.025039,-4.915002,0.0],[-46.025024,-4.915154,0.0],[-46.025059,-4.915218,0.0],[-46.025186,-4.915288,0.0],[-46.025253,-4.915345,0.0],[-46.025284,-4.915442,0.0],[-46.025346,-4.915632,0.0],[-46.025352,-4.915747,0.0],[-46.025367,-4.915846,0.0],[-46.0254,-4.915986,0.0],[-46.025465,-4.916131,0.0],[-46.025559,-4.916238,0.0],[-46.02567,-4.916325,0.0],[-46.025957,-4.916599,0.0],[-46.025998,-4.91664,0.0],[-46.026014,-4.916729,0.0],[-46.026087,-4.917073,0.0],[-46.026168,-4.917208,0.0],[-46.026224,-4.917386,0.0],[-46.026234,-4.917727,0.0],[-46.026259,-4.917838,0.0],[-46.026307,-4.917937,0.0],[-46.02634,-4.91799,0.0],[-46.026374,-4.918046,0.0],[-46.026476,-4.918131,0.0],[-46.026562,-4.918169,0.0],[-46.02662,-4.918185,0.0],[-46.026662,-4.918213,0.0],[-46.026712,-4.918293,0.0],[-46.026741,-4.918362,0.0],[-46.026783,-4.918433,0.0],[-46.026787,-4.918477,0.0],[-46.026808,-4.918572,0.0],[-46.026875,-4.918599,0.0],[-46.026957,-4.918667,0.0],[-46.026997,-4.918706,0.0],[-46.026956,-4.918778,0.0],[-46.026954,-4.918856,0.0],[-46.027196,-4.919154,0.0],[-46.027288,-4.919168,0.0],[-46.02736,-4.919167,0.0],[-46.027398,-4.919166,0.0],[-46.027443,-4.919226,0.0],[-46.02745,-4.919269,0.0],[-46.027448,-4.919318,0.0],[-46.027434,-4.919363,0.0],[-46.027391,-4.919519,0.0],[-46.027368,-4.919545,0.0],[-46.027335,-4.919557,0.0],[-46.027295,-4.919565,0.0],[-46.027229,-4.919589,0.0],[-46.027206,-4.919623,0.0],[-46.027201,-4.919677,0.0],[-46.027219,-4.91972,0.0],[-46.027255,-4.919768,0.0],[-46.027325,-4.919835,0.0],[-46.0274,-4.919934,0.0],[-46.02741,-4.919952,0.0],[-46.027553,-4.920206,0.0],[-46.02765,-4.920411,0.0],[-46.027697,-4.920463,0.0],[-46.027784,-4.920557,0.0],[-46.027961,-4.920699,0.0],[-46.028023,-4.920701,0.0],[-46.028052,-4.920688,0.0],[-46.028074,-4.920659,0.0],[-46.028101,-4.92058,0.0],[-46.028146,-4.920433,0.0],[-46.028127,-4.920345,0.0],[-46.028129,-4.92023,0.0],[-46.028158,-4.920155,0.0],[-46.02817,-4.920137,0.0],[-46.028216,-4.920145,0.0],[-46.028375,-4.920264,0.0],[-46.028559,-4.920211,0.0],[-46.028772,-4.920249,0.0],[-46.029009,-4.920179,0.0],[-46.029192,-4.920164,0.0],[-46.02927,-4.92018,0.0],[-46.029313,-4.920281,0.0],[-46.029306,-4.920413,0.0],[-46.029285,-4.920424,0.0],[-46.029133,-4.920324,0.0],[-46.029091,-4.920319,0.0],[-46.029043,-4.920338,0.0],[-46.028949,-4.920496,0.0],[-46.028917,-4.92067,0.0],[-46.028922,-4.920831,0.0],[-46.028906,-4.9209,0.0],[-46.028889,-4.921136,0.0],[-46.028982,-4.921169,0.0],[-46.029035,-4.921171,0.0],[-46.029113,-4.921166,0.0],[-46.029141,-4.92117,0.0],[-46.029181,-4.921193,0.0],[-46.029209,-4.921222,0.0],[-46.029227,-4.921289,0.0],[-46.029235,-4.921398,0.0],[-46.029226,-4.921486,0.0],[-46.029164,-4.921539,0.0],[-46.029081,-4.921593,0.0],[-46.028998,-4.921625,0.0],[-46.028873,-4.921649,0.0],[-46.028838,-4.921675,0.0],[-46.028806,-4.921735,0.0],[-46.028794,-4.921775,0.0],[-46.028799,-4.921816,0.0],[-46.028813,-4.921859,0.0],[-46.028852,-4.921888,0.0],[-46.0289,-4.921896,0.0],[-46.028973,-4.921878,0.0],[-46.029062,-4.921845,0.0],[-46.029112,-4.921847,0.0],[-46.029163,-4.921873,0.0],[-46.029185,-4.921889,0.0],[-46.02922,-4.921936,0.0],[-46.029232,-4.921991,0.0],[-46.029223,-4.922046,0.0],[-46.029196,-4.922127,0.0],[-46.029161,-4.922184,0.0],[-46.029119,-4.922218,0.0],[-46.029108,-4.922246,0.0],[-46.029104,-4.922276,0.0],[-46.029127,-4.922354,0.0],[-46.029162,-4.922424,0.0],[-46.029207,-4.922495,0.0],[-46.029191,-4.922585,0.0],[-46.029151,-4.922702,0.0],[-46.029137,-4.922724,0.0],[-46.0291,-4.922792,0.0],[-46.029039,-4.922855,0.0],[-46.028982,-4.9229,0.0],[-46.028873,-4.922965,0.0],[-46.028811,-4.922996,0.0],[-46.028776,-4.922996,0.0],[-46.028761,-4.922989,0.0],[-46.028749,-4.922977,0.0],[-46.028734,-4.922892,0.0],[-46.02871,-4.922862,0.0],[-46.028653,-4.922841,0.0],[-46.028632,-4.922748,0.0],[-46.028653,-4.922505,0.0],[-46.028644,-4.922413,0.0],[-46.028617,-4.922347,0.0],[-46.028588,-4.92231,0.0],[-46.028492,-4.922242,0.0],[-46.028392,-4.922198,0.0],[-46.028301,-4.922188,0.0],[-46.028254,-4.922195,0.0],[-46.028221,-4.922208,0.0],[-46.028197,-4.922228,0.0],[-46.028176,-4.922254,0.0],[-46.028165,-4.922291,0.0],[-46.02816,-4.922319,0.0],[-46.02816,-4.922357,0.0],[-46.028183,-4.922428,0.0],[-46.028277,-4.922611,0.0],[-46.028303,-4.922665,0.0],[-46.028315,-4.922727,0.0],[-46.028311,-4.9228,0.0],[-46.028294,-4.922858,0.0],[-46.028275,-4.922881,0.0],[-46.028244,-4.922899,0.0],[-46.028207,-4.922903,0.0],[-46.028143,-4.922887,0.0],[-46.028107,-4.922883,0.0],[-46.028048,-4.922925,0.0],[-46.028016,-4.922943,0.0],[-46.027995,-4.922943,0.0],[-46.027962,-4.922923,0.0],[-46.027935,-4.9228,0.0],[-46.027926,-4.922758,0.0],[-46.02788,-4.92273,0.0],[-46.027761,-4.922695,0.0],[-46.027576,-4.922697,0.0],[-46.027401,-4.922715,0.0],[-46.027318,-4.922734,0.0],[-46.027256,-4.922773,0.0],[-46.027206,-4.922823,0.0],[-46.027181,-4.922877,0.0],[-46.027161,-4.922941,0.0],[-46.027163,-4.923,0.0],[-46.02719,-4.923431,0.0],[-46.027227,-4.923794,0.0],[-46.027211,-4.92396,0.0],[-46.02719,-4.924043,0.0],[-46.027072,-4.924225,0.0],[-46.026331,-4.925179,0.0],[-46.026314,-4.925216,0.0],[-46.026304,-4.925271,0.0],[-46.026306,-4.925428,0.0],[-46.026478,-4.926341,0.0],[-46.026427,-4.926596,0.0],[-46.026357,-4.926768,0.0],[-46.026122,-4.92725,0.0],[-46.025812,-4.927833,0.0],[-46.025239,-4.928482,0.0],[-46.024972,-4.928374,0.0],[-46.024556,-4.929476,0.0],[-46.024379,-4.930295,0.0],[-46.024336,-4.931075,0.0],[-46.024388,-4.931695,0.0],[-46.024506,-4.932372,0.0],[-46.024807,-4.933303,0.0],[-46.025515,-4.934555,0.0],[-46.026319,-4.935456,0.0],[-46.026755,-4.935825,0.0],[-46.030722,-4.938776,0.0],[-46.031313,-4.939125,0.0],[-46.036212,-4.941903,0.0],[-46.037547,-4.942952,0.0],[-46.038088,-4.943667,0.0],[-46.038895,-4.945333,0.0],[-46.040351,-4.951674,0.0],[-46.042067,-4.959145,0.0],[-46.042951,-4.962858,0.0],[-46.043246,-4.963576,0.0],[-46.043648,-4.964266,0.0],[-46.044549,-4.965309,0.0],[-46.045509,-4.966,0.0],[-46.046425,-4.966415,0.0],[-46.047124,-4.966603,0.0],[-46.049954,-4.967095,0.0],[-46.051201,-4.967625,0.0],[-46.052807,-4.968892,0.0],[-46.053271,-4.969475,0.0],[-46.053854,-4.97046,0.0],[-46.057351,-4.976768,0.0],[-46.058303,-4.978084,0.0],[-46.061377,-4.981707,0.0],[-46.062288,-4.982993,0.0],[-46.065148,-4.989163,0.0],[-46.066283,-4.991675,0.0],[-46.068747,-4.997175,0.0],[-46.069696,-4.999291,0.0],[-46.070255,-5.000536,0.0],[-46.071116,-5.002452,0.0],[-46.071696,-5.003744,0.0],[-46.072335,-5.004771,0.0],[-46.072845,-5.005394,0.0],[-46.073963,-5.00648,0.0],[-46.090634,-5.022611,0.0],[-46.097382,-5.029145,0.0],[-46.100684,-5.032296,0.0],[-46.10162,-5.033579,0.0],[-46.102067,-5.034651,0.0],[-46.102431,-5.036128,0.0],[-46.102929,-5.038465,0.0],[-46.103071,-5.038812,0.0],[-46.103583,-5.040058,0.0],[-46.104168,-5.040811,0.0],[-46.108332,-5.044267,0.0],[-46.112283,-5.047509,0.0],[-46.113031,-5.047934,0.0],[-46.115623,-5.048947,0.0],[-46.116362,-5.049323,0.0],[-46.118431,-5.05096,0.0],[-46.119083,-5.051336,0.0],[-46.124723,-5.053341,0.0],[-46.132758,-5.056145,0.0],[-46.133699,-5.05636,0.0],[-46.134861,-5.056504,0.0],[-46.138262,-5.056514,0.0],[-46.140389,-5.056778,0.0],[-46.141147,-5.056861,0.0],[-46.146317,-5.056739,0.0],[-46.148845,-5.056365,0.0],[-46.166233,-5.056211,0.0],[-46.167227,-5.056368,0.0],[-46.168716,-5.056965,0.0],[-46.171803,-5.059173,0.0],[-46.174549,-5.061245,0.0],[-46.176127,-5.062837,0.0],[-46.180332,-5.068139,0.0],[-46.18148,-5.069121,0.0],[-46.182466,-5.069607,0.0],[-46.1861,-5.070917,0.0],[-46.187407,-5.071785,0.0],[-46.188634,-5.073296,0.0],[-46.189408,-5.075189,0.0],[-46.190144,-5.080413,0.0],[-46.1905,-5.081796,0.0],[-46.192864,-5.089011,0.0],[-46.194097,-5.092392,0.0],[-46.195232,-5.094379,0.0],[-46.199073,-5.10084,0.0],[-46.199545,-5.102083,0.0],[-46.199713,-5.103035,0.0],[-46.199848,-5.109233,0.0],[-46.200247,-5.110957,0.0],[-46.201013,-5.112358,0.0],[-46.20474,-5.117556,0.0],[-46.208209,-5.122355,0.0],[-46.210767,-5.125908,0.0],[-46.215483,-5.132455,0.0],[-46.216326,-5.133983,0.0],[-46.216693,-5.135501,0.0],[-46.216773,-5.137164,0.0],[-46.215279,-5.141821,0.0],[-46.213708,-5.147068,0.0],[-46.21349,-5.1484,0.0],[-46.213449,-5.150099,0.0],[-46.213338,-5.156664,0.0],[-46.21326,-5.163422,0.0],[-46.213434,-5.16476,0.0],[-46.215404,-5.172378,0.0],[-46.216755,-5.177189,0.0],[-46.217909,-5.183828,0.0],[-46.218746,-5.189472,0.0],[-46.21878,-5.190385,0.0],[-46.218586,-5.191704,0.0],[-46.218231,-5.191632,0.0],[-46.207109,-5.189826,0.0],[-46.197932,-5.188332,0.0],[-46.193157,-5.197361,0.0],[-46.184881,-5.21271,0.0],[-46.180327,-5.220972,0.0],[-46.171568,-5.23707,0.0],[-46.175122,-5.240524,0.0],[-46.181613,-5.247165,0.0],[-46.184637,-5.248289,0.0],[-46.192863,-5.251162,0.0],[-46.193206,-5.251274,0.0],[-46.192816,-5.252512,0.0],[-46.190946,-5.255877,0.0],[-46.19074,-5.257145,0.0],[-46.19098,-5.258888,0.0],[-46.190943,-5.259902,0.0],[-46.190765,-5.260491,0.0],[-46.188875,-5.263971,0.0],[-46.187306,-5.268239,0.0],[-46.187091,-5.269378,0.0],[-46.187093,-5.27054,0.0],[-46.187146,-5.270765,0.0],[-46.187395,-5.27183,0.0],[-46.187741,-5.272634,0.0],[-46.188758,-5.27404,0.0],[-46.189426,-5.274639,0.0],[-46.190845,-5.275579,0.0],[-46.192565,-5.276659,0.0],[-46.192704,-5.276746,0.0],[-46.193837,-5.277627,0.0],[-46.194377,-5.278298,0.0],[-46.194717,-5.278719,0.0],[-46.195381,-5.280073,0.0],[-46.195663,-5.281244,0.0],[-46.195626,-5.285166,0.0],[-46.195584,-5.289515,0.0],[-46.195578,-5.290065,0.0],[-46.19545,-5.299027,0.0],[-46.195642,-5.300106,0.0],[-46.196362,-5.303422,0.0],[-46.197551,-5.307328,0.0],[-46.198536,-5.309675,0.0],[-46.199385,-5.311693,0.0],[-46.199678,-5.312577,0.0],[-46.200309,-5.315328,0.0],[-46.200612,-5.316649,0.0],[-46.201143,-5.31829,0.0],[-46.203667,-5.323314,0.0],[-46.206682,-5.329376,0.0],[-46.207029,-5.330728,0.0],[-46.206972,-5.332564,0.0],[-46.204898,-5.340802,0.0],[-46.203109,-5.34846,0.0],[-46.203134,-5.349247,0.0],[-46.20361,-5.351108,0.0],[-46.206853,-5.351447,0.0],[-46.214094,-5.352205,0.0],[-46.220649,-5.352871,0.0],[-46.229565,-5.353794,0.0],[-46.238647,-5.354753,0.0],[-46.24451,-5.355341,0.0],[-46.248977,-5.355806,0.0],[-46.258234,-5.356765,0.0],[-46.265968,-5.357537,0.0],[-46.275123,-5.358469,0.0],[-46.281769,-5.35911,0.0],[-46.284613,-5.35943,0.0],[-46.294189,-5.360399,0.0],[-46.304663,-5.361431,0.0],[-46.313419,-5.362331,0.0],[-46.320483,-5.363035,0.0],[-46.329969,-5.363997,0.0],[-46.329969,-5.363997,0.0],[-46.332525,-5.364244,0.0],[-46.341368,-5.365122,0.0],[-46.347348,-5.365721,0.0],[-46.356252,-5.366593,0.0],[-46.366666,-5.367648,0.0],[-46.377817,-5.369189,0.0],[-46.38257,-5.369182,0.0],[-46.387223,-5.369646,0.0],[-46.397561,-5.37068,0.0],[-46.408474,-5.37177,0.0],[-46.417514,-5.372653,0.0],[-46.426449,-5.373489,0.0],[-46.435965,-5.37441,0.0],[-46.445312,-5.375312,0.0],[-46.453688,-5.376121,0.0],[-46.4584,-5.376508,0.0],[-46.461546,-5.37686,0.0],[-46.462289,-5.376931,0.0],[-46.471726,-5.377841,0.0],[-46.478615,-5.378502,0.0],[-46.481274,-5.378759,0.0],[-46.490622,-5.379653,0.0],[-46.5001,-5.380537,0.0],[-46.5023,-5.380738,0.0],[-46.511083,-5.381536,0.0],[-46.519959,-5.38237,0.0],[-46.529518,-5.383345,0.0],[-46.538119,-5.384177,0.0],[-46.547099,-5.385113,0.0],[-46.55696,-5.385988,0.0],[-46.565667,-5.386863,0.0],[-46.574806,-5.38771,0.0],[-46.584998,-5.388667,0.0],[-46.592363,-5.389408,0.0],[-46.592967,-5.388086,0.0],[-46.591744,-5.386492,0.0],[-46.591594,-5.38541,0.0],[-46.5915,-5.384266,0.0],[-46.59165,-5.382945,0.0],[-46.59211,-5.382158,0.0],[-46.593111,-5.381067,0.0],[-46.593295,-5.37993,0.0],[-46.593815,-5.378704,0.0],[-46.594743,-5.37771,0.0],[-46.596491,-5.376103,0.0],[-46.597916,-5.375025,0.0],[-46.599003,-5.374257,0.0],[-46.600222,-5.374284,0.0],[-46.601814,-5.373914,0.0],[-46.603187,-5.374151,0.0],[-46.605127,-5.373551,0.0],[-46.606814,-5.373429,0.0],[-46.60761,-5.373673,0.0],[-46.608154,-5.373026,0.0],[-46.608998,-5.371527,0.0],[-46.60985,-5.37074,0.0],[-46.610769,-5.369793,0.0],[-46.610225,-5.368603,0.0],[-46.610469,-5.367609,0.0],[-46.612025,-5.367122,0.0],[-46.612775,-5.366597,0.0],[-46.613328,-5.365528,0.0],[-46.614415,-5.364685,0.0],[-46.61539,-5.363654,0.0],[-46.616767,-5.362735,0.0],[-46.617134,-5.361711,0.0],[-46.618482,-5.361751,0.0],[-46.618703,-5.360953,0.0],[-46.619654,-5.360224,0.0],[-46.620526,-5.359877,0.0],[-46.621772,-5.359736,0.0],[-46.622362,-5.360012,0.0],[-46.623909,-5.360111,0.0],[-46.625071,-5.360486,0.0],[-46.626515,-5.360252,0.0],[-46.627639,-5.359914,0.0],[-46.628417,-5.360196,0.0],[-46.630126,-5.359737,0.0],[-46.630599,-5.359957,0.0],[-46.631984,-5.360872,0.0],[-46.632374,-5.360835,0.0],[-46.632688,-5.3606,0.0],[-46.633106,-5.360038,0.0],[-46.634547,-5.359422,0.0],[-46.635583,-5.358242,0.0],[-46.636515,-5.358223,0.0],[-46.637602,-5.35811,0.0],[-46.638565,-5.357476,0.0],[-46.639656,-5.356423,0.0],[-46.641029,-5.355953,0.0],[-46.641837,-5.355577,0.0],[-46.642684,-5.355012,0.0],[-46.643831,-5.354279,0.0],[-46.64401,-5.353122,0.0],[-46.643652,-5.351787,0.0],[-46.642439,-5.349737,0.0],[-46.641549,-5.348758,0.0],[-46.641574,-5.347555,0.0],[-46.642412,-5.346876,0.0],[-46.643515,-5.346021,0.0],[-46.644593,-5.345608,0.0],[-46.645665,-5.344762,0.0],[-46.646379,-5.344424,0.0],[-46.647246,-5.343659,0.0],[-46.647953,-5.343478,0.0],[-46.648607,-5.34319,0.0],[-46.649403,-5.342745,0.0],[-46.64947,-5.341831,0.0],[-46.650175,-5.340864,0.0],[-46.65109,-5.340289,0.0],[-46.652005,-5.340027,0.0],[-46.653145,-5.340394,0.0],[-46.654462,-5.340262,0.0],[-46.654895,-5.339087,0.0],[-46.655083,-5.337827,0.0],[-46.656032,-5.336491,0.0],[-46.65671,-5.335664,0.0],[-46.656973,-5.334799,0.0],[-46.656258,-5.33399,0.0],[-46.655703,-5.33288,0.0],[-46.655713,-5.331545,0.0],[-46.656239,-5.331047,0.0],[-46.656738,-5.330454,0.0],[-46.657716,-5.330257,0.0],[-46.658224,-5.330426,0.0],[-46.659714,-5.330605,0.0],[-46.661549,-5.330407,0.0],[-46.662258,-5.32981,0.0],[-46.663273,-5.329396,0.0],[-46.664129,-5.329199,0.0],[-46.665004,-5.328625,0.0],[-46.665953,-5.328089,0.0],[-46.667195,-5.327882,0.0],[-46.668239,-5.328352,0.0],[-46.66884,-5.32839,0.0],[-46.669386,-5.327911,0.0],[-46.670289,-5.328183,0.0],[-46.671502,-5.328211,0.0],[-46.672912,-5.327986,0.0],[-46.67373,-5.32807,0.0],[-46.674047,-5.327339,0.0],[-46.674229,-5.3265,0.0],[-46.675019,-5.32586,0.0],[-46.675799,-5.326208,0.0],[-46.676575,-5.326585,0.0],[-46.677348,-5.326304,0.0],[-46.678512,-5.32614,0.0],[-46.678903,-5.32518,0.0],[-46.679191,-5.324226,0.0],[-46.679505,-5.323402,0.0],[-46.679688,-5.322945,0.0],[-46.68002,-5.322211,0.0],[-46.680511,-5.322043,0.0],[-46.6817,-5.321808,0.0],[-46.683035,-5.321664,0.0],[-46.68375,-5.322341,0.0],[-46.685311,-5.322322,0.0],[-46.685998,-5.323225,0.0],[-46.686778,-5.323658,0.0],[-46.688292,-5.323244,0.0],[-46.68896,-5.322557,0.0],[-46.690032,-5.321617,0.0],[-46.690323,-5.32063,0.0],[-46.690145,-5.319369,0.0],[-46.689817,-5.318305,0.0],[-46.690117,-5.317625,0.0],[-46.690496,-5.317207,0.0],[-46.690902,-5.317024,0.0],[-46.691647,-5.317194,0.0],[-46.691908,-5.317325,0.0],[-46.693221,-5.318315,0.0],[-46.693981,-5.318894,0.0],[-46.695364,-5.320169,0.0],[-46.69669,-5.319962,0.0],[-46.697461,-5.319576,0.0],[-46.697922,-5.318871,0.0],[-46.698495,-5.317874,0.0],[-46.699417,-5.316978,0.0],[-46.699874,-5.317031,0.0],[-46.700583,-5.31668,0.0],[-46.701664,-5.316765,0.0],[-46.702445,-5.316379,0.0],[-46.703076,-5.315358,0.0],[-46.703926,-5.313449,0.0],[-46.704817,-5.311539,0.0],[-46.704787,-5.310464,0.0],[-46.705464,-5.309947,0.0],[-46.706132,-5.309748,0.0],[-46.70662,-5.309599,0.0],[-46.707147,-5.30974,0.0],[-46.708482,-5.309505,0.0],[-46.709058,-5.309547,0.0],[-46.709291,-5.309608,0.0],[-46.709909,-5.309801,0.0],[-46.71068,-5.31014,0.0],[-46.711049,-5.309947,0.0],[-46.711755,-5.309894,0.0],[-46.712937,-5.310046,0.0],[-46.714291,-5.309933,0.0],[-46.715834,-5.30982,0.0],[-46.716323,-5.309557,0.0],[-46.716519,-5.309091,0.0],[-46.71668,-5.308503,0.0],[-46.717461,-5.308249,0.0],[-46.717912,-5.307215,0.0],[-46.718081,-5.30651,0.0],[-46.718061,-5.305902,0.0],[-46.718006,-5.304808,0.0],[-46.717724,-5.30351,0.0],[-46.718307,-5.302635,0.0],[-46.719106,-5.301958,0.0],[-46.719783,-5.301225,0.0],[-46.720754,-5.300922,0.0],[-46.721263,-5.300595,0.0],[-46.72176,-5.300425,0.0],[-46.722322,-5.300308,0.0],[-46.723054,-5.300183,0.0],[-46.723786,-5.300066,0.0],[-46.724413,-5.299942,0.0],[-46.725472,-5.299824,0.0],[-46.725799,-5.299667,0.0],[-46.726202,-5.299238,0.0],[-46.727248,-5.299344,0.0],[-46.727539,-5.298526,0.0],[-46.727144,-5.297012,0.0],[-46.726918,-5.295188,0.0],[-46.727501,-5.294266,0.0],[-46.72816,-5.293758,0.0],[-46.729062,-5.292686,0.0],[-46.729608,-5.29216,0.0],[-46.730097,-5.291238,0.0],[-46.730097,-5.290392,0.0],[-46.730153,-5.289056,0.0],[-46.729589,-5.287796,0.0],[-46.728912,-5.28727,0.0],[-46.72863,-5.28631,0.0],[-46.728386,-5.285215,0.0],[-46.728295,-5.284499,0.0],[-46.727642,-5.283546,0.0],[-46.727367,-5.282774,0.0],[-46.727485,-5.282264,0.0],[-46.727694,-5.281702,0.0],[-46.728151,-5.280905,0.0],[-46.728922,-5.279493,0.0],[-46.729248,-5.278905,0.0],[-46.730022,-5.278674,0.0],[-46.730943,-5.277612,0.0],[-46.732185,-5.275938,0.0],[-46.732824,-5.274753,0.0],[-46.733614,-5.273625,0.0],[-46.733482,-5.272176,0.0],[-46.73384,-5.271161,0.0],[-46.734009,-5.270615,0.0],[-46.734291,-5.269863,0.0],[-46.734648,-5.269619,0.0],[-46.734874,-5.268998,0.0],[-46.736755,-5.268387,0.0],[-46.736435,-5.266976,0.0],[-46.736341,-5.265566,0.0],[-46.737112,-5.264117,0.0],[-46.737357,-5.262951,0.0],[-46.737018,-5.261766,0.0],[-46.736586,-5.260431,0.0],[-46.736868,-5.25934,0.0],[-46.737319,-5.258061,0.0],[-46.737526,-5.256989,0.0],[-46.737526,-5.255353,0.0],[-46.737785,-5.254526,0.0],[-46.738494,-5.254478,0.0],[-46.73911,-5.254464,0.0],[-46.73951,-5.254488,0.0],[-46.740006,-5.254556,0.0],[-46.740737,-5.254257,0.0],[-46.74125,-5.253881,0.0],[-46.742228,-5.253863,0.0],[-46.742515,-5.253432,0.0],[-46.742374,-5.252936,0.0],[-46.742737,-5.252504,0.0],[-46.742416,-5.251784,0.0],[-46.742397,-5.250665,0.0],[-46.742181,-5.250176,0.0],[-46.742482,-5.249584,0.0],[-46.742369,-5.248709,0.0],[-46.742707,-5.248173,0.0],[-46.743074,-5.247759,0.0],[-46.743544,-5.247064,0.0],[-46.74362,-5.246161,0.0],[-46.744579,-5.245465,0.0],[-46.745254,-5.245411,0.0],[-46.745699,-5.244757,0.0],[-46.745456,-5.243616,0.0],[-46.745783,-5.242636,0.0],[-46.745887,-5.241551,0.0],[-46.745913,-5.240702,0.0],[-46.745848,-5.239917,0.0],[-46.745561,-5.238937,0.0],[-46.745521,-5.237892,0.0],[-46.745665,-5.236924,0.0],[-46.745913,-5.23614,0.0],[-46.746292,-5.235251,0.0],[-46.746436,-5.234912,0.0],[-46.747103,-5.23384,0.0],[-46.748044,-5.232768,0.0],[-46.748905,-5.231434,0.0],[-46.748905,-5.230193,0.0],[-46.748453,-5.229403,0.0],[-46.749017,-5.22867,0.0],[-46.749751,-5.228275,0.0],[-46.749995,-5.227861,0.0],[-46.750108,-5.22724,0.0],[-46.750635,-5.227203,0.0],[-46.751207,-5.22705,0.0],[-46.751625,-5.226508,0.0],[-46.7522,-5.226102,0.0],[-46.752905,-5.225878,0.0],[-46.753082,-5.225821,0.0],[-46.753676,-5.225376,0.0],[-46.754829,-5.225096,0.0],[-46.755487,-5.224476,0.0],[-46.756051,-5.224438,0.0],[-46.756213,-5.223534,0.0],[-46.756539,-5.223181,0.0],[-46.757123,-5.222858,0.0],[-46.757462,-5.222501,0.0],[-46.757744,-5.221636,0.0],[-46.757396,-5.220785,0.0],[-46.756945,-5.219637,0.0],[-46.757321,-5.218452,0.0],[-46.756681,-5.216995,0.0],[-46.756945,-5.21613,0.0],[-46.756475,-5.215067,0.0],[-46.756634,-5.213929,0.0],[-46.756343,-5.212773,0.0],[-46.757293,-5.211889,0.0],[-46.757142,-5.211315,0.0],[-46.757217,-5.209989,0.0],[-46.757189,-5.209161,0.0],[-46.757481,-5.208259,0.0],[-46.758083,-5.207967,0.0],[-46.758139,-5.207506,0.0],[-46.758374,-5.20725,0.0],[-46.7663,-5.202731,0.0],[-46.774057,-5.198309,0.0],[-46.781936,-5.193818,0.0],[-46.789858,-5.189309,0.0],[-46.797684,-5.184854,0.0],[-46.801224,-5.182814,0.0],[-46.797808,-5.17443,0.0],[-46.794499,-5.166304,0.0],[-46.790896,-5.157424,0.0],[-46.787715,-5.149584,0.0],[-46.784101,-5.140721,0.0],[-46.780783,-5.132584,0.0],[-46.779278,-5.128876,0.0],[-46.776321,-5.121642,0.0],[-46.772848,-5.113128,0.0],[-46.769533,-5.105061,0.0],[-46.766344,-5.097277,0.0],[-46.763306,-5.089895,0.0],[-46.759672,-5.081064,0.0],[-46.755956,-5.072068,0.0],[-46.752248,-5.063078,0.0],[-46.748684,-5.054421,0.0],[-46.745195,-5.04593,0.0],[-46.741798,-5.037701,0.0],[-46.737755,-5.027782,0.0],[-46.734311,-5.019416,0.0],[-46.732198,-5.014073,0.0],[-46.73067,-5.010508,0.0],[-46.727231,-5.002146,0.0],[-46.723793,-4.993783,0.0],[-46.722783,-4.991328,0.0],[-46.719316,-4.982956,0.0],[-46.717066,-4.977317,0.0],[-46.713438,-4.968557,0.0],[-46.709847,-4.959824,0.0],[-46.706076,-4.950667,0.0],[-46.702308,-4.941514,0.0],[-46.698713,-4.932753,0.0],[-46.695136,-4.924065,0.0],[-46.691713,-4.9157,0.0],[-46.688301,-4.907333,0.0],[-46.685287,-4.899858,0.0],[-46.681849,-4.891499,0.0],[-46.678407,-4.883132,0.0],[-46.675196,-4.875292,0.0],[-46.671726,-4.866863,0.0],[-46.668656,-4.859405,0.0],[-46.666633,-4.854503,0.0],[-46.66512,-4.850835,0.0],[-46.663362,-4.846577,0.0],[-46.659405,-4.837036,0.0],[-46.655875,-4.828456,0.0],[-46.651959,-4.819004,0.0],[-46.648215,-4.809911,0.0],[-46.644482,-4.800783,0.0],[-46.64066,-4.791549,0.0],[-46.637174,-4.783123,0.0],[-46.637071,-4.782377,0.0],[-46.636398,-4.782666,0.0],[-46.635498,-4.782747,0.0],[-46.63503,-4.782863,0.0],[-46.634298,-4.782984,0.0],[-46.633208,-4.782984,0.0],[-46.632259,-4.782936,0.0],[-46.631165,-4.78259,0.0],[-46.630112,-4.782325,0.0],[-46.629154,-4.782333,0.0],[-46.628423,-4.782236,0.0]]]}},{"type":"Feature","properties":{"nome":"Awa","etnia":"Guaj4","fase":"Regularizada","superficie_ha":116582.9182},"geometry":{"type":"Polygon","coordinates":[[[-46.340755,-3.26244,0.0],[-46.339784,-3.262786,0.0],[-46.338355,-3.262731,0.0],[-46.33704,-3.262445,0.0],[-46.336469,-3.262216,0.0],[-46.335897,-3.262217,0.0],[-46.33504,-3.262103,0.0],[-46.334525,-3.261587,0.0],[-46.334182,-3.261473,0.0],[-46.333382,-3.261359,0.0],[-46.332622,-3.261264,0.0],[-46.332116,-3.261205,0.0],[-46.331759,-3.261235,0.0],[-46.331312,-3.261356,0.0],[-46.330807,-3.261416,0.0],[-46.330331,-3.261537,0.0],[-46.330003,-3.261657,0.0],[-46.329676,-3.261687,0.0],[-46.32911,-3.261688,0.0],[-46.328366,-3.261659,0.0],[-46.327771,-3.261749,0.0],[-46.327385,-3.261929,0.0],[-46.327117,-3.262229,0.0],[-46.326999,-3.262857,0.0],[-46.326851,-3.263306,0.0],[-46.326524,-3.263845,0.0],[-46.326049,-3.264623,0.0],[-46.326019,-3.264863,0.0],[-46.32602,-3.265072,0.0],[-46.326169,-3.26561,0.0],[-46.3262,-3.266418,0.0],[-46.326048,-3.266571,0.0],[-46.327211,-3.26955,0.0],[-46.330527,-3.277601,0.0],[-46.334168,-3.286683,0.0],[-46.337429,-3.294819,0.0],[-46.341095,-3.303946,0.0],[-46.344243,-3.312228,0.0],[-46.345362,-3.314992,0.0],[-46.347568,-3.320446,0.0],[-46.351182,-3.329101,0.0],[-46.354666,-3.33778,0.0],[-46.357885,-3.346352,0.0],[-46.361485,-3.354736,0.0],[-46.364582,-3.363194,0.0],[-46.368246,-3.371599,0.0],[-46.371676,-3.380024,0.0],[-46.374919,-3.388207,0.0],[-46.378416,-3.396933,0.0],[-46.381896,-3.405624,0.0],[-46.385389,-3.414314,0.0],[-46.388772,-3.422744,0.0],[-46.392084,-3.430997,0.0],[-46.395541,-3.439606,0.0],[-46.398481,-3.446923,0.0],[-46.402297,-3.45645,0.0],[-46.405778,-3.464524,0.0],[-46.408479,-3.472067,0.0],[-46.411213,-3.479558,0.0],[-46.41457,-3.487961,0.0],[-46.417925,-3.496353,0.0],[-46.421308,-3.504768,0.0],[-46.424696,-3.513292,0.0],[-46.427749,-3.520959,0.0],[-46.431095,-3.529289,0.0],[-46.434462,-3.537718,0.0],[-46.437819,-3.546126,0.0],[-46.441243,-3.554598,0.0],[-46.444567,-3.562925,0.0],[-46.448024,-3.571543,0.0],[-46.449882,-3.576178,0.0],[-46.450675,-3.578154,0.0],[-46.450998,-3.578959,0.0],[-46.451404,-3.579973,0.0],[-46.451559,-3.580374,0.0],[-46.451645,-3.581015,0.0],[-46.451667,-3.581549,0.0],[-46.451514,-3.582097,0.0],[-46.451022,-3.582519,0.0],[-46.450972,-3.58255,0.0],[-46.450762,-3.58268,0.0],[-46.450561,-3.582804,0.0],[-46.450236,-3.583184,0.0],[-46.450164,-3.583257,0.0],[-46.449932,-3.58349,0.0],[-46.449713,-3.58387,0.0],[-46.449629,-3.584281,0.0],[-46.449693,-3.58484,0.0],[-46.449789,-3.585067,0.0],[-46.449809,-3.585114,0.0],[-46.449908,-3.585206,0.0],[-46.450177,-3.585456,0.0],[-46.45025,-3.585524,0.0],[-46.450355,-3.585592,0.0],[-46.450357,-3.585594,0.0],[-46.450702,-3.585819,0.0],[-46.450717,-3.58584,0.0],[-46.450975,-3.586197,0.0],[-46.451173,-3.586771,0.0],[-46.451186,-3.586809,0.0],[-46.451491,-3.587219,0.0],[-46.451743,-3.587527,0.0],[-46.451922,-3.587745,0.0],[-46.452248,-3.588015,0.0],[-46.45252,-3.58824,0.0],[-46.453161,-3.588871,0.0],[-46.453196,-3.588921,0.0],[-46.453445,-3.589282,0.0],[-46.453761,-3.590019,0.0],[-46.453951,-3.59044,0.0],[-46.45414,-3.591073,0.0],[-46.454267,-3.591736,0.0],[-46.454488,-3.592347,0.0],[-46.454762,-3.592916,0.0],[-46.454867,-3.593056,0.0],[-46.455204,-3.593506,0.0],[-46.455708,-3.59381,0.0],[-46.45638,-3.594104,0.0],[-46.45704,-3.594082,0.0],[-46.457638,-3.594008,0.0],[-46.457868,-3.593956,0.0],[-46.458016,-3.593923,0.0],[-46.458509,-3.593901,0.0],[-46.458971,-3.594142,0.0],[-46.459422,-3.59449,0.0],[-46.4598,-3.59471,0.0],[-46.460157,-3.594794,0.0],[-46.460472,-3.594656,0.0],[-46.460602,-3.594533,0.0],[-46.460629,-3.594508,0.0],[-46.46065,-3.594488,0.0],[-46.460712,-3.594192,0.0],[-46.460628,-3.593834,0.0],[-46.460459,-3.59356,0.0],[-46.460427,-3.593033,0.0],[-46.460657,-3.592706,0.0],[-46.461097,-3.592379,0.0],[-46.461267,-3.592337,0.0],[-46.461368,-3.592312,0.0],[-46.461611,-3.592252,0.0],[-46.462157,-3.59223,0.0],[-46.462743,-3.592051,0.0],[-46.462817,-3.592028,0.0],[-46.463394,-3.591648,0.0],[-46.463588,-3.591474,0.0],[-46.463959,-3.591141,0.0],[-46.464473,-3.590719,0.0],[-46.464902,-3.590476,0.0],[-46.46497,-3.590477,0.0],[-46.465322,-3.590485,0.0],[-46.4657,-3.59059,0.0],[-46.466078,-3.590811,0.0],[-46.466456,-3.591337,0.0],[-46.466723,-3.591931,0.0],[-46.466783,-3.592064,0.0],[-46.466896,-3.59237,0.0],[-46.467025,-3.592717,0.0],[-46.46732,-3.593286,0.0],[-46.467729,-3.593696,0.0],[-46.468349,-3.594169,0.0],[-46.468864,-3.594411,0.0],[-46.469097,-3.594489,0.0],[-46.469354,-3.594574,0.0],[-46.469462,-3.59461,0.0],[-46.469641,-3.594647,0.0],[-46.470175,-3.594757,0.0],[-46.470826,-3.594745,0.0],[-46.471371,-3.594818,0.0],[-46.471814,-3.594799,0.0],[-46.472148,-3.594785,0.0],[-46.472609,-3.594827,0.0],[-46.473029,-3.594952,0.0],[-46.473407,-3.595226,0.0],[-46.473502,-3.595468,0.0],[-46.473429,-3.59589,0.0],[-46.47322,-3.596175,0.0],[-46.472864,-3.596597,0.0],[-46.472162,-3.597021,0.0],[-46.47148,-3.597432,0.0],[-46.47099,-3.597704,0.0],[-46.470663,-3.597886,0.0],[-46.470102,-3.598285,0.0],[-46.469846,-3.598467,0.0],[-46.469385,-3.5989,0.0],[-46.468998,-3.599575,0.0],[-46.468975,-3.599617,0.0],[-46.46884,-3.599862,0.0],[-46.468464,-3.600546,0.0],[-46.468323,-3.600794,0.0],[-46.468109,-3.601168,0.0],[-46.468036,-3.601927,0.0],[-46.468038,-3.602749,0.0],[-46.468249,-3.603582,0.0],[-46.468471,-3.604115,0.0],[-46.468565,-3.60434,0.0],[-46.468765,-3.604993,0.0],[-46.468881,-3.605541,0.0],[-46.468867,-3.60567,0.0],[-46.468819,-3.606111,0.0],[-46.468673,-3.60649,0.0],[-46.468601,-3.607038,0.0],[-46.468644,-3.607563,0.0],[-46.468654,-3.607692,0.0],[-46.468991,-3.608239,0.0],[-46.46925,-3.608528,0.0],[-46.469464,-3.608766,0.0],[-46.470094,-3.609165,0.0],[-46.470828,-3.609427,0.0],[-46.471206,-3.609574,0.0],[-46.471274,-3.609585,0.0],[-46.472088,-3.60971,0.0],[-46.473137,-3.609814,0.0],[-46.473987,-3.609854,0.0],[-46.474648,-3.609969,0.0],[-46.475288,-3.610147,0.0],[-46.475844,-3.610231,0.0],[-46.476347,-3.610124,0.0],[-46.476767,-3.609871,0.0],[-46.476997,-3.609565,0.0],[-46.477119,-3.609232,0.0],[-46.477195,-3.609026,0.0],[-46.477206,-3.608995,0.0],[-46.477394,-3.608341,0.0],[-46.477592,-3.607635,0.0],[-46.477716,-3.606887,0.0],[-46.477957,-3.606306,0.0],[-46.478197,-3.605705,0.0],[-46.478605,-3.605072,0.0],[-46.479087,-3.604428,0.0],[-46.479569,-3.604322,0.0],[-46.48003,-3.604276,0.0],[-46.480209,-3.604258,0.0],[-46.480828,-3.604468,0.0],[-46.481563,-3.605004,0.0],[-46.482299,-3.605646,0.0],[-46.483097,-3.606256,0.0],[-46.483296,-3.606335,0.0],[-46.483634,-3.606682,0.0],[-46.483822,-3.606877,0.0],[-46.484599,-3.607434,0.0],[-46.485513,-3.60798,0.0],[-46.485714,-3.608106,0.0],[-46.485736,-3.608119,0.0],[-46.486374,-3.608517,0.0],[-46.487308,-3.608937,0.0],[-46.487659,-3.609106,0.0],[-46.487917,-3.609231,0.0],[-46.488169,-3.609408,0.0],[-46.488411,-3.609578,0.0],[-46.488768,-3.609936,0.0],[-46.488978,-3.610367,0.0],[-46.489042,-3.610873,0.0],[-46.489016,-3.610915,0.0],[-46.488822,-3.611221,0.0],[-46.488801,-3.611253,0.0],[-46.488789,-3.611265,0.0],[-46.488341,-3.611675,0.0],[-46.487806,-3.61195,0.0],[-46.487261,-3.612151,0.0],[-46.487,-3.612254,0.0],[-46.486695,-3.612374,0.0],[-46.486108,-3.612701,0.0],[-46.485783,-3.613145,0.0],[-46.485679,-3.613714,0.0],[-46.485806,-3.614378,0.0],[-46.486258,-3.615009,0.0],[-46.48669,-3.615725,0.0],[-46.487331,-3.616452,0.0],[-46.488014,-3.617125,0.0],[-46.488686,-3.617535,0.0],[-46.489442,-3.617976,0.0],[-46.489704,-3.618081,0.0],[-46.489967,-3.618186,0.0],[-46.490607,-3.618354,0.0],[-46.491352,-3.618374,0.0],[-46.492411,-3.618319,0.0],[-46.492689,-3.618292,0.0],[-46.492967,-3.618266,0.0],[-46.493754,-3.618233,0.0],[-46.49431,-3.618221,0.0],[-46.494792,-3.618252,0.0],[-46.495412,-3.618462,0.0],[-46.496073,-3.618798,0.0],[-46.496609,-3.619092,0.0],[-46.49706,-3.619334,0.0],[-46.497511,-3.619481,0.0],[-46.497693,-3.619522,0.0],[-46.498152,-3.619627,0.0],[-46.498491,-3.619653,0.0],[-46.498823,-3.619679,0.0],[-46.499411,-3.619667,0.0],[-46.499416,-3.619667,0.0],[-46.499736,-3.619635,0.0],[-46.499872,-3.619445,0.0],[-46.500188,-3.619278,0.0],[-46.500333,-3.619202,0.0],[-46.500421,-3.619156,0.0],[-46.500604,-3.619365,0.0],[-46.500614,-3.619376,0.0],[-46.500627,-3.619401,0.0],[-46.5007,-3.619694,0.0],[-46.500715,-3.619865,0.0],[-46.500716,-3.619879,0.0],[-46.500727,-3.620087,0.0],[-46.500734,-3.62032,0.0],[-46.500741,-3.620554,0.0],[-46.500813,-3.620832,0.0],[-46.50099,-3.621119,0.0],[-46.501239,-3.621292,0.0],[-46.501524,-3.621426,0.0],[-46.501757,-3.621469,0.0],[-46.501963,-3.621471,0.0],[-46.502177,-3.621473,0.0],[-46.502442,-3.621457,0.0],[-46.502688,-3.62142,0.0],[-46.502917,-3.621359,0.0],[-46.50311,-3.621294,0.0],[-46.503331,-3.621166,0.0],[-46.503467,-3.620969,0.0],[-46.503537,-3.620767,0.0],[-46.503601,-3.620543,0.0],[-46.503693,-3.620279,0.0],[-46.503772,-3.620032,0.0],[-46.503841,-3.619848,0.0],[-46.50396,-3.619638,0.0],[-46.503993,-3.619596,0.0],[-46.504114,-3.619446,0.0],[-46.504272,-3.619295,0.0],[-46.504444,-3.619139,0.0],[-46.504633,-3.619055,0.0],[-46.50483,-3.619053,0.0],[-46.505103,-3.619056,0.0],[-46.505385,-3.619059,0.0],[-46.505513,-3.61906,0.0],[-46.505622,-3.619061,0.0],[-46.505828,-3.619063,0.0],[-46.506056,-3.619093,0.0],[-46.506217,-3.619194,0.0],[-46.506304,-3.61937,0.0],[-46.506338,-3.61955,0.0],[-46.506353,-3.619766,0.0],[-46.506351,-3.620014,0.0],[-46.506349,-3.620234,0.0],[-46.506346,-3.620548,0.0],[-46.506343,-3.620872,0.0],[-46.50634,-3.621152,0.0],[-46.506338,-3.621303,0.0],[-46.506337,-3.621385,0.0],[-46.506335,-3.621601,0.0],[-46.506333,-3.62179,0.0],[-46.506336,-3.62202,0.0],[-46.506342,-3.622212,0.0],[-46.506353,-3.622465,0.0],[-46.506369,-3.622672,0.0],[-46.506376,-3.622888,0.0],[-46.506382,-3.6231,0.0],[-46.506385,-3.623298,0.0],[-46.506401,-3.623491,0.0],[-46.506412,-3.623694,0.0],[-46.506432,-3.623901,0.0],[-46.506466,-3.624121,0.0],[-46.506472,-3.624152,0.0],[-46.50651,-3.624335,0.0],[-46.506513,-3.624351,0.0],[-46.506556,-3.62455,0.0],[-46.506598,-3.624757,0.0],[-46.506668,-3.624965,0.0],[-46.506778,-3.625118,0.0],[-46.506916,-3.62525,0.0],[-46.507067,-3.625377,0.0],[-46.507241,-3.625483,0.0],[-46.5074,-3.625584,0.0],[-46.507587,-3.625667,0.0],[-46.507779,-3.625727,0.0],[-46.507962,-3.625774,0.0],[-46.508141,-3.625825,0.0],[-46.508365,-3.62585,0.0],[-46.508584,-3.625857,0.0],[-46.508781,-3.625854,0.0],[-46.509014,-3.625856,0.0],[-46.509202,-3.625854,0.0],[-46.5094,-3.625784,0.0],[-46.509571,-3.625601,0.0],[-46.509771,-3.625347,0.0],[-46.509944,-3.625083,0.0],[-46.510062,-3.624873,0.0],[-46.510172,-3.624695,0.0],[-46.510294,-3.624543,0.0],[-46.510488,-3.624446,0.0],[-46.510734,-3.624395,0.0],[-46.510976,-3.624365,0.0],[-46.511245,-3.624332,0.0],[-46.511456,-3.624312,0.0],[-46.511648,-3.624309,0.0],[-46.511837,-3.624311,0.0],[-46.51206,-3.624354,0.0],[-46.512291,-3.62446,0.0],[-46.512554,-3.62466,0.0],[-46.5127,-3.624788,0.0],[-46.512842,-3.624929,0.0],[-46.512979,-3.625075,0.0],[-46.513083,-3.625185,0.0],[-46.513099,-3.625202,0.0],[-46.513107,-3.625211,0.0],[-46.513218,-3.625355,0.0],[-46.513412,-3.625659,0.0],[-46.513491,-3.625822,0.0],[-46.513608,-3.626142,0.0],[-46.513615,-3.626163,0.0],[-46.513618,-3.62617,0.0],[-46.513686,-3.626476,0.0],[-46.513724,-3.626728,0.0],[-46.513757,-3.627012,0.0],[-46.513906,-3.627211,0.0],[-46.514107,-3.627307,0.0],[-46.514385,-3.627311,0.0],[-46.514693,-3.627314,0.0],[-46.514976,-3.627317,0.0],[-46.515213,-3.62731,0.0],[-46.515473,-3.627282,0.0],[-46.515805,-3.627221,0.0],[-46.516146,-3.627148,0.0],[-46.516401,-3.627106,0.0],[-46.516617,-3.627077,0.0],[-46.516868,-3.627053,0.0],[-46.51715,-3.627024,0.0],[-46.517374,-3.626995,0.0],[-46.517567,-3.626974,0.0],[-46.51776,-3.626977,0.0],[-46.517969,-3.626979,0.0],[-46.518229,-3.626981,0.0],[-46.518502,-3.626984,0.0],[-46.518771,-3.626987,0.0],[-46.519053,-3.62699,0.0],[-46.519362,-3.626993,0.0],[-46.519653,-3.627001,0.0],[-46.519952,-3.627017,0.0],[-46.52027,-3.627056,0.0],[-46.520596,-3.627109,0.0],[-46.520864,-3.627152,0.0],[-46.521061,-3.627194,0.0],[-46.521266,-3.627265,0.0],[-46.521448,-3.627396,0.0],[-46.521582,-3.627519,0.0],[-46.52175,-3.627674,0.0],[-46.521934,-3.627838,0.0],[-46.521958,-3.62786,0.0],[-46.521984,-3.627892,0.0],[-46.522175,-3.628129,0.0],[-46.522343,-3.6284,0.0],[-46.522457,-3.628621,0.0],[-46.522522,-3.628833,0.0],[-46.522555,-3.629027,0.0],[-46.522598,-3.62927,0.0],[-46.522636,-3.62946,0.0],[-46.522656,-3.629779,0.0],[-46.522653,-3.629986,0.0],[-46.522651,-3.630211,0.0],[-46.522649,-3.630427,0.0],[-46.522647,-3.630629,0.0],[-46.522645,-3.630841,0.0],[-46.522642,-3.631053,0.0],[-46.522617,-3.631301,0.0],[-46.522584,-3.631647,0.0],[-46.522532,-3.631911,0.0],[-46.522512,-3.63201,0.0],[-46.522494,-3.63224,0.0],[-46.522532,-3.632415,0.0],[-46.522548,-3.632489,0.0],[-46.522671,-3.632739,0.0],[-46.522858,-3.632795,0.0],[-46.523086,-3.632842,0.0],[-46.5233,-3.632872,0.0],[-46.52352,-3.632873,0.0],[-46.523756,-3.632877,0.0],[-46.524214,-3.632872,0.0],[-46.524554,-3.632853,0.0],[-46.52485,-3.632833,0.0],[-46.525069,-3.632835,0.0],[-46.525306,-3.632838,0.0],[-46.525606,-3.632854,0.0],[-46.525811,-3.63287,0.0],[-46.526018,-3.63289,0.0],[-46.526311,-3.63296,0.0],[-46.526532,-3.63299,0.0],[-46.526759,-3.633051,0.0],[-46.527,-3.633084,0.0],[-46.527274,-3.633088,0.0],[-46.527462,-3.633089,0.0],[-46.527645,-3.633092,0.0],[-46.527846,-3.633093,0.0],[-46.528043,-3.633095,0.0],[-46.528312,-3.633099,0.0],[-46.528594,-3.633101,0.0],[-46.528867,-3.633095,0.0],[-46.529064,-3.633088,0.0],[-46.529288,-3.633086,0.0],[-46.529579,-3.633088,0.0],[-46.529794,-3.633091,0.0],[-46.530188,-3.633082,0.0],[-46.530421,-3.633043,0.0],[-46.530637,-3.632928,0.0],[-46.530768,-3.632811,0.0],[-46.530852,-3.632616,0.0],[-46.530885,-3.63231,0.0],[-46.530887,-3.632126,0.0],[-46.530885,-3.631937,0.0],[-46.530842,-3.631734,0.0],[-46.53075,-3.631504,0.0],[-46.530645,-3.631291,0.0],[-46.530544,-3.631102,0.0],[-46.530443,-3.63093,0.0],[-46.530432,-3.630908,0.0],[-46.530298,-3.630649,0.0],[-46.530205,-3.630464,0.0],[-46.530195,-3.630446,0.0],[-46.530113,-3.630301,0.0],[-46.529994,-3.630124,0.0],[-46.529759,-3.629893,0.0],[-46.529608,-3.629783,0.0],[-46.529439,-3.629683,0.0],[-46.529279,-3.629586,0.0],[-46.529016,-3.629408,0.0],[-46.528816,-3.62924,0.0],[-46.528635,-3.629076,0.0],[-46.528502,-3.628922,0.0],[-46.52837,-3.628709,0.0],[-46.528244,-3.628573,0.0],[-46.528206,-3.628532,0.0],[-46.528039,-3.628291,0.0],[-46.528081,-3.628085,0.0],[-46.528154,-3.627892,0.0],[-46.528281,-3.627737,0.0],[-46.528435,-3.627634,0.0],[-46.52861,-3.627537,0.0],[-46.528661,-3.627503,0.0],[-46.5288,-3.627409,0.0],[-46.528971,-3.627294,0.0],[-46.529178,-3.627125,0.0],[-46.529342,-3.626951,0.0],[-46.529468,-3.626795,0.0],[-46.529729,-3.626676,0.0],[-46.529923,-3.626615,0.0],[-46.53012,-3.626545,0.0],[-46.530313,-3.626489,0.0],[-46.530614,-3.626398,0.0],[-46.53087,-3.626283,0.0],[-46.531104,-3.626186,0.0],[-46.531315,-3.626085,0.0],[-46.531486,-3.625997,0.0],[-46.531671,-3.625976,0.0],[-46.531858,-3.626028,0.0],[-46.532098,-3.626143,0.0],[-46.532343,-3.626266,0.0],[-46.532539,-3.626372,0.0],[-46.532753,-3.6265,0.0],[-46.532931,-3.626614,0.0],[-46.533167,-3.626742,0.0],[-46.533411,-3.62688,0.0],[-46.533603,-3.626986,0.0],[-46.533732,-3.627054,0.0],[-46.533803,-3.627091,0.0],[-46.533986,-3.627192,0.0],[-46.534155,-3.627274,0.0],[-46.534342,-3.627416,0.0],[-46.534491,-3.627519,0.0],[-46.534671,-3.62764,0.0],[-46.534808,-3.627784,0.0],[-46.534835,-3.627812,0.0],[-46.535013,-3.627949,0.0],[-46.535271,-3.628082,0.0],[-46.535476,-3.628175,0.0],[-46.535658,-3.628226,0.0],[-46.535847,-3.628259,0.0],[-46.536065,-3.628266,0.0],[-46.53628,-3.628268,0.0],[-46.536514,-3.628262,0.0],[-46.536765,-3.628201,0.0],[-46.536909,-3.628076,0.0],[-46.537108,-3.627899,0.0],[-46.537388,-3.627654,0.0],[-46.537714,-3.627365,0.0],[-46.537899,-3.627205,0.0],[-46.53811,-3.626986,0.0],[-46.538115,-3.626981,0.0],[-46.538135,-3.626955,0.0],[-46.538236,-3.626787,0.0],[-46.538252,-3.626759,0.0],[-46.53833,-3.62658,0.0],[-46.5384,-3.626369,0.0],[-46.538464,-3.626158,0.0],[-46.538502,-3.626046,0.0],[-46.538533,-3.625952,0.0],[-46.538625,-3.625701,0.0],[-46.538691,-3.625481,0.0],[-46.538733,-3.625298,0.0],[-46.538758,-3.625054,0.0],[-46.538791,-3.624794,0.0],[-46.538807,-3.624547,0.0],[-46.53881,-3.624331,0.0],[-46.538831,-3.624066,0.0],[-46.538833,-3.623814,0.0],[-46.538834,-3.623616,0.0],[-46.538837,-3.623409,0.0],[-46.538835,-3.623175,0.0],[-46.538796,-3.622968,0.0],[-46.538731,-3.622765,0.0],[-46.538572,-3.622597,0.0],[-46.538412,-3.62246,0.0],[-46.538275,-3.622274,0.0],[-46.538179,-3.622044,0.0],[-46.538124,-3.621769,0.0],[-46.538099,-3.62153,0.0],[-46.538097,-3.621341,0.0],[-46.538148,-3.621162,0.0],[-46.538288,-3.620993,0.0],[-46.538469,-3.620823,0.0],[-46.538655,-3.620637,0.0],[-46.538786,-3.620503,0.0],[-46.538917,-3.620379,0.0],[-46.539142,-3.620233,0.0],[-46.539367,-3.620131,0.0],[-46.539592,-3.620075,0.0],[-46.53982,-3.620046,0.0],[-46.540039,-3.620048,0.0],[-46.540227,-3.62005,0.0],[-46.540504,-3.620062,0.0],[-46.540715,-3.620086,0.0],[-46.540952,-3.62012,0.0],[-46.541166,-3.620172,0.0],[-46.541474,-3.620306,0.0],[-46.541736,-3.620443,0.0],[-46.541852,-3.620593,0.0],[-46.541868,-3.620787,0.0],[-46.541874,-3.621034,0.0],[-46.541907,-3.621259,0.0],[-46.542134,-3.621437,0.0],[-46.542322,-3.62151,0.0],[-46.542536,-3.621558,0.0],[-46.542755,-3.621578,0.0],[-46.542943,-3.62158,0.0],[-46.543211,-3.621583,0.0],[-46.543417,-3.621585,0.0],[-46.543708,-3.621588,0.0],[-46.543905,-3.62159,0.0],[-46.544098,-3.621565,0.0],[-46.544273,-3.621517,0.0],[-46.544565,-3.621413,0.0],[-46.544777,-3.621275,0.0],[-46.54493,-3.621128,0.0],[-46.545094,-3.620945,0.0],[-46.545221,-3.620816,0.0],[-46.545365,-3.62067,0.0],[-46.545519,-3.6205,0.0],[-46.545691,-3.620317,0.0],[-46.545863,-3.620122,0.0],[-46.546027,-3.619925,0.0],[-46.546194,-3.619733,0.0],[-46.546362,-3.619555,0.0],[-46.546506,-3.619376,0.0],[-46.546638,-3.619207,0.0],[-46.546751,-3.619042,0.0],[-46.546843,-3.618876,0.0],[-46.54698,-3.618562,0.0],[-46.547117,-3.618251,0.0],[-46.547179,-3.618084,0.0],[-46.547249,-3.617863,0.0],[-46.547307,-3.617665,0.0],[-46.547351,-3.617502,0.0],[-46.54745,-3.617317,0.0],[-46.547643,-3.617179,0.0],[-46.547873,-3.617038,0.0],[-46.54808,-3.616906,0.0],[-46.548252,-3.61679,0.0],[-46.548521,-3.616626,0.0],[-46.548707,-3.616511,0.0],[-46.548923,-3.61637,0.0],[-46.549099,-3.616282,0.0],[-46.549265,-3.616198,0.0],[-46.549436,-3.616136,0.0],[-46.549615,-3.616084,0.0],[-46.54976,-3.615969,0.0],[-46.549803,-3.615691,0.0],[-46.549807,-3.615344,0.0],[-46.54981,-3.615021,0.0],[-46.549812,-3.6148,0.0],[-46.549814,-3.614584,0.0],[-46.549816,-3.614305,0.0],[-46.549821,-3.613851,0.0],[-46.549896,-3.613528,0.0],[-46.549965,-3.613354,0.0],[-46.550043,-3.613183,0.0],[-46.550117,-3.613009,0.0],[-46.550172,-3.612833,0.0],[-46.550255,-3.61256,0.0],[-46.550351,-3.612345,0.0],[-46.550524,-3.612117,0.0],[-46.55066,-3.611989,0.0],[-46.550831,-3.611864,0.0],[-46.551025,-3.611754,0.0],[-46.551218,-3.611661,0.0],[-46.551519,-3.611516,0.0],[-46.551766,-3.611465,0.0],[-46.552048,-3.611476,0.0],[-46.552213,-3.611555,0.0],[-46.552399,-3.611705,0.0],[-46.552617,-3.611891,0.0],[-46.552825,-3.612087,0.0],[-46.553016,-3.6123,0.0],[-46.553165,-3.612536,0.0],[-46.553288,-3.612794,0.0],[-46.553393,-3.613019,0.0],[-46.553503,-3.613178,0.0],[-46.553753,-3.613365,0.0],[-46.553975,-3.613471,0.0],[-46.554235,-3.613478,0.0],[-46.554472,-3.613481,0.0],[-46.554656,-3.613444,0.0],[-46.554926,-3.613314,0.0],[-46.555152,-3.61311,0.0],[-46.555361,-3.612851,0.0],[-46.55546,-3.612698,0.0],[-46.555565,-3.61252,0.0],[-46.555666,-3.612332,0.0],[-46.555757,-3.612126,0.0],[-46.55584,-3.611888,0.0],[-46.555901,-3.611641,0.0],[-46.555949,-3.611382,0.0],[-46.555978,-3.611112,0.0],[-46.555994,-3.610855,0.0],[-46.555997,-3.610613,0.0],[-46.555999,-3.610388,0.0],[-46.556,-3.610172,0.0],[-46.556003,-3.60997,0.0],[-46.55601,-3.609758,0.0],[-46.556034,-3.609548,0.0],[-46.556081,-3.609336,0.0],[-46.55615,-3.609139,0.0],[-46.556232,-3.608951,0.0],[-46.556379,-3.608611,0.0],[-46.556512,-3.608333,0.0],[-46.55659,-3.608113,0.0],[-46.556686,-3.607903,0.0],[-46.5568,-3.607747,0.0],[-46.557047,-3.607637,0.0],[-46.55732,-3.60764,0.0],[-46.557597,-3.607642,0.0],[-46.557779,-3.607618,0.0],[-46.557957,-3.607493,0.0],[-46.558045,-3.607261,0.0],[-46.558061,-3.606977,0.0],[-46.558064,-3.606712,0.0],[-46.558066,-3.606482,0.0],[-46.558068,-3.606217,0.0],[-46.558081,-3.605884,0.0],[-46.558183,-3.605566,0.0],[-46.55836,-3.605284,0.0],[-46.558523,-3.605116,0.0],[-46.55869,-3.604991,0.0],[-46.558893,-3.604844,0.0],[-46.559143,-3.604739,0.0],[-46.559279,-3.6047,0.0],[-46.559463,-3.604715,0.0],[-46.559692,-3.604717,0.0],[-46.55996,-3.604748,0.0],[-46.560218,-3.604813,0.0],[-46.560406,-3.604883,0.0],[-46.560588,-3.605011,0.0],[-46.560809,-3.605237,0.0],[-46.560951,-3.605392,0.0],[-46.561111,-3.605551,0.0],[-46.561297,-3.605719,0.0],[-46.561523,-3.605888,0.0],[-46.561751,-3.606034,0.0],[-46.561969,-3.60618,0.0],[-46.562178,-3.606304,0.0],[-46.5624,-3.606423,0.0],[-46.562632,-3.606534,0.0],[-46.562842,-3.606635,0.0],[-46.563024,-3.606718,0.0],[-46.563202,-3.606791,0.0],[-46.563408,-3.606829,0.0],[-46.563519,-3.606831,0.0],[-46.563601,-3.606831,0.0],[-46.5639,-3.606834,0.0],[-46.564051,-3.606823,0.0],[-46.564165,-3.606774,0.0],[-46.564314,-3.606663,0.0],[-46.564489,-3.606516,0.0],[-46.564684,-3.606348,0.0],[-46.564792,-3.606241,0.0],[-46.56519,-3.605849,0.0],[-46.565335,-3.605698,0.0],[-46.565471,-3.605555,0.0],[-46.565706,-3.605297,0.0],[-46.565892,-3.605069,0.0],[-46.566029,-3.604881,0.0],[-46.566134,-3.604676,0.0],[-46.566284,-3.604399,0.0],[-46.566366,-3.604233,0.0],[-46.566453,-3.604058,0.0],[-46.56654,-3.603888,0.0],[-46.566618,-3.603718,0.0],[-46.566737,-3.603387,0.0],[-46.566839,-3.6031,0.0],[-46.566922,-3.602875,0.0],[-46.567039,-3.602725,0.0],[-46.567233,-3.602689,0.0],[-46.56751,-3.602715,0.0],[-46.567769,-3.60284,0.0],[-46.567963,-3.602994,0.0],[-46.568123,-3.603148,0.0],[-46.568278,-3.603317,0.0],[-46.568357,-3.603501,0.0],[-46.568386,-3.603723,0.0],[-46.56854,-3.603949,0.0],[-46.568784,-3.604136,0.0],[-46.568994,-3.604224,0.0],[-46.569178,-3.604225,0.0],[-46.569358,-3.604137,0.0],[-46.569485,-3.603945,0.0],[-46.569555,-3.603698,0.0],[-46.569611,-3.603456,0.0],[-46.569689,-3.60321,0.0],[-46.56984,-3.602968,0.0],[-46.57003,-3.602759,0.0],[-46.570247,-3.602607,0.0],[-46.57043,-3.602578,0.0],[-46.570712,-3.602581,0.0],[-46.570968,-3.602605,0.0],[-46.571167,-3.602686,0.0],[-46.571314,-3.602844,0.0],[-46.571441,-3.603075,0.0],[-46.571542,-3.603341,0.0],[-46.571598,-3.603526,0.0],[-46.571609,-3.603724,0.0],[-46.571611,-3.603976,0.0],[-46.571609,-3.604183,0.0],[-46.571607,-3.60443,0.0],[-46.571604,-3.604749,0.0],[-46.5716,-3.605069,0.0],[-46.571597,-3.605365,0.0],[-46.571604,-3.605554,0.0],[-46.571656,-3.605735,0.0],[-46.571824,-3.605971,0.0],[-46.572054,-3.606189,0.0],[-46.572245,-3.606353,0.0],[-46.572418,-3.606476,0.0],[-46.572641,-3.6066,0.0],[-46.572869,-3.606638,0.0],[-46.573075,-3.60664,0.0],[-46.573313,-3.606643,0.0],[-46.573504,-3.606644,0.0],[-46.573682,-3.606587,0.0],[-46.573847,-3.606459,0.0],[-46.573942,-3.606293,0.0],[-46.57402,-3.60611,0.0],[-46.574108,-3.605868,0.0],[-46.574159,-3.605684,0.0],[-46.574211,-3.605468,0.0],[-46.574253,-3.60528,0.0],[-46.574272,-3.605087,0.0],[-46.57428,-3.604844,0.0],[-46.574287,-3.604615,0.0],[-46.574302,-3.604336,0.0],[-46.574341,-3.604098,0.0],[-46.574388,-3.603869,0.0],[-46.574453,-3.6036,0.0],[-46.574518,-3.603331,0.0],[-46.574588,-3.603088,0.0],[-46.574662,-3.602838,0.0],[-46.574754,-3.60264,0.0],[-46.574886,-3.602453,0.0],[-46.575051,-3.602198,0.0],[-46.57517,-3.602135,0.0],[-46.575284,-3.602109,0.0],[-46.575345,-3.601955,0.0],[-46.575398,-3.601765,0.0],[-46.575428,-3.601588,0.0],[-46.575479,-3.60129,0.0],[-46.575549,-3.601038,0.0],[-46.575622,-3.600855,0.0],[-46.575723,-3.600699,0.0],[-46.575818,-3.600529,0.0],[-46.5759,-3.60034,0.0],[-46.575966,-3.600143,0.0],[-46.576035,-3.599959,0.0],[-46.576095,-3.599771,0.0],[-46.576141,-3.599592,0.0],[-46.576224,-3.599386,0.0],[-46.576298,-3.59917,0.0],[-46.576344,-3.598987,0.0],[-46.576392,-3.598704,0.0],[-46.576435,-3.598399,0.0],[-46.576487,-3.598125,0.0],[-46.576561,-3.597859,0.0],[-46.576654,-3.597618,0.0],[-46.576727,-3.597393,0.0],[-46.576774,-3.59716,0.0],[-46.576817,-3.596963,0.0],[-46.576869,-3.596702,0.0],[-46.576915,-3.596496,0.0],[-46.576954,-3.596276,0.0],[-46.576996,-3.596083,0.0],[-46.577047,-3.595868,0.0],[-46.577064,-3.595814,0.0],[-46.577142,-3.595687,0.0],[-46.577255,-3.595521,0.0],[-46.577385,-3.595276,0.0],[-46.577497,-3.594878,0.0],[-46.577491,-3.594647,0.0],[-46.577437,-3.594458,0.0],[-46.577329,-3.594318,0.0],[-46.577163,-3.594226,0.0],[-46.576977,-3.59417,0.0],[-46.576802,-3.594161,0.0],[-46.576544,-3.594175,0.0],[-46.57636,-3.594175,0.0],[-46.576165,-3.594175,0.0],[-46.575963,-3.594175,0.0],[-46.575778,-3.594175,0.0],[-46.575575,-3.594175,0.0],[-46.575372,-3.594174,0.0],[-46.575183,-3.594174,0.0],[-46.574971,-3.594174,0.0],[-46.574795,-3.594133,0.0],[-46.57461,-3.594037,0.0],[-46.574385,-3.593924,0.0],[-46.574155,-3.593783,0.0],[-46.57398,-3.593643,0.0],[-46.573813,-3.593484,0.0],[-46.573646,-3.593289,0.0],[-46.573488,-3.593076,0.0],[-46.573376,-3.592917,0.0],[-46.573259,-3.592764,0.0],[-46.573101,-3.592573,0.0],[-46.572952,-3.592396,0.0],[-46.572836,-3.592256,0.0],[-46.572729,-3.592123,0.0],[-46.572701,-3.592088,0.0],[-46.572574,-3.59192,0.0],[-46.572453,-3.591758,0.0],[-46.572327,-3.59159,0.0],[-46.572205,-3.591404,0.0],[-46.572075,-3.591177,0.0],[-46.571967,-3.590978,0.0],[-46.571859,-3.590738,0.0],[-46.571805,-3.590533,0.0],[-46.571791,-3.590294,0.0],[-46.571792,-3.590112,0.0],[-46.571792,-3.589859,0.0],[-46.571792,-3.589673,0.0],[-46.571793,-3.589492,0.0],[-46.571792,-3.589297,0.0],[-46.571793,-3.589066,0.0],[-46.571793,-3.588853,0.0],[-46.571797,-3.588632,0.0],[-46.571811,-3.588373,0.0],[-46.571879,-3.588142,0.0],[-46.571943,-3.58797,0.0],[-46.572015,-3.587762,0.0],[-46.572083,-3.587539,0.0],[-46.572155,-3.587331,0.0],[-46.572246,-3.587132,0.0],[-46.572363,-3.586951,0.0],[-46.572476,-3.586779,0.0],[-46.572593,-3.586589,0.0],[-46.572742,-3.586372,0.0],[-46.572837,-3.586218,0.0],[-46.572909,-3.58605,0.0],[-46.57295,-3.585851,0.0],[-46.573014,-3.585607,0.0],[-46.573154,-3.585399,0.0],[-46.573252,-3.585236,0.0],[-46.573348,-3.585014,0.0],[-46.573429,-3.584796,0.0],[-46.573457,-3.584579,0.0],[-46.57347,-3.584375,0.0],[-46.573497,-3.584144,0.0],[-46.573543,-3.583891,0.0],[-46.573561,-3.583606,0.0],[-46.573561,-3.58327,0.0],[-46.573548,-3.582957,0.0],[-46.573503,-3.582704,0.0],[-46.573449,-3.582477,0.0],[-46.573405,-3.582226,0.0],[-46.573355,-3.582083,0.0],[-46.573265,-3.581907,0.0],[-46.573125,-3.581771,0.0],[-46.57295,-3.581585,0.0],[-46.572734,-3.581421,0.0],[-46.572527,-3.581281,0.0],[-46.572346,-3.581167,0.0],[-46.57213,-3.58105,0.0],[-46.571905,-3.580941,0.0],[-46.571706,-3.580872,0.0],[-46.571485,-3.580822,0.0],[-46.571202,-3.58079,0.0],[-46.570913,-3.580771,0.0],[-46.570656,-3.580757,0.0],[-46.570403,-3.580731,0.0],[-46.570196,-3.580671,0.0],[-46.570025,-3.580544,0.0],[-46.569912,-3.580395,0.0],[-46.569845,-3.5802,0.0],[-46.569818,-3.579991,0.0],[-46.569796,-3.579806,0.0],[-46.569787,-3.579611,0.0],[-46.569787,-3.579412,0.0],[-46.569787,-3.579217,0.0],[-46.569787,-3.578995,0.0],[-46.569788,-3.578792,0.0],[-46.569805,-3.578569,0.0],[-46.569855,-3.578343,0.0],[-46.569906,-3.578167,0.0],[-46.570003,-3.577923,0.0],[-46.570835,-3.577525,0.0],[-46.572801,-3.570265,0.0],[-46.57432,-3.564655,0.0],[-46.575668,-3.559681,0.0],[-46.57562,-3.559475,0.0],[-46.575375,-3.55859,0.0],[-46.575226,-3.558292,0.0],[-46.575141,-3.558164,0.0],[-46.575013,-3.557973,0.0],[-46.574905,-3.557808,0.0],[-46.574657,-3.557614,0.0],[-46.574478,-3.557405,0.0],[-46.574374,-3.557205,0.0],[-46.574293,-3.556975,0.0],[-46.574271,-3.556761,0.0],[-46.574271,-3.55658,0.0],[-46.574271,-3.556376,0.0],[-46.574271,-3.556319,0.0],[-46.573604,-3.556269,0.0],[-46.572674,-3.555912,0.0],[-46.571887,-3.555052,0.0],[-46.571029,-3.554766,0.0],[-46.570243,-3.554624,0.0],[-46.569101,-3.555128,0.0],[-46.568459,-3.555704,0.0],[-46.568102,-3.556135,0.0],[-46.567103,-3.556495,0.0],[-46.566174,-3.556497,0.0],[-46.565388,-3.556283,0.0],[-46.564851,-3.555781,0.0],[-46.564457,-3.555136,0.0],[-46.564277,-3.554347,0.0],[-46.56424,-3.553808,0.0],[-46.564204,-3.553234,0.0],[-46.564095,-3.552552,0.0],[-46.563843,-3.551368,0.0],[-46.563592,-3.550472,0.0],[-46.563412,-3.549754,0.0],[-46.563268,-3.549144,0.0],[-46.563123,-3.547888,0.0],[-46.562941,-3.546094,0.0],[-46.563083,-3.54534,0.0],[-46.563258,-3.543366,0.0],[-46.563436,-3.542719,0.0],[-46.563578,-3.542098,0.0],[-46.563625,-3.541692,0.0],[-46.563481,-3.541165,0.0],[-46.563266,-3.540783,0.0],[-46.563027,-3.540329,0.0],[-46.562979,-3.539874,0.0],[-46.562834,-3.539037,0.0],[-46.562834,-3.538582,0.0],[-46.562768,-3.538378,0.0],[-46.562666,-3.538056,0.0],[-46.562379,-3.53753,0.0],[-46.562069,-3.537052,0.0],[-46.561878,-3.536646,0.0],[-46.561207,-3.535955,0.0],[-46.560193,-3.535089,0.0],[-46.559746,-3.534671,0.0],[-46.558762,-3.534045,0.0],[-46.558106,-3.533388,0.0],[-46.557272,-3.532522,0.0],[-46.557032,-3.531625,0.0],[-46.557357,-3.530338,0.0],[-46.557861,-3.529261,0.0],[-46.558635,-3.528841,0.0],[-46.559527,-3.52857,0.0],[-46.560122,-3.52815,0.0],[-46.560746,-3.527521,0.0],[-46.561147,-3.526956,0.0],[-46.561456,-3.52619,0.0],[-46.561765,-3.525926,0.0],[-46.561955,-3.525591,0.0],[-46.562097,-3.525088,0.0],[-46.562,-3.524179,0.0],[-46.561904,-3.523581,0.0],[-46.562069,-3.522982,0.0],[-46.562283,-3.522575,0.0],[-46.562544,-3.522049,0.0],[-46.562829,-3.521498,0.0],[-46.562971,-3.520851,0.0],[-46.563018,-3.520421,0.0],[-46.563016,-3.519487,0.0],[-46.563015,-3.519009,0.0],[-46.563014,-3.518363,0.0],[-46.562894,-3.517573,0.0],[-46.562797,-3.516928,0.0],[-46.562511,-3.516282,0.0],[-46.562319,-3.515636,0.0],[-46.562175,-3.514895,0.0],[-46.562078,-3.514129,0.0],[-46.561887,-3.513483,0.0],[-46.561195,-3.512695,0.0],[-46.560813,-3.512217,0.0],[-46.559669,-3.511358,0.0],[-46.558309,-3.510211,0.0],[-46.557593,-3.509136,0.0],[-46.557422,-3.508416,0.0],[-46.557234,-3.507629,0.0],[-46.557091,-3.506833,0.0],[-46.555885,-3.503487,0.0],[-46.556002,-3.50247,0.0],[-46.554868,-3.500796,0.0],[-46.554568,-3.499242,0.0],[-46.553436,-3.498406,0.0],[-46.55272,-3.497271,0.0],[-46.552598,-3.496074,0.0],[-46.552001,-3.494999,0.0],[-46.550929,-3.494283,0.0],[-46.549082,-3.493448,0.0],[-46.547116,-3.492853,0.0],[-46.545865,-3.492377,0.0],[-46.545209,-3.49166,0.0],[-46.54479,-3.490345,0.0],[-46.544728,-3.48843,0.0],[-46.543476,-3.487416,0.0],[-46.542284,-3.48676,0.0],[-46.541807,-3.486042,0.0],[-46.541685,-3.484607,0.0],[-46.541624,-3.483291,0.0],[-46.541205,-3.481916,0.0],[-46.540847,-3.481258,0.0],[-46.540031,-3.480068,0.0],[-46.539316,-3.47971,0.0],[-46.536934,-3.479176,0.0],[-46.535326,-3.478401,0.0],[-46.532942,-3.477208,0.0],[-46.531036,-3.476374,0.0],[-46.529487,-3.475778,0.0],[-46.528004,-3.475621,0.0],[-46.52607,-3.475714,0.0],[-46.524879,-3.475716,0.0],[-46.523926,-3.475598,0.0],[-46.523152,-3.47539,0.0],[-46.522229,-3.475152,0.0],[-46.521574,-3.475183,0.0],[-46.52089,-3.475543,0.0],[-46.520236,-3.476053,0.0],[-46.519642,-3.476472,0.0],[-46.518749,-3.476952,0.0],[-46.517785,-3.477169,0.0],[-46.516981,-3.477574,0.0],[-46.516445,-3.477665,0.0],[-46.515999,-3.477875,0.0],[-46.515702,-3.478084,0.0],[-46.515107,-3.478534,0.0],[-46.51475,-3.478774,0.0],[-46.514304,-3.478924,0.0],[-46.51356,-3.479195,0.0],[-46.513293,-3.479315,0.0],[-46.512638,-3.479555,0.0],[-46.511895,-3.479945,0.0],[-46.511494,-3.479993,0.0],[-46.511389,-3.480006,0.0],[-46.511151,-3.480096,0.0],[-46.51011,-3.480486,0.0],[-46.509663,-3.480517,0.0],[-46.508864,-3.4809,0.0],[-46.508178,-3.480958,0.0],[-46.507606,-3.480959,0.0],[-46.506978,-3.48096,0.0],[-46.506635,-3.480961,0.0],[-46.506006,-3.481192,0.0],[-46.505607,-3.481479,0.0],[-46.505094,-3.482514,0.0],[-46.504753,-3.483318,0.0],[-46.504581,-3.483491,0.0],[-46.504182,-3.483664,0.0],[-46.503725,-3.483952,0.0],[-46.502296,-3.484069,0.0],[-46.501839,-3.48407,0.0],[-46.499324,-3.484016,0.0],[-46.49721,-3.483962,0.0],[-46.495723,-3.483678,0.0],[-46.494865,-3.483334,0.0],[-46.493608,-3.483049,0.0],[-46.491892,-3.48219,0.0],[-46.490518,-3.481044,0.0],[-46.48966,-3.480414,0.0],[-46.488972,-3.479094,0.0],[-46.488457,-3.478635,0.0],[-46.487827,-3.47789,0.0],[-46.487883,-3.476971,0.0],[-46.488167,-3.476166,0.0],[-46.48868,-3.474845,0.0],[-46.489364,-3.474097,0.0],[-46.490278,-3.473406,0.0],[-46.490849,-3.473003,0.0],[-46.491419,-3.472313,0.0],[-46.492161,-3.471566,0.0],[-46.492902,-3.470646,0.0],[-46.493416,-3.470128,0.0],[-46.494272,-3.469323,0.0],[-46.494557,-3.468863,0.0],[-46.494747,-3.468556,0.0],[-46.494984,-3.468125,0.0],[-46.49546,-3.467574,0.0],[-46.495959,-3.467358,0.0],[-46.496459,-3.467333,0.0],[-46.496911,-3.466878,0.0],[-46.497265,-3.466481,0.0],[-46.497835,-3.465791,0.0],[-46.498292,-3.46533,0.0],[-46.499091,-3.464927,0.0],[-46.499491,-3.464754,0.0],[-46.500089,-3.464513,0.0],[-46.503417,-3.464362,0.0],[-46.505607,-3.463401,0.0],[-46.506651,-3.46139,0.0],[-46.508458,-3.459377,0.0],[-46.509026,-3.457079,0.0],[-46.508261,-3.45574,0.0],[-46.507402,-3.454497,0.0],[-46.506922,-3.452296,0.0],[-46.507873,-3.450859,0.0],[-46.508631,-3.448465,0.0],[-46.508438,-3.447221,0.0],[-46.508054,-3.445212,0.0],[-46.507194,-3.443203,0.0],[-46.505573,-3.442153,0.0],[-46.504619,-3.441293,0.0],[-46.504141,-3.439762,0.0],[-46.504484,-3.438709,0.0],[-46.504589,-3.437093,0.0],[-46.504552,-3.436232,0.0],[-46.504122,-3.435371,0.0],[-46.503727,-3.434439,0.0],[-46.503726,-3.433505,0.0],[-46.504189,-3.432679,0.0],[-46.50458,-3.431674,0.0],[-46.504686,-3.430561,0.0],[-46.503899,-3.429916,0.0],[-46.502577,-3.429595,0.0],[-46.501433,-3.429238,0.0],[-46.50054,-3.428988,0.0],[-46.499576,-3.428882,0.0],[-46.498718,-3.428811,0.0],[-46.496396,-3.428121,0.0],[-46.49606,-3.427919,0.0],[-46.495144,-3.427346,0.0],[-46.494115,-3.426601,0.0],[-46.493713,-3.425568,0.0],[-46.493883,-3.424821,0.0],[-46.494282,-3.424131,0.0],[-46.494453,-3.423614,0.0],[-46.495252,-3.422981,0.0],[-46.496051,-3.422693,0.0],[-46.496566,-3.42252,0.0],[-46.497308,-3.422404,0.0],[-46.498165,-3.422345,0.0],[-46.49868,-3.422344,0.0],[-46.499366,-3.422516,0.0],[-46.49988,-3.42263,0.0],[-46.500162,-3.422655,0.0],[-46.500509,-3.422686,0.0],[-46.500824,-3.422591,0.0],[-46.502618,-3.422417,0.0],[-46.503822,-3.422305,0.0],[-46.504166,-3.422336,0.0],[-46.504737,-3.42222,0.0],[-46.505903,-3.42216,0.0],[-46.507759,-3.420937,0.0],[-46.509008,-3.420396,0.0],[-46.510686,-3.419855,0.0],[-46.511398,-3.418777,0.0],[-46.512112,-3.418202,0.0],[-46.512861,-3.417591,0.0],[-46.513789,-3.417015,0.0],[-46.514609,-3.416439,0.0],[-46.515144,-3.41608,0.0],[-46.515628,-3.415266,0.0],[-46.516435,-3.413734,0.0],[-46.517576,-3.412344,0.0],[-46.519097,-3.410619,0.0],[-46.52076,-3.408654,0.0],[-46.521882,-3.408296,0.0],[-46.522569,-3.408077,0.0],[-46.524616,-3.407595,0.0],[-46.526663,-3.407257,0.0],[-46.52828,-3.405675,0.0],[-46.529562,-3.403519,0.0],[-46.530369,-3.401795,0.0],[-46.53089,-3.399976,0.0],[-46.531364,-3.398587,0.0],[-46.531124,-3.397487,0.0],[-46.529885,-3.396723,0.0],[-46.528599,-3.39604,0.0],[-46.52824,-3.395613,0.0],[-46.527038,-3.394236,0.0],[-46.526407,-3.393261,0.0],[-46.526093,-3.391805,0.0],[-46.525805,-3.390542,0.0],[-46.526602,-3.388703,0.0],[-46.527342,-3.386864,0.0],[-46.527968,-3.384681,0.0],[-46.527509,-3.383533,0.0],[-46.526136,-3.382731,0.0],[-46.52465,-3.382446,0.0],[-46.523392,-3.381932,0.0],[-46.52219,-3.381015,0.0],[-46.521389,-3.380442,0.0],[-46.520589,-3.380213,0.0],[-46.519503,-3.380272,0.0],[-46.518533,-3.380963,0.0],[-46.517849,-3.381883,0.0],[-46.517622,-3.383089,0.0],[-46.517052,-3.383952,0.0],[-46.515738,-3.384356,0.0],[-46.51391,-3.384473,0.0],[-46.512937,-3.383901,0.0],[-46.512251,-3.3835,0.0],[-46.511165,-3.383329,0.0],[-46.510137,-3.383733,0.0],[-46.509623,-3.384135,0.0],[-46.507624,-3.384483,0.0],[-46.506596,-3.385002,0.0],[-46.504939,-3.385062,0.0],[-46.504196,-3.385063,0.0],[-46.50351,-3.384892,0.0],[-46.502253,-3.384894,0.0],[-46.501489,-3.384539,0.0],[-46.501003,-3.383923,0.0],[-46.500759,-3.38289,0.0],[-46.50063,-3.382543,0.0],[-46.500557,-3.382347,0.0],[-46.500471,-3.381935,0.0],[-46.500375,-3.381432,0.0],[-46.50016,-3.380954,0.0],[-46.500154,-3.380378,0.0],[-46.500172,-3.379629,0.0],[-46.500741,-3.378096,0.0],[-46.501073,-3.376947,0.0],[-46.501123,-3.376707,0.0],[-46.500222,-3.374489,0.0],[-46.499259,-3.374318,0.0],[-46.497878,-3.373985,0.0],[-46.496592,-3.374322,0.0],[-46.495831,-3.374515,0.0],[-46.494579,-3.374717,0.0],[-46.494197,-3.374239,0.0],[-46.494006,-3.373665,0.0],[-46.493672,-3.373092,0.0],[-46.493123,-3.37247,0.0],[-46.492201,-3.371496,0.0],[-46.491628,-3.370922,0.0],[-46.491104,-3.370396,0.0],[-46.490341,-3.370063,0.0],[-46.489865,-3.369872,0.0],[-46.489388,-3.36949,0.0],[-46.488578,-3.369204,0.0],[-46.488101,-3.368822,0.0],[-46.487624,-3.368344,0.0],[-46.48729,-3.367818,0.0],[-46.487098,-3.366813,0.0],[-46.486811,-3.365857,0.0],[-46.48681,-3.364995,0.0],[-46.486904,-3.364421,0.0],[-46.487093,-3.36375,0.0],[-46.487235,-3.363128,0.0],[-46.48752,-3.362458,0.0],[-46.487567,-3.361788,0.0],[-46.487613,-3.361213,0.0],[-46.487613,-3.360639,0.0],[-46.487421,-3.360065,0.0],[-46.486991,-3.359108,0.0],[-46.486799,-3.357673,0.0],[-46.486797,-3.356764,0.0],[-46.486748,-3.355854,0.0],[-46.486747,-3.355041,0.0],[-46.486698,-3.354179,0.0],[-46.486563,-3.353108,0.0],[-46.486333,-3.352247,0.0],[-46.485989,-3.351558,0.0],[-46.485702,-3.350869,0.0],[-46.485301,-3.349894,0.0],[-46.484729,-3.349205,0.0],[-46.484327,-3.348517,0.0],[-46.484269,-3.347541,0.0],[-46.484782,-3.346851,0.0],[-46.485982,-3.346849,0.0],[-46.487011,-3.346847,0.0],[-46.487696,-3.346789,0.0],[-46.488382,-3.346501,0.0],[-46.488667,-3.346156,0.0],[-46.488667,-3.346122,0.0],[-46.487481,-3.343091,0.0],[-46.484078,-3.334703,0.0],[-46.480547,-3.325884,0.0],[-46.479751,-3.325801,0.0],[-46.479084,-3.325945,0.0],[-46.478513,-3.326233,0.0],[-46.478085,-3.326713,0.0],[-46.477467,-3.327527,0.0],[-46.477146,-3.327563,0.0],[-46.476539,-3.327564,0.0],[-46.475789,-3.327422,0.0],[-46.475289,-3.327279,0.0],[-46.474503,-3.327173,0.0],[-46.473431,-3.326744,0.0],[-46.472323,-3.326422,0.0],[-46.471251,-3.325849,0.0],[-46.470035,-3.325241,0.0],[-46.468927,-3.324453,0.0],[-46.468248,-3.323952,0.0],[-46.467426,-3.323522,0.0],[-46.466353,-3.322878,0.0],[-46.465138,-3.322413,0.0],[-46.463959,-3.321984,0.0],[-46.463281,-3.321985,0.0],[-46.461923,-3.321915,0.0],[-46.460995,-3.321952,0.0],[-46.459995,-3.321954,0.0],[-46.459459,-3.321883,0.0],[-46.458959,-3.321884,0.0],[-46.457947,-3.321406,0.0],[-46.455803,-3.320811,0.0],[-46.454969,-3.320753,0.0],[-46.454196,-3.320754,0.0],[-46.4536,-3.320695,0.0],[-46.452409,-3.320158,0.0],[-46.451456,-3.319741,0.0],[-46.44961,-3.318966,0.0],[-46.448865,-3.318505,0.0],[-46.448543,-3.317931,0.0],[-46.448435,-3.317429,0.0],[-46.448184,-3.316963,0.0],[-46.448005,-3.316712,0.0],[-46.44754,-3.316389,0.0],[-46.446826,-3.316175,0.0],[-46.446218,-3.315817,0.0],[-46.445753,-3.315423,0.0],[-46.445431,-3.315064,0.0],[-46.444669,-3.314718,0.0],[-46.443894,-3.313882,0.0],[-46.443476,-3.313284,0.0],[-46.443297,-3.312746,0.0],[-46.44276,-3.31173,0.0],[-46.442104,-3.311133,0.0],[-46.441211,-3.310715,0.0],[-46.440793,-3.310118,0.0],[-46.441149,-3.309399,0.0],[-46.441387,-3.30904,0.0],[-46.441683,-3.308202,0.0],[-46.442158,-3.307424,0.0],[-46.442276,-3.306765,0.0],[-46.44174,-3.306048,0.0],[-46.441204,-3.305989,0.0],[-46.44049,-3.30593,0.0],[-46.439894,-3.305872,0.0],[-46.439537,-3.305633,0.0],[-46.43906,-3.305215,0.0],[-46.43894,-3.304557,0.0],[-46.438582,-3.30372,0.0],[-46.438164,-3.303122,0.0],[-46.437747,-3.302764,0.0],[-46.436496,-3.302167,0.0],[-46.435603,-3.301929,0.0],[-46.434769,-3.301332,0.0],[-46.434113,-3.300735,0.0],[-46.43322,-3.300258,0.0],[-46.431731,-3.299722,0.0],[-46.430838,-3.299783,0.0],[-46.429945,-3.299963,0.0],[-46.429946,-3.299318,0.0],[-46.430002,-3.298629,0.0],[-46.430229,-3.29748,0.0],[-46.43057,-3.296216,0.0],[-46.430583,-3.295642,0.0],[-46.43044,-3.295211,0.0],[-46.430225,-3.294852,0.0],[-46.429867,-3.29425,0.0],[-46.429889,-3.29354,0.0],[-46.430007,-3.293181,0.0],[-46.430126,-3.292882,0.0],[-46.430096,-3.292643,0.0],[-46.429887,-3.292164,0.0],[-46.429678,-3.291866,0.0],[-46.42932,-3.291238,0.0],[-46.429081,-3.29058,0.0],[-46.428752,-3.289863,0.0],[-46.428543,-3.289145,0.0],[-46.428661,-3.288427,0.0],[-46.428809,-3.287859,0.0],[-46.428868,-3.28741,0.0],[-46.428689,-3.287111,0.0],[-46.42845,-3.286633,0.0],[-46.428122,-3.286035,0.0],[-46.427913,-3.285796,0.0],[-46.427675,-3.285408,0.0],[-46.427102,-3.28426,0.0],[-46.426386,-3.283304,0.0],[-46.426337,-3.282299,0.0],[-46.426336,-3.281533,0.0],[-46.426477,-3.280432,0.0],[-46.426619,-3.27957,0.0],[-46.426807,-3.278278,0.0],[-46.427472,-3.276602,0.0],[-46.428043,-3.276314,0.0],[-46.428423,-3.275978,0.0],[-46.428518,-3.275643,0.0],[-46.428184,-3.275213,0.0],[-46.42766,-3.27507,0.0],[-46.427231,-3.274831,0.0],[-46.426755,-3.274641,0.0],[-46.426326,-3.274306,0.0],[-46.425802,-3.274115,0.0],[-46.425373,-3.273925,0.0],[-46.424848,-3.273638,0.0],[-46.424371,-3.272367,0.0],[-46.424275,-3.271936,0.0],[-46.424321,-3.27117,0.0],[-46.424511,-3.2705,0.0],[-46.424796,-3.269973,0.0],[-46.424985,-3.269446,0.0],[-46.424985,-3.26892,0.0],[-46.424603,-3.268442,0.0],[-46.424269,-3.268251,0.0],[-46.423888,-3.267916,0.0],[-46.423054,-3.267499,0.0],[-46.422947,-3.267176,0.0],[-46.422767,-3.266638,0.0],[-46.422621,-3.266512,0.0],[-46.422517,-3.266423,0.0],[-46.422509,-3.266423,0.0],[-46.42216,-3.266423,0.0],[-46.42191,-3.266603,0.0],[-46.421339,-3.26664,0.0],[-46.420732,-3.266713,0.0],[-46.420375,-3.266857,0.0],[-46.420268,-3.267431,0.0],[-46.420376,-3.267862,0.0],[-46.420127,-3.268616,0.0],[-46.41995,-3.269478,0.0],[-46.419487,-3.270268,0.0],[-46.419238,-3.27113,0.0],[-46.418953,-3.27131,0.0],[-46.418595,-3.271166,0.0],[-46.418166,-3.27088,0.0],[-46.417916,-3.270593,0.0],[-46.417487,-3.270235,0.0],[-46.416773,-3.270236,0.0],[-46.415987,-3.270273,0.0],[-46.415308,-3.270346,0.0],[-46.414523,-3.270706,0.0],[-46.413845,-3.270886,0.0],[-46.412988,-3.271282,0.0],[-46.411989,-3.27193,0.0],[-46.410776,-3.272793,0.0],[-46.409991,-3.273009,0.0],[-46.40967,-3.273261,0.0],[-46.409206,-3.273764,0.0],[-46.408814,-3.274052,0.0],[-46.408278,-3.274196,0.0],[-46.407208,-3.274772,0.0],[-46.406959,-3.275957,0.0],[-46.405889,-3.276461,0.0],[-46.405247,-3.276964,0.0],[-46.40417,-3.277787,0.0],[-46.403085,-3.278363,0.0],[-46.402172,-3.278996,0.0],[-46.40143,-3.279915,0.0],[-46.400974,-3.280663,0.0],[-46.400118,-3.281353,0.0],[-46.397719,-3.282046,0.0],[-46.396633,-3.282105,0.0],[-46.395834,-3.28245,0.0],[-46.393778,-3.283372,0.0],[-46.392064,-3.283777,0.0],[-46.391094,-3.284237,0.0],[-46.38978,-3.284986,0.0],[-46.389781,-3.285656,0.0],[-46.390165,-3.287474,0.0],[-46.390262,-3.289197,0.0],[-46.389217,-3.290634,0.0],[-46.387124,-3.292551,0.0],[-46.385982,-3.293414,0.0],[-46.385412,-3.294085,0.0],[-46.384747,-3.295043,0.0],[-46.384461,-3.295427,0.0],[-46.383509,-3.295619,0.0],[-46.382271,-3.295669,0.0],[-46.380557,-3.295432,0.0],[-46.379937,-3.295002,0.0],[-46.379269,-3.294381,0.0],[-46.378507,-3.293616,0.0],[-46.376076,-3.292471,0.0],[-46.374647,-3.292186,0.0],[-46.373028,-3.292045,0.0],[-46.372314,-3.292285,0.0],[-46.37141,-3.292573,0.0],[-46.370219,-3.292671,0.0],[-46.368505,-3.292673,0.0],[-46.365909,-3.292084,0.0],[-46.364423,-3.291799,0.0],[-46.362993,-3.291169,0.0],[-46.361678,-3.290482,0.0],[-46.359848,-3.289163,0.0],[-46.358647,-3.288418,0.0],[-46.357561,-3.28842,0.0],[-46.356646,-3.287732,0.0],[-46.356368,-3.287597,0.0],[-46.355653,-3.28688,0.0],[-46.355223,-3.286497,0.0],[-46.354318,-3.286068,0.0],[-46.353794,-3.285638,0.0],[-46.353174,-3.284921,0.0],[-46.352887,-3.284299,0.0],[-46.352553,-3.283629,0.0],[-46.352076,-3.283008,0.0],[-46.351551,-3.282243,0.0],[-46.351169,-3.281669,0.0],[-46.350502,-3.281383,0.0],[-46.350073,-3.280905,0.0],[-46.350024,-3.280139,0.0],[-46.349928,-3.279278,0.0],[-46.349832,-3.278656,0.0],[-46.349307,-3.277603,0.0],[-46.349401,-3.276885,0.0],[-46.3494,-3.276263,0.0],[-46.348637,-3.27545,0.0],[-46.347684,-3.275165,0.0],[-46.347161,-3.275213,0.0],[-46.346161,-3.275597,0.0],[-46.34559,-3.276029,0.0],[-46.345013,-3.276151,0.0],[-46.344823,-3.276152,0.0],[-46.34437,-3.276128,0.0],[-46.344108,-3.275841,0.0],[-46.343989,-3.275578,0.0],[-46.343988,-3.275148,0.0],[-46.344058,-3.274095,0.0],[-46.344057,-3.273448,0.0],[-46.343819,-3.272946,0.0],[-46.343509,-3.27266,0.0],[-46.343222,-3.272253,0.0],[-46.343079,-3.272134,0.0],[-46.343036,-3.271612,0.0],[-46.343154,-3.271229,0.0],[-46.343511,-3.270726,0.0],[-46.343796,-3.270295,0.0],[-46.344033,-3.269792,0.0],[-46.344152,-3.269361,0.0],[-46.344604,-3.269169,0.0],[-46.344985,-3.269049,0.0],[-46.345651,-3.268928,0.0],[-46.346746,-3.268544,0.0],[-46.347436,-3.268495,0.0],[-46.348198,-3.268614,0.0],[-46.348603,-3.268781,0.0],[-46.349222,-3.268708,0.0],[-46.349436,-3.268277,0.0],[-46.34965,-3.26775,0.0],[-46.349625,-3.267224,0.0],[-46.349274,-3.266449,0.0],[-46.349102,-3.265703,0.0],[-46.349043,-3.264784,0.0],[-46.349099,-3.263463,0.0],[-46.348925,-3.26197,0.0],[-46.348696,-3.261166,0.0],[-46.348295,-3.260305,0.0],[-46.347893,-3.259444,0.0],[-46.347607,-3.258928,0.0],[-46.346921,-3.258699,0.0],[-46.346464,-3.258814,0.0],[-46.345721,-3.258988,0.0],[-46.345036,-3.259505,0.0],[-46.344123,-3.260023,0.0],[-46.343438,-3.260656,0.0],[-46.342982,-3.261231,0.0],[-46.34281,-3.261346,0.0],[-46.342296,-3.261577,0.0],[-46.341611,-3.26198,0.0],[-46.340755,-3.26244,0.0]]]}},{"type":"Feature","properties":{"nome":"Bacurizinho","etnia":"Guajr","fase":"Regularizada","superficie_ha":82432.4931},"geometry":{"type":"Polygon","coordinates":[[[-45.734578,-5.801499,0.0],[-45.593465,-5.833722,0.0],[-45.59346,-5.833723,0.0],[-45.592909,-5.833847,0.0],[-45.5929,-5.833849,0.0],[-45.592529,-5.834373,0.0],[-45.59221,-5.834859,0.0],[-45.592107,-5.834987,0.0],[-45.592005,-5.835281,0.0],[-45.591775,-5.835447,0.0],[-45.591864,-5.835703,0.0],[-45.59203,-5.836036,0.0],[-45.592235,-5.836292,0.0],[-45.59235,-5.83656,0.0],[-45.592325,-5.836778,0.0],[-45.59235,-5.837136,0.0],[-45.592274,-5.83743,0.0],[-45.591979,-5.83766,0.0],[-45.591442,-5.837775,0.0],[-45.591058,-5.83766,0.0],[-45.590572,-5.837801,0.0],[-45.590214,-5.83775,0.0],[-45.589818,-5.837891,0.0],[-45.589472,-5.837967,0.0],[-45.589191,-5.838121,0.0],[-45.588794,-5.838402,0.0],[-45.588641,-5.838748,0.0],[-45.588564,-5.839042,0.0],[-45.588475,-5.839362,0.0],[-45.588436,-5.839566,0.0],[-45.588206,-5.839809,0.0],[-45.588065,-5.84004,0.0],[-45.587873,-5.840359,0.0],[-45.587835,-5.840593,0.0],[-45.587694,-5.840823,0.0],[-45.587528,-5.840964,0.0],[-45.587374,-5.841271,0.0],[-45.587272,-5.841475,0.0],[-45.587131,-5.841693,0.0],[-45.587016,-5.841923,0.0],[-45.586965,-5.842089,0.0],[-45.587042,-5.842268,0.0],[-45.587272,-5.84255,0.0],[-45.587528,-5.842703,0.0],[-45.587694,-5.842934,0.0],[-45.587924,-5.843125,0.0],[-45.587976,-5.843317,0.0],[-45.587963,-5.843586,0.0],[-45.587822,-5.843842,0.0],[-45.587784,-5.843957,0.0],[-45.587733,-5.844264,0.0],[-45.587579,-5.84452,0.0],[-45.587234,-5.844532,0.0],[-45.58685,-5.844571,0.0],[-45.586501,-5.844587,0.0],[-45.586131,-5.844536,0.0],[-45.585798,-5.844664,0.0],[-45.585504,-5.844676,0.0],[-45.585261,-5.844779,0.0],[-45.585056,-5.844817,0.0],[-45.584877,-5.844766,0.0],[-45.584749,-5.844715,0.0],[-45.584583,-5.844919,0.0],[-45.584391,-5.845098,0.0],[-45.584301,-5.845278,0.0],[-45.584365,-5.845508,0.0],[-45.584544,-5.845687,0.0],[-45.584787,-5.845661,0.0],[-45.585082,-5.845597,0.0],[-45.585248,-5.845444,0.0],[-45.585491,-5.845367,0.0],[-45.585798,-5.845316,0.0],[-45.585913,-5.845482,0.0],[-45.585926,-5.845648,0.0],[-45.585836,-5.845853,0.0],[-45.585824,-5.846007,0.0],[-45.585875,-5.846198,0.0],[-45.586131,-5.846403,0.0],[-45.586143,-5.846621,0.0],[-45.586054,-5.846812,0.0],[-45.58599,-5.846995,0.0],[-45.585887,-5.847199,0.0],[-45.585696,-5.847481,0.0],[-45.585555,-5.847596,0.0],[-45.585542,-5.847749,0.0],[-45.585555,-5.847967,0.0],[-45.585491,-5.848172,0.0],[-45.585491,-5.848415,0.0],[-45.585593,-5.848504,0.0],[-45.585849,-5.848568,0.0],[-45.586054,-5.848696,0.0],[-45.58622,-5.848786,0.0],[-45.586399,-5.848734,0.0],[-45.586655,-5.848734,0.0],[-45.58677,-5.848798,0.0],[-45.586962,-5.849016,0.0],[-45.587141,-5.849259,0.0],[-45.587397,-5.849515,0.0],[-45.587512,-5.849681,0.0],[-45.587691,-5.850042,0.0],[-45.587768,-5.850349,0.0],[-45.587883,-5.850618,0.0],[-45.587883,-5.850823,0.0],[-45.587845,-5.851078,0.0],[-45.587806,-5.851385,0.0],[-45.587781,-5.851667,0.0],[-45.587704,-5.852012,0.0],[-45.587576,-5.852178,0.0],[-45.587422,-5.852357,0.0],[-45.587371,-5.852514,0.0],[-45.587371,-5.852757,0.0],[-45.587231,-5.853051,0.0],[-45.587128,-5.853167,0.0],[-45.587077,-5.853371,0.0],[-45.587039,-5.853563,0.0],[-45.586872,-5.853742,0.0],[-45.586732,-5.853857,0.0],[-45.586565,-5.854024,0.0],[-45.586463,-5.854241,0.0],[-45.586374,-5.854458,0.0],[-45.586271,-5.854701,0.0],[-45.586207,-5.854893,0.0],[-45.586246,-5.855079,0.0],[-45.586143,-5.855309,0.0],[-45.586041,-5.855437,0.0],[-45.586054,-5.855667,0.0],[-45.586092,-5.855885,0.0],[-45.586207,-5.856051,0.0],[-45.586374,-5.85614,0.0],[-45.586693,-5.856077,0.0],[-45.587026,-5.855987,0.0],[-45.587346,-5.855961,0.0],[-45.587755,-5.855949,0.0],[-45.588241,-5.855949,0.0],[-45.588561,-5.855846,0.0],[-45.588778,-5.855821,0.0],[-45.589316,-5.855782,0.0],[-45.589661,-5.855846,0.0],[-45.590057,-5.85591,0.0],[-45.59016,-5.856128,0.0],[-45.590173,-5.856332,0.0],[-45.590198,-5.856473,0.0],[-45.5903,-5.856703,0.0],[-45.590134,-5.856831,0.0],[-45.590109,-5.857049,0.0],[-45.590083,-5.857253,0.0],[-45.589993,-5.857458,0.0],[-45.589738,-5.857586,0.0],[-45.589648,-5.857714,0.0],[-45.589495,-5.857995,0.0],[-45.589392,-5.858162,0.0],[-45.589226,-5.858392,0.0],[-45.589047,-5.858532,0.0],[-45.588855,-5.858737,0.0],[-45.588804,-5.858929,0.0],[-45.58865,-5.859121,0.0],[-45.588497,-5.859338,0.0],[-45.588522,-5.859585,0.0],[-45.588343,-5.859738,0.0],[-45.588279,-5.859917,0.0],[-45.588305,-5.860147,0.0],[-45.588331,-5.860326,0.0],[-45.588305,-5.860518,0.0],[-45.588279,-5.860761,0.0],[-45.588267,-5.860928,0.0],[-45.58819,-5.861068,0.0],[-45.588203,-5.861235,0.0],[-45.588407,-5.861324,0.0],[-45.588727,-5.861337,0.0],[-45.589021,-5.861324,0.0],[-45.589418,-5.861426,0.0],[-45.58984,-5.861618,0.0],[-45.589981,-5.861759,0.0],[-45.590185,-5.861989,0.0],[-45.590416,-5.862207,0.0],[-45.590662,-5.862367,0.0],[-45.590764,-5.862622,0.0],[-45.590866,-5.862776,0.0],[-45.591007,-5.862993,0.0],[-45.591148,-5.863236,0.0],[-45.591263,-5.86339,0.0],[-45.591417,-5.86371,0.0],[-45.59148,-5.863966,0.0],[-45.591519,-5.864209,0.0],[-45.591557,-5.864439,0.0],[-45.591621,-5.864592,0.0],[-45.591583,-5.864848,0.0],[-45.591544,-5.864976,0.0],[-45.591519,-5.865181,0.0],[-45.591532,-5.865398,0.0],[-45.591557,-5.865654,0.0],[-45.59148,-5.865871,0.0],[-45.591455,-5.866102,0.0],[-45.591468,-5.866383,0.0],[-45.591442,-5.866601,0.0],[-45.591353,-5.866908,0.0],[-45.591161,-5.867163,0.0],[-45.590943,-5.867432,0.0],[-45.590572,-5.867675,0.0],[-45.590432,-5.867918,0.0],[-45.590393,-5.868151,0.0],[-45.590329,-5.868394,0.0],[-45.590201,-5.868663,0.0],[-45.590201,-5.868817,0.0],[-45.589894,-5.869034,0.0],[-45.589728,-5.869085,0.0],[-45.58937,-5.86897,0.0],[-45.589063,-5.869034,0.0],[-45.588833,-5.868996,0.0],[-45.588538,-5.868791,0.0],[-45.588359,-5.868599,0.0],[-45.587912,-5.868433,0.0],[-45.587592,-5.868318,0.0],[-45.58717,-5.868241,0.0],[-45.586773,-5.868215,0.0],[-45.586262,-5.868011,0.0],[-45.586095,-5.867793,0.0],[-45.585967,-5.867589,0.0],[-45.58566,-5.867435,0.0],[-45.585609,-5.867167,0.0],[-45.585686,-5.866949,0.0],[-45.585827,-5.866732,0.0],[-45.585942,-5.866553,0.0],[-45.586031,-5.866335,0.0],[-45.585993,-5.86613,0.0],[-45.585686,-5.865913,0.0],[-45.585405,-5.865721,0.0],[-45.584995,-5.865593,0.0],[-45.58465,-5.865529,0.0],[-45.584253,-5.86544,0.0],[-45.584036,-5.865286,0.0],[-45.583767,-5.865043,0.0],[-45.583537,-5.864762,0.0],[-45.583179,-5.864506,0.0],[-45.582984,-5.864276,0.0],[-45.582766,-5.864084,0.0],[-45.582677,-5.863879,0.0],[-45.582562,-5.863649,0.0],[-45.582383,-5.863508,0.0],[-45.582165,-5.863495,0.0],[-45.581922,-5.863611,0.0],[-45.581679,-5.863841,0.0],[-45.581564,-5.864007,0.0],[-45.581564,-5.864225,0.0],[-45.581628,-5.864468,0.0],[-45.581718,-5.864698,0.0],[-45.581845,-5.864915,0.0],[-45.581884,-5.865146,0.0],[-45.581973,-5.865363,0.0],[-45.582088,-5.865516,0.0],[-45.582319,-5.865696,0.0],[-45.582587,-5.865734,0.0],[-45.582766,-5.865926,0.0],[-45.582766,-5.866118,0.0],[-45.582639,-5.866425,0.0],[-45.582357,-5.86668,0.0],[-45.582063,-5.866872,0.0],[-45.581692,-5.867,0.0],[-45.581385,-5.867,0.0],[-45.581116,-5.866949,0.0],[-45.580681,-5.867064,0.0],[-45.580298,-5.867179,0.0],[-45.580144,-5.867384,0.0],[-45.579991,-5.867601,0.0],[-45.579697,-5.867844,0.0],[-45.579556,-5.868062,0.0],[-45.579428,-5.868267,0.0],[-45.579351,-5.868535,0.0],[-45.5793,-5.868765,0.0],[-45.579402,-5.868996,0.0],[-45.579556,-5.869085,0.0],[-45.579876,-5.869136,0.0],[-45.580349,-5.869149,0.0],[-45.580669,-5.869124,0.0],[-45.58095,-5.869213,0.0],[-45.581078,-5.869303,0.0],[-45.581398,-5.869546,0.0],[-45.581577,-5.869865,0.0],[-45.581577,-5.870172,0.0],[-45.581436,-5.870422,0.0],[-45.581449,-5.870703,0.0],[-45.581423,-5.870908,0.0],[-45.581487,-5.871125,0.0],[-45.581577,-5.871317,0.0],[-45.581692,-5.871496,0.0],[-45.581756,-5.871739,0.0],[-45.581679,-5.87197,0.0],[-45.581577,-5.872225,0.0],[-45.581475,-5.872481,0.0],[-45.581372,-5.872712,0.0],[-45.58118,-5.872916,0.0],[-45.580988,-5.873198,0.0],[-45.580835,-5.873466,0.0],[-45.580618,-5.87376,0.0],[-45.580426,-5.873952,0.0],[-45.580234,-5.874272,0.0],[-45.579978,-5.874579,0.0],[-45.579876,-5.874797,0.0],[-45.579837,-5.874976,0.0],[-45.579722,-5.875308,0.0],[-45.579633,-5.875551,0.0],[-45.579543,-5.875807,0.0],[-45.579607,-5.876143,0.0],[-45.579709,-5.876424,0.0],[-45.57985,-5.876706,0.0],[-45.579965,-5.87691,0.0],[-45.580067,-5.877064,0.0],[-45.580195,-5.877192,0.0],[-45.580247,-5.877396,0.0],[-45.580349,-5.877627,0.0],[-45.580515,-5.877831,0.0],[-45.580745,-5.877908,0.0],[-45.581014,-5.877921,0.0],[-45.581308,-5.878023,0.0],[-45.581654,-5.878049,0.0],[-45.582025,-5.877985,0.0],[-45.582242,-5.878023,0.0],[-45.582536,-5.878087,0.0],[-45.582818,-5.877921,0.0],[-45.583278,-5.877908,0.0],[-45.583739,-5.87778,0.0],[-45.584199,-5.877716,0.0],[-45.584442,-5.877742,0.0],[-45.584762,-5.877627,0.0],[-45.585018,-5.877537,0.0],[-45.585197,-5.877537,0.0],[-45.585619,-5.877473,0.0],[-45.586143,-5.877268,0.0],[-45.586386,-5.877064,0.0],[-45.586629,-5.876782,0.0],[-45.586796,-5.876437,0.0],[-45.586898,-5.876271,0.0],[-45.587179,-5.876066,0.0],[-45.587435,-5.875964,0.0],[-45.587883,-5.875989,0.0],[-45.588279,-5.876028,0.0],[-45.588625,-5.875913,0.0],[-45.588714,-5.875797,0.0],[-45.588702,-5.875452,0.0],[-45.588727,-5.875132,0.0],[-45.588906,-5.8748,0.0],[-45.589149,-5.874595,0.0],[-45.589648,-5.874352,0.0],[-45.590185,-5.874339,0.0],[-45.590492,-5.87448,0.0],[-45.590991,-5.874608,0.0],[-45.591221,-5.874749,0.0],[-45.591541,-5.874889,0.0],[-45.59172,-5.875068,0.0],[-45.591989,-5.87526,0.0],[-45.592206,-5.875414,0.0],[-45.592552,-5.875606,0.0],[-45.592705,-5.875836,0.0],[-45.593051,-5.876066,0.0],[-45.593268,-5.876283,0.0],[-45.593524,-5.876475,0.0],[-45.593792,-5.87677,0.0],[-45.593975,-5.876929,0.0],[-45.594128,-5.877211,0.0],[-45.594192,-5.877428,0.0],[-45.594167,-5.877722,0.0],[-45.594051,-5.87794,0.0],[-45.593924,-5.878119,0.0],[-45.593872,-5.878375,0.0],[-45.593783,-5.878592,0.0],[-45.593604,-5.878733,0.0],[-45.593386,-5.878848,0.0],[-45.593131,-5.879027,0.0],[-45.593003,-5.879206,0.0],[-45.592862,-5.879385,0.0],[-45.59267,-5.879616,0.0],[-45.592606,-5.879782,0.0],[-45.592376,-5.879961,0.0],[-45.592197,-5.880178,0.0],[-45.592056,-5.880396,0.0],[-45.591813,-5.880664,0.0],[-45.59157,-5.880869,0.0],[-45.591263,-5.881023,0.0],[-45.590905,-5.881227,0.0],[-45.59079,-5.881445,0.0],[-45.590803,-5.881662,0.0],[-45.590982,-5.881777,0.0],[-45.591301,-5.881752,0.0],[-45.591736,-5.881624,0.0],[-45.592158,-5.881496,0.0],[-45.592363,-5.881355,0.0],[-45.59276,-5.881215,0.0],[-45.593118,-5.881151,0.0],[-45.593412,-5.881151,0.0],[-45.593578,-5.881227,0.0],[-45.593885,-5.881304,0.0],[-45.594231,-5.881151,0.0],[-45.594512,-5.881163,0.0],[-45.594819,-5.881381,0.0],[-45.595152,-5.881573,0.0],[-45.595433,-5.881777,0.0],[-45.595586,-5.88202,0.0],[-45.595983,-5.882225,0.0],[-45.596175,-5.882391,0.0],[-45.59606,-5.882804,0.0],[-45.59606,-5.883008,0.0],[-45.595766,-5.883213,0.0],[-45.595497,-5.883379,0.0],[-45.595228,-5.88361,0.0],[-45.594857,-5.883738,0.0],[-45.594448,-5.883827,0.0],[-45.594026,-5.883789,0.0],[-45.593757,-5.883865,0.0],[-45.59345,-5.884096,0.0],[-45.593297,-5.884313,0.0],[-45.593361,-5.884659,0.0],[-45.593476,-5.884966,0.0],[-45.593629,-5.885221,0.0],[-45.593668,-5.885516,0.0],[-45.593834,-5.886158,0.0],[-45.593872,-5.886414,0.0],[-45.593949,-5.886747,0.0],[-45.593847,-5.887066,0.0],[-45.593808,-5.88745,0.0],[-45.593591,-5.88768,0.0],[-45.593361,-5.887808,0.0],[-45.593041,-5.887949,0.0],[-45.592708,-5.888026,0.0],[-45.592286,-5.888051,0.0],[-45.591864,-5.887936,0.0],[-45.591468,-5.887808,0.0],[-45.591263,-5.887668,0.0],[-45.590803,-5.88754,0.0],[-45.590585,-5.887565,0.0],[-45.590125,-5.887693,0.0],[-45.589907,-5.887808,0.0],[-45.589754,-5.888026,0.0],[-45.589664,-5.888282,0.0],[-45.589651,-5.888525,0.0],[-45.589741,-5.888768,0.0],[-45.589971,-5.889024,0.0],[-45.590201,-5.889164,0.0],[-45.590304,-5.889542,0.0],[-45.590432,-5.889797,0.0],[-45.590496,-5.890207,0.0],[-45.590585,-5.890475,0.0],[-45.590828,-5.890744,0.0],[-45.590982,-5.891192,0.0],[-45.590943,-5.891422,0.0],[-45.590866,-5.891754,0.0],[-45.590713,-5.8921,0.0],[-45.590764,-5.89249,0.0],[-45.590662,-5.892707,0.0],[-45.590662,-5.893002,0.0],[-45.590687,-5.893232,0.0],[-45.590739,-5.893603,0.0],[-45.590687,-5.893884,0.0],[-45.5907,-5.89423,0.0],[-45.590726,-5.894473,0.0],[-45.590534,-5.894831,0.0],[-45.590419,-5.895074,0.0],[-45.590432,-5.895483,0.0],[-45.590483,-5.895803,0.0],[-45.590662,-5.896148,0.0],[-45.590854,-5.896468,0.0],[-45.591135,-5.896871,0.0],[-45.591135,-5.897191,0.0],[-45.591071,-5.897562,0.0],[-45.590969,-5.897907,0.0],[-45.591071,-5.89824,0.0],[-45.591097,-5.898585,0.0],[-45.590982,-5.898905,0.0],[-45.590547,-5.899237,0.0],[-45.590176,-5.899365,0.0],[-45.58969,-5.899506,0.0],[-45.589242,-5.899659,0.0],[-45.589012,-5.899813,0.0],[-45.588986,-5.899915,0.0],[-45.589088,-5.900146,0.0],[-45.589332,-5.900337,0.0],[-45.589613,-5.90058,0.0],[-45.589856,-5.900875,0.0],[-45.590086,-5.901233,0.0],[-45.590163,-5.901578,0.0],[-45.590265,-5.901962,0.0],[-45.590278,-5.902397,0.0],[-45.590278,-5.902717,0.0],[-45.590253,-5.902886,0.0],[-45.590329,-5.903219,0.0],[-45.590393,-5.903564,0.0],[-45.590406,-5.903833,0.0],[-45.590444,-5.904101,0.0],[-45.590534,-5.904447,0.0],[-45.590496,-5.904754,0.0],[-45.590585,-5.905061,0.0],[-45.590675,-5.905316,0.0],[-45.590815,-5.905662,0.0],[-45.591173,-5.905764,0.0],[-45.591506,-5.905726,0.0],[-45.591877,-5.905675,0.0],[-45.59235,-5.905687,0.0],[-45.592734,-5.905815,0.0],[-45.592824,-5.906173,0.0],[-45.592772,-5.906532,0.0],[-45.592721,-5.906762,0.0],[-45.592491,-5.906928,0.0],[-45.592197,-5.907018,0.0],[-45.592056,-5.90712,0.0],[-45.591928,-5.907273,0.0],[-45.591839,-5.907724,0.0],[-45.591736,-5.908057,0.0],[-45.59157,-5.9083,0.0],[-45.591365,-5.908517,0.0],[-45.591212,-5.908748,0.0],[-45.591135,-5.908914,0.0],[-45.59102,-5.909157,0.0],[-45.591033,-5.909426,0.0],[-45.59111,-5.909643,0.0],[-45.591161,-5.909944,0.0],[-45.591148,-5.910187,0.0],[-45.591161,-5.910417,0.0],[-45.591212,-5.910609,0.0],[-45.591161,-5.910813,0.0],[-45.591058,-5.910967,0.0],[-45.590918,-5.911223,0.0],[-45.590815,-5.911389,0.0],[-45.590803,-5.911555,0.0],[-45.59093,-5.911786,0.0],[-45.591071,-5.911965,0.0],[-45.591263,-5.912144,0.0],[-45.591557,-5.912361,0.0],[-45.591775,-5.912566,0.0],[-45.591967,-5.912694,0.0],[-45.592184,-5.912796,0.0],[-45.592478,-5.912886,0.0],[-45.592696,-5.913167,0.0],[-45.592798,-5.913346,0.0],[-45.592836,-5.913602,0.0],[-45.592939,-5.913781,0.0],[-45.593156,-5.913909,0.0],[-45.593271,-5.914155,0.0],[-45.593348,-5.914411,0.0],[-45.593322,-5.914731,0.0],[-45.593335,-5.914923,0.0],[-45.593463,-5.915178,0.0],[-45.593514,-5.915409,0.0],[-45.593642,-5.915664,0.0],[-45.593783,-5.915869,0.0],[-45.593885,-5.916099,0.0],[-45.593949,-5.916278,0.0],[-45.594103,-5.916611,0.0],[-45.594195,-5.916797,0.0],[-45.594183,-5.917027,0.0],[-45.594285,-5.917231,0.0],[-45.594438,-5.917398,0.0],[-45.594515,-5.917654,0.0],[-45.59449,-5.917922,0.0],[-45.594528,-5.918165,0.0],[-45.594566,-5.918472,0.0],[-45.594835,-5.918651,0.0],[-45.595052,-5.918651,0.0],[-45.595257,-5.91828,0.0],[-45.595487,-5.917922,0.0],[-45.595756,-5.917858,0.0],[-45.595999,-5.917922,0.0],[-45.596178,-5.91814,0.0],[-45.596447,-5.918434,0.0],[-45.596626,-5.918715,0.0],[-45.59683,-5.918984,0.0],[-45.596984,-5.919176,0.0],[-45.597278,-5.919393,0.0],[-45.597572,-5.919585,0.0],[-45.597892,-5.91979,0.0],[-45.598071,-5.919777,0.0],[-45.598276,-5.919585,0.0],[-45.598429,-5.919316,0.0],[-45.598519,-5.919099,0.0],[-45.598749,-5.919022,0.0],[-45.598992,-5.919048,0.0],[-45.599401,-5.91924,0.0],[-45.599644,-5.919393,0.0],[-45.600105,-5.919547,0.0],[-45.600476,-5.919521,0.0],[-45.60077,-5.919572,0.0],[-45.601115,-5.919623,0.0],[-45.601192,-5.919828,0.0],[-45.601282,-5.920033,0.0],[-45.601282,-5.92034,0.0],[-45.601269,-5.920762,0.0],[-45.601103,-5.920966,0.0],[-45.600988,-5.921312,0.0],[-45.601,-5.921619,0.0],[-45.601346,-5.921926,0.0],[-45.601755,-5.922003,0.0],[-45.602126,-5.92199,0.0],[-45.60242,-5.921721,0.0],[-45.602625,-5.921401,0.0],[-45.602574,-5.921056,0.0],[-45.60242,-5.920775,0.0],[-45.602164,-5.920378,0.0],[-45.602011,-5.920071,0.0],[-45.602075,-5.919738,0.0],[-45.602279,-5.919598,0.0],[-45.602484,-5.919521,0.0],[-45.602798,-5.919473,0.0],[-45.603309,-5.919422,0.0],[-45.603693,-5.919396,0.0],[-45.603949,-5.91946,0.0],[-45.604384,-5.919511,0.0],[-45.604806,-5.919563,0.0],[-45.605074,-5.919691,0.0],[-45.605253,-5.91987,0.0],[-45.605381,-5.920151,0.0],[-45.60542,-5.920394,0.0],[-45.605445,-5.920675,0.0],[-45.605548,-5.920893,0.0],[-45.605509,-5.921149,0.0],[-45.605381,-5.921379,0.0],[-45.605113,-5.921507,0.0],[-45.604908,-5.92175,0.0],[-45.604716,-5.921967,0.0],[-45.604614,-5.922185,0.0],[-45.604486,-5.922389,0.0],[-45.60432,-5.922569,0.0],[-45.60423,-5.922773,0.0],[-45.604025,-5.92294,0.0],[-45.603923,-5.923144,0.0],[-45.603949,-5.923323,0.0],[-45.604153,-5.923464,0.0],[-45.604448,-5.923605,0.0],[-45.604627,-5.923745,0.0],[-45.605062,-5.923924,0.0],[-45.605253,-5.92404,0.0],[-45.60542,-5.924104,0.0],[-45.605893,-5.924359,0.0],[-45.606072,-5.924487,0.0],[-45.606392,-5.92459,0.0],[-45.606737,-5.924654,0.0],[-45.607137,-5.924695,0.0],[-45.607623,-5.924695,0.0],[-45.607853,-5.924797,0.0],[-45.608263,-5.924823,0.0],[-45.608697,-5.924849,0.0],[-45.60912,-5.9249,0.0],[-45.60958,-5.924887,0.0],[-45.609977,-5.924874,0.0],[-45.610117,-5.924964,0.0],[-45.610463,-5.924951,0.0],[-45.610834,-5.925015,0.0],[-45.611205,-5.925015,0.0],[-45.611512,-5.925117,0.0],[-45.611882,-5.925194,0.0],[-45.612228,-5.925424,0.0],[-45.612317,-5.92559,0.0],[-45.612356,-5.925872,0.0],[-45.612317,-5.926089,0.0],[-45.612279,-5.926281,0.0],[-45.612241,-5.926511,0.0],[-45.612113,-5.926678,0.0],[-45.611946,-5.926914,0.0],[-45.61187,-5.927157,0.0],[-45.611806,-5.927439,0.0],[-45.611678,-5.927682,0.0],[-45.611537,-5.927771,0.0],[-45.611422,-5.928002,0.0],[-45.61132,-5.928181,0.0],[-45.61123,-5.928411,0.0],[-45.611128,-5.928628,0.0],[-45.611115,-5.928859,0.0],[-45.611115,-5.929089,0.0],[-45.611089,-5.929358,0.0],[-45.610923,-5.929626,0.0],[-45.610795,-5.929818,0.0],[-45.610591,-5.930125,0.0],[-45.610399,-5.930342,0.0],[-45.610284,-5.930483,0.0],[-45.610092,-5.930726,0.0],[-45.610053,-5.93088,0.0],[-45.610066,-5.931251,0.0],[-45.610092,-5.931647,0.0],[-45.610168,-5.931852,0.0],[-45.610284,-5.931993,0.0],[-45.610501,-5.93212,0.0],[-45.610744,-5.932252,0.0],[-45.610898,-5.932533,0.0],[-45.610949,-5.932763,0.0],[-45.611051,-5.932968,0.0],[-45.611153,-5.933249,0.0],[-45.611179,-5.933441,0.0],[-45.61146,-5.933633,0.0],[-45.611793,-5.933799,0.0],[-45.612228,-5.933812,0.0],[-45.61256,-5.933838,0.0],[-45.612816,-5.93394,0.0],[-45.613136,-5.934145,0.0],[-45.613226,-5.934413,0.0],[-45.61329,-5.93458,0.0],[-45.613353,-5.934874,0.0],[-45.613469,-5.935066,0.0],[-45.61366,-5.935309,0.0],[-45.613676,-5.935341,0.0],[-45.613779,-5.93552,0.0],[-45.613919,-5.935776,0.0],[-45.613919,-5.935955,0.0],[-45.613996,-5.936198,0.0],[-45.614124,-5.936326,0.0],[-45.61429,-5.936453,0.0],[-45.614444,-5.936594,0.0],[-45.614546,-5.936863,0.0],[-45.614661,-5.93708,0.0],[-45.614789,-5.937259,0.0],[-45.614956,-5.937464,0.0],[-45.615032,-5.937656,0.0],[-45.614994,-5.937886,0.0],[-45.614956,-5.938091,0.0],[-45.615186,-5.938244,0.0],[-45.615429,-5.938283,0.0],[-45.61557,-5.938411,0.0],[-45.615595,-5.938449,0.0],[-45.615825,-5.938564,0.0],[-45.616068,-5.938666,0.0],[-45.616209,-5.938935,0.0],[-45.616299,-5.939063,0.0],[-45.616491,-5.939024,0.0],[-45.616759,-5.938999,0.0],[-45.617041,-5.938884,0.0],[-45.617284,-5.938961,0.0],[-45.617475,-5.939204,0.0],[-45.617594,-5.939603,0.0],[-45.617914,-5.939837,0.0],[-45.61799,-5.94008,0.0],[-45.618221,-5.940284,0.0],[-45.618451,-5.940438,0.0],[-45.618809,-5.940591,0.0],[-45.619052,-5.940719,0.0],[-45.619295,-5.940822,0.0],[-45.61964,-5.94109,0.0],[-45.619909,-5.941269,0.0],[-45.620075,-5.941423,0.0],[-45.620536,-5.941384,0.0],[-45.620894,-5.941461,0.0],[-45.621188,-5.94164,0.0],[-45.621533,-5.941858,0.0],[-45.62202,-5.942203,0.0],[-45.622007,-5.942472,0.0],[-45.621943,-5.942731,0.0],[-45.6217,-5.942935,0.0],[-45.621303,-5.942999,0.0],[-45.620996,-5.943114,0.0],[-45.620779,-5.943242,0.0],[-45.620625,-5.943396,0.0],[-45.620651,-5.943588,0.0],[-45.620881,-5.943818,0.0],[-45.621009,-5.944023,0.0],[-45.621086,-5.944227,0.0],[-45.621252,-5.944483,0.0],[-45.621393,-5.944649,0.0],[-45.621521,-5.944931,0.0],[-45.621636,-5.945161,0.0],[-45.621649,-5.945404,0.0],[-45.6217,-5.945724,0.0],[-45.621764,-5.946018,0.0],[-45.621904,-5.946338,0.0],[-45.622071,-5.946594,0.0],[-45.622454,-5.946824,0.0],[-45.622595,-5.947093,0.0],[-45.62294,-5.947336,0.0],[-45.623235,-5.947591,0.0],[-45.623529,-5.947745,0.0],[-45.623737,-5.947748,0.0],[-45.624044,-5.947927,0.0],[-45.624184,-5.948132,0.0],[-45.6243,-5.948388,0.0],[-45.624376,-5.948605,0.0],[-45.624504,-5.948899,0.0],[-45.624645,-5.949027,0.0],[-45.624914,-5.949219,0.0],[-45.625208,-5.949206,0.0],[-45.625476,-5.949206,0.0],[-45.625758,-5.949257,0.0],[-45.626065,-5.949321,0.0],[-45.626461,-5.949373,0.0],[-45.626743,-5.949424,0.0],[-45.626986,-5.949564,0.0],[-45.627357,-5.949731,0.0],[-45.627561,-5.94991,0.0],[-45.627728,-5.950178,0.0],[-45.627919,-5.950511,0.0],[-45.627971,-5.950792,0.0],[-45.628009,-5.951125,0.0],[-45.627983,-5.951445,0.0],[-45.627753,-5.951534,0.0],[-45.627344,-5.951419,0.0],[-45.627062,-5.951266,0.0],[-45.626768,-5.951112,0.0],[-45.626589,-5.951125,0.0],[-45.626551,-5.951304,0.0],[-45.62664,-5.951458,0.0],[-45.626768,-5.951598,0.0],[-45.626925,-5.951758,0.0],[-45.627155,-5.951937,0.0],[-45.627437,-5.952091,0.0],[-45.627705,-5.952193,0.0],[-45.627897,-5.952219,0.0],[-45.62823,-5.952219,0.0],[-45.628562,-5.952257,0.0],[-45.628831,-5.952359,0.0],[-45.629087,-5.952513,0.0],[-45.629381,-5.952538,0.0],[-45.629624,-5.952513,0.0],[-45.629905,-5.952538,0.0],[-45.630187,-5.952705,0.0],[-45.630366,-5.952935,0.0],[-45.630417,-5.953306,0.0],[-45.630455,-5.953613,0.0],[-45.630545,-5.953958,0.0],[-45.630558,-5.954214,0.0],[-45.630532,-5.954534,0.0],[-45.630494,-5.954777,0.0],[-45.630622,-5.955097,0.0],[-45.630762,-5.955225,0.0],[-45.631044,-5.955404,0.0],[-45.63121,-5.955787,0.0],[-45.631338,-5.956018,0.0],[-45.631607,-5.956286,0.0],[-45.631798,-5.956414,0.0],[-45.631917,-5.956715,0.0],[-45.631942,-5.957047,0.0],[-45.632032,-5.957252,0.0],[-45.632019,-5.957546,0.0],[-45.631981,-5.957828,0.0],[-45.631878,-5.958083,0.0],[-45.63175,-5.958275,0.0],[-45.631507,-5.958352,0.0],[-45.631175,-5.958352,0.0],[-45.630855,-5.958186,0.0],[-45.630663,-5.958122,0.0],[-45.630292,-5.957866,0.0],[-45.62996,-5.957904,0.0],[-45.629768,-5.958007,0.0],[-45.629717,-5.95825,0.0],[-45.629781,-5.958557,0.0],[-45.629921,-5.958889,0.0],[-45.630075,-5.959196,0.0],[-45.630382,-5.959529,0.0],[-45.630586,-5.959759,0.0],[-45.630932,-5.959964,0.0],[-45.63129,-5.960245,0.0],[-45.63152,-5.960463,0.0],[-45.63184,-5.96068,0.0],[-45.632121,-5.960808,0.0],[-45.632211,-5.960821,0.0],[-45.632569,-5.960961,0.0],[-45.632697,-5.961217,0.0],[-45.633017,-5.961332,0.0],[-45.633337,-5.961396,0.0],[-45.633554,-5.961486,0.0],[-45.633708,-5.961716,0.0],[-45.63404,-5.961882,0.0],[-45.634258,-5.962001,0.0],[-45.634376,-5.962065,0.0],[-45.634747,-5.962154,0.0],[-45.635169,-5.962141,0.0],[-45.635514,-5.96209,0.0],[-45.635693,-5.962052,0.0],[-45.635936,-5.962001,0.0],[-45.636231,-5.961937,0.0],[-45.636435,-5.96177,0.0],[-45.636653,-5.961553,0.0],[-45.636883,-5.961336,0.0],[-45.637088,-5.961208,0.0],[-45.637395,-5.961233,0.0],[-45.637689,-5.961284,0.0],[-45.637906,-5.961412,0.0],[-45.638085,-5.961655,0.0],[-45.638111,-5.961886,0.0],[-45.638111,-5.962139,0.0],[-45.638111,-5.962218,0.0],[-45.638111,-5.962397,0.0],[-45.63829,-5.962679,0.0],[-45.638456,-5.962845,0.0],[-45.63875,-5.963101,0.0],[-45.639109,-5.963216,0.0],[-45.639416,-5.963395,0.0],[-45.639876,-5.963382,0.0],[-45.640145,-5.963203,0.0],[-45.640362,-5.962986,0.0],[-45.640631,-5.962679,0.0],[-45.640797,-5.962474,0.0],[-45.640879,-5.962239,0.0],[-45.640899,-5.96218,0.0],[-45.641101,-5.96194,0.0],[-45.641369,-5.961889,0.0],[-45.641664,-5.961774,0.0],[-45.641894,-5.961659,0.0],[-45.642252,-5.961569,0.0],[-45.642636,-5.961467,0.0],[-45.64302,-5.961454,0.0],[-45.643378,-5.961607,0.0],[-45.643608,-5.961723,0.0],[-45.643992,-5.961863,0.0],[-45.644337,-5.961953,0.0],[-45.644695,-5.962004,0.0],[-45.6449,-5.961953,0.0],[-45.645335,-5.96194,0.0],[-45.645603,-5.96194,0.0],[-45.645885,-5.96203,0.0],[-45.646348,-5.962212,0.0],[-45.646707,-5.962301,0.0],[-45.64695,-5.962314,0.0],[-45.647205,-5.962506,0.0],[-45.647487,-5.962672,0.0],[-45.647819,-5.962826,0.0],[-45.647922,-5.963069,0.0],[-45.648024,-5.963261,0.0],[-45.648178,-5.963542,0.0],[-45.648306,-5.963632,0.0],[-45.648433,-5.963849,0.0],[-45.648625,-5.964105,0.0],[-45.648766,-5.964322,0.0],[-45.649137,-5.964553,0.0],[-45.649265,-5.964834,0.0],[-45.649482,-5.965,0.0],[-45.649687,-5.965141,0.0],[-45.650032,-5.965294,0.0],[-45.650237,-5.965422,0.0],[-45.650506,-5.965525,0.0],[-45.650877,-5.96564,0.0],[-45.65126,-5.965742,0.0],[-45.651516,-5.965883,0.0],[-45.651732,-5.96595,0.0],[-45.651887,-5.965998,0.0],[-45.652335,-5.966036,0.0],[-45.652859,-5.966139,0.0],[-45.65323,-5.96619,0.0],[-45.653652,-5.966075,0.0],[-45.654087,-5.965729,0.0],[-45.65442,-5.965499,0.0],[-45.654727,-5.965231,0.0],[-45.655066,-5.964869,0.0],[-45.655347,-5.964498,0.0],[-45.65568,-5.964332,0.0],[-45.655923,-5.964089,0.0],[-45.656358,-5.963782,0.0],[-45.65669,-5.963603,0.0],[-45.657061,-5.963513,0.0],[-45.657339,-5.963328,0.0],[-45.657368,-5.963309,0.0],[-45.657726,-5.963283,0.0],[-45.658097,-5.963385,0.0],[-45.658532,-5.963424,0.0],[-45.658852,-5.963539,0.0],[-45.659427,-5.963795,0.0],[-45.659568,-5.963923,0.0],[-45.659862,-5.963987,0.0],[-45.660131,-5.964153,0.0],[-45.660476,-5.96423,0.0],[-45.660681,-5.964383,0.0],[-45.660886,-5.964549,0.0],[-45.661,-5.964619,0.0],[-45.66118,-5.964728,0.0],[-45.661564,-5.964869,0.0],[-45.661794,-5.964856,0.0],[-45.662104,-5.964898,0.0],[-45.662526,-5.964987,0.0],[-45.662859,-5.964975,0.0],[-45.663137,-5.965016,0.0],[-45.663204,-5.965026,0.0],[-45.663792,-5.965141,0.0],[-45.664189,-5.965294,0.0],[-45.664509,-5.965461,0.0],[-45.664598,-5.965614,0.0],[-45.664957,-5.965857,0.0],[-45.66511,-5.966024,0.0],[-45.665366,-5.966292,0.0],[-45.665468,-5.966484,0.0],[-45.665495,-5.966504,0.0],[-45.665826,-5.966753,0.0],[-45.666108,-5.966957,0.0],[-45.666248,-5.967226,0.0],[-45.666645,-5.967392,0.0],[-45.667003,-5.967648,0.0],[-45.6674,-5.967456,0.0],[-45.667847,-5.967149,0.0],[-45.667937,-5.966804,0.0],[-45.667898,-5.966407,0.0],[-45.667758,-5.966228,0.0],[-45.66754,-5.965819,0.0],[-45.667528,-5.965333,0.0],[-45.667745,-5.965077,0.0],[-45.66809,-5.964796,0.0],[-45.668372,-5.964578,0.0],[-45.668576,-5.964399,0.0],[-45.668819,-5.964194,0.0],[-45.669293,-5.964143,0.0],[-45.669728,-5.964169,0.0],[-45.670265,-5.964284,0.0],[-45.67061,-5.964207,0.0],[-45.670924,-5.964092,0.0],[-45.671424,-5.964058,0.0],[-45.671822,-5.963994,0.0],[-45.67218,-5.963878,0.0],[-45.672616,-5.963827,0.0],[-45.672704,-5.963781,0.0],[-45.673103,-5.963571,0.0],[-45.673718,-5.963507,0.0],[-45.674217,-5.963417,0.0],[-45.674653,-5.963366,0.0],[-45.67496,-5.963392,0.0],[-45.67546,-5.963507,0.0],[-45.675831,-5.963648,0.0],[-45.676357,-5.963955,0.0],[-45.676498,-5.964083,0.0],[-45.676677,-5.964352,0.0],[-45.67692,-5.964596,0.0],[-45.677074,-5.965019,0.0],[-45.677138,-5.965339,0.0],[-45.677202,-5.965749,0.0],[-45.677362,-5.965886,0.0],[-45.677471,-5.965979,0.0],[-45.677715,-5.966069,0.0],[-45.677996,-5.966133,0.0],[-45.678368,-5.966056,0.0],[-45.678714,-5.965864,0.0],[-45.678957,-5.965595,0.0],[-45.67938,-5.965185,0.0],[-45.679521,-5.96498,0.0],[-45.679867,-5.964686,0.0],[-45.680007,-5.96447,0.0],[-45.680059,-5.964391,0.0],[-45.680495,-5.964122,0.0],[-45.680917,-5.964045,0.0],[-45.681314,-5.963955,0.0],[-45.68166,-5.964007,0.0],[-45.682045,-5.964096,0.0],[-45.682544,-5.964276,0.0],[-45.683102,-5.964417,0.0],[-45.683512,-5.964583,0.0],[-45.68396,-5.964673,0.0],[-45.684229,-5.964775,0.0],[-45.684652,-5.964839,0.0],[-45.684885,-5.964848,0.0],[-45.684985,-5.964852,0.0],[-45.685523,-5.964839,0.0],[-45.685907,-5.964737,0.0],[-45.686202,-5.964609,0.0],[-45.686443,-5.964471,0.0],[-45.686471,-5.964455,0.0],[-45.686804,-5.964352,0.0],[-45.687355,-5.964327,0.0],[-45.687906,-5.964417,0.0],[-45.688111,-5.964601,0.0],[-45.688277,-5.96475,0.0],[-45.688508,-5.964903,0.0],[-45.688796,-5.964978,0.0],[-45.688905,-5.965006,0.0],[-45.689225,-5.965224,0.0],[-45.689558,-5.965339,0.0],[-45.689815,-5.965582,0.0],[-45.689994,-5.965826,0.0],[-45.690148,-5.966031,0.0],[-45.690455,-5.9663,0.0],[-45.690622,-5.966466,0.0],[-45.690827,-5.966761,0.0],[-45.691057,-5.967004,0.0],[-45.691301,-5.967171,0.0],[-45.691525,-5.967302,0.0],[-45.692089,-5.967533,0.0],[-45.692499,-5.967648,0.0],[-45.692883,-5.967699,0.0],[-45.693229,-5.967776,0.0],[-45.693447,-5.967917,0.0],[-45.69369,-5.96793,0.0],[-45.694061,-5.967917,0.0],[-45.694574,-5.967943,0.0],[-45.695048,-5.968212,0.0],[-45.695599,-5.968519,0.0],[-45.695932,-5.968635,0.0],[-45.696188,-5.968801,0.0],[-45.69647,-5.969006,0.0],[-45.696726,-5.96916,0.0],[-45.697239,-5.969237,0.0],[-45.697777,-5.969249,0.0],[-45.697982,-5.969224,0.0],[-45.698251,-5.969249,0.0],[-45.69875,-5.969275,0.0],[-45.699045,-5.969365,0.0],[-45.699429,-5.969506,0.0],[-45.699686,-5.969634,0.0],[-45.700224,-5.969595,0.0],[-45.700653,-5.969557,0.0],[-45.700909,-5.96957,0.0],[-45.70146,-5.969659,0.0],[-45.701744,-5.969779,0.0],[-45.702036,-5.969903,0.0],[-45.702536,-5.969928,0.0],[-45.702972,-5.969877,0.0],[-45.703305,-5.969839,0.0],[-45.703515,-5.969823,0.0],[-45.703804,-5.9698,0.0],[-45.704265,-5.969711,0.0],[-45.704727,-5.969826,0.0],[-45.705009,-5.969916,0.0],[-45.705342,-5.969993,0.0],[-45.705752,-5.969993,0.0],[-45.7062,-5.970172,0.0],[-45.70652,-5.970415,0.0],[-45.706895,-5.970521,0.0],[-45.707459,-5.9707,0.0],[-45.70774,-5.970623,0.0],[-45.708279,-5.970688,0.0],[-45.708714,-5.9707,0.0],[-45.70906,-5.97088,0.0],[-45.709419,-5.970982,0.0],[-45.709726,-5.971226,0.0],[-45.709906,-5.971405,0.0],[-45.710012,-5.971553,0.0],[-45.710136,-5.971725,0.0],[-45.710226,-5.971841,0.0],[-45.710495,-5.972071,0.0],[-45.710661,-5.972263,0.0],[-45.710982,-5.97243,0.0],[-45.711539,-5.972728,0.0],[-45.711821,-5.972933,0.0],[-45.71209,-5.973086,0.0],[-45.712436,-5.973279,0.0],[-45.712564,-5.973432,0.0],[-45.712794,-5.973689,0.0],[-45.712923,-5.973791,0.0],[-45.712999,-5.974073,0.0],[-45.713063,-5.974316,0.0],[-45.713051,-5.974521,0.0],[-45.713153,-5.974816,0.0],[-45.713409,-5.974982,0.0],[-45.713602,-5.974982,0.0],[-45.714063,-5.975008,0.0],[-45.714498,-5.974918,0.0],[-45.714908,-5.974624,0.0],[-45.715177,-5.974163,0.0],[-45.715405,-5.973981,0.0],[-45.715701,-5.973979,0.0],[-45.715914,-5.974102,0.0],[-45.71625,-5.974167,0.0],[-45.716644,-5.974229,0.0],[-45.717053,-5.974327,0.0],[-45.717409,-5.974368,0.0],[-45.71792,-5.974565,0.0],[-45.718412,-5.974694,0.0],[-45.718969,-5.974675,0.0],[-45.719213,-5.97488,0.0],[-45.719418,-5.975175,0.0],[-45.719603,-5.975501,0.0],[-45.719907,-5.975744,0.0],[-45.720277,-5.975934,0.0],[-45.720851,-5.97618,0.0],[-45.721372,-5.976403,0.0],[-45.72176,-5.97646,0.0],[-45.722347,-5.976446,0.0],[-45.722742,-5.976257,0.0],[-45.723024,-5.976129,0.0],[-45.723601,-5.975988,0.0],[-45.724135,-5.975854,0.0],[-45.724472,-5.97577,0.0],[-45.724984,-5.975629,0.0],[-45.725702,-5.975565,0.0],[-45.726304,-5.975553,0.0],[-45.726772,-5.975671,0.0],[-45.727118,-5.975889,0.0],[-45.727438,-5.976055,0.0],[-45.727951,-5.976132,0.0],[-45.728246,-5.976299,0.0],[-45.728669,-5.976439,0.0],[-45.729066,-5.976414,0.0],[-45.729565,-5.976145,0.0],[-45.730629,-5.976196,0.0],[-45.731,-5.976299,0.0],[-45.731603,-5.976491,0.0],[-45.732295,-5.976516,0.0],[-45.732706,-5.976601,0.0],[-45.732794,-5.976619,0.0],[-45.73332,-5.976709,0.0],[-45.733947,-5.976888,0.0],[-45.734473,-5.976811,0.0],[-45.734957,-5.976743,0.0],[-45.735024,-5.976734,0.0],[-45.735575,-5.97658,0.0],[-45.736299,-5.976529,0.0],[-45.736721,-5.976529,0.0],[-45.73726,-5.976478,0.0],[-45.738118,-5.976311,0.0],[-45.738643,-5.97635,0.0],[-45.73963,-5.976555,0.0],[-45.739989,-5.97676,0.0],[-45.740367,-5.977019,0.0],[-45.740777,-5.97734,0.0],[-45.741148,-5.977493,0.0],[-45.741507,-5.977596,0.0],[-45.742045,-5.977596,0.0],[-45.742417,-5.977826,0.0],[-45.742673,-5.977967,0.0],[-45.74298,-5.978134,0.0],[-45.743288,-5.978198,0.0],[-45.743852,-5.978275,0.0],[-45.744236,-5.978198,0.0],[-45.744723,-5.97816,0.0],[-45.745338,-5.978185,0.0],[-45.745851,-5.978313,0.0],[-45.746299,-5.97848,0.0],[-45.746683,-5.978506,0.0],[-45.747234,-5.979069,0.0],[-45.747734,-5.979326,0.0],[-45.748093,-5.97962,0.0],[-45.748181,-5.97968,0.0],[-45.748528,-5.979915,0.0],[-45.748913,-5.980197,0.0],[-45.749348,-5.980466,0.0],[-45.749784,-5.980645,0.0],[-45.75032,-5.980875,0.0],[-45.750322,-5.980876,0.0],[-45.75037,-5.980903,0.0],[-45.750591,-5.98103,0.0],[-45.750596,-5.981031,0.0],[-45.751091,-5.981158,0.0],[-45.751475,-5.981209,0.0],[-45.751937,-5.981388,0.0],[-45.75252,-5.981779,0.0],[-45.752878,-5.982087,0.0],[-45.753365,-5.98224,0.0],[-45.753673,-5.982394,0.0],[-45.754172,-5.982638,0.0],[-45.754429,-5.982855,0.0],[-45.75457,-5.983112,0.0],[-45.754723,-5.983445,0.0],[-45.754839,-5.983752,0.0],[-45.754954,-5.984047,0.0],[-45.755017,-5.984174,0.0],[-45.755095,-5.984329,0.0],[-45.755165,-5.984415,0.0],[-45.755441,-5.984752,0.0],[-45.755659,-5.985111,0.0],[-45.755812,-5.985405,0.0],[-45.756043,-5.985649,0.0],[-45.756312,-5.985918,0.0],[-45.756581,-5.986033,0.0],[-45.756953,-5.986084,0.0],[-45.757337,-5.986136,0.0],[-45.757952,-5.986174,0.0],[-45.758273,-5.986289,0.0],[-45.75867,-5.986405,0.0],[-45.75908,-5.986533,0.0],[-45.759528,-5.986674,0.0],[-45.75998,-5.98684,0.0],[-45.760364,-5.98725,0.0],[-45.76048,-5.987532,0.0],[-45.760633,-5.987904,0.0],[-45.761107,-5.988327,0.0],[-45.761338,-5.988608,0.0],[-45.761492,-5.988916,0.0],[-45.76162,-5.989185,0.0],[-45.761905,-5.989589,0.0],[-45.762212,-5.98996,0.0],[-45.762443,-5.990345,0.0],[-45.76261,-5.99055,0.0],[-45.762917,-5.990703,0.0],[-45.763378,-5.990883,0.0],[-45.76375,-5.991126,0.0],[-45.764288,-5.991254,0.0],[-45.764698,-5.991536,0.0],[-45.765083,-5.991792,0.0],[-45.765185,-5.991997,0.0],[-45.765236,-5.992471,0.0],[-45.765288,-5.992753,0.0],[-45.765544,-5.993215,0.0],[-45.765454,-5.993522,0.0],[-45.765403,-5.993766,0.0],[-45.765083,-5.99424,0.0],[-45.764993,-5.994419,0.0],[-45.764878,-5.994752,0.0],[-45.764852,-5.994932,0.0],[-45.764903,-5.995377,0.0],[-45.764967,-5.995736,0.0],[-45.764865,-5.996056,0.0],[-45.764647,-5.996325,0.0],[-45.764455,-5.99653,0.0],[-45.764275,-5.996697,0.0],[-45.764122,-5.996991,0.0],[-45.764019,-5.997196,0.0],[-45.763995,-5.997291,0.0],[-45.763968,-5.997401,0.0],[-45.763968,-5.997722,0.0],[-45.763968,-5.997927,0.0],[-45.764109,-5.998093,0.0],[-45.764263,-5.998221,0.0],[-45.764391,-5.998285,0.0],[-45.764613,-5.998348,0.0],[-45.764801,-5.998401,0.0],[-45.765147,-5.998478,0.0],[-45.765428,-5.998734,0.0],[-45.765672,-5.999067,0.0],[-45.765774,-5.999323,0.0],[-45.765839,-5.999656,0.0],[-45.765851,-5.999874,0.0],[-45.765967,-6.000348,0.0],[-45.765979,-6.000643,0.0],[-45.766031,-6.001002,0.0],[-45.765941,-6.001309,0.0],[-45.765796,-6.001648,0.0],[-45.765787,-6.001668,0.0],[-45.765569,-6.002129,0.0],[-45.765441,-6.002437,0.0],[-45.765416,-6.002667,0.0],[-45.765364,-6.003199,0.0],[-45.765454,-6.003583,0.0],[-45.765557,-6.003929,0.0],[-45.765659,-6.004211,0.0],[-45.765672,-6.004519,0.0],[-45.765762,-6.004852,0.0],[-45.76589,-6.005198,0.0],[-45.766325,-6.005377,0.0],[-45.766479,-6.005505,0.0],[-45.766594,-6.005762,0.0],[-45.766697,-6.006159,0.0],[-45.766812,-6.006428,0.0],[-45.767094,-6.006646,0.0],[-45.767491,-6.006697,0.0],[-45.767901,-6.006735,0.0],[-45.768324,-6.006928,0.0],[-45.76858,-6.007043,0.0],[-45.768862,-6.007235,0.0],[-45.769157,-6.007363,0.0],[-45.76958,-6.007453,0.0],[-45.769836,-6.007632,0.0],[-45.769942,-6.00769,0.0],[-45.770233,-6.00785,0.0],[-45.770496,-6.008061,0.0],[-45.77088,-6.008343,0.0],[-45.77106,-6.008574,0.0],[-45.771406,-6.008805,0.0],[-45.771777,-6.009022,0.0],[-45.772162,-6.009279,0.0],[-45.772367,-6.009509,0.0],[-45.772674,-6.009766,0.0],[-45.772918,-6.009958,0.0],[-45.773148,-6.010188,0.0],[-45.773507,-6.010445,0.0],[-45.773763,-6.010688,0.0],[-45.773904,-6.010944,0.0],[-45.774071,-6.011226,0.0],[-45.774212,-6.011572,0.0],[-45.774231,-6.011657,0.0],[-45.774276,-6.011854,0.0],[-45.774468,-6.012123,0.0],[-45.774737,-6.012277,0.0],[-45.775083,-6.01261,0.0],[-45.775109,-6.012879,0.0],[-45.775096,-6.013058,0.0],[-45.775137,-6.013369,0.0],[-45.775214,-6.013779,0.0],[-45.775137,-6.014125,0.0],[-45.77524,-6.014458,0.0],[-45.775249,-6.014664,0.0],[-45.775253,-6.01474,0.0],[-45.775214,-6.01492,0.0],[-45.775278,-6.015163,0.0],[-45.775253,-6.015394,0.0],[-45.775412,-6.015668,0.0],[-45.87319,-5.975112,0.0],[-45.875134,-5.974834,0.0],[-45.884301,-5.975389,0.0],[-45.892912,-5.976223,0.0],[-45.894579,-5.976223,0.0],[-45.901801,-5.974,0.0],[-45.909301,-5.970112,0.0],[-45.925413,-5.960667,0.0],[-45.949024,-5.947334,0.0],[-45.964302,-5.937611,0.0],[-45.971802,-5.932889,0.0],[-45.974302,-5.925389,0.0],[-45.975135,-5.923722,0.0],[-45.975969,-5.923167,0.0],[-45.97708,-5.921222,0.0],[-45.976524,-5.917611,0.0],[-45.976524,-5.917333,0.0],[-45.977357,-5.914278,0.0],[-45.978191,-5.912333,0.0],[-45.981524,-5.905944,0.0],[-45.981997,-5.905764,0.0],[-45.982282,-5.905657,0.0],[-45.9825,-5.905554,0.0],[-45.982743,-5.905465,0.0],[-45.983024,-5.905413,0.0],[-45.983242,-5.905349,0.0],[-45.983447,-5.905273,0.0],[-45.983664,-5.905183,0.0],[-45.983856,-5.905017,0.0],[-45.983984,-5.904889,0.0],[-45.984112,-5.904735,0.0],[-45.984279,-5.904607,0.0],[-45.984355,-5.904441,0.0],[-45.984509,-5.904261,0.0],[-45.984586,-5.904121,0.0],[-45.984624,-5.903954,0.0],[-45.984675,-5.903788,0.0],[-45.984778,-5.903583,0.0],[-45.985008,-5.903468,0.0],[-45.985239,-5.90334,0.0],[-45.985571,-5.903199,0.0],[-45.98561,-5.903071,0.0],[-45.985661,-5.902918,0.0],[-45.985674,-5.902738,0.0],[-45.985738,-5.902585,0.0],[-45.985725,-5.902329,0.0],[-45.985725,-5.901983,0.0],[-45.985751,-5.90183,0.0],[-45.985789,-5.901663,0.0],[-45.985853,-5.90151,0.0],[-45.985866,-5.901394,0.0],[-45.985827,-5.90119,0.0],[-45.985751,-5.901049,0.0],[-45.985751,-5.900831,0.0],[-45.985763,-5.900524,0.0],[-45.985776,-5.900166,0.0],[-45.985763,-5.899974,0.0],[-45.985763,-5.899756,0.0],[-45.985789,-5.89959,0.0],[-45.985827,-5.899436,0.0],[-45.985866,-5.899257,0.0],[-45.985827,-5.899103,0.0],[-45.985738,-5.898924,0.0],[-45.985712,-5.898681,0.0],[-45.985699,-5.898399,0.0],[-45.985584,-5.89822,0.0],[-45.985456,-5.898054,0.0],[-45.985303,-5.897849,0.0],[-45.985175,-5.897606,0.0],[-45.985059,-5.897414,0.0],[-45.984995,-5.897196,0.0],[-45.984855,-5.896966,0.0],[-45.984752,-5.89671,0.0],[-45.984586,-5.896441,0.0],[-45.984432,-5.896185,0.0],[-45.984419,-5.895929,0.0],[-45.984419,-5.89575,0.0],[-45.984471,-5.895507,0.0],[-45.984573,-5.895289,0.0],[-45.984714,-5.895072,0.0],[-45.984867,-5.89488,0.0],[-45.984995,-5.8947,0.0],[-45.985213,-5.894521,0.0],[-45.985392,-5.894329,0.0],[-45.985456,-5.894124,0.0],[-45.985379,-5.893932,0.0],[-45.985315,-5.893689,0.0],[-45.985251,-5.893395,0.0],[-45.985341,-5.893113,0.0],[-45.985571,-5.892896,0.0],[-45.98584,-5.892627,0.0],[-45.986007,-5.892473,0.0],[-45.986237,-5.892384,0.0],[-45.986455,-5.892269,0.0],[-45.986634,-5.892217,0.0],[-45.986826,-5.892051,0.0],[-45.987159,-5.89191,0.0],[-45.987491,-5.891885,0.0],[-45.987773,-5.891833,0.0],[-45.988003,-5.891718,0.0],[-45.988106,-5.891577,0.0],[-45.988054,-5.89127,0.0],[-45.988042,-5.891001,0.0],[-45.987952,-5.890733,0.0],[-45.987837,-5.890477,0.0],[-45.987645,-5.890272,0.0],[-45.987427,-5.889977,0.0],[-45.987235,-5.889683,0.0],[-45.987082,-5.88944,0.0],[-45.987005,-5.889133,0.0],[-45.986967,-5.888851,0.0],[-45.987018,-5.888544,0.0],[-45.987107,-5.888186,0.0],[-45.987159,-5.88761,0.0],[-45.987171,-5.8872,0.0],[-45.987248,-5.886765,0.0],[-45.987427,-5.886406,0.0],[-45.987696,-5.886086,0.0],[-45.987952,-5.885728,0.0],[-45.988182,-5.885434,0.0],[-45.988438,-5.885062,0.0],[-45.988694,-5.884819,0.0],[-45.988912,-5.884448,0.0],[-45.989142,-5.884154,0.0],[-45.989346,-5.883802,0.0],[-45.9895,-5.883431,0.0],[-45.989743,-5.883162,0.0],[-45.989883,-5.882932,0.0],[-45.989845,-5.882663,0.0],[-45.989589,-5.882368,0.0],[-45.989192,-5.882061,0.0],[-45.988936,-5.881677,0.0],[-45.988604,-5.88137,0.0],[-45.988309,-5.88114,0.0],[-45.987925,-5.881025,0.0],[-45.987605,-5.881101,0.0],[-45.987375,-5.881268,0.0],[-45.987375,-5.881562,0.0],[-45.987337,-5.881869,0.0],[-45.987145,-5.882113,0.0],[-45.986965,-5.882317,0.0],[-45.986761,-5.882407,0.0],[-45.986466,-5.882484,0.0],[-45.98621,-5.882356,0.0],[-45.985865,-5.882228,0.0],[-45.985443,-5.881997,0.0],[-45.985135,-5.881908,0.0],[-45.984892,-5.881652,0.0],[-45.984547,-5.881434,0.0],[-45.984163,-5.881204,0.0],[-45.983792,-5.880986,0.0],[-45.983446,-5.880654,0.0],[-45.98319,-5.880308,0.0],[-45.983177,-5.87995,0.0],[-45.983356,-5.879822,0.0],[-45.983382,-5.879655,0.0],[-45.983344,-5.87945,0.0],[-45.983241,-5.879259,0.0],[-45.982972,-5.879156,0.0],[-45.982537,-5.879067,0.0],[-45.982153,-5.878926,0.0],[-45.981769,-5.878836,0.0],[-45.981373,-5.878708,0.0],[-45.981168,-5.878516,0.0],[-45.980899,-5.878337,0.0],[-45.980682,-5.878017,0.0],[-45.980656,-5.877761,0.0],[-45.980592,-5.877544,0.0],[-45.9804,-5.877313,0.0],[-45.98017,-5.877147,0.0],[-45.980016,-5.87698,0.0],[-45.979786,-5.877044,0.0],[-45.979658,-5.877198,0.0],[-45.979504,-5.877262,0.0],[-45.979312,-5.877288,0.0],[-45.979107,-5.877364,0.0],[-45.978903,-5.877467,0.0],[-45.978787,-5.877569,0.0],[-45.978647,-5.877736,0.0],[-45.978506,-5.877723,0.0],[-45.978301,-5.877582,0.0],[-45.978032,-5.877531,0.0],[-45.977776,-5.877454,0.0],[-45.977431,-5.8773,0.0],[-45.977124,-5.877211,0.0],[-45.976957,-5.877006,0.0],[-45.976817,-5.876878,0.0],[-45.976573,-5.876827,0.0],[-45.976202,-5.87675,0.0],[-45.97578,-5.876673,0.0],[-45.975473,-5.876545,0.0],[-45.975268,-5.876341,0.0],[-45.975076,-5.876213,0.0],[-45.974858,-5.876021,0.0],[-45.974769,-5.875765,0.0],[-45.974692,-5.875445,0.0],[-45.974769,-5.875061,0.0],[-45.974782,-5.874728,0.0],[-45.974833,-5.874472,0.0],[-45.974871,-5.874101,0.0],[-45.974935,-5.873743,0.0],[-45.974884,-5.873371,0.0],[-45.975038,-5.873013,0.0],[-45.975102,-5.872783,0.0],[-45.975281,-5.872565,0.0],[-45.975447,-5.872156,0.0],[-45.975652,-5.871861,0.0],[-45.975933,-5.871554,0.0],[-45.976189,-5.871285,0.0],[-45.97633,-5.871068,0.0],[-45.976433,-5.870799,0.0],[-45.976676,-5.870581,0.0],[-45.976804,-5.870236,0.0],[-45.976945,-5.869877,0.0],[-45.977047,-5.86943,0.0],[-45.977188,-5.869174,0.0],[-45.977239,-5.868815,0.0],[-45.977239,-5.868444,0.0],[-45.977226,-5.868035,0.0],[-45.977226,-5.867587,0.0],[-45.977277,-5.867254,0.0],[-45.977341,-5.866985,0.0],[-45.977546,-5.866742,0.0],[-45.977879,-5.866563,0.0],[-45.978148,-5.866371,0.0],[-45.978429,-5.866192,0.0],[-45.978711,-5.865974,0.0],[-45.979056,-5.866012,0.0],[-45.979389,-5.866179,0.0],[-45.979466,-5.866422,0.0],[-45.979683,-5.866652,0.0],[-45.979952,-5.866844,0.0],[-45.980234,-5.867011,0.0],[-45.980554,-5.8671,0.0],[-45.980874,-5.867087,0.0],[-45.981104,-5.866934,0.0],[-45.981206,-5.866729,0.0],[-45.981155,-5.866537,0.0],[-45.980912,-5.866371,0.0],[-45.980656,-5.866217,0.0],[-45.980426,-5.865974,0.0],[-45.980298,-5.865731,0.0],[-45.980157,-5.865513,0.0],[-45.97999,-5.865334,0.0],[-45.97985,-5.865117,0.0],[-45.979709,-5.864925,0.0],[-45.97953,-5.864643,0.0],[-45.979479,-5.864297,0.0],[-45.979517,-5.864029,0.0],[-45.979619,-5.863683,0.0],[-45.97976,-5.863453,0.0],[-45.980118,-5.863312,0.0],[-45.980528,-5.86321,0.0],[-45.980771,-5.863197,0.0],[-45.980963,-5.863184,0.0],[-45.98113,-5.863043,0.0],[-45.981155,-5.86289,0.0],[-45.981117,-5.862736,0.0],[-45.980963,-5.862506,0.0],[-45.980746,-5.862288,0.0],[-45.980528,-5.862135,0.0],[-45.980259,-5.861981,0.0],[-45.979965,-5.861943,0.0],[-45.979696,-5.861904,0.0],[-45.979453,-5.861725,0.0],[-45.979338,-5.861507,0.0],[-45.979389,-5.861226,0.0],[-45.97953,-5.861072,0.0],[-45.979625,-5.860925,0.0],[-45.979657,-5.860772,0.0],[-45.979664,-5.860574,0.0],[-45.979587,-5.860426,0.0],[-45.979453,-5.860222,0.0],[-45.979305,-5.8601,0.0],[-45.979171,-5.860004,0.0],[-45.979043,-5.85978,0.0],[-45.978864,-5.859588,0.0],[-45.978646,-5.85932,0.0],[-45.97848,-5.859115,0.0],[-45.978416,-5.858834,0.0],[-45.978365,-5.858654,0.0],[-45.978224,-5.858424,0.0],[-45.978019,-5.858063,0.0],[-45.977802,-5.857756,0.0],[-45.977648,-5.8575,0.0],[-45.977495,-5.857295,0.0],[-45.977226,-5.857065,0.0],[-45.976919,-5.856835,0.0],[-45.976573,-5.856553,0.0],[-45.976382,-5.856374,0.0],[-45.976126,-5.856156,0.0],[-45.975934,-5.855952,0.0],[-45.975703,-5.855798,0.0],[-45.975499,-5.855555,0.0],[-45.975256,-5.855299,0.0],[-45.975038,-5.855082,0.0],[-45.974897,-5.85489,0.0],[-45.974642,-5.854698,0.0],[-45.974386,-5.854544,0.0],[-45.974091,-5.854442,0.0],[-45.973771,-5.854416,0.0],[-45.9734,-5.854327,0.0],[-45.973068,-5.854071,0.0],[-45.972876,-5.853777,0.0],[-45.97271,-5.853406,0.0],[-45.972633,-5.853086,0.0],[-45.972505,-5.852804,0.0],[-45.972339,-5.852497,0.0],[-45.972198,-5.852203,0.0],[-45.972044,-5.85187,0.0],[-45.971967,-5.851499,0.0],[-45.97184,-5.851192,0.0],[-45.971712,-5.850911,0.0],[-45.971673,-5.850617,0.0],[-45.971571,-5.850284,0.0],[-45.97143,-5.84999,0.0],[-45.971289,-5.849708,0.0],[-45.971097,-5.849324,0.0],[-45.97088,-5.848992,0.0],[-45.970752,-5.848557,0.0],[-45.97065,-5.84816,0.0],[-45.970598,-5.847699,0.0],[-45.970573,-5.847303,0.0],[-45.970496,-5.847047,0.0],[-45.970471,-5.846727,0.0],[-45.97056,-5.846394,0.0],[-45.970726,-5.846126,0.0],[-45.970842,-5.845793,0.0],[-45.970982,-5.845486,0.0],[-45.971225,-5.845102,0.0],[-45.971468,-5.84468,0.0],[-45.971673,-5.844437,0.0],[-45.97184,-5.844181,0.0],[-45.971903,-5.843912,0.0],[-45.971891,-5.843618,0.0],[-45.971801,-5.843221,0.0],[-45.971686,-5.842837,0.0],[-45.971686,-5.842428,0.0],[-45.971724,-5.842031,0.0],[-45.971814,-5.841673,0.0],[-45.971916,-5.841251,0.0],[-45.97207,-5.84088,0.0],[-45.972236,-5.840586,0.0],[-45.972492,-5.840317,0.0],[-45.972748,-5.840074,0.0],[-45.972953,-5.839844,0.0],[-45.973068,-5.839626,0.0],[-45.973055,-5.839345,0.0],[-45.973311,-5.838999,0.0],[-45.973426,-5.838705,0.0],[-45.973644,-5.838423,0.0],[-45.973925,-5.838142,0.0],[-45.97404,-5.83795,0.0],[-45.974373,-5.837617,0.0],[-45.974603,-5.837451,0.0],[-45.97491,-5.837221,0.0],[-45.975204,-5.837029,0.0],[-45.975345,-5.836875,0.0],[-45.975371,-5.836581,0.0],[-45.97523,-5.836197,0.0],[-45.975115,-5.835992,0.0],[-45.974949,-5.835737,0.0],[-45.974757,-5.835455,0.0],[-45.974616,-5.835084,0.0],[-45.97445,-5.834803,0.0],[-45.974411,-5.83447,0.0],[-45.974386,-5.834176,0.0],[-45.974437,-5.833907,0.0],[-45.974373,-5.833651,0.0],[-45.974194,-5.833395,0.0],[-45.973912,-5.833139,0.0],[-45.97358,-5.832819,0.0],[-45.973349,-5.832525,0.0],[-45.973183,-5.832167,0.0],[-45.973132,-5.83186,0.0],[-45.973209,-5.83154,0.0],[-45.973362,-5.831271,0.0],[-45.973644,-5.831169,0.0],[-45.974053,-5.831003,0.0],[-45.974347,-5.830977,0.0],[-45.974795,-5.830977,0.0],[-45.975307,-5.831041,0.0],[-45.975806,-5.831079,0.0],[-45.976113,-5.831105,0.0],[-45.976394,-5.830951,0.0],[-45.976663,-5.830875,0.0],[-45.97697,-5.830747,0.0],[-45.977264,-5.830606,0.0],[-45.977456,-5.830388,0.0],[-45.977623,-5.830286,0.0],[-45.977878,-5.830043,0.0],[-45.978134,-5.829736,0.0],[-45.978352,-5.829416,0.0],[-45.978582,-5.82916,0.0],[-45.978761,-5.828802,0.0],[-45.978928,-5.828559,0.0],[-45.978953,-5.828252,0.0],[-45.978953,-5.827906,0.0],[-45.978876,-5.827561,0.0],[-45.978966,-5.827279,0.0],[-45.979056,-5.826985,0.0],[-45.979081,-5.826704,0.0],[-45.978979,-5.826422,0.0],[-45.978915,-5.826128,0.0],[-45.978761,-5.825885,0.0],[-45.978672,-5.825475,0.0],[-45.978685,-5.82522,0.0],[-45.978621,-5.8249,0.0],[-45.978633,-5.824567,0.0],[-45.978659,-5.824247,0.0],[-45.978659,-5.823863,0.0],[-45.978531,-5.823377,0.0],[-45.978467,-5.823057,0.0],[-45.978429,-5.822878,0.0],[-45.97825,-5.822597,0.0],[-45.978096,-5.82229,0.0],[-45.97807,-5.821944,0.0],[-45.978045,-5.821535,0.0],[-45.978122,-5.821138,0.0],[-45.978134,-5.820818,0.0],[-45.977994,-5.820537,0.0],[-45.977776,-5.820281,0.0],[-45.97752,-5.820012,0.0],[-45.977213,-5.819628,0.0],[-45.97697,-5.819257,0.0],[-45.976689,-5.818886,0.0],[-45.976522,-5.818438,0.0],[-45.97642,-5.817991,0.0],[-45.976369,-5.817568,0.0],[-45.97633,-5.817095,0.0],[-45.976292,-5.816698,0.0],[-45.976228,-5.816315,0.0],[-45.97619,-5.815918,0.0],[-45.976087,-5.815611,0.0],[-45.975934,-5.815176,0.0],[-45.975716,-5.814766,0.0],[-45.975524,-5.814459,0.0],[-45.975345,-5.81414,0.0],[-45.975115,-5.813781,0.0],[-45.974923,-5.813359,0.0],[-45.974782,-5.813001,0.0],[-45.974616,-5.812553,0.0],[-45.974514,-5.812156,0.0],[-45.974475,-5.811657,0.0],[-45.974488,-5.811274,0.0],[-45.974565,-5.810928,0.0],[-45.974629,-5.810583,0.0],[-45.974578,-5.81025,0.0],[-45.974514,-5.809866,0.0],[-45.974514,-5.809534,0.0],[-45.974514,-5.809188,0.0],[-45.974501,-5.808817,0.0],[-45.974488,-5.80842,0.0],[-45.974475,-5.807998,0.0],[-45.974424,-5.807653,0.0],[-45.974462,-5.807384,0.0],[-45.974475,-5.807013,0.0],[-45.974386,-5.80668,0.0],[-45.974245,-5.806386,0.0],[-45.974066,-5.806015,0.0],[-45.973938,-5.805708,0.0],[-45.973823,-5.805427,0.0],[-45.973426,-5.805017,0.0],[-45.973247,-5.804646,0.0],[-45.973029,-5.804301,0.0],[-45.972837,-5.804096,0.0],[-45.972684,-5.803789,0.0],[-45.972479,-5.80352,0.0],[-45.972313,-5.803251,0.0],[-45.97207,-5.802983,0.0],[-45.971865,-5.802765,0.0],[-45.971494,-5.802471,0.0],[-45.971213,-5.802279,0.0],[-45.971059,-5.801882,0.0],[-45.970854,-5.801511,0.0],[-45.970716,-5.801123,0.0],[-45.970637,-5.800714,0.0],[-45.97057,-5.800338,0.0],[-45.969857,-5.80011,0.0],[-45.874579,-5.774832,0.0],[-45.808745,-5.769277,0.0],[-45.787078,-5.790666,0.0],[-45.734022,-5.798166,0.0],[-45.734578,-5.801499,0.0]]]}},{"type":"Feature","properties":{"nome":"Cana Brava/Guajajara","etnia":"Tenetehara","fase":"Regularizada","superficie_ha":137329.5429},"geometry":{"type":"Polygon","coordinates":[[[-45.278579,-5.682409,0.0],[-45.279058,-5.682476,0.0],[-45.279335,-5.682461,0.0],[-45.27965,-5.682431,0.0],[-45.279998,-5.682437,0.0],[-45.280291,-5.682578,0.0],[-45.280662,-5.682858,0.0],[-45.280955,-5.683127,0.0],[-45.281134,-5.683497,0.0],[-45.281198,-5.683918,0.0],[-45.281427,-5.684159,0.0],[-45.281329,-5.684462,0.0],[-45.281576,-5.684777,0.0],[-45.281823,-5.684979,0.0],[-45.282138,-5.685076,0.0],[-45.282378,-5.685136,0.0],[-45.282692,-5.685181,0.0],[-45.282917,-5.685174,0.0],[-45.283209,-5.685399,0.0],[-45.283539,-5.685541,0.0],[-45.283869,-5.685623,0.0],[-45.284333,-5.685743,0.0],[-45.284805,-5.685796,0.0],[-45.28521,-5.685893,0.0],[-45.28563,-5.685953,0.0],[-45.285914,-5.686043,0.0],[-45.286334,-5.686133,0.0],[-45.286784,-5.686185,0.0],[-45.287076,-5.686253,0.0],[-45.287391,-5.686463,0.0],[-45.287563,-5.686717,0.0],[-45.287795,-5.686957,0.0],[-45.288102,-5.687077,0.0],[-45.288574,-5.687219,0.0],[-45.289024,-5.687234,0.0],[-45.289579,-5.687272,0.0],[-45.290155,-5.687414,0.0],[-45.290508,-5.687452,0.0],[-45.290897,-5.687519,0.0],[-45.291227,-5.687557,0.0],[-45.291339,-5.687534,0.0],[-45.291549,-5.687527,0.0],[-45.291714,-5.687579,0.0],[-45.291939,-5.687669,0.0],[-45.292096,-5.687864,0.0],[-45.292164,-5.688051,0.0],[-45.292373,-5.688194,0.0],[-45.292538,-5.688418,0.0],[-45.292763,-5.688726,0.0],[-45.293048,-5.68886,0.0],[-45.293205,-5.688958,0.0],[-45.293505,-5.688995,0.0],[-45.293745,-5.689085,0.0],[-45.293917,-5.68922,0.0],[-45.294097,-5.68937,0.0],[-45.294194,-5.689572,0.0],[-45.294149,-5.689707,0.0],[-45.294112,-5.689797,0.0],[-45.293984,-5.689977,0.0],[-45.293812,-5.690067,0.0],[-45.293685,-5.690194,0.0],[-45.293715,-5.690329,0.0],[-45.29394,-5.690427,0.0],[-45.294179,-5.690539,0.0],[-45.294427,-5.690651,0.0],[-45.294704,-5.690779,0.0],[-45.294876,-5.690959,0.0],[-45.294944,-5.691116,0.0],[-45.295041,-5.691386,0.0],[-45.295123,-5.69164,0.0],[-45.295221,-5.691955,0.0],[-45.295408,-5.692277,0.0],[-45.295552,-5.692516,0.0],[-45.295744,-5.692682,0.0],[-45.29582,-5.692899,0.0],[-45.295795,-5.693142,0.0],[-45.295667,-5.693308,0.0],[-45.295676,-5.693386,0.0],[-45.295371,-5.693484,0.0],[-45.294974,-5.693469,0.0],[-45.294801,-5.693454,0.0],[-45.294539,-5.693394,0.0],[-45.294367,-5.693484,0.0],[-45.294239,-5.693709,0.0],[-45.294014,-5.693963,0.0],[-45.293889,-5.694287,0.0],[-45.293467,-5.694708,0.0],[-45.29328,-5.694915,0.0],[-45.293153,-5.694982,0.0],[-45.292876,-5.69511,0.0],[-45.292688,-5.695297,0.0],[-45.292523,-5.695544,0.0],[-45.292388,-5.695852,0.0],[-45.292284,-5.696091,0.0],[-45.292111,-5.696316,0.0],[-45.292014,-5.696563,0.0],[-45.292021,-5.696758,0.0],[-45.291954,-5.69702,0.0],[-45.291984,-5.697208,0.0],[-45.292029,-5.697365,0.0],[-45.292006,-5.69756,0.0],[-45.291946,-5.697882,0.0],[-45.292276,-5.698197,0.0],[-45.292493,-5.698272,0.0],[-45.292703,-5.698489,0.0],[-45.292883,-5.698617,0.0],[-45.293213,-5.698661,0.0],[-45.29349,-5.698714,0.0],[-45.293872,-5.698789,0.0],[-45.294179,-5.698879,0.0],[-45.294509,-5.698924,0.0],[-45.294801,-5.699029,0.0],[-45.295056,-5.699126,0.0],[-45.295401,-5.699351,0.0],[-45.295655,-5.699478,0.0],[-45.29585,-5.699666,0.0],[-45.296075,-5.699845,0.0],[-45.296237,-5.700075,0.0],[-45.296276,-5.700292,0.0],[-45.296352,-5.700535,0.0],[-45.296412,-5.700879,0.0],[-45.296442,-5.701067,0.0],[-45.296285,-5.701269,0.0],[-45.29606,-5.701411,0.0],[-45.295903,-5.701546,0.0],[-45.295588,-5.701779,0.0],[-45.295281,-5.701973,0.0],[-45.294996,-5.702198,0.0],[-45.294966,-5.702386,0.0],[-45.295093,-5.702708,0.0],[-45.295311,-5.703157,0.0],[-45.295483,-5.703472,0.0],[-45.29564,-5.703781,0.0],[-45.29587,-5.704202,0.0],[-45.296049,-5.704432,0.0],[-45.296173,-5.704583,0.0],[-45.296292,-5.704798,0.0],[-45.296495,-5.705098,0.0],[-45.296615,-5.705398,0.0],[-45.296764,-5.705997,0.0],[-45.296854,-5.706387,0.0],[-45.296952,-5.706851,0.0],[-45.297094,-5.707331,0.0],[-45.297207,-5.707698,0.0],[-45.297356,-5.708028,0.0],[-45.297731,-5.708477,0.0],[-45.298113,-5.708987,0.0],[-45.298488,-5.709257,0.0],[-45.29872,-5.709519,0.0],[-45.298855,-5.709849,0.0],[-45.299035,-5.710186,0.0],[-45.299192,-5.710471,0.0],[-45.299357,-5.710763,0.0],[-45.299417,-5.711153,0.0],[-45.299544,-5.711422,0.0],[-45.299732,-5.711617,0.0],[-45.299844,-5.711767,0.0],[-45.299897,-5.712067,0.0],[-45.299927,-5.712404,0.0],[-45.299889,-5.712576,0.0],[-45.299852,-5.712756,0.0],[-45.299867,-5.712921,0.0],[-45.299829,-5.713093,0.0],[-45.299814,-5.713243,0.0],[-45.299799,-5.713453,0.0],[-45.299904,-5.713678,0.0],[-45.300121,-5.713947,0.0],[-45.300324,-5.714172,0.0],[-45.300459,-5.714367,0.0],[-45.300533,-5.714629,0.0],[-45.300601,-5.714809,0.0],[-45.300601,-5.714997,0.0],[-45.300563,-5.715191,0.0],[-45.300526,-5.715356,0.0],[-45.300489,-5.715581,0.0],[-45.300563,-5.715836,0.0],[-45.300593,-5.716061,0.0],[-45.300511,-5.716308,0.0],[-45.300504,-5.716525,0.0],[-45.300623,-5.716832,0.0],[-45.300961,-5.717087,0.0],[-45.301223,-5.717237,0.0],[-45.301508,-5.717342,0.0],[-45.301687,-5.717514,0.0],[-45.301755,-5.717679,0.0],[-45.30171,-5.717926,0.0],[-45.301725,-5.718151,0.0],[-45.301777,-5.718458,0.0],[-45.30201,-5.718548,0.0],[-45.302115,-5.718683,0.0],[-45.302339,-5.718803,0.0],[-45.302662,-5.718803,0.0],[-45.303081,-5.718721,0.0],[-45.303306,-5.718766,0.0],[-45.303576,-5.718915,0.0],[-45.303823,-5.71908,0.0],[-45.304078,-5.719335,0.0],[-45.304265,-5.719537,0.0],[-45.304377,-5.719972,0.0],[-45.30455,-5.720114,0.0],[-45.304587,-5.720212,0.0],[-45.304805,-5.720204,0.0],[-45.305067,-5.720324,0.0],[-45.305359,-5.720384,0.0],[-45.305644,-5.720392,0.0],[-45.306018,-5.720384,0.0],[-45.306535,-5.720399,0.0],[-45.307142,-5.720324,0.0],[-45.307532,-5.720511,0.0],[-45.307892,-5.720691,0.0],[-45.308229,-5.720894,0.0],[-45.308529,-5.721036,0.0],[-45.308791,-5.721216,0.0],[-45.309023,-5.721433,0.0],[-45.30936,-5.721785,0.0],[-45.30978,-5.722033,0.0],[-45.310042,-5.722137,0.0],[-45.310327,-5.722152,0.0],[-45.310717,-5.722115,0.0],[-45.310904,-5.722145,0.0],[-45.311061,-5.722205,0.0],[-45.311211,-5.722317,0.0],[-45.311331,-5.72252,0.0],[-45.311436,-5.722872,0.0],[-45.311481,-5.723172,0.0],[-45.311616,-5.723629,0.0],[-45.311713,-5.723913,0.0],[-45.311908,-5.724228,0.0],[-45.312028,-5.72449,0.0],[-45.31214,-5.72479,0.0],[-45.312298,-5.725142,0.0],[-45.312455,-5.725509,0.0],[-45.312695,-5.725719,0.0],[-45.312905,-5.725862,0.0],[-45.313122,-5.726094,0.0],[-45.31339,-5.726226,0.0],[-45.313594,-5.726558,0.0],[-45.313658,-5.726827,0.0],[-45.313671,-5.727108,0.0],[-45.313654,-5.727323,0.0],[-45.313519,-5.727577,0.0],[-45.313519,-5.727742,0.0],[-45.313414,-5.727915,0.0],[-45.313339,-5.728027,0.0],[-45.313234,-5.728289,0.0],[-45.313197,-5.728582,0.0],[-45.313264,-5.728829,0.0],[-45.313302,-5.729106,0.0],[-45.313347,-5.729248,0.0],[-45.313369,-5.729428,0.0],[-45.313249,-5.729623,0.0],[-45.313152,-5.729848,0.0],[-45.312972,-5.730163,0.0],[-45.31301,-5.730537,0.0],[-45.313002,-5.73077,0.0],[-45.313017,-5.730979,0.0],[-45.313227,-5.731391,0.0],[-45.313512,-5.731534,0.0],[-45.313736,-5.731609,0.0],[-45.313901,-5.731714,0.0],[-45.314111,-5.731676,0.0],[-45.314321,-5.731505,0.0],[-45.314474,-5.731416,0.0],[-45.314763,-5.731526,0.0],[-45.315168,-5.731706,0.0],[-45.315685,-5.731894,0.0],[-45.316029,-5.732081,0.0],[-45.316539,-5.732276,0.0],[-45.316973,-5.73256,0.0],[-45.317303,-5.732493,0.0],[-45.317595,-5.732463,0.0],[-45.317865,-5.732515,0.0],[-45.31806,-5.732718,0.0],[-45.318195,-5.732868,0.0],[-45.31833,-5.7331,0.0],[-45.31851,-5.73316,0.0],[-45.318854,-5.733357,0.0],[-45.319139,-5.733535,0.0],[-45.319476,-5.733789,0.0],[-45.319746,-5.733999,0.0],[-45.320083,-5.734374,0.0],[-45.320315,-5.734696,0.0],[-45.32078,-5.734943,0.0],[-45.32117,-5.73525,0.0],[-45.321604,-5.73549,0.0],[-45.321934,-5.735805,0.0],[-45.322271,-5.736015,0.0],[-45.322548,-5.73612,0.0],[-45.322886,-5.736142,0.0],[-45.323133,-5.73627,0.0],[-45.323455,-5.736404,0.0],[-45.32374,-5.736704,0.0],[-45.323845,-5.737011,0.0],[-45.323901,-5.737347,0.0],[-45.324054,-5.737551,0.0],[-45.324233,-5.737538,0.0],[-45.324297,-5.737334,0.0],[-45.324437,-5.736734,0.0],[-45.324508,-5.736554,0.0],[-45.324571,-5.736247,0.0],[-45.324571,-5.735915,0.0],[-45.324499,-5.735659,0.0],[-45.324358,-5.735301,0.0],[-45.324269,-5.734982,0.0],[-45.324294,-5.734816,0.0],[-45.324409,-5.734675,0.0],[-45.324931,-5.734651,0.0],[-45.325186,-5.734629,0.0],[-45.325448,-5.734688,0.0],[-45.325725,-5.734674,0.0],[-45.325948,-5.73467,0.0],[-45.326408,-5.73467,0.0],[-45.326697,-5.734452,0.0],[-45.326914,-5.734363,0.0],[-45.327022,-5.734449,0.0],[-45.327164,-5.734524,0.0],[-45.327247,-5.734651,0.0],[-45.327291,-5.734921,0.0],[-45.327344,-5.735183,0.0],[-45.327381,-5.735573,0.0],[-45.327486,-5.73591,0.0],[-45.327516,-5.736172,0.0],[-45.327396,-5.736457,0.0],[-45.327404,-5.736757,0.0],[-45.327456,-5.737086,0.0],[-45.327509,-5.737401,0.0],[-45.327606,-5.737671,0.0],[-45.327659,-5.737933,0.0],[-45.327659,-5.738195,0.0],[-45.327584,-5.738338,0.0],[-45.327351,-5.738652,0.0],[-45.327172,-5.73902,0.0],[-45.327157,-5.739252,0.0],[-45.327074,-5.739402,0.0],[-45.326909,-5.739656,0.0],[-45.327037,-5.739949,0.0],[-45.327261,-5.740308,0.0],[-45.327434,-5.740548,0.0],[-45.327644,-5.74084,0.0],[-45.327808,-5.741028,0.0],[-45.327973,-5.74123,0.0],[-45.328138,-5.741447,0.0],[-45.328251,-5.741605,0.0],[-45.328393,-5.741829,0.0],[-45.328475,-5.742002,0.0],[-45.32858,-5.742212,0.0],[-45.328588,-5.742406,0.0],[-45.32852,-5.742661,0.0],[-45.328483,-5.742863,0.0],[-45.3284,-5.743133,0.0],[-45.328303,-5.743455,0.0],[-45.328251,-5.743695,0.0],[-45.328243,-5.74398,0.0],[-45.328236,-5.744385,0.0],[-45.3284,-5.744714,0.0],[-45.328543,-5.745014,0.0],[-45.32864,-5.745479,0.0],[-45.328753,-5.745913,0.0],[-45.32894,-5.746288,0.0],[-45.328925,-5.746633,0.0],[-45.329037,-5.746977,0.0],[-45.329105,-5.747374,0.0],[-45.32927,-5.747629,0.0],[-45.329472,-5.748094,0.0],[-45.329719,-5.748206,0.0],[-45.329959,-5.748281,0.0],[-45.330086,-5.748446,0.0],[-45.330274,-5.748708,0.0],[-45.330326,-5.748903,0.0],[-45.330341,-5.749135,0.0],[-45.330371,-5.74939,0.0],[-45.330424,-5.749765,0.0],[-45.330551,-5.750154,0.0],[-45.330618,-5.750357,0.0],[-45.330708,-5.750694,0.0],[-45.330791,-5.750994,0.0],[-45.330866,-5.751218,0.0],[-45.330903,-5.751526,0.0],[-45.330888,-5.751848,0.0],[-45.330881,-5.75223,0.0],[-45.330828,-5.752597,0.0],[-45.331008,-5.752822,0.0],[-45.331323,-5.753092,0.0],[-45.33169,-5.753122,0.0],[-45.33193,-5.753107,0.0],[-45.332207,-5.753182,0.0],[-45.332567,-5.753241,0.0],[-45.332971,-5.753301,0.0],[-45.333383,-5.753354,0.0],[-45.333668,-5.753384,0.0],[-45.333938,-5.753204,0.0],[-45.33417,-5.752972,0.0],[-45.334455,-5.752702,0.0],[-45.334672,-5.752372,0.0],[-45.33486,-5.751998,0.0],[-45.335017,-5.751818,0.0],[-45.335122,-5.751623,0.0],[-45.335167,-5.751451,0.0],[-45.335152,-5.751143,0.0],[-45.335182,-5.750919,0.0],[-45.335466,-5.750859,0.0],[-45.335639,-5.750911,0.0],[-45.335774,-5.751031,0.0],[-45.336126,-5.751301,0.0],[-45.336553,-5.751548,0.0],[-45.336838,-5.751728,0.0],[-45.337025,-5.751795,0.0],[-45.337137,-5.751683,0.0],[-45.337242,-5.751526,0.0],[-45.337317,-5.751451,0.0],[-45.337552,-5.751317,0.0],[-45.337894,-5.751263,0.0],[-45.338014,-5.751256,0.0],[-45.338082,-5.751256,0.0],[-45.338246,-5.751398,0.0],[-45.338195,-5.751603,0.0],[-45.338068,-5.75173,0.0],[-45.338022,-5.75172,0.0],[-45.337872,-5.751825,0.0],[-45.337557,-5.752095,0.0],[-45.337542,-5.752237,0.0],[-45.337699,-5.75244,0.0],[-45.337751,-5.752619,0.0],[-45.337751,-5.752797,0.0],[-45.337751,-5.753066,0.0],[-45.337661,-5.753206,0.0],[-45.337639,-5.753346,0.0],[-45.337295,-5.753444,0.0],[-45.337063,-5.753736,0.0],[-45.336883,-5.754141,0.0],[-45.336815,-5.754485,0.0],[-45.336718,-5.754658,0.0],[-45.33674,-5.754875,0.0],[-45.336845,-5.75507,0.0],[-45.337033,-5.755235,0.0],[-45.337197,-5.755452,0.0],[-45.337197,-5.755666,0.0],[-45.337164,-5.755976,0.0],[-45.337115,-5.756389,0.0],[-45.337115,-5.756681,0.0],[-45.336962,-5.756949,0.0],[-45.336782,-5.757277,0.0],[-45.336486,-5.757659,0.0],[-45.336272,-5.757868,0.0],[-45.335961,-5.758108,0.0],[-45.33565,-5.758367,0.0],[-45.335437,-5.758637,0.0],[-45.335283,-5.758865,0.0],[-45.335114,-5.759101,0.0],[-45.334934,-5.759363,0.0],[-45.334725,-5.759678,0.0],[-45.33444,-5.759944,0.0],[-45.334234,-5.760214,0.0],[-45.334275,-5.760484,0.0],[-45.334579,-5.760825,0.0],[-45.334867,-5.760997,0.0],[-45.335152,-5.761072,0.0],[-45.335508,-5.761113,0.0],[-45.335916,-5.761188,0.0],[-45.336321,-5.761379,0.0],[-45.33671,-5.761548,0.0],[-45.337033,-5.761623,0.0],[-45.337332,-5.761596,0.0],[-45.33755,-5.761578,0.0],[-45.337692,-5.761465,0.0],[-45.337834,-5.76133,0.0],[-45.33805,-5.761247,0.0],[-45.338344,-5.761195,0.0],[-45.338726,-5.761195,0.0],[-45.339142,-5.761229,0.0],[-45.339453,-5.761278,0.0],[-45.33982,-5.761342,0.0],[-45.339929,-5.761409,0.0],[-45.340011,-5.761656,0.0],[-45.34024,-5.761956,0.0],[-45.340483,-5.762196,0.0],[-45.340873,-5.762402,0.0],[-45.341176,-5.762458,0.0],[-45.341345,-5.762507,0.0],[-45.34142,-5.762582,0.0],[-45.341427,-5.762874,0.0],[-45.341487,-5.763211,0.0],[-45.341562,-5.763586,0.0],[-45.341701,-5.7639,0.0],[-45.341757,-5.764133,0.0],[-45.341899,-5.76435,0.0],[-45.34229,-5.764242,0.0],[-45.342546,-5.764165,0.0],[-45.342791,-5.764047,0.0],[-45.343248,-5.763833,0.0],[-45.343645,-5.763709,0.0],[-45.34399,-5.763646,0.0],[-45.344586,-5.763649,0.0],[-45.344844,-5.763473,0.0],[-45.345113,-5.763258,0.0],[-45.345339,-5.763136,0.0],[-45.345672,-5.76296,0.0],[-45.345833,-5.762915,0.0],[-45.345931,-5.762889,0.0],[-45.346009,-5.762878,0.0],[-45.346092,-5.76296,0.0],[-45.346143,-5.763059,0.0],[-45.346296,-5.763301,0.0],[-45.3465,-5.763518,0.0],[-45.346768,-5.763825,0.0],[-45.347128,-5.764233,0.0],[-45.347358,-5.764335,0.0],[-45.34769,-5.764335,0.0],[-45.348035,-5.764348,0.0],[-45.348652,-5.764351,0.0],[-45.34892,-5.764403,0.0],[-45.349291,-5.764569,0.0],[-45.349585,-5.764798,0.0],[-45.350026,-5.765062,0.0],[-45.35022,-5.765253,0.0],[-45.350442,-5.76556,0.0],[-45.350591,-5.765849,0.0],[-45.350678,-5.766137,0.0],[-45.350723,-5.766437,0.0],[-45.350633,-5.766665,0.0],[-45.350502,-5.766873,0.0],[-45.350209,-5.766988,0.0],[-45.349902,-5.767089,0.0],[-45.349775,-5.76716,0.0],[-45.349636,-5.767257,0.0],[-45.34961,-5.767407,0.0],[-45.349479,-5.767553,0.0],[-45.349299,-5.76761,0.0],[-45.349115,-5.767763,0.0],[-45.348939,-5.767936,0.0],[-45.348868,-5.76804,0.0],[-45.348643,-5.7681,0.0],[-45.348418,-5.768231,0.0],[-45.348092,-5.768393,0.0],[-45.347781,-5.768584,0.0],[-45.347534,-5.768808,0.0],[-45.347418,-5.769052,0.0],[-45.347347,-5.769217,0.0],[-45.347208,-5.76952,0.0],[-45.347077,-5.769768,0.0],[-45.3471,-5.769917,0.0],[-45.347216,-5.770064,0.0],[-45.347418,-5.77033,0.0],[-45.347632,-5.770524,0.0],[-45.347864,-5.770745,0.0],[-45.348017,-5.771019,0.0],[-45.348197,-5.77121,0.0],[-45.348306,-5.77139,0.0],[-45.348467,-5.771776,0.0],[-45.348741,-5.772259,0.0],[-45.348827,-5.772458,0.0],[-45.348992,-5.772641,0.0],[-45.349307,-5.772798,0.0],[-45.349614,-5.772926,0.0],[-45.35001,-5.773028,0.0],[-45.350319,-5.772983,0.0],[-45.350621,-5.772697,0.0],[-45.350726,-5.772439,0.0],[-45.350816,-5.772139,0.0],[-45.350951,-5.771873,0.0],[-45.351063,-5.771562,0.0],[-45.351183,-5.771285,0.0],[-45.351273,-5.770963,0.0],[-45.351374,-5.770779,0.0],[-45.351531,-5.770736,0.0],[-45.351824,-5.770656,0.0],[-45.352132,-5.770572,0.0],[-45.352551,-5.770172,0.0],[-45.353065,-5.769894,0.0],[-45.353484,-5.76985,0.0],[-45.354083,-5.769884,0.0],[-45.354465,-5.769914,0.0],[-45.35499,-5.770251,0.0],[-45.355383,-5.770678,0.0],[-45.355713,-5.77094,0.0],[-45.355837,-5.771128,0.0],[-45.355915,-5.771382,0.0],[-45.355983,-5.771626,0.0],[-45.356106,-5.771828,0.0],[-45.356327,-5.772016,0.0],[-45.356713,-5.772218,0.0],[-45.356961,-5.77245,0.0],[-45.357163,-5.772548,0.0],[-45.357434,-5.772572,0.0],[-45.357626,-5.772432,0.0],[-45.358137,-5.771978,0.0],[-45.358343,-5.771899,0.0],[-45.358699,-5.771884,0.0],[-45.359264,-5.771931,0.0],[-45.3598,-5.771982,0.0],[-45.360158,-5.772097,0.0],[-45.360636,-5.772491,0.0],[-45.3607,-5.772514,0.0],[-45.360745,-5.77251,0.0],[-45.360831,-5.772679,0.0],[-45.361187,-5.773106,0.0],[-45.361359,-5.773421,0.0],[-45.361569,-5.773642,0.0],[-45.361775,-5.773743,0.0],[-45.362138,-5.773758,0.0],[-45.362528,-5.773754,0.0],[-45.36294,-5.773949,0.0],[-45.363326,-5.774024,0.0],[-45.363731,-5.774245,0.0],[-45.364019,-5.774335,0.0],[-45.364191,-5.774432,0.0],[-45.364315,-5.774473,0.0],[-45.364401,-5.77444,0.0],[-45.364472,-5.774522,0.0],[-45.364645,-5.774638,0.0],[-45.364787,-5.774676,0.0],[-45.364847,-5.774942,0.0],[-45.364929,-5.775241,0.0],[-45.365166,-5.77577,0.0],[-45.365368,-5.775833,0.0],[-45.365593,-5.775878,0.0],[-45.365821,-5.775882,0.0],[-45.365896,-5.775972,0.0],[-45.366057,-5.776054,0.0],[-45.366222,-5.776073,0.0],[-45.366462,-5.775987,0.0],[-45.366754,-5.775841,0.0],[-45.36693,-5.775466,0.0],[-45.36723,-5.775384,0.0],[-45.367492,-5.775395,0.0],[-45.367724,-5.775552,0.0],[-45.367987,-5.77571,0.0],[-45.368223,-5.775833,0.0],[-45.368346,-5.775792,0.0],[-45.368492,-5.77583,0.0],[-45.368803,-5.775904,0.0],[-45.369148,-5.775874,0.0],[-45.36956,-5.775818,0.0],[-45.369826,-5.775728,0.0],[-45.370126,-5.775635,0.0],[-45.370452,-5.775871,0.0],[-45.370767,-5.776073,0.0],[-45.370943,-5.776077,0.0],[-45.3711,-5.776039,0.0],[-45.371362,-5.775976,0.0],[-45.371583,-5.775934,0.0],[-45.371715,-5.775901,0.0],[-45.371898,-5.775946,0.0],[-45.372055,-5.775994,0.0],[-45.372205,-5.775919,0.0],[-45.372492,-5.775866,0.0],[-45.372722,-5.7757,0.0],[-45.37297,-5.775665,0.0],[-45.373389,-5.775773,0.0],[-45.373734,-5.775889,0.0],[-45.374202,-5.775916,0.0],[-45.374491,-5.775912,0.0],[-45.374862,-5.775931,0.0],[-45.375199,-5.776084,0.0],[-45.375431,-5.776223,0.0],[-45.375509,-5.776451,0.0],[-45.375547,-5.776796,0.0],[-45.375534,-5.777077,0.0],[-45.375471,-5.777486,0.0],[-45.375439,-5.777845,0.0],[-45.375371,-5.778089,0.0],[-45.375158,-5.778351,0.0],[-45.374967,-5.778632,0.0],[-45.374832,-5.778793,0.0],[-45.374667,-5.779044,0.0],[-45.374633,-5.779246,0.0],[-45.374603,-5.779546,0.0],[-45.374704,-5.77988,0.0],[-45.374929,-5.780258,0.0],[-45.375026,-5.780768,0.0],[-45.375285,-5.781165,0.0],[-45.375521,-5.781285,0.0],[-45.375828,-5.781449,0.0],[-45.376079,-5.781693,0.0],[-45.376364,-5.782015,0.0],[-45.376581,-5.78209,0.0],[-45.376771,-5.782057,0.0],[-45.377372,-5.7823,0.0],[-45.377819,-5.782517,0.0],[-45.378368,-5.782836,0.0],[-45.378859,-5.783087,0.0],[-45.379208,-5.783281,0.0],[-45.37944,-5.783473,0.0],[-45.37968,-5.78369,0.0],[-45.379764,-5.783852,0.0],[-45.379905,-5.784248,0.0],[-45.379879,-5.784568,0.0],[-45.379828,-5.784925,0.0],[-45.379811,-5.785114,0.0],[-45.379698,-5.785469,0.0],[-45.379612,-5.785777,0.0],[-45.3795,-5.786133,0.0],[-45.3795,-5.786316,0.0],[-45.379687,-5.786563,0.0],[-45.379848,-5.786803,0.0],[-45.379916,-5.786961,0.0],[-45.379863,-5.787197,0.0],[-45.379826,-5.787448,0.0],[-45.37971,-5.787672,0.0],[-45.379459,-5.788147,0.0],[-45.379316,-5.788216,0.0],[-45.379063,-5.788352,0.0],[-45.378923,-5.788377,0.0],[-45.378676,-5.788425,0.0],[-45.378481,-5.788568,0.0],[-45.378424,-5.78885,0.0],[-45.378488,-5.78894,0.0],[-45.37868,-5.789029,0.0],[-45.379063,-5.789029,0.0],[-45.379556,-5.788987,0.0],[-45.379688,-5.788999,0.0],[-45.380043,-5.78895,0.0],[-45.380245,-5.789325,0.0],[-45.380332,-5.789774,0.0],[-45.380523,-5.789992,0.0],[-45.380689,-5.790286,0.0],[-45.380868,-5.790579,0.0],[-45.380919,-5.790835,0.0],[-45.380996,-5.791116,0.0],[-45.380995,-5.791558,0.0],[-45.381002,-5.791797,0.0],[-45.3811,-5.79188,0.0],[-45.381287,-5.79182,0.0],[-45.381388,-5.791666,0.0],[-45.381541,-5.791654,0.0],[-45.381624,-5.791603,0.0],[-45.381725,-5.79161,0.0],[-45.38178,-5.791685,0.0],[-45.381847,-5.791796,0.0],[-45.381864,-5.791852,0.0],[-45.381825,-5.791932,0.0],[-45.381843,-5.792063,0.0],[-45.381866,-5.792129,0.0],[-45.381782,-5.792211,0.0],[-45.381635,-5.792387,0.0],[-45.381546,-5.792479,0.0],[-45.381476,-5.792586,0.0],[-45.381418,-5.79268,0.0],[-45.381291,-5.792751,0.0],[-45.381231,-5.792878,0.0],[-45.381175,-5.793101,0.0],[-45.381152,-5.793275,0.0],[-45.381043,-5.79335,0.0],[-45.380952,-5.793556,0.0],[-45.380871,-5.793734,0.0],[-45.380777,-5.793856,0.0],[-45.380676,-5.794055,0.0],[-45.380564,-5.794266,0.0],[-45.380405,-5.794465,0.0],[-45.380255,-5.794581,0.0],[-45.380067,-5.794725,0.0],[-45.379959,-5.794911,0.0],[-45.379948,-5.794976,0.0],[-45.379927,-5.795079,0.0],[-45.379871,-5.795224,0.0],[-45.379876,-5.795366,0.0],[-45.379871,-5.795497,0.0],[-45.379906,-5.795699,0.0],[-45.379961,-5.795943,0.0],[-45.379979,-5.79611,0.0],[-45.379972,-5.796237,0.0],[-45.379985,-5.796394,0.0],[-45.379991,-5.796503,0.0],[-45.379966,-5.796554,0.0],[-45.379974,-5.796668,0.0],[-45.380002,-5.796857,0.0],[-45.379993,-5.796926,0.0],[-45.379963,-5.796998,0.0],[-45.379873,-5.797133,0.0],[-45.379749,-5.797273,0.0],[-45.379612,-5.797623,0.0],[-45.379618,-5.797721,0.0],[-45.379622,-5.797833,0.0],[-45.379562,-5.797951,0.0],[-45.379524,-5.798109,0.0],[-45.379607,-5.798213,0.0],[-45.379717,-5.798279,0.0],[-45.37985,-5.798292,0.0],[-45.379966,-5.798294,0.0],[-45.380081,-5.798277,0.0],[-45.380214,-5.79827,0.0],[-45.380322,-5.798247,0.0],[-45.380455,-5.798185,0.0],[-45.380706,-5.798183,0.0],[-45.380806,-5.798189,0.0],[-45.380907,-5.798183,0.0],[-45.380952,-5.798174,0.0],[-45.380963,-5.798138,0.0],[-45.381057,-5.798125,0.0],[-45.381236,-5.798112,0.0],[-45.3813,-5.798092,0.0],[-45.381362,-5.798122,0.0],[-45.381446,-5.798245,0.0],[-45.381532,-5.798328,0.0],[-45.381628,-5.798468,0.0],[-45.381658,-5.798641,0.0],[-45.38172,-5.798715,0.0],[-45.381815,-5.7988,0.0],[-45.381862,-5.799051,0.0],[-45.381945,-5.799309,0.0],[-45.381943,-5.799626,0.0],[-45.381858,-5.799931,0.0],[-45.381772,-5.8001,0.0],[-45.38168,-5.800257,0.0],[-45.381568,-5.800328,0.0],[-45.381405,-5.800441,0.0],[-45.381206,-5.8006,0.0],[-45.381021,-5.800784,0.0],[-45.380785,-5.800948,0.0],[-45.380721,-5.800991,0.0],[-45.380725,-5.801055,0.0],[-45.380851,-5.801192,0.0],[-45.380843,-5.801357,0.0],[-45.380854,-5.801524,0.0],[-45.38106,-5.80169,0.0],[-45.381117,-5.801803,0.0],[-45.381118,-5.801887,0.0],[-45.381055,-5.801996,0.0],[-45.380755,-5.802235,0.0],[-45.380326,-5.802514,0.0],[-45.380034,-5.802722,0.0],[-45.379858,-5.802784,0.0],[-45.379635,-5.802913,0.0],[-45.379386,-5.80291,0.0],[-45.379251,-5.803052,0.0],[-45.379185,-5.803172,0.0],[-45.379151,-5.803312,0.0],[-45.379045,-5.803419,0.0],[-45.378908,-5.803543,0.0],[-45.378758,-5.803702,0.0],[-45.378747,-5.803796,0.0],[-45.378535,-5.803953,0.0],[-45.378185,-5.80424,0.0],[-45.378146,-5.804362,0.0],[-45.378091,-5.80451,0.0],[-45.377986,-5.80451,0.0],[-45.377906,-5.804661,0.0],[-45.377818,-5.804894,0.0],[-45.377724,-5.805146,0.0],[-45.377732,-5.805373,0.0],[-45.377756,-5.805875,0.0],[-45.377745,-5.806134,0.0],[-45.377795,-5.806469,0.0],[-45.377778,-5.806711,0.0],[-45.377685,-5.807055,0.0],[-45.377568,-5.807304,0.0],[-45.377461,-5.807466,0.0],[-45.377515,-5.807616,0.0],[-45.377374,-5.807776,0.0],[-45.3772,-5.807817,0.0],[-45.37709,-5.807969,0.0],[-45.376987,-5.808088,0.0],[-45.376869,-5.808225,0.0],[-45.376717,-5.808467,0.0],[-45.376715,-5.808619,0.0],[-45.376459,-5.808768,0.0],[-45.376281,-5.808971,0.0],[-45.37611,-5.809207,0.0],[-45.376007,-5.809321,0.0],[-45.37587,-5.809417,0.0],[-45.375839,-5.809521,0.0],[-45.375837,-5.809596,0.0],[-45.375797,-5.809638,0.0],[-45.375707,-5.809838,0.0],[-45.375634,-5.810035,0.0],[-45.375576,-5.81016,0.0],[-45.375485,-5.810248,0.0],[-45.375492,-5.810334,0.0],[-45.375374,-5.810527,0.0],[-45.375222,-5.810807,0.0],[-45.375114,-5.811041,0.0],[-45.375012,-5.8112,0.0],[-45.374966,-5.811434,0.0],[-45.374911,-5.811606,0.0],[-45.374893,-5.811736,0.0],[-45.37493,-5.811927,0.0],[-45.374954,-5.812101,0.0],[-45.375074,-5.81227,0.0],[-45.375245,-5.812517,0.0],[-45.375346,-5.812826,0.0],[-45.375322,-5.813062,0.0],[-45.375301,-5.813341,0.0],[-45.375284,-5.813746,0.0],[-45.375237,-5.81409,0.0],[-45.375196,-5.814338,0.0],[-45.375151,-5.814499,0.0],[-45.375097,-5.814737,0.0],[-45.375007,-5.814945,0.0],[-45.374924,-5.815031,0.0],[-45.374838,-5.815186,0.0],[-45.374701,-5.815263,0.0],[-45.374617,-5.815419,0.0],[-45.374716,-5.815503,0.0],[-45.37481,-5.815512,0.0],[-45.375016,-5.815552,0.0],[-45.375211,-5.815645,0.0],[-45.375413,-5.815825,0.0],[-45.375531,-5.815996,0.0],[-45.375543,-5.816157,0.0],[-45.375569,-5.816256,0.0],[-45.375571,-5.81641,0.0],[-45.375582,-5.816621,0.0],[-45.375619,-5.816842,0.0],[-45.37561,-5.81699,0.0],[-45.375546,-5.817125,0.0],[-45.375591,-5.817284,0.0],[-45.375848,-5.81755,0.0],[-45.375988,-5.817741,0.0],[-45.376082,-5.817936,0.0],[-45.376174,-5.818139,0.0],[-45.376106,-5.818348,0.0],[-45.376108,-5.818584,0.0],[-45.376133,-5.818691,0.0],[-45.376114,-5.818864,0.0],[-45.376099,-5.818978,0.0],[-45.375874,-5.819152,0.0],[-45.37561,-5.8193,0.0],[-45.37537,-5.819377,0.0],[-45.374969,-5.819409,0.0],[-45.374626,-5.819394,0.0],[-45.37423,-5.819535,0.0],[-45.374023,-5.819572,0.0],[-45.373834,-5.819656,0.0],[-45.373664,-5.81971,0.0],[-45.373502,-5.81981,0.0],[-45.37339,-5.819845,0.0],[-45.373272,-5.8198,0.0],[-45.373141,-5.819913,0.0],[-45.373027,-5.819991,0.0],[-45.372933,-5.820091,0.0],[-45.372786,-5.820193,0.0],[-45.372482,-5.820132,0.0],[-45.372337,-5.819982,0.0],[-45.372133,-5.819946,0.0],[-45.371866,-5.819988,0.0],[-45.371549,-5.819978,0.0],[-45.37138,-5.820008,0.0],[-45.371187,-5.820132,0.0],[-45.371157,-5.820216,0.0],[-45.371064,-5.820269,0.0],[-45.370959,-5.820381,0.0],[-45.370889,-5.820486,0.0],[-45.370807,-5.820574,0.0],[-45.370659,-5.820606,0.0],[-45.370382,-5.820694,0.0],[-45.370355,-5.820754,0.0],[-45.370348,-5.820905,0.0],[-45.37032,-5.820988,0.0],[-45.370316,-5.821065,0.0],[-45.370292,-5.821155,0.0],[-45.370322,-5.821314,0.0],[-45.370339,-5.821422,0.0],[-45.370369,-5.821518,0.0],[-45.370352,-5.821681,0.0],[-45.370369,-5.821908,0.0],[-45.370352,-5.822024,0.0],[-45.37031,-5.822172,0.0],[-45.370236,-5.822316,0.0],[-45.37023,-5.822509,0.0],[-45.370215,-5.822689,0.0],[-45.370228,-5.822844,0.0],[-45.37014,-5.822981,0.0],[-45.370089,-5.82314,0.0],[-45.370078,-5.823215,0.0],[-45.370101,-5.823314,0.0],[-45.37008,-5.823446,0.0],[-45.370129,-5.82358,0.0],[-45.370241,-5.823717,0.0],[-45.370309,-5.823848,0.0],[-45.37031,-5.823929,0.0],[-45.370282,-5.824041,0.0],[-45.370251,-5.824142,0.0],[-45.370224,-5.824208,0.0],[-45.370234,-5.824332,0.0],[-45.37023,-5.824461,0.0],[-45.370266,-5.824689,0.0],[-45.370249,-5.824882,0.0],[-45.370301,-5.824984,0.0],[-45.370312,-5.825055,0.0],[-45.370303,-5.825107,0.0],[-45.370312,-5.825218,0.0],[-45.370344,-5.825345,0.0],[-45.370365,-5.825454,0.0],[-45.37031,-5.825592,0.0],[-45.370262,-5.825738,0.0],[-45.370243,-5.825909,0.0],[-45.370277,-5.826132,0.0],[-45.370222,-5.826261,0.0],[-45.370185,-5.826402,0.0],[-45.370144,-5.826478,0.0],[-45.370035,-5.826641,0.0],[-45.370069,-5.826771,0.0],[-45.370134,-5.826936,0.0],[-45.37032,-5.827098,0.0],[-45.370419,-5.82726,0.0],[-45.370608,-5.827451,0.0],[-45.3707,-5.827642,0.0],[-45.370719,-5.827838,0.0],[-45.370728,-5.828013,0.0],[-45.370683,-5.828155,0.0],[-45.370621,-5.828269,0.0],[-45.370706,-5.828719,0.0],[-45.370672,-5.828833,0.0],[-45.370635,-5.829004,0.0],[-45.370618,-5.829165,0.0],[-45.370751,-5.829626,0.0],[-45.370809,-5.829937,0.0],[-45.370916,-5.830227,0.0],[-45.371049,-5.830527,0.0],[-45.371077,-5.830661,0.0],[-45.37121,-5.830753,0.0],[-45.371448,-5.83089,0.0],[-45.371744,-5.831169,0.0],[-45.371987,-5.831486,0.0],[-45.372062,-5.831566,0.0],[-45.37215,-5.831624,0.0],[-45.372277,-5.831804,0.0],[-45.372418,-5.8319,0.0],[-45.372602,-5.831947,0.0],[-45.372834,-5.832132,0.0],[-45.373137,-5.832377,0.0],[-45.373428,-5.83255,0.0],[-45.373729,-5.832632,0.0],[-45.374091,-5.832833,0.0],[-45.374316,-5.832923,0.0],[-45.374473,-5.833108,0.0],[-45.374655,-5.833421,0.0],[-45.374906,-5.833899,0.0],[-45.375048,-5.834163,0.0],[-45.375078,-5.834299,0.0],[-45.375123,-5.834431,0.0],[-45.375168,-5.834537,0.0],[-45.375164,-5.834612,0.0],[-45.375104,-5.834702,0.0],[-45.374959,-5.834737,0.0],[-45.374797,-5.8348,0.0],[-45.374643,-5.834895,0.0],[-45.374525,-5.834955,0.0],[-45.374364,-5.835026,0.0],[-45.374235,-5.835092,0.0],[-45.374096,-5.83512,0.0],[-45.373812,-5.835129,0.0],[-45.37366,-5.835114,0.0],[-45.373501,-5.835142,0.0],[-45.373444,-5.835249,0.0],[-45.37351,-5.835322,0.0],[-45.373516,-5.835431,0.0],[-45.373634,-5.835553,0.0],[-45.373722,-5.835736,0.0],[-45.373814,-5.835899,0.0],[-45.373913,-5.836049,0.0],[-45.373999,-5.836178,0.0],[-45.374014,-5.836283,0.0],[-45.373978,-5.836345,0.0],[-45.373821,-5.836431,0.0],[-45.373664,-5.836469,0.0],[-45.373523,-5.836474,0.0],[-45.373385,-5.836334,0.0],[-45.373298,-5.836193,0.0],[-45.373227,-5.836175,0.0],[-45.373182,-5.836206,0.0],[-45.373081,-5.83627,0.0],[-45.372837,-5.836367,0.0],[-45.37266,-5.836373,0.0],[-45.37256,-5.836469,0.0],[-45.372555,-5.836675,0.0],[-45.372568,-5.836881,0.0],[-45.372596,-5.837132,0.0],[-45.372515,-5.837321,0.0],[-45.372399,-5.837621,0.0],[-45.372429,-5.837874,0.0],[-45.372498,-5.838158,0.0],[-45.372596,-5.838299,0.0],[-45.372716,-5.838494,0.0],[-45.372896,-5.838705,0.0],[-45.372971,-5.838945,0.0],[-45.373034,-5.839116,0.0],[-45.373145,-5.839277,0.0],[-45.373364,-5.839601,0.0],[-45.373471,-5.839854,0.0],[-45.373495,-5.840067,0.0],[-45.373456,-5.840187,0.0],[-45.373283,-5.840376,0.0],[-45.37307,-5.840584,0.0],[-45.372982,-5.840742,0.0],[-45.372896,-5.840871,0.0],[-45.372817,-5.841017,0.0],[-45.372703,-5.841139,0.0],[-45.372622,-5.841313,0.0],[-45.372502,-5.841557,0.0],[-45.372446,-5.841768,0.0],[-45.372395,-5.841924,0.0],[-45.372283,-5.842132,0.0],[-45.372231,-5.84237,0.0],[-45.37209,-5.842649,0.0],[-45.371959,-5.842969,0.0],[-45.37192,-5.843136,0.0],[-45.371807,-5.843332,0.0],[-45.371858,-5.84363,0.0],[-45.371897,-5.844029,0.0],[-45.371811,-5.844271,0.0],[-45.371757,-5.844438,0.0],[-45.3717,-5.844571,0.0],[-45.371678,-5.84476,0.0],[-45.371689,-5.844919,0.0],[-45.371669,-5.84499,0.0],[-45.371702,-5.845065,0.0],[-45.371687,-5.845118,0.0],[-45.371556,-5.845183,0.0],[-45.371444,-5.845256,0.0],[-45.371367,-5.845311,0.0],[-45.371251,-5.845307,0.0],[-45.371135,-5.845252,0.0],[-45.371095,-5.845333,0.0],[-45.371157,-5.845535,0.0],[-45.371292,-5.845805,0.0],[-45.371391,-5.845938,0.0],[-45.371425,-5.84606,0.0],[-45.371515,-5.846137,0.0],[-45.371635,-5.846223,0.0],[-45.37183,-5.846571,0.0],[-45.37183,-5.846738,0.0],[-45.371817,-5.846845,0.0],[-45.371614,-5.847002,0.0],[-45.371423,-5.847094,0.0],[-45.371185,-5.847158,0.0],[-45.371022,-5.847161,0.0],[-45.370744,-5.847347,0.0],[-45.370705,-5.847459,0.0],[-45.370622,-5.847721,0.0],[-45.37063,-5.847832,0.0],[-45.370581,-5.848066,0.0],[-45.370497,-5.848259,0.0],[-45.370465,-5.848349,0.0],[-45.370366,-5.848413,0.0],[-45.370229,-5.848317,0.0],[-45.370092,-5.848177,0.0],[-45.369923,-5.848189,0.0],[-45.369504,-5.848057,0.0],[-45.369334,-5.847926,0.0],[-45.369116,-5.847826,0.0],[-45.368899,-5.847759,0.0],[-45.36868,-5.84777,0.0],[-45.368464,-5.848034,0.0],[-45.368369,-5.848244,0.0],[-45.368206,-5.848433,0.0],[-45.368015,-5.848638,0.0],[-45.367648,-5.848849,0.0],[-45.367325,-5.848913,0.0],[-45.367209,-5.849065,0.0],[-45.367219,-5.849441,0.0],[-45.367222,-5.849829,0.0],[-45.367207,-5.850095,0.0],[-45.367174,-5.85032,0.0],[-45.367102,-5.850479,0.0],[-45.36694,-5.850651,0.0],[-45.366666,-5.850786,0.0],[-45.366464,-5.850917,0.0],[-45.366303,-5.851187,0.0],[-45.366484,-5.851416,0.0],[-45.366703,-5.851531,0.0],[-45.366833,-5.851596,0.0],[-45.366899,-5.851691,0.0],[-45.366952,-5.851822,0.0],[-45.366972,-5.851996,0.0],[-45.366963,-5.852263,0.0],[-45.366895,-5.852501,0.0],[-45.366916,-5.852624,0.0],[-45.366887,-5.852753,0.0],[-45.366865,-5.852843,0.0],[-45.366919,-5.852947,0.0],[-45.366988,-5.853065,0.0],[-45.367017,-5.853297,0.0],[-45.367173,-5.853467,0.0],[-45.36732,-5.853758,0.0],[-45.367542,-5.853896,0.0],[-45.367792,-5.853942,0.0],[-45.36813,-5.853976,0.0],[-45.368427,-5.854005,0.0],[-45.368892,-5.853878,0.0],[-45.369119,-5.853818,0.0],[-45.369318,-5.853754,0.0],[-45.369651,-5.853787,0.0],[-45.369814,-5.853731,0.0],[-45.370064,-5.853742,0.0],[-45.370291,-5.853701,0.0],[-45.37045,-5.853691,0.0],[-45.370654,-5.85369,0.0],[-45.370891,-5.853782,0.0],[-45.371153,-5.853786,0.0],[-45.371376,-5.853881,0.0],[-45.371597,-5.854016,0.0],[-45.371889,-5.854145,0.0],[-45.372164,-5.854334,0.0],[-45.372593,-5.854512,0.0],[-45.37276,-5.854702,0.0],[-45.372951,-5.854883,0.0],[-45.373101,-5.855138,0.0],[-45.373079,-5.855301,0.0],[-45.372934,-5.855545,0.0],[-45.372842,-5.855687,0.0],[-45.372635,-5.855833,0.0],[-45.372138,-5.856095,0.0],[-45.371677,-5.856447,0.0],[-45.371505,-5.856622,0.0],[-45.371312,-5.856858,0.0],[-45.371245,-5.856966,0.0],[-45.371136,-5.857144,0.0],[-45.370971,-5.857245,0.0],[-45.370943,-5.85741,0.0],[-45.371005,-5.857583,0.0],[-45.371074,-5.857772,0.0],[-45.371055,-5.858053,0.0],[-45.371132,-5.858244,0.0],[-45.371121,-5.858454,0.0],[-45.371085,-5.858665,0.0],[-45.371158,-5.858815,0.0],[-45.371136,-5.858997,0.0],[-45.371271,-5.859317,0.0],[-45.371672,-5.859465,0.0],[-45.372063,-5.85952,0.0],[-45.37229,-5.85952,0.0],[-45.372492,-5.859576,0.0],[-45.372633,-5.859855,0.0],[-45.372777,-5.860113,0.0],[-45.372897,-5.860305,0.0],[-45.373065,-5.860599,0.0],[-45.373052,-5.86082,0.0],[-45.373067,-5.86094,0.0],[-45.373024,-5.861074,0.0],[-45.372805,-5.861447,0.0],[-45.372625,-5.861595,0.0],[-45.372473,-5.861869,0.0],[-45.372389,-5.86224,0.0],[-45.372295,-5.862766,0.0],[-45.372249,-5.862833,0.0],[-45.3722,-5.862981,0.0],[-45.372189,-5.863094,0.0],[-45.372119,-5.863203,0.0],[-45.372125,-5.863321,0.0],[-45.372101,-5.86341,0.0],[-45.372003,-5.863594,0.0],[-45.372016,-5.863699,0.0],[-45.372043,-5.863809,0.0],[-45.372089,-5.864034,0.0],[-45.372046,-5.8641,0.0],[-45.371953,-5.864257,0.0],[-45.371846,-5.864602,0.0],[-45.371797,-5.864982,0.0],[-45.371778,-5.865503,0.0],[-45.371745,-5.865973,0.0],[-45.371687,-5.866295,0.0],[-45.371655,-5.866533,0.0],[-45.371773,-5.86696,0.0],[-45.37175,-5.867194,0.0],[-45.371797,-5.867455,0.0],[-45.371797,-5.86761,0.0],[-45.371644,-5.867713,0.0],[-45.371772,-5.868039,0.0],[-45.37195,-5.868431,0.0],[-45.37213,-5.868663,0.0],[-45.372383,-5.868779,0.0],[-45.373087,-5.869051,0.0],[-45.373516,-5.869242,0.0],[-45.37372,-5.869296,0.0],[-45.374048,-5.869249,0.0],[-45.374554,-5.869306,0.0],[-45.374786,-5.869397,0.0],[-45.374913,-5.869532,0.0],[-45.374985,-5.869669,0.0],[-45.375001,-5.869871,0.0],[-45.374994,-5.870036,0.0],[-45.375084,-5.870267,0.0],[-45.375159,-5.870452,0.0],[-45.375196,-5.870608,0.0],[-45.375172,-5.870705,0.0],[-45.375178,-5.870801,0.0],[-45.375168,-5.870889,0.0],[-45.375189,-5.870995,0.0],[-45.375151,-5.871115,0.0],[-45.375138,-5.871319,0.0],[-45.375194,-5.871539,0.0],[-45.375282,-5.871767,0.0],[-45.375226,-5.871801,0.0],[-45.375207,-5.871868,0.0],[-45.375258,-5.871962,0.0],[-45.375104,-5.872464,0.0],[-45.375082,-5.87262,0.0],[-45.375043,-5.872734,0.0],[-45.375046,-5.872833,0.0],[-45.37503,-5.872934,0.0],[-45.375003,-5.873202,0.0],[-45.375009,-5.873423,0.0],[-45.375035,-5.873517,0.0],[-45.375026,-5.873624,0.0],[-45.375015,-5.873695,0.0],[-45.375001,-5.873873,0.0],[-45.375106,-5.874045,0.0],[-45.375125,-5.874259,0.0],[-45.375196,-5.874495,0.0],[-45.375286,-5.874806,0.0],[-45.375451,-5.875057,0.0],[-45.375537,-5.875315,0.0],[-45.375582,-5.875525,0.0],[-45.375691,-5.875802,0.0],[-45.375665,-5.875978,0.0],[-45.375436,-5.876372,0.0],[-45.375425,-5.876514,0.0],[-45.375522,-5.876585,0.0],[-45.375702,-5.87684,0.0],[-45.3759,-5.877117,0.0],[-45.376182,-5.877578,0.0],[-45.37613,-5.877872,0.0],[-45.376124,-5.878037,0.0],[-45.375696,-5.878118,0.0],[-45.37538,-5.878417,0.0],[-45.375275,-5.87859,0.0],[-45.375104,-5.878859,0.0],[-45.375073,-5.879092,0.0],[-45.375237,-5.879324,0.0],[-45.375528,-5.879534,0.0],[-45.375813,-5.879777,0.0],[-45.37612,-5.880056,0.0],[-45.376421,-5.880279,0.0],[-45.376721,-5.880377,0.0],[-45.377144,-5.880677,0.0],[-45.377422,-5.880909,0.0],[-45.377572,-5.881107,0.0],[-45.377523,-5.881242,0.0],[-45.377313,-5.881531,0.0],[-45.377182,-5.881823,0.0],[-45.377122,-5.882089,0.0],[-45.377032,-5.882372,0.0],[-45.376978,-5.882514,0.0],[-45.376934,-5.882689,0.0],[-45.376767,-5.882869,0.0],[-45.376422,-5.882958,0.0],[-45.375818,-5.883128,0.0],[-45.375665,-5.883295,0.0],[-45.375524,-5.883563,0.0],[-45.375473,-5.883755,0.0],[-45.375537,-5.884037,0.0],[-45.375588,-5.88428,0.0],[-45.37576,-5.884706,0.0],[-45.375841,-5.885036,0.0],[-45.375841,-5.885228,0.0],[-45.375917,-5.885369,0.0],[-45.376208,-5.88549,0.0],[-45.376856,-5.885405,0.0],[-45.377203,-5.88536,0.0],[-45.377446,-5.885332,0.0],[-45.377575,-5.88526,0.0],[-45.377802,-5.885337,0.0],[-45.3781,-5.885444,0.0],[-45.37821,-5.885433,0.0],[-45.378336,-5.885343,0.0],[-45.378497,-5.885363,0.0],[-45.378667,-5.885397,0.0],[-45.378784,-5.885472,0.0],[-45.378907,-5.885575,0.0],[-45.378947,-5.885766,0.0],[-45.379003,-5.886045,0.0],[-45.379027,-5.886233,0.0],[-45.37896,-5.886454,0.0],[-45.378922,-5.886707,0.0],[-45.378888,-5.886785,0.0],[-45.378997,-5.887098,0.0],[-45.379018,-5.887197,0.0],[-45.379029,-5.887284,0.0],[-45.37901,-5.887345,0.0],[-45.379053,-5.887565,0.0],[-45.379096,-5.887786,0.0],[-45.379074,-5.888027,0.0],[-45.378812,-5.888195,0.0],[-45.378559,-5.888403,0.0],[-45.378378,-5.888512,0.0],[-45.378218,-5.888522,0.0],[-45.378023,-5.888534,0.0],[-45.377766,-5.888608,0.0],[-45.377548,-5.888659,0.0],[-45.377369,-5.888723,0.0],[-45.377221,-5.888794,0.0],[-45.377047,-5.888877,0.0],[-45.376916,-5.888972,0.0],[-45.37694,-5.8891,0.0],[-45.37703,-5.88918,0.0],[-45.377229,-5.889281,0.0],[-45.377354,-5.88936,0.0],[-45.377444,-5.889471,0.0],[-45.377558,-5.889544,0.0],[-45.377714,-5.889577,0.0],[-45.377861,-5.889661,0.0],[-45.378034,-5.890254,0.0],[-45.377974,-5.890203,0.0],[-45.377984,-5.890413,0.0],[-45.378014,-5.890507,0.0],[-45.378152,-5.890623,0.0],[-45.378255,-5.890874,0.0],[-45.378364,-5.891284,0.0],[-45.378401,-5.891473,0.0],[-45.378443,-5.891649,0.0],[-45.378476,-5.891885,0.0],[-45.37851,-5.89223,0.0],[-45.378525,-5.892444,0.0],[-45.37845,-5.89259,0.0],[-45.378237,-5.892854,0.0],[-45.378096,-5.893082,0.0],[-45.377995,-5.893249,0.0],[-45.377997,-5.893496,0.0],[-45.378027,-5.893629,0.0],[-45.377991,-5.893937,0.0],[-45.377957,-5.894371,0.0],[-45.378098,-5.894736,0.0],[-45.378184,-5.895089,0.0],[-45.378216,-5.895398,0.0],[-45.378186,-5.895548,0.0],[-45.378059,-5.895802,0.0],[-45.377881,-5.896016,0.0],[-45.37763,-5.896353,0.0],[-45.377371,-5.896658,0.0],[-45.377247,-5.896939,0.0],[-45.377218,-5.897018,0.0],[-45.377203,-5.897232,0.0],[-45.377122,-5.897443,0.0],[-45.377081,-5.897614,0.0],[-45.377011,-5.897752,0.0],[-45.37689,-5.897973,0.0],[-45.37688,-5.898086,0.0],[-45.376869,-5.898322,0.0],[-45.376852,-5.898565,0.0],[-45.376847,-5.89885,0.0],[-45.37689,-5.899053,0.0],[-45.377011,-5.899296,0.0],[-45.377092,-5.899643,0.0],[-45.377178,-5.899903,0.0],[-45.3773,-5.90004,0.0],[-45.377442,-5.900283,0.0],[-45.377555,-5.900493,0.0],[-45.37768,-5.900667,0.0],[-45.377748,-5.900871,0.0],[-45.37789,-5.901055,0.0],[-45.378062,-5.901254,0.0],[-45.378257,-5.901353,0.0],[-45.378448,-5.901493,0.0],[-45.378613,-5.901636,0.0],[-45.378776,-5.901857,0.0],[-45.378851,-5.901979,0.0],[-45.378926,-5.902113,0.0],[-45.378986,-5.902331,0.0],[-45.379089,-5.902454,0.0],[-45.379269,-5.902629,0.0],[-45.379479,-5.902846,0.0],[-45.379604,-5.903014,0.0],[-45.3797,-5.903103,0.0],[-45.379827,-5.903335,0.0],[-45.379988,-5.903479,0.0],[-45.38029,-5.903753,0.0],[-45.380724,-5.904129,0.0],[-45.380906,-5.904193,0.0],[-45.380992,-5.904294,0.0],[-45.381071,-5.90438,0.0],[-45.381189,-5.904444,0.0],[-45.381301,-5.904425,0.0],[-45.381432,-5.904496,0.0],[-45.381586,-5.904573,0.0],[-45.381642,-5.904637,0.0],[-45.381742,-5.904805,0.0],[-45.381845,-5.905036,0.0],[-45.381921,-5.905298,0.0],[-45.381983,-5.905485,0.0],[-45.382052,-5.905701,0.0],[-45.382161,-5.905838,0.0],[-45.382257,-5.905986,0.0],[-45.38238,-5.906094,0.0],[-45.382453,-5.906208,0.0],[-45.382646,-5.906319,0.0],[-45.382811,-5.90637,0.0],[-45.382944,-5.906424,0.0],[-45.383096,-5.906493,0.0],[-45.383205,-5.906834,0.0],[-45.38318,-5.907081,0.0],[-45.383158,-5.907181,0.0],[-45.383032,-5.907347,0.0],[-45.382746,-5.907522,0.0],[-45.382472,-5.907758,0.0],[-45.382245,-5.907956,0.0],[-45.382103,-5.908076,0.0],[-45.382008,-5.908149,0.0],[-45.381978,-5.908205,0.0],[-45.381944,-5.908277,0.0],[-45.38156,-5.908357,0.0],[-45.381476,-5.908531,0.0],[-45.38131,-5.90865,0.0],[-45.380997,-5.908948,0.0],[-45.380625,-5.909162,0.0],[-45.380314,-5.909566,0.0],[-45.380149,-5.909817,0.0],[-45.380115,-5.910106,0.0],[-45.38016,-5.910503,0.0],[-45.380145,-5.910979,0.0],[-45.380108,-5.911541,0.0],[-45.380201,-5.91205,0.0],[-45.380366,-5.912477,0.0],[-45.380568,-5.912845,0.0],[-45.380898,-5.913103,0.0],[-45.381194,-5.913347,0.0],[-45.381614,-5.913564,0.0],[-45.382108,-5.913669,0.0],[-45.382415,-5.913751,0.0],[-45.382592,-5.91392,0.0],[-45.382685,-5.914126,0.0],[-45.38282,-5.914429,0.0],[-45.382887,-5.914575,0.0],[-45.383052,-5.91465,0.0],[-45.383498,-5.914796,0.0],[-45.383674,-5.91489,0.0],[-45.383745,-5.915014,0.0],[-45.383963,-5.915291,0.0],[-45.384075,-5.915433,0.0],[-45.384229,-5.915565,0.0],[-45.384409,-5.915654,0.0],[-45.384645,-5.915879,0.0],[-45.384978,-5.916074,0.0],[-45.385192,-5.916231,0.0],[-45.385349,-5.916355,0.0],[-45.385383,-5.916509,0.0],[-45.385323,-5.916629,0.0],[-45.385113,-5.916786,0.0],[-45.384941,-5.91685,0.0],[-45.384821,-5.916951,0.0],[-45.384716,-5.917033,0.0],[-45.38457,-5.917086,0.0],[-45.384476,-5.917176,0.0],[-45.384371,-5.917295,0.0],[-45.384412,-5.917389,0.0],[-45.384506,-5.917487,0.0],[-45.384641,-5.917603,0.0],[-45.384794,-5.917749,0.0],[-45.384922,-5.917827,0.0],[-45.385132,-5.917857,0.0],[-45.385368,-5.917835,0.0],[-45.385664,-5.917771,0.0],[-45.385933,-5.917655,0.0],[-45.386248,-5.917584,0.0],[-45.386421,-5.91758,0.0],[-45.386514,-5.917606,0.0],[-45.386653,-5.917749,0.0],[-45.386728,-5.91791,0.0],[-45.386769,-5.918093,0.0],[-45.386833,-5.918273,0.0],[-45.38696,-5.918442,0.0],[-45.387132,-5.918566,0.0],[-45.387428,-5.918764,0.0],[-45.387737,-5.919173,0.0],[-45.387985,-5.919386,0.0],[-45.38815,-5.919581,0.0],[-45.388277,-5.919753,0.0],[-45.388461,-5.919877,0.0],[-45.388614,-5.919918,0.0],[-45.388783,-5.919967,0.0],[-45.388858,-5.919997,0.0],[-45.38888,-5.920128,0.0],[-45.388861,-5.920304,0.0],[-45.388858,-5.920544,0.0],[-45.388869,-5.920581,0.0],[-45.388902,-5.920696,0.0],[-45.393907,-5.915728,0.0],[-45.399634,-5.910046,0.0],[-45.406056,-5.903681,0.0],[-45.412452,-5.897269,0.0],[-45.418886,-5.890859,0.0],[-45.425334,-5.884486,0.0],[-45.43177,-5.878154,0.0],[-45.438186,-5.871812,0.0],[-45.444574,-5.865429,0.0],[-45.451071,-5.858943,0.0],[-45.45746,-5.852647,0.0],[-45.464198,-5.845966,0.0],[-45.471073,-5.839157,0.0],[-45.477765,-5.832491,0.0],[-45.484754,-5.825594,0.0],[-45.493159,-5.817128,0.0],[-45.500896,-5.809538,0.0],[-45.507483,-5.802983,0.0],[-45.514288,-5.796217,0.0],[-45.547787,-5.762669,0.0],[-45.55615,-5.754285,0.0],[-45.563183,-5.747186,0.0],[-45.569629,-5.740673,0.0],[-45.576168,-5.734104,0.0],[-45.576409,-5.733852,0.0],[-45.577071,-5.733165,0.0],[-45.580638,-5.729308,0.0],[-45.583224,-5.726513,0.0],[-45.589489,-5.719739,0.0],[-45.593296,-5.715623,0.0],[-45.598009,-5.710526,0.0],[-45.616541,-5.690495,0.0],[-45.622728,-5.683807,0.0],[-45.627187,-5.678986,0.0],[-45.635115,-5.670414,0.0],[-45.641075,-5.663969,0.0],[-45.647556,-5.657157,0.0],[-45.653825,-5.6506,0.0],[-45.660063,-5.644224,0.0],[-45.666305,-5.637778,0.0],[-45.674108,-5.629652,0.0],[-45.681371,-5.622061,0.0],[-45.687341,-5.615823,0.0],[-45.693256,-5.609646,0.0],[-45.699363,-5.603269,0.0],[-45.703597,-5.598569,0.0],[-45.708388,-5.593333,0.0],[-45.709371,-5.59225,0.0],[-45.71341,-5.587803,0.0],[-45.719807,-5.580401,0.0],[-45.725672,-5.573983,0.0],[-45.730119,-5.56868,0.0],[-45.734438,-5.563717,0.0],[-45.739699,-5.55795,0.0],[-45.744967,-5.552369,0.0],[-45.751163,-5.545759,0.0],[-45.757271,-5.539245,0.0],[-45.763267,-5.532852,0.0],[-45.769485,-5.526223,0.0],[-45.775732,-5.519566,0.0],[-45.780344,-5.51449,0.0],[-45.787017,-5.507215,0.0],[-45.792702,-5.501219,0.0],[-45.799328,-5.494641,0.0],[-45.804481,-5.489235,0.0],[-45.811118,-5.482225,0.0],[-45.817796,-5.475272,0.0],[-45.824224,-5.468433,0.0],[-45.818961,-5.464258,0.0],[-45.814128,-5.460067,0.0],[-45.806674,-5.453519,0.0],[-45.797999,-5.448309,0.0],[-45.790072,-5.443977,0.0],[-45.789568,-5.443475,0.0],[-45.786649,-5.440565,0.0],[-45.782313,-5.436251,0.0],[-45.778303,-5.433391,0.0],[-45.773133,-5.429664,0.0],[-45.766881,-5.424096,0.0],[-45.761795,-5.419576,0.0],[-45.756308,-5.414694,0.0],[-45.749415,-5.408569,0.0],[-45.743187,-5.402709,0.0],[-45.740467,-5.400366,0.0],[-45.737644,-5.397934,0.0],[-45.735879,-5.396413,0.0],[-45.734595,-5.395308,0.0],[-45.733369,-5.394252,0.0],[-45.732121,-5.393176,0.0],[-45.730903,-5.392127,0.0],[-45.729532,-5.390947,0.0],[-45.72814,-5.389747,0.0],[-45.726723,-5.388516,0.0],[-45.725323,-5.3873,0.0],[-45.724029,-5.386176,0.0],[-45.722668,-5.384994,0.0],[-45.720827,-5.383394,0.0],[-45.719413,-5.382145,0.0],[-45.717798,-5.38072,0.0],[-45.716137,-5.379252,0.0],[-45.714364,-5.377687,0.0],[-45.713436,-5.376868,0.0],[-45.71164,-5.375368,0.0],[-45.710172,-5.374141,0.0],[-45.706786,-5.371312,0.0],[-45.705737,-5.370436,0.0],[-45.703058,-5.368126,0.0],[-45.701377,-5.366677,0.0],[-45.700183,-5.365648,0.0],[-45.696645,-5.3623,0.0],[-45.69337,-5.3592,0.0],[-45.692158,-5.357952,0.0],[-45.690679,-5.356428,0.0],[-45.689243,-5.355135,0.0],[-45.686453,-5.352622,0.0],[-45.685337,-5.351617,0.0],[-45.678044,-5.358591,0.0],[-45.670432,-5.365747,0.0],[-45.664879,-5.371105,0.0],[-45.658759,-5.377102,0.0],[-45.651947,-5.383838,0.0],[-45.649536,-5.386133,0.0],[-45.646836,-5.388807,0.0],[-45.641314,-5.394367,0.0],[-45.635092,-5.400399,0.0],[-45.628412,-5.406881,0.0],[-45.622872,-5.412379,0.0],[-45.61897,-5.416181,0.0],[-45.612883,-5.422099,0.0],[-45.606501,-5.428303,0.0],[-45.600095,-5.434532,0.0],[-45.593586,-5.440862,0.0],[-45.586931,-5.447353,0.0],[-45.58025,-5.453867,0.0],[-45.533696,-5.499301,0.0],[-45.527345,-5.505493,0.0],[-45.520869,-5.511809,0.0],[-45.514487,-5.518117,0.0],[-45.507878,-5.524656,0.0],[-45.501374,-5.531081,0.0],[-45.496212,-5.536192,0.0],[-45.494845,-5.537536,0.0],[-45.488347,-5.543963,0.0],[-45.481099,-5.551104,0.0],[-45.474834,-5.557305,0.0],[-45.469377,-5.562707,0.0],[-45.46285,-5.569169,0.0],[-45.456458,-5.575499,0.0],[-45.450726,-5.58116,0.0],[-45.443931,-5.587894,0.0],[-45.437778,-5.593995,0.0],[-45.431349,-5.60039,0.0],[-45.42754,-5.604147,0.0],[-45.427333,-5.604352,0.0],[-45.427017,-5.604665,0.0],[-45.425017,-5.606645,0.0],[-45.418925,-5.612675,0.0],[-45.412527,-5.619006,0.0],[-45.406062,-5.625403,0.0],[-45.398713,-5.628162,0.0],[-45.393083,-5.630274,0.0],[-45.383897,-5.633691,0.0],[-45.375297,-5.636947,0.0],[-45.36649,-5.640245,0.0],[-45.359793,-5.642753,0.0],[-45.351844,-5.645729,0.0],[-45.345074,-5.648266,0.0],[-45.335015,-5.652033,0.0],[-45.331763,-5.653741,0.0],[-45.323329,-5.65818,0.0],[-45.315276,-5.662418,0.0],[-45.307267,-5.666631,0.0],[-45.300096,-5.669834,0.0],[-45.293109,-5.672905,0.0],[-45.287195,-5.675505,0.0],[-45.276639,-5.680146,0.0],[-45.276316,-5.680281,0.0],[-45.276293,-5.680461,0.0],[-45.276263,-5.680835,0.0],[-45.276301,-5.681277,0.0],[-45.276451,-5.681525,0.0],[-45.276638,-5.681802,0.0],[-45.276893,-5.681944,0.0],[-45.277125,-5.682072,0.0],[-45.277492,-5.682259,0.0],[-45.277927,-5.682341,0.0],[-45.278264,-5.682364,0.0],[-45.278579,-5.682409,0.0]]]}},{"type":"Feature","properties":{"nome":"Caru","etnia":"Tenetehara","fase":"Regularizada","superficie_ha":172667.3777},"geometry":{"type":"Polygon","coordinates":[[[-46.326771,-3.539259,0.0],[-46.326756,-3.539371,0.0],[-46.326741,-3.539485,0.0],[-46.326724,-3.539733,0.0],[-46.326723,-3.539747,0.0],[-46.326637,-3.540046,0.0],[-46.326539,-3.540384,0.0],[-46.326536,-3.540489,0.0],[-46.326527,-3.540842,0.0],[-46.326485,-3.541081,0.0],[-46.326456,-3.541247,0.0],[-46.326259,-3.541455,0.0],[-46.326103,-3.541592,0.0],[-46.326027,-3.541657,0.0],[-46.326027,-3.541789,0.0],[-46.326027,-3.541848,0.0],[-46.325935,-3.542127,0.0],[-46.325569,-3.542098,0.0],[-46.325355,-3.542039,0.0],[-46.3252,-3.541997,0.0],[-46.324907,-3.541955,0.0],[-46.324693,-3.541954,0.0],[-46.324559,-3.541969,0.0],[-46.32442,-3.541985,0.0],[-46.32421,-3.541894,0.0],[-46.323973,-3.54179,0.0],[-46.323658,-3.541768,0.0],[-46.323605,-3.541765,0.0],[-46.323213,-3.54176,0.0],[-46.323079,-3.541759,0.0],[-46.322688,-3.542006,0.0],[-46.322403,-3.542242,0.0],[-46.322208,-3.54243,0.0],[-46.32198,-3.542741,0.0],[-46.321718,-3.543056,0.0],[-46.321445,-3.543205,0.0],[-46.321135,-3.543437,0.0],[-46.321003,-3.543545,0.0],[-46.320873,-3.543651,0.0],[-46.320564,-3.543907,0.0],[-46.320461,-3.543915,0.0],[-46.320195,-3.543937,0.0],[-46.32007,-3.544092,0.0],[-46.320073,-3.544181,0.0],[-46.320079,-3.544336,0.0],[-46.320082,-3.544401,0.0],[-46.320014,-3.544478,0.0],[-46.319841,-3.544671,0.0],[-46.319742,-3.544782,0.0],[-46.319302,-3.545026,0.0],[-46.318904,-3.545077,0.0],[-46.318885,-3.54508,0.0],[-46.318749,-3.545086,0.0],[-46.318618,-3.545091,0.0],[-46.318513,-3.545256,0.0],[-46.318493,-3.545341,0.0],[-46.318488,-3.545355,0.0],[-46.318421,-3.545562,0.0],[-46.318088,-3.545758,0.0],[-46.31785,-3.545734,0.0],[-46.317474,-3.545502,0.0],[-46.317445,-3.545484,0.0],[-46.31744,-3.545484,0.0],[-46.31691,-3.545443,0.0],[-46.316511,-3.545472,0.0],[-46.316166,-3.545603,0.0],[-46.315773,-3.545782,0.0],[-46.315498,-3.545735,0.0],[-46.315494,-3.545734,0.0],[-46.315112,-3.545669,0.0],[-46.31488,-3.545538,0.0],[-46.314832,-3.545504,0.0],[-46.314586,-3.545329,0.0],[-46.314231,-3.545163,0.0],[-46.313972,-3.54518,0.0],[-46.313557,-3.545055,0.0],[-46.313452,-3.545222,0.0],[-46.313029,-3.545621,0.0],[-46.312762,-3.545877,0.0],[-46.312604,-3.54606,0.0],[-46.312476,-3.54621,0.0],[-46.312362,-3.546239,0.0],[-46.312197,-3.54628,0.0],[-46.31218,-3.546295,0.0],[-46.312018,-3.546139,0.0],[-46.311764,-3.54607,0.0],[-46.311196,-3.54599,0.0],[-46.311031,-3.545956,0.0],[-46.310781,-3.545765,0.0],[-46.310743,-3.545716,0.0],[-46.310581,-3.545507,0.0],[-46.310273,-3.545377,0.0],[-46.309927,-3.545222,0.0],[-46.30991,-3.545215,0.0],[-46.3099,-3.545206,0.0],[-46.30976,-3.545084,0.0],[-46.309753,-3.545078,0.0],[-46.309589,-3.544871,0.0],[-46.3095,-3.544818,0.0],[-46.309393,-3.544544,0.0],[-46.309262,-3.544276,0.0],[-46.309043,-3.544072,0.0],[-46.308977,-3.544011,0.0],[-46.308751,-3.544086,0.0],[-46.308528,-3.544176,0.0],[-46.308304,-3.54424,0.0],[-46.308081,-3.544198,0.0],[-46.308054,-3.544193,0.0],[-46.308056,-3.544149,0.0],[-46.308066,-3.543961,0.0],[-46.308082,-3.543747,0.0],[-46.308082,-3.543738,0.0],[-46.308083,-3.543731,0.0],[-46.308079,-3.54373,0.0],[-46.307905,-3.543675,0.0],[-46.307706,-3.543481,0.0],[-46.307697,-3.543473,0.0],[-46.307149,-3.543526,0.0],[-46.306984,-3.543318,0.0],[-46.306475,-3.542891,0.0],[-46.306255,-3.542502,0.0],[-46.306205,-3.542415,0.0],[-46.306224,-3.542373,0.0],[-46.306318,-3.542153,0.0],[-46.306411,-3.541936,0.0],[-46.306787,-3.541619,0.0],[-46.306805,-3.541562,0.0],[-46.306847,-3.541422,0.0],[-46.306625,-3.541225,0.0],[-46.305769,-3.541165,0.0],[-46.304511,-3.540857,0.0],[-46.304251,-3.540713,0.0],[-46.303582,-3.540339,0.0],[-46.303393,-3.540348,0.0],[-46.303128,-3.54022,0.0],[-46.303119,-3.540162,0.0],[-46.30306,-3.539792,0.0],[-46.302632,-3.539535,0.0],[-46.302204,-3.539364,0.0],[-46.301699,-3.539218,0.0],[-46.301057,-3.539081,0.0],[-46.300736,-3.5391,0.0],[-46.300529,-3.539113,0.0],[-46.300418,-3.539099,0.0],[-46.299917,-3.539036,0.0],[-46.299439,-3.539122,0.0],[-46.29902,-3.539372,0.0],[-46.298737,-3.53962,0.0],[-46.298527,-3.53997,0.0],[-46.298506,-3.540006,0.0],[-46.298454,-3.54001,0.0],[-46.298165,-3.540037,0.0],[-46.298129,-3.54004,0.0],[-46.298119,-3.539961,0.0],[-46.298099,-3.539795,0.0],[-46.298087,-3.539697,0.0],[-46.298078,-3.539295,0.0],[-46.297966,-3.539166,0.0],[-46.297907,-3.539098,0.0],[-46.297738,-3.539108,0.0],[-46.297308,-3.539475,0.0],[-46.296881,-3.539858,0.0],[-46.296803,-3.539929,0.0],[-46.296752,-3.539983,0.0],[-46.296452,-3.540305,0.0],[-46.296444,-3.540356,0.0],[-46.296434,-3.540422,0.0],[-46.296392,-3.540699,0.0],[-46.296416,-3.541048,0.0],[-46.296434,-3.541313,0.0],[-46.296443,-3.541452,0.0],[-46.296626,-3.541694,0.0],[-46.296683,-3.541769,0.0],[-46.297059,-3.542257,0.0],[-46.298104,-3.543215,0.0],[-46.298634,-3.543883,0.0],[-46.299302,-3.544551,0.0],[-46.300004,-3.545159,0.0],[-46.300329,-3.545818,0.0],[-46.300329,-3.546177,0.0],[-46.300213,-3.546304,0.0],[-46.300061,-3.546469,0.0],[-46.299944,-3.546597,0.0],[-46.29948,-3.546632,0.0],[-46.299388,-3.546639,0.0],[-46.299194,-3.546859,0.0],[-46.299017,-3.547059,0.0],[-46.298942,-3.547144,0.0],[-46.298859,-3.547509,0.0],[-46.298771,-3.547889,0.0],[-46.298764,-3.547926,0.0],[-46.298752,-3.547989,0.0],[-46.2986,-3.548796,0.0],[-46.298437,-3.549233,0.0],[-46.298342,-3.549262,0.0],[-46.298129,-3.549327,0.0],[-46.297787,-3.54943,0.0],[-46.297599,-3.549507,0.0],[-46.297453,-3.549164,0.0],[-46.297881,-3.548677,0.0],[-46.297975,-3.548206,0.0],[-46.297676,-3.548069,0.0],[-46.297421,-3.548021,0.0],[-46.297042,-3.548488,0.0],[-46.296726,-3.549122,0.0],[-46.296614,-3.549627,0.0],[-46.296897,-3.550243,0.0],[-46.297085,-3.550645,0.0],[-46.297441,-3.551001,0.0],[-46.29747,-3.55103,0.0],[-46.297924,-3.551595,0.0],[-46.298115,-3.551877,0.0],[-46.298318,-3.552177,0.0],[-46.298418,-3.552272,0.0],[-46.298754,-3.552588,0.0],[-46.299037,-3.553059,0.0],[-46.299525,-3.553598,0.0],[-46.299824,-3.554087,0.0],[-46.300063,-3.554477,0.0],[-46.30038,-3.554994,0.0],[-46.300911,-3.55537,0.0],[-46.301733,-3.555113,0.0],[-46.302529,-3.555053,0.0],[-46.303385,-3.555053,0.0],[-46.303625,-3.555173,0.0],[-46.303727,-3.55573,0.0],[-46.303718,-3.55574,0.0],[-46.303488,-3.555986,0.0],[-46.303348,-3.556016,0.0],[-46.303242,-3.556038,0.0],[-46.30312,-3.556064,0.0],[-46.302734,-3.556286,0.0],[-46.302632,-3.556697,0.0],[-46.302769,-3.557519,0.0],[-46.302731,-3.558134,0.0],[-46.302726,-3.558221,0.0],[-46.302721,-3.558232,0.0],[-46.302529,-3.558691,0.0],[-46.302277,-3.558816,0.0],[-46.30175,-3.559077,0.0],[-46.301594,-3.559119,0.0],[-46.30125,-3.559214,0.0],[-46.300971,-3.559291,0.0],[-46.300201,-3.559291,0.0],[-46.299687,-3.559299,0.0],[-46.299422,-3.559221,0.0],[-46.299396,-3.559213,0.0],[-46.298884,-3.55935,0.0],[-46.29872,-3.559393,0.0],[-46.29836,-3.559273,0.0],[-46.298369,-3.559009,0.0],[-46.298442,-3.558881,0.0],[-46.298462,-3.558846,0.0],[-46.29849,-3.558798,0.0],[-46.29894,-3.558685,0.0],[-46.299362,-3.558527,0.0],[-46.299702,-3.558202,0.0],[-46.299883,-3.557869,0.0],[-46.300047,-3.557644,0.0],[-46.300055,-3.557347,0.0],[-46.29985,-3.557313,0.0],[-46.299507,-3.557416,0.0],[-46.299216,-3.557482,0.0],[-46.299046,-3.55752,0.0],[-46.29845,-3.557555,0.0],[-46.298343,-3.557561,0.0],[-46.297984,-3.557433,0.0],[-46.297967,-3.556964,0.0],[-46.297967,-3.556962,0.0],[-46.297966,-3.556961,0.0],[-46.297718,-3.55674,0.0],[-46.297479,-3.556406,0.0],[-46.297359,-3.556081,0.0],[-46.297145,-3.555832,0.0],[-46.297084,-3.555746,0.0],[-46.296861,-3.555431,0.0],[-46.296854,-3.555422,0.0],[-46.296858,-3.555398,0.0],[-46.296905,-3.555122,0.0],[-46.296885,-3.55511,0.0],[-46.296691,-3.554994,0.0],[-46.296598,-3.555006,0.0],[-46.296375,-3.555036,0.0],[-46.296235,-3.555202,0.0],[-46.296143,-3.55531,0.0],[-46.295758,-3.555327,0.0],[-46.295728,-3.555257,0.0],[-46.295626,-3.555018,0.0],[-46.295362,-3.554731,0.0],[-46.29532,-3.554686,0.0],[-46.295084,-3.554582,0.0],[-46.294876,-3.554389,0.0],[-46.294821,-3.554301,0.0],[-46.294659,-3.554039,0.0],[-46.294631,-3.553993,0.0],[-46.2942,-3.553949,0.0],[-46.293541,-3.553949,0.0],[-46.293,-3.553938,0.0],[-46.292422,-3.553926,0.0],[-46.291562,-3.554126,0.0],[-46.291192,-3.554222,0.0],[-46.290902,-3.554203,0.0],[-46.290559,-3.554311,0.0],[-46.290423,-3.554403,0.0],[-46.290194,-3.554557,0.0],[-46.289844,-3.554506,0.0],[-46.289963,-3.554052,0.0],[-46.290203,-3.553521,0.0],[-46.290391,-3.553016,0.0],[-46.290434,-3.552349,0.0],[-46.290734,-3.551681,0.0],[-46.290802,-3.551013,0.0],[-46.29117,-3.550654,0.0],[-46.291453,-3.550423,0.0],[-46.291461,-3.550174,0.0],[-46.291008,-3.549806,0.0],[-46.290289,-3.549216,0.0],[-46.289818,-3.548865,0.0],[-46.289398,-3.548394,0.0],[-46.289105,-3.547972,0.0],[-46.288568,-3.547735,0.0],[-46.28814,-3.547769,0.0],[-46.287929,-3.547888,0.0],[-46.287532,-3.548112,0.0],[-46.287319,-3.548343,0.0],[-46.287113,-3.548565,0.0],[-46.286548,-3.54913,0.0],[-46.286146,-3.549575,0.0],[-46.285909,-3.549661,0.0],[-46.285838,-3.549687,0.0],[-46.285623,-3.549703,0.0],[-46.285384,-3.549721,0.0],[-46.284793,-3.549729,0.0],[-46.284228,-3.549687,0.0],[-46.283663,-3.549687,0.0],[-46.282897,-3.549567,0.0],[-46.282893,-3.549567,0.0],[-46.282238,-3.54946,0.0],[-46.281639,-3.549366,0.0],[-46.28134,-3.549391,0.0],[-46.281331,-3.549871,0.0],[-46.281578,-3.550468,0.0],[-46.281579,-3.55047,0.0],[-46.281913,-3.551112,0.0],[-46.281973,-3.551497,0.0],[-46.281827,-3.551874,0.0],[-46.281673,-3.552216,0.0],[-46.281451,-3.552704,0.0],[-46.281194,-3.553149,0.0],[-46.281017,-3.553414,0.0],[-46.280899,-3.55359,0.0],[-46.280759,-3.553853,0.0],[-46.280625,-3.554103,0.0],[-46.280308,-3.5546,0.0],[-46.280145,-3.554814,0.0],[-46.280027,-3.55494,0.0],[-46.280009,-3.554959,0.0],[-46.280008,-3.554967,0.0],[-46.279983,-3.555422,0.0],[-46.280145,-3.555824,0.0],[-46.280171,-3.555989,0.0],[-46.280182,-3.556065,0.0],[-46.2802,-3.556089,0.0],[-46.280325,-3.556252,0.0],[-46.280188,-3.556406,0.0],[-46.279897,-3.556414,0.0],[-46.279623,-3.556166,0.0],[-46.279547,-3.556124,0.0],[-46.279394,-3.556041,0.0],[-46.279274,-3.556029,0.0],[-46.279024,-3.556004,0.0],[-46.278797,-3.55586,0.0],[-46.27867,-3.55578,0.0],[-46.278626,-3.555785,0.0],[-46.27839,-3.555817,0.0],[-46.278348,-3.555822,0.0],[-46.278348,-3.556004,0.0],[-46.278348,-3.556209,0.0],[-46.278211,-3.556586,0.0],[-46.278168,-3.556868,0.0],[-46.278201,-3.557213,0.0],[-46.278202,-3.557228,0.0],[-46.27821,-3.557246,0.0],[-46.278407,-3.557703,0.0],[-46.278998,-3.558512,0.0],[-46.279315,-3.559171,0.0],[-46.279555,-3.559659,0.0],[-46.279769,-3.560104,0.0],[-46.279957,-3.560506,0.0],[-46.280051,-3.560746,0.0],[-46.279812,-3.561037,0.0],[-46.279358,-3.561353,0.0],[-46.278474,-3.561651,0.0],[-46.278365,-3.561687,0.0],[-46.277501,-3.561978,0.0],[-46.277471,-3.561993,0.0],[-46.277073,-3.562192,0.0],[-46.27667,-3.562201,0.0],[-46.27572,-3.561927,0.0],[-46.274916,-3.561567,0.0],[-46.274171,-3.561208,0.0],[-46.273657,-3.560951,0.0],[-46.273255,-3.560472,0.0],[-46.273144,-3.559676,0.0],[-46.273049,-3.558948,0.0],[-46.27299,-3.558494,0.0],[-46.272972,-3.557989,0.0],[-46.272878,-3.557074,0.0],[-46.272745,-3.556278,0.0],[-46.272724,-3.555516,0.0],[-46.272653,-3.555372,0.0],[-46.272524,-3.555248,0.0],[-46.272466,-3.555191,0.0],[-46.272339,-3.555236,0.0],[-46.272151,-3.555302,0.0],[-46.271739,-3.555266,0.0],[-46.271507,-3.555245,0.0],[-46.270844,-3.555333,0.0],[-46.270229,-3.555592,0.0],[-46.26988,-3.555978,0.0],[-46.269829,-3.556035,0.0],[-46.269789,-3.55608,0.0],[-46.269494,-3.556889,0.0],[-46.26935,-3.557286,0.0],[-46.269272,-3.557499,0.0],[-46.269238,-3.557673,0.0],[-46.269146,-3.558126,0.0],[-46.268907,-3.558743,0.0],[-46.26871,-3.559291,0.0],[-46.268393,-3.559736,0.0],[-46.268076,-3.559768,0.0],[-46.267812,-3.559795,0.0],[-46.267265,-3.559785,0.0],[-46.267067,-3.559806,0.0],[-46.266604,-3.559855,0.0],[-46.266236,-3.559796,0.0],[-46.265954,-3.559693,0.0],[-46.26538,-3.559556,0.0],[-46.264781,-3.559924,0.0],[-46.26443,-3.559847,0.0],[-46.263685,-3.559522,0.0],[-46.263086,-3.559256,0.0],[-46.262667,-3.559077,0.0],[-46.261999,-3.558794,0.0],[-46.261588,-3.55882,0.0],[-46.261211,-3.558751,0.0],[-46.260852,-3.55858,0.0],[-46.260381,-3.55828,0.0],[-46.260133,-3.558075,0.0],[-46.259637,-3.558058,0.0],[-46.258781,-3.557989,0.0],[-46.258301,-3.557981,0.0],[-46.258096,-3.557921,0.0],[-46.25789,-3.557767,0.0],[-46.257634,-3.557579,0.0],[-46.257223,-3.557878,0.0],[-46.256966,-3.558332,0.0],[-46.256675,-3.558743,0.0],[-46.256521,-3.559179,0.0],[-46.256529,-3.559564,0.0],[-46.256444,-3.560078,0.0],[-46.256701,-3.561062,0.0],[-46.256855,-3.56143,0.0],[-46.257111,-3.561995,0.0],[-46.257479,-3.562757,0.0],[-46.258036,-3.563545,0.0],[-46.258567,-3.564375,0.0],[-46.258986,-3.56494,0.0],[-46.259226,-3.565376,0.0],[-46.259457,-3.565667,0.0],[-46.259731,-3.565787,0.0],[-46.259637,-3.566104,0.0],[-46.259377,-3.566469,0.0],[-46.259275,-3.566613,0.0],[-46.258986,-3.56702,0.0],[-46.258419,-3.567778,0.0],[-46.258341,-3.567882,0.0],[-46.258276,-3.56797,0.0],[-46.258162,-3.568079,0.0],[-46.257368,-3.568835,0.0],[-46.256879,-3.569437,0.0],[-46.256778,-3.569562,0.0],[-46.256455,-3.569809,0.0],[-46.256041,-3.570127,0.0],[-46.255426,-3.570704,0.0],[-46.255357,-3.570769,0.0],[-46.255334,-3.570786,0.0],[-46.25474,-3.57124,0.0],[-46.254618,-3.57136,0.0],[-46.254461,-3.571659,0.0],[-46.254415,-3.571745,0.0],[-46.254466,-3.572412,0.0],[-46.254663,-3.572532,0.0],[-46.255108,-3.572738,0.0],[-46.255177,-3.572952,0.0],[-46.255057,-3.573157,0.0],[-46.254809,-3.573345,0.0],[-46.254526,-3.5735,0.0],[-46.253884,-3.573851,0.0],[-46.253511,-3.574035,0.0],[-46.253157,-3.57421,0.0],[-46.25298,-3.574314,0.0],[-46.252515,-3.574587,0.0],[-46.251736,-3.575015,0.0],[-46.251386,-3.57507,0.0],[-46.250929,-3.575142,0.0],[-46.250811,-3.57516,0.0],[-46.24963,-3.575203,0.0],[-46.248286,-3.575203,0.0],[-46.247473,-3.575083,0.0],[-46.246934,-3.574912,0.0],[-46.246429,-3.574073,0.0],[-46.245958,-3.572883,0.0],[-46.245316,-3.571642,0.0],[-46.245077,-3.571165,0.0],[-46.244789,-3.570808,0.0],[-46.244785,-3.570803,0.0],[-46.244776,-3.570807,0.0],[-46.244565,-3.570889,0.0],[-46.244366,-3.570966,0.0],[-46.24375,-3.571488,0.0],[-46.243253,-3.571942,0.0],[-46.243084,-3.572138,0.0],[-46.242414,-3.572916,0.0],[-46.242406,-3.572926,0.0],[-46.242143,-3.573306,0.0],[-46.241832,-3.573756,0.0],[-46.241208,-3.574818,0.0],[-46.241003,-3.575109,0.0],[-46.240677,-3.575571,0.0],[-46.240689,-3.575579,0.0],[-46.240645,-3.575714,0.0],[-46.240566,-3.575965,0.0],[-46.240352,-3.576478,0.0],[-46.240242,-3.577146,0.0],[-46.24024,-3.577155,0.0],[-46.240243,-3.577161,0.0],[-46.240429,-3.577531,0.0],[-46.241036,-3.57766,0.0],[-46.242021,-3.577745,0.0],[-46.242808,-3.577677,0.0],[-46.243387,-3.577542,0.0],[-46.243904,-3.577317,0.0],[-46.244571,-3.577229,0.0],[-46.245119,-3.577274,0.0],[-46.24547,-3.5776,0.0],[-46.245487,-3.578036,0.0],[-46.245336,-3.578172,0.0],[-46.245325,-3.578182,0.0],[-46.245309,-3.578257,0.0],[-46.245222,-3.57867,0.0],[-46.245196,-3.578858,0.0],[-46.245008,-3.579363,0.0],[-46.245119,-3.57956,0.0],[-46.245333,-3.579594,0.0],[-46.245787,-3.579406,0.0],[-46.246078,-3.579389,0.0],[-46.246241,-3.579817,0.0],[-46.246224,-3.580082,0.0],[-46.246095,-3.580596,0.0],[-46.246249,-3.581246,0.0],[-46.246104,-3.581777,0.0],[-46.245799,-3.582188,0.0],[-46.245736,-3.582273,0.0],[-46.245504,-3.582825,0.0],[-46.24547,-3.582907,0.0],[-46.244803,-3.583506,0.0],[-46.244245,-3.583861,0.0],[-46.244049,-3.583985,0.0],[-46.243407,-3.58455,0.0],[-46.242877,-3.584841,0.0],[-46.242397,-3.584918,0.0],[-46.242136,-3.584961,0.0],[-46.241927,-3.584995,0.0],[-46.241156,-3.584242,0.0],[-46.240403,-3.583634,0.0],[-46.239941,-3.58324,0.0],[-46.239513,-3.582864,0.0],[-46.239211,-3.582668,0.0],[-46.239196,-3.582658,0.0],[-46.239187,-3.582667,0.0],[-46.238914,-3.582908,0.0],[-46.238828,-3.582984,0.0],[-46.238721,-3.583191,0.0],[-46.23846,-3.583694,0.0],[-46.238083,-3.584242,0.0],[-46.237758,-3.584773,0.0],[-46.237296,-3.585449,0.0],[-46.236945,-3.585911,0.0],[-46.236397,-3.586125,0.0],[-46.235866,-3.586305,0.0],[-46.235113,-3.586211,0.0],[-46.23448,-3.586039,0.0],[-46.233761,-3.585714,0.0],[-46.233007,-3.585363,0.0],[-46.232537,-3.585183,0.0],[-46.23205,-3.584962,0.0],[-46.231732,-3.58479,0.0],[-46.231715,-3.584781,0.0],[-46.231704,-3.584788,0.0],[-46.231321,-3.585038,0.0],[-46.231133,-3.58538,0.0],[-46.23097,-3.58562,0.0],[-46.230708,-3.585766,0.0],[-46.230431,-3.585903,0.0],[-46.230183,-3.586111,0.0],[-46.230091,-3.586188,0.0],[-46.229994,-3.586336,0.0],[-46.229909,-3.586467,0.0],[-46.229618,-3.586562,0.0],[-46.229184,-3.586775,0.0],[-46.229149,-3.586793,0.0],[-46.229079,-3.58699,0.0],[-46.229076,-3.587043,0.0],[-46.229061,-3.587298,0.0],[-46.229138,-3.587537,0.0],[-46.229061,-3.587743,0.0],[-46.228719,-3.588068,0.0],[-46.228292,-3.588307,0.0],[-46.228181,-3.588369,0.0],[-46.228059,-3.588408,0.0],[-46.227788,-3.588488,0.0],[-46.227675,-3.588522,0.0],[-46.227093,-3.588607,0.0],[-46.226993,-3.588623,0.0],[-46.226665,-3.588676,0.0],[-46.226585,-3.588667,0.0],[-46.226241,-3.588629,0.0],[-46.226202,-3.588624,0.0],[-46.226152,-3.588633,0.0],[-46.225697,-3.58871,0.0],[-46.225261,-3.588796,0.0],[-46.224837,-3.588857,0.0],[-46.224774,-3.588866,0.0],[-46.22455,-3.588898,0.0],[-46.22402,-3.589155,0.0],[-46.223412,-3.589284,0.0],[-46.222753,-3.589403,0.0],[-46.222068,-3.589386,0.0],[-46.221632,-3.589326,0.0],[-46.221255,-3.588993,0.0],[-46.220973,-3.588513,0.0],[-46.220716,-3.588094,0.0],[-46.220356,-3.587589,0.0],[-46.220176,-3.587007,0.0],[-46.220005,-3.586382,0.0],[-46.219935,-3.58582,0.0],[-46.2198,-3.585449,0.0],[-46.219717,-3.584932,0.0],[-46.219457,-3.584661,0.0],[-46.21913,-3.584431,0.0],[-46.219059,-3.584381,0.0],[-46.218265,-3.584396,0.0],[-46.218218,-3.584447,0.0],[-46.217925,-3.584764,0.0],[-46.217258,-3.58532,0.0],[-46.216954,-3.585462,0.0],[-46.216819,-3.585525,0.0],[-46.216377,-3.58582,0.0],[-46.215934,-3.585741,0.0],[-46.215841,-3.58573,0.0],[-46.215801,-3.585725,0.0],[-46.215374,-3.585671,0.0],[-46.214964,-3.585432,0.0],[-46.214869,-3.585166,0.0],[-46.214493,-3.58455,0.0],[-46.21427,-3.583694,0.0],[-46.214171,-3.583182,0.0],[-46.214081,-3.582725,0.0],[-46.214065,-3.582641,0.0],[-46.214025,-3.582633,0.0],[-46.213671,-3.582556,0.0],[-46.21314,-3.582889,0.0],[-46.212712,-3.583095,0.0],[-46.2124,-3.583168,0.0],[-46.212255,-3.583202,0.0],[-46.211749,-3.583583,0.0],[-46.211339,-3.584025,0.0],[-46.211177,-3.584425,0.0],[-46.21106,-3.584713,0.0],[-46.210912,-3.585078,0.0],[-46.210816,-3.585316,0.0],[-46.21071,-3.585831,0.0],[-46.21073,-3.586042,0.0],[-46.210761,-3.586348,0.0],[-46.210761,-3.586699,0.0],[-46.210846,-3.587452,0.0],[-46.210966,-3.588231,0.0],[-46.211052,-3.589215,0.0],[-46.210992,-3.589378,0.0],[-46.211137,-3.590114,0.0],[-46.2113,-3.590859,0.0],[-46.211394,-3.591483,0.0],[-46.21142,-3.591971,0.0],[-46.211266,-3.592314,0.0],[-46.210846,-3.592605,0.0],[-46.21011,-3.59311,0.0],[-46.209468,-3.593341,0.0],[-46.209023,-3.593623,0.0],[-46.208741,-3.593983,0.0],[-46.208518,-3.594282,0.0],[-46.208303,-3.594321,0.0],[-46.207988,-3.594377,0.0],[-46.207915,-3.594395,0.0],[-46.207403,-3.594529,0.0],[-46.207397,-3.594531,0.0],[-46.207371,-3.59455,0.0],[-46.206943,-3.594864,0.0],[-46.206541,-3.595155,0.0],[-46.20607,-3.595549,0.0],[-46.205625,-3.595969,0.0],[-46.205516,-3.596044,0.0],[-46.205319,-3.596178,0.0],[-46.205132,-3.596187,0.0],[-46.205022,-3.596138,0.0],[-46.204752,-3.59602,0.0],[-46.20444,-3.595605,0.0],[-46.204127,-3.595096,0.0],[-46.203986,-3.594509,0.0],[-46.203696,-3.594051,0.0],[-46.203658,-3.59399,0.0],[-46.203652,-3.593981,0.0],[-46.203291,-3.593491,0.0],[-46.203239,-3.59342,0.0],[-46.202711,-3.592916,0.0],[-46.202523,-3.592554,0.0],[-46.202494,-3.5925,0.0],[-46.202372,-3.592125,0.0],[-46.202295,-3.591287,0.0],[-46.202347,-3.590662,0.0],[-46.202349,-3.589654,0.0],[-46.202437,-3.589022,0.0],[-46.202467,-3.588847,0.0],[-46.202612,-3.588676,0.0],[-46.202937,-3.588244,0.0],[-46.203211,-3.588244,0.0],[-46.203429,-3.5885,0.0],[-46.203643,-3.588509,0.0],[-46.203913,-3.58838,0.0],[-46.203956,-3.588359,0.0],[-46.203894,-3.588239,0.0],[-46.203862,-3.588175,0.0],[-46.203725,-3.587854,0.0],[-46.203395,-3.587507,0.0],[-46.203318,-3.586814,0.0],[-46.203138,-3.586275,0.0],[-46.203044,-3.585599,0.0],[-46.203216,-3.585145,0.0],[-46.203121,-3.584785,0.0],[-46.202762,-3.58446,0.0],[-46.202445,-3.583758,0.0],[-46.202385,-3.58345,0.0],[-46.202107,-3.583016,0.0],[-46.202094,-3.582996,0.0],[-46.2018,-3.582763,0.0],[-46.201469,-3.5825,0.0],[-46.200922,-3.582209,0.0],[-46.200305,-3.582141,0.0],[-46.200125,-3.582035,0.0],[-46.199598,-3.581727,0.0],[-46.199429,-3.581654,0.0],[-46.199149,-3.581534,0.0],[-46.199046,-3.581442,0.0],[-46.198683,-3.581118,0.0],[-46.198679,-3.581115,0.0],[-46.19848,-3.580929,0.0],[-46.198344,-3.580803,0.0],[-46.197918,-3.580611,0.0],[-46.197764,-3.580592,0.0],[-46.197446,-3.580555,0.0],[-46.197249,-3.580531,0.0],[-46.196565,-3.580369,0.0],[-46.196146,-3.580148,0.0],[-46.196038,-3.580091,0.0],[-46.19583,-3.580035,0.0],[-46.195546,-3.579958,0.0],[-46.194767,-3.579932,0.0],[-46.194448,-3.579631,0.0],[-46.194359,-3.579546,0.0],[-46.194355,-3.579543,0.0],[-46.194014,-3.579187,0.0],[-46.193937,-3.578856,0.0],[-46.193586,-3.578623,0.0],[-46.193483,-3.578357,0.0],[-46.193149,-3.577792,0.0],[-46.193101,-3.577704,0.0],[-46.192967,-3.577457,0.0],[-46.192966,-3.577455,0.0],[-46.192942,-3.577412,0.0],[-46.192798,-3.577198,0.0],[-46.192669,-3.577006,0.0],[-46.192534,-3.576804,0.0],[-46.192303,-3.576381,0.0],[-46.192278,-3.576336,0.0],[-46.192046,-3.575879,0.0],[-46.191883,-3.575592,0.0],[-46.191719,-3.575281,0.0],[-46.191387,-3.574849,0.0],[-46.190905,-3.574392,0.0],[-46.190815,-3.574307,0.0],[-46.190593,-3.574208,0.0],[-46.190265,-3.57406,0.0],[-46.190005,-3.573794,0.0],[-46.189878,-3.573662,0.0],[-46.18966,-3.573534,0.0],[-46.189477,-3.573427,0.0],[-46.189213,-3.573121,0.0],[-46.189203,-3.57311,0.0],[-46.189192,-3.573116,0.0],[-46.188746,-3.573334,0.0],[-46.188602,-3.573404,0.0],[-46.188447,-3.573633,0.0],[-46.188014,-3.574274,0.0],[-46.187628,-3.574702,0.0],[-46.187286,-3.575336,0.0],[-46.187192,-3.575901,0.0],[-46.187123,-3.576414,0.0],[-46.18661,-3.576842,0.0],[-46.185748,-3.577095,0.0],[-46.185112,-3.57697,0.0],[-46.184504,-3.577102,0.0],[-46.184397,-3.577125,0.0],[-46.183864,-3.577327,0.0],[-46.183674,-3.577407,0.0],[-46.183383,-3.577531,0.0],[-46.183292,-3.577595,0.0],[-46.183023,-3.577784,0.0],[-46.182501,-3.578066,0.0],[-46.182317,-3.578124,0.0],[-46.182006,-3.578222,0.0],[-46.181902,-3.578254,0.0],[-46.181805,-3.578222,0.0],[-46.181639,-3.578168,0.0],[-46.181568,-3.578144,0.0],[-46.181168,-3.578012,0.0],[-46.180572,-3.577799,0.0],[-46.180238,-3.577679,0.0],[-46.179942,-3.577479,0.0],[-46.179745,-3.577347,0.0],[-46.179671,-3.577325,0.0],[-46.179086,-3.57715,0.0],[-46.178498,-3.577225,0.0],[-46.178341,-3.577244,0.0],[-46.178249,-3.577313,0.0],[-46.177939,-3.577546,0.0],[-46.177862,-3.577604,0.0],[-46.177782,-3.577751,0.0],[-46.177502,-3.578263,0.0],[-46.177168,-3.578768,0.0],[-46.17703,-3.578859,0.0],[-46.177004,-3.578876,0.0],[-46.176825,-3.578995,0.0],[-46.176821,-3.578998,0.0],[-46.176689,-3.579085,0.0],[-46.175953,-3.579282,0.0],[-46.17502,-3.579795,0.0],[-46.174566,-3.579761,0.0],[-46.174096,-3.579778,0.0],[-46.173419,-3.579838,0.0],[-46.173245,-3.57982,0.0],[-46.172931,-3.579787,0.0],[-46.172521,-3.579735,0.0],[-46.172319,-3.579709,0.0],[-46.171528,-3.579812,0.0],[-46.171468,-3.57982,0.0],[-46.170851,-3.579898,0.0],[-46.170491,-3.57992,0.0],[-46.170169,-3.579941,0.0],[-46.169922,-3.579871,0.0],[-46.169909,-3.579867,0.0],[-46.169739,-3.579573,0.0],[-46.169542,-3.579359,0.0],[-46.169336,-3.579556,0.0],[-46.169054,-3.579795,0.0],[-46.168609,-3.58012,0.0],[-46.168312,-3.580228,0.0],[-46.167999,-3.580342,0.0],[-46.167874,-3.580483,0.0],[-46.167565,-3.580831,0.0],[-46.167262,-3.580973,0.0],[-46.167171,-3.581015,0.0],[-46.167104,-3.581156,0.0],[-46.166968,-3.581446,0.0],[-46.166537,-3.582192,0.0],[-46.166323,-3.582295,0.0],[-46.166234,-3.582332,0.0],[-46.166189,-3.582351,0.0],[-46.166058,-3.582406,0.0],[-46.165921,-3.582218,0.0],[-46.165656,-3.581858,0.0],[-46.165228,-3.58155,0.0],[-46.164868,-3.581507,0.0],[-46.164594,-3.581242,0.0],[-46.164278,-3.580754,0.0],[-46.164242,-3.580465,0.0],[-46.16424,-3.580444,0.0],[-46.164194,-3.580413,0.0],[-46.163858,-3.58018,0.0],[-46.163721,-3.579898,0.0],[-46.163701,-3.579649,0.0],[-46.163456,-3.579513,0.0],[-46.163259,-3.579804,0.0],[-46.163045,-3.580172,0.0],[-46.162925,-3.580275,0.0],[-46.162689,-3.580119,0.0],[-46.162569,-3.580039,0.0],[-46.162028,-3.579808,0.0],[-46.161612,-3.57966,0.0],[-46.161603,-3.579657,0.0],[-46.161294,-3.579547,0.0],[-46.161076,-3.579522,0.0],[-46.16069,-3.579479,0.0],[-46.160614,-3.57947,0.0],[-46.160203,-3.579496,0.0],[-46.159708,-3.579551,0.0],[-46.159484,-3.580043,0.0],[-46.15946,-3.580248,0.0],[-46.159441,-3.580411,0.0],[-46.159279,-3.580699,0.0],[-46.159132,-3.58096,0.0],[-46.159097,-3.581152,0.0],[-46.159039,-3.581473,0.0],[-46.158782,-3.581952,0.0],[-46.158543,-3.582449,0.0],[-46.158364,-3.582765,0.0],[-46.158354,-3.582783,0.0],[-46.158344,-3.582813,0.0],[-46.15823,-3.583146,0.0],[-46.157952,-3.583921,0.0],[-46.157961,-3.584443,0.0],[-46.157882,-3.585135,0.0],[-46.157789,-3.585564,0.0],[-46.157661,-3.586009,0.0],[-46.157515,-3.586566,0.0],[-46.15743,-3.586917,0.0],[-46.157242,-3.587328,0.0],[-46.157079,-3.587816,0.0],[-46.156933,-3.588167,0.0],[-46.156762,-3.588363,0.0],[-46.156428,-3.588475,0.0],[-46.156146,-3.588492,0.0],[-46.155881,-3.588415,0.0],[-46.155358,-3.588141,0.0],[-46.154768,-3.587816,0.0],[-46.154211,-3.587525,0.0],[-46.153629,-3.587234,0.0],[-46.153167,-3.586917,0.0],[-46.152628,-3.586771,0.0],[-46.152072,-3.586574,0.0],[-46.151626,-3.586429,0.0],[-46.151513,-3.58639,0.0],[-46.151207,-3.586283,0.0],[-46.151003,-3.586177,0.0],[-46.150993,-3.586172,0.0],[-46.150981,-3.586177,0.0],[-46.150753,-3.586275,0.0],[-46.150539,-3.586301,0.0],[-46.150368,-3.586472,0.0],[-46.150357,-3.586617,0.0],[-46.150342,-3.586797,0.0],[-46.150154,-3.587122,0.0],[-46.14994,-3.587413,0.0],[-46.149803,-3.587679,0.0],[-46.1497,-3.587893,0.0],[-46.149461,-3.588081,0.0],[-46.149059,-3.587987,0.0],[-46.148913,-3.587627,0.0],[-46.148827,-3.587139,0.0],[-46.148793,-3.586925,0.0],[-46.148468,-3.58684,0.0],[-46.148224,-3.586907,0.0],[-46.148031,-3.58696,0.0],[-46.147601,-3.587016,0.0],[-46.147509,-3.587028,0.0],[-46.14703,-3.587088,0.0],[-46.146734,-3.587228,0.0],[-46.146707,-3.587241,0.0],[-46.146542,-3.587319,0.0],[-46.146497,-3.587319,0.0],[-46.146412,-3.587319,0.0],[-46.146311,-3.587319,0.0],[-46.146005,-3.587119,0.0],[-46.14552,-3.5868,0.0],[-46.145445,-3.586772,0.0],[-46.145215,-3.586686,0.0],[-46.14489,-3.58636,0.0],[-46.144702,-3.586027,0.0],[-46.144325,-3.585744,0.0],[-46.14412,-3.585462,0.0],[-46.143948,-3.58529,0.0],[-46.143743,-3.585205,0.0],[-46.143572,-3.585205,0.0],[-46.143212,-3.585368,0.0],[-46.14287,-3.585573,0.0],[-46.142582,-3.585794,0.0],[-46.142536,-3.58583,0.0],[-46.142461,-3.585942,0.0],[-46.142314,-3.586164,0.0],[-46.142028,-3.586392,0.0],[-46.141928,-3.586472,0.0],[-46.1419,-3.586575,0.0],[-46.141843,-3.58678,0.0],[-46.141654,-3.587122,0.0],[-46.141475,-3.587439,0.0],[-46.141372,-3.587807,0.0],[-46.141295,-3.588158,0.0],[-46.141167,-3.588492,0.0],[-46.141089,-3.588886,0.0],[-46.141038,-3.589202,0.0],[-46.140987,-3.589596,0.0],[-46.140918,-3.589887,0.0],[-46.140739,-3.590204,0.0],[-46.140593,-3.590366,0.0],[-46.140473,-3.59052,0.0],[-46.14043,-3.590743,0.0],[-46.140413,-3.591094,0.0],[-46.140393,-3.591559,0.0],[-46.140602,-3.592181,0.0],[-46.140614,-3.592504,0.0],[-46.140567,-3.592943,0.0],[-46.140593,-3.593405,0.0],[-46.140388,-3.593961,0.0],[-46.140216,-3.594407,0.0],[-46.140225,-3.594732,0.0],[-46.140499,-3.595083,0.0],[-46.140858,-3.595451,0.0],[-46.14103,-3.595588,0.0],[-46.140987,-3.595907,0.0],[-46.140872,-3.595961,0.0],[-46.140841,-3.595975,0.0],[-46.140661,-3.596163,0.0],[-46.140533,-3.596454,0.0],[-46.14049,-3.59666,0.0],[-46.140353,-3.597028,0.0],[-46.140234,-3.597259,0.0],[-46.140122,-3.597507,0.0],[-46.140108,-3.597766,0.0],[-46.140105,-3.597824,0.0],[-46.140105,-3.598098,0.0],[-46.139985,-3.598355,0.0],[-46.139831,-3.59862,0.0],[-46.139624,-3.59891,0.0],[-46.139617,-3.59892,0.0],[-46.139412,-3.599116,0.0],[-46.139095,-3.599185,0.0],[-46.138804,-3.599399,0.0],[-46.138547,-3.599596,0.0],[-46.138479,-3.599913,0.0],[-46.138522,-3.600272,0.0],[-46.138496,-3.600563,0.0],[-46.138376,-3.600897,0.0],[-46.138393,-3.601188,0.0],[-46.138436,-3.601445,0.0],[-46.138419,-3.601759,0.0],[-46.138136,-3.602035,0.0],[-46.137777,-3.602403,0.0],[-46.137537,-3.602652,0.0],[-46.137349,-3.6029,0.0],[-46.137135,-3.603071,0.0],[-46.136874,-3.603028,0.0],[-46.136553,-3.602634,0.0],[-46.136989,-3.602095,0.0],[-46.137024,-3.601847,0.0],[-46.13669,-3.601659,0.0],[-46.136411,-3.601642,0.0],[-46.136253,-3.601633,0.0],[-46.136112,-3.601779,0.0],[-46.136005,-3.60189,0.0],[-46.135714,-3.602284,0.0],[-46.135414,-3.602857,0.0],[-46.134998,-3.603672,0.0],[-46.134801,-3.604057,0.0],[-46.134772,-3.604113,0.0],[-46.134285,-3.604458,0.0],[-46.133865,-3.605083,0.0],[-46.133754,-3.605374,0.0],[-46.133668,-3.605434,0.0],[-46.133297,-3.605698,0.0],[-46.133163,-3.605793,0.0],[-46.132555,-3.605998,0.0],[-46.131999,-3.60617,0.0],[-46.131417,-3.606212,0.0],[-46.130912,-3.606153,0.0],[-46.130484,-3.606221,0.0],[-46.130192,-3.606382,0.0],[-46.129754,-3.606205,0.0],[-46.129462,-3.605801,0.0],[-46.129416,-3.605736,0.0],[-46.129165,-3.605605,0.0],[-46.128986,-3.605511,0.0],[-46.128721,-3.605262,0.0],[-46.128507,-3.604851,0.0],[-46.128438,-3.604423,0.0],[-46.12843,-3.604175,0.0],[-46.128267,-3.603799,0.0],[-46.128045,-3.603559,0.0],[-46.127668,-3.603336,0.0],[-46.127411,-3.603148,0.0],[-46.127035,-3.603045,0.0],[-46.126786,-3.603054,0.0],[-46.126564,-3.603234,0.0],[-46.126298,-3.603482,0.0],[-46.126136,-3.603653,0.0],[-46.125853,-3.603807,0.0],[-46.125631,-3.603636,0.0],[-46.125451,-3.603234,0.0],[-46.125203,-3.60308,0.0],[-46.124806,-3.603146,0.0],[-46.124792,-3.603148,0.0],[-46.124424,-3.603354,0.0],[-46.124249,-3.603542,0.0],[-46.12421,-3.603585,0.0],[-46.124047,-3.603653,0.0],[-46.123816,-3.603756,0.0],[-46.123733,-3.603809,0.0],[-46.123551,-3.603927,0.0],[-46.1232,-3.603876,0.0],[-46.122823,-3.603704,0.0],[-46.122432,-3.603184,0.0],[-46.122282,-3.602411,0.0],[-46.122044,-3.600597,0.0],[-46.121958,-3.599458,0.0],[-46.121887,-3.598945,0.0],[-46.121884,-3.598922,0.0],[-46.121839,-3.598872,0.0],[-46.121388,-3.598371,0.0],[-46.121352,-3.59833,0.0],[-46.121211,-3.59828,0.0],[-46.120912,-3.598174,0.0],[-46.120687,-3.598149,0.0],[-46.120712,-3.598561,0.0],[-46.1206,-3.599109,0.0],[-46.120451,-3.599657,0.0],[-46.119853,-3.600268,0.0],[-46.11913,-3.600829,0.0],[-46.118233,-3.601626,0.0],[-46.117722,-3.602349,0.0],[-46.117373,-3.602785,0.0],[-46.116887,-3.603446,0.0],[-46.116513,-3.603994,0.0],[-46.116139,-3.604717,0.0],[-46.115828,-3.605215,0.0],[-46.115466,-3.605477,0.0],[-46.114893,-3.605527,0.0],[-46.114133,-3.605427,0.0],[-46.113223,-3.605539,0.0],[-46.112251,-3.605589,0.0],[-46.111638,-3.605391,0.0],[-46.110855,-3.605003,0.0],[-46.110108,-3.604674,0.0],[-46.109561,-3.604445,0.0],[-46.109339,-3.604175,0.0],[-46.109242,-3.603694,0.0],[-46.109522,-3.60276,0.0],[-46.109721,-3.601925,0.0],[-46.109089,-3.60179,0.0],[-46.108795,-3.601395,0.0],[-46.108787,-3.601384,0.0],[-46.108241,-3.600949,0.0],[-46.108005,-3.600826,0.0],[-46.107489,-3.600558,0.0],[-46.107052,-3.60007,0.0],[-46.10674,-3.599691,0.0],[-46.106428,-3.599348,0.0],[-46.10599,-3.598995,0.0],[-46.105616,-3.598499,0.0],[-46.105485,-3.597863,0.0],[-46.105323,-3.597265,0.0],[-46.105049,-3.596878,0.0],[-46.104774,-3.596567,0.0],[-46.104251,-3.596467,0.0],[-46.103628,-3.596592,0.0],[-46.103571,-3.596507,0.0],[-46.103368,-3.596204,0.0],[-46.102971,-3.595884,0.0],[-46.102885,-3.595815,0.0],[-46.102804,-3.595713,0.0],[-46.102705,-3.595589,0.0],[-46.102547,-3.595391,0.0],[-46.102095,-3.594822,0.0],[-46.101659,-3.594735,0.0],[-46.101036,-3.594822,0.0],[-46.100524,-3.59457,0.0],[-46.100214,-3.594162,0.0],[-46.099808,-3.593558,0.0],[-46.099279,-3.593776,0.0],[-46.098631,-3.593838,0.0],[-46.098095,-3.593763,0.0],[-46.097684,-3.593776,0.0],[-46.097335,-3.594249,0.0],[-46.096986,-3.594785,0.0],[-46.096712,-3.595072,0.0],[-46.096749,-3.595632,0.0],[-46.096612,-3.596293,0.0],[-46.096438,-3.596804,0.0],[-46.095491,-3.597252,0.0],[-46.093833,-3.597776,0.0],[-46.092413,-3.598623,0.0],[-46.091657,-3.598724,0.0],[-46.091441,-3.598947,0.0],[-46.091278,-3.59945,0.0],[-46.091193,-3.599933,0.0],[-46.091356,-3.605032,0.0],[-46.091543,-3.605257,0.0],[-46.092014,-3.606,0.0],[-46.091952,-3.606324,0.0],[-46.091428,-3.606586,0.0],[-46.09098,-3.606997,0.0],[-46.090556,-3.607857,0.0],[-46.090195,-3.608455,0.0],[-46.08945,-3.609266,0.0],[-46.089086,-3.609726,0.0],[-46.088537,-3.609851,0.0],[-46.087416,-3.609863,0.0],[-46.086643,-3.609851,0.0],[-46.085409,-3.609165,0.0],[-46.084762,-3.608854,0.0],[-46.083989,-3.609053,0.0],[-46.083503,-3.608953,0.0],[-46.083229,-3.608605,0.0],[-46.082354,-3.608152,0.0],[-46.081983,-3.608393,0.0],[-46.081883,-3.608816,0.0],[-46.081185,-3.611109,0.0],[-46.080811,-3.612168,0.0],[-46.080674,-3.613115,0.0],[-46.080649,-3.614,0.0],[-46.080525,-3.614823,0.0],[-46.080014,-3.615782,0.0],[-46.079453,-3.616642,0.0],[-46.078805,-3.617427,0.0],[-46.078406,-3.617851,0.0],[-46.077783,-3.618125,0.0],[-46.076973,-3.618436,0.0],[-46.076574,-3.61906,0.0],[-46.0763,-3.619658,0.0],[-46.076101,-3.620007,0.0],[-46.075852,-3.620144,0.0],[-46.07516,-3.620131,0.0],[-46.074419,-3.620069,0.0],[-46.073696,-3.619957,0.0],[-46.072982,-3.619707,0.0],[-46.072544,-3.619345,0.0],[-46.072161,-3.618885,0.0],[-46.07169,-3.618511,0.0],[-46.071448,-3.618099,0.0],[-46.07102,-3.617612,0.0],[-46.070556,-3.617142,0.0],[-46.070232,-3.616748,0.0],[-46.070168,-3.616234,0.0],[-46.070263,-3.61557,0.0],[-46.070394,-3.614978,0.0],[-46.070455,-3.614364,0.0],[-46.070567,-3.613828,0.0],[-46.070718,-3.613147,0.0],[-46.070662,-3.612785,0.0],[-46.070028,-3.611843,0.0],[-46.069384,-3.611471,0.0],[-46.068923,-3.611265,0.0],[-46.068518,-3.61139,0.0],[-46.067939,-3.611757,0.0],[-46.067029,-3.612268,0.0],[-46.066275,-3.612623,0.0],[-46.065777,-3.612798,0.0],[-46.065322,-3.612829,0.0],[-46.064755,-3.612872,0.0],[-46.064306,-3.612648,0.0],[-46.063484,-3.612468,0.0],[-46.062566,-3.61226,0.0],[-46.062344,-3.611982,0.0],[-46.062655,-3.611564,0.0],[-46.062974,-3.611334,0.0],[-46.063222,-3.610991,0.0],[-46.063124,-3.610673,0.0],[-46.06263,-3.610567,0.0],[-46.062051,-3.61058,0.0],[-46.061418,-3.610646,0.0],[-46.060883,-3.61083,0.0],[-46.060223,-3.611084,0.0],[-46.059644,-3.611252,0.0],[-46.0595,-3.611304,0.0],[-46.058904,-3.611514,0.0],[-46.058244,-3.611795,0.0],[-46.057548,-3.612111,0.0],[-46.056886,-3.612598,0.0],[-46.056562,-3.612935,0.0],[-46.056624,-3.613159,0.0],[-46.057085,-3.613545,0.0],[-46.057322,-3.613982,0.0],[-46.057845,-3.614505,0.0],[-46.058219,-3.615165,0.0],[-46.058331,-3.615876,0.0],[-46.058368,-3.616362,0.0],[-46.058231,-3.616736,0.0],[-46.057995,-3.616972,0.0],[-46.057583,-3.617059,0.0],[-46.056998,-3.61701,0.0],[-46.05635,-3.616586,0.0],[-46.055864,-3.61625,0.0],[-46.055527,-3.615701,0.0],[-46.055091,-3.615377,0.0],[-46.054543,-3.615091,0.0],[-46.05421,-3.615044,0.0],[-46.054007,-3.615016,0.0],[-46.053322,-3.615128,0.0],[-46.052686,-3.61524,0.0],[-46.052188,-3.615477,0.0],[-46.051776,-3.615651,0.0],[-46.051415,-3.615788,0.0],[-46.050991,-3.616025,0.0],[-46.050854,-3.616125,0.0],[-46.05058,-3.616399,0.0],[-46.050468,-3.616648,0.0],[-46.050755,-3.616698,0.0],[-46.051029,-3.616499,0.0],[-46.051851,-3.616387,0.0],[-46.052574,-3.616461,0.0],[-46.052649,-3.61647,0.0],[-46.052998,-3.616511,0.0],[-46.053097,-3.616947,0.0],[-46.052898,-3.617359,0.0],[-46.052674,-3.617483,0.0],[-46.052325,-3.617658,0.0],[-46.052051,-3.618144,0.0],[-46.051864,-3.618256,0.0],[-46.05134,-3.618206,0.0],[-46.051016,-3.618131,0.0],[-46.050931,-3.618041,0.0],[-46.050792,-3.617894,0.0],[-46.050343,-3.617957,0.0],[-46.049932,-3.618318,0.0],[-46.04977,-3.618779,0.0],[-46.049658,-3.619165,0.0],[-46.049622,-3.619237,0.0],[-46.049508,-3.619465,0.0],[-46.04906,-3.619751,0.0],[-46.048387,-3.619938,0.0],[-46.047888,-3.620237,0.0],[-46.047278,-3.620586,0.0],[-46.047116,-3.621346,0.0],[-46.04749,-3.621558,0.0],[-46.048325,-3.621595,0.0],[-46.048736,-3.621658,0.0],[-46.048823,-3.622268,0.0],[-46.049085,-3.622804,0.0],[-46.048898,-3.623552,0.0],[-46.048487,-3.6243,0.0],[-46.0481,-3.625047,0.0],[-46.047913,-3.625496,0.0],[-46.048075,-3.625845,0.0],[-46.048512,-3.626306,0.0],[-46.049035,-3.626692,0.0],[-46.04977,-3.627203,0.0],[-46.049932,-3.627639,0.0],[-46.049895,-3.6281,0.0],[-46.050032,-3.628412,0.0],[-46.050867,-3.628673,0.0],[-46.051303,-3.628898,0.0],[-46.052001,-3.629197,0.0],[-46.052399,-3.629371,0.0],[-46.052686,-3.62967,0.0],[-46.053185,-3.62987,0.0],[-46.054082,-3.630106,0.0],[-46.054854,-3.630194,0.0],[-46.055141,-3.630244,0.0],[-46.055664,-3.630281,0.0],[-46.056163,-3.630356,0.0],[-46.056611,-3.630244,0.0],[-46.057259,-3.630144,0.0],[-46.057509,-3.630368,0.0],[-46.057546,-3.630717,0.0],[-46.057334,-3.630842,0.0],[-46.056985,-3.63134,0.0],[-46.057384,-3.631378,0.0],[-46.057932,-3.631365,0.0],[-46.05858,-3.631153,0.0],[-46.059303,-3.63073,0.0],[-46.059876,-3.630281,0.0],[-46.060287,-3.629969,0.0],[-46.060636,-3.629596,0.0],[-46.060861,-3.629434,0.0],[-46.061222,-3.629309,0.0],[-46.06177,-3.629296,0.0],[-46.062194,-3.62972,0.0],[-46.062929,-3.630256,0.0],[-46.063428,-3.630966,0.0],[-46.064013,-3.631589,0.0],[-46.064425,-3.632424,0.0],[-46.064474,-3.633297,0.0],[-46.064427,-3.634315,0.0],[-46.064313,-3.636225,0.0],[-46.064175,-3.636948,0.0],[-46.061792,-3.639503,0.0],[-46.061409,-3.639714,0.0],[-46.060013,-3.639241,0.0],[-46.058842,-3.638406,0.0],[-46.057858,-3.637857,0.0],[-46.057284,-3.637621,0.0],[-46.056375,-3.637085,0.0],[-46.055702,-3.636848,0.0],[-46.055216,-3.637085,0.0],[-46.054742,-3.637421,0.0],[-46.054281,-3.637658,0.0],[-46.054082,-3.638119,0.0],[-46.05397,-3.638867,0.0],[-46.053907,-3.639814,0.0],[-46.05377,-3.640387,0.0],[-46.053558,-3.641135,0.0],[-46.053396,-3.641533,0.0],[-46.052948,-3.64187,0.0],[-46.052038,-3.642231,0.0],[-46.051278,-3.642481,0.0],[-46.050269,-3.643004,0.0],[-46.04972,-3.643353,0.0],[-46.049209,-3.643565,0.0],[-46.048262,-3.643826,0.0],[-46.047515,-3.644125,0.0],[-46.046605,-3.644362,0.0],[-46.046169,-3.644462,0.0],[-46.045945,-3.64445,0.0],[-46.045708,-3.644437,0.0],[-46.045247,-3.644462,0.0],[-46.044873,-3.644773,0.0],[-46.044736,-3.645234,0.0],[-46.044387,-3.645534,0.0],[-46.044053,-3.645859,0.0],[-46.043801,-3.646069,0.0],[-46.043203,-3.646231,0.0],[-46.043078,-3.646418,0.0],[-46.04339,-3.646792,0.0],[-46.043652,-3.647141,0.0],[-46.043502,-3.647602,0.0],[-46.043228,-3.647664,0.0],[-46.042904,-3.64759,0.0],[-46.042655,-3.647266,0.0],[-46.042356,-3.647091,0.0],[-46.042069,-3.647353,0.0],[-46.042194,-3.64764,0.0],[-46.042493,-3.648126,0.0],[-46.042804,-3.648524,0.0],[-46.042717,-3.648786,0.0],[-46.042543,-3.648973,0.0],[-46.042044,-3.648873,0.0],[-46.04172,-3.648923,0.0],[-46.041571,-3.649035,0.0],[-46.041508,-3.649284,0.0],[-46.042169,-3.649334,0.0],[-46.042318,-3.649646,0.0],[-46.042144,-3.650045,0.0],[-46.041795,-3.650157,0.0],[-46.04111,-3.65002,0.0],[-46.040848,-3.649883,0.0],[-46.040437,-3.649895,0.0],[-46.040162,-3.650369,0.0],[-46.039926,-3.651004,0.0],[-46.039726,-3.651428,0.0],[-46.039652,-3.651814,0.0],[-46.039701,-3.652313,0.0],[-46.039726,-3.652699,0.0],[-46.039652,-3.653073,0.0],[-46.03934,-3.65326,0.0],[-46.03868,-3.653172,0.0],[-46.037944,-3.653123,0.0],[-46.037521,-3.653123,0.0],[-46.037222,-3.652998,0.0],[-46.03701,-3.652936,0.0],[-46.036474,-3.653185,0.0],[-46.036088,-3.653372,0.0],[-46.03554,-3.653276,0.0],[-46.034916,-3.652961,0.0],[-46.034306,-3.652325,0.0],[-46.033546,-3.65144,0.0],[-46.032935,-3.650817,0.0],[-46.032611,-3.650506,0.0],[-46.032449,-3.649733,0.0],[-46.032175,-3.648998,0.0],[-46.031938,-3.648462,0.0],[-46.031714,-3.647926,0.0],[-46.031589,-3.64734,0.0],[-46.031165,-3.646107,0.0],[-46.030742,-3.645745,0.0],[-46.030156,-3.645421,0.0],[-46.029659,-3.645125,0.0],[-46.029284,-3.644437,0.0],[-46.028848,-3.644437,0.0],[-46.028212,-3.644873,0.0],[-46.027788,-3.644773,0.0],[-46.02724,-3.644425,0.0],[-46.027228,-3.643752,0.0],[-46.027116,-3.643141,0.0],[-46.027109,-3.642727,0.0],[-46.026841,-3.642107,0.0],[-46.026679,-3.641932,0.0],[-46.026306,-3.642019,0.0],[-46.026144,-3.642169,0.0],[-46.025907,-3.642493,0.0],[-46.025795,-3.642967,0.0],[-46.025645,-3.643091,0.0],[-46.025383,-3.643079,0.0],[-46.025059,-3.643016,0.0],[-46.024885,-3.643365,0.0],[-46.025034,-3.643851,0.0],[-46.025446,-3.644238,0.0],[-46.025421,-3.644724,0.0],[-46.025271,-3.64501,0.0],[-46.024935,-3.645384,0.0],[-46.024673,-3.64602,0.0],[-46.024598,-3.646668,0.0],[-46.024735,-3.647428,0.0],[-46.024935,-3.647976,0.0],[-46.025059,-3.648736,0.0],[-46.024972,-3.649259,0.0],[-46.024785,-3.650007,0.0],[-46.024187,-3.650481,0.0],[-46.023576,-3.650917,0.0],[-46.022804,-3.651328,0.0],[-46.022056,-3.651951,0.0],[-46.021483,-3.65245,0.0],[-46.020523,-3.652848,0.0],[-46.01995,-3.653584,0.0],[-46.019576,-3.654319,0.0],[-46.01934,-3.655116,0.0],[-46.019153,-3.65554,0.0],[-46.018704,-3.656238,0.0],[-46.018554,-3.656689,0.0],[-46.018305,-3.656961,0.0],[-46.017508,-3.656662,0.0],[-46.017246,-3.656612,0.0],[-46.017146,-3.656961,0.0],[-46.017059,-3.657683,0.0],[-46.016835,-3.658132,0.0],[-46.016623,-3.658531,0.0],[-46.017034,-3.659503,0.0],[-46.017595,-3.660076,0.0],[-46.017446,-3.660487,0.0],[-46.016997,-3.660637,0.0],[-46.016573,-3.660774,0.0],[-46.017016,-3.661861,0.0],[-46.017042,-3.662031,0.0],[-46.016886,-3.66229,0.0],[-46.016885,-3.662842,0.0],[-46.016748,-3.663179,0.0],[-46.016748,-3.663632,0.0],[-46.017231,-3.664012,0.0],[-46.017427,-3.664229,0.0],[-46.018305,-3.664288,0.0],[-46.018654,-3.664674,0.0],[-46.018592,-3.665173,0.0],[-46.01828,-3.665833,0.0],[-46.017503,-3.666564,0.0],[-46.017267,-3.667076,0.0],[-46.017498,-3.667436,0.0],[-46.01763,-3.667688,0.0],[-46.017833,-3.668164,0.0],[-46.018074,-3.668462,0.0],[-46.018019,-3.668799,0.0],[-46.018264,-3.66927,0.0],[-46.018966,-3.669297,0.0],[-46.01924,-3.669497,0.0],[-46.019302,-3.669758,0.0],[-46.01914,-3.670232,0.0],[-46.018816,-3.670805,0.0],[-46.01838,-3.671378,0.0],[-46.018069,-3.671802,0.0],[-46.017782,-3.672126,0.0],[-46.017358,-3.672213,0.0],[-46.017059,-3.671889,0.0],[-46.016885,-3.671366,0.0],[-46.01696,-3.670992,0.0],[-46.016972,-3.670768,0.0],[-46.01686,-3.670606,0.0],[-46.016586,-3.67083,0.0],[-46.016087,-3.671117,0.0],[-46.015763,-3.671478,0.0],[-46.015826,-3.671827,0.0],[-46.016287,-3.672089,0.0],[-46.016822,-3.672101,0.0],[-46.017109,-3.672363,0.0],[-46.017321,-3.672899,0.0],[-46.017395,-3.673243,0.0],[-46.017394,-3.673249,0.0],[-46.017358,-3.673509,0.0],[-46.017196,-3.673634,0.0],[-46.017009,-3.673659,0.0],[-46.016861,-3.673624,0.0],[-46.016847,-3.673634,0.0],[-46.016424,-3.673372,0.0],[-46.016087,-3.673235,0.0],[-46.015215,-3.673086,0.0],[-46.014791,-3.673023,0.0],[-46.014181,-3.672799,0.0],[-46.013657,-3.672612,0.0],[-46.013323,-3.672453,0.0],[-46.012997,-3.671939,0.0],[-46.012735,-3.671677,0.0],[-46.012274,-3.671154,0.0],[-46.011875,-3.670855,0.0],[-46.011163,-3.670192,0.0],[-46.010473,-3.669756,0.0],[-46.009606,-3.669068,0.0],[-46.008881,-3.668631,0.0],[-46.008171,-3.668536,0.0],[-46.007414,-3.668961,0.0],[-46.006405,-3.669534,0.0],[-46.00567,-3.669821,0.0],[-46.004322,-3.670216,0.0],[-46.003028,-3.670406,0.0],[-46.001632,-3.670381,0.0],[-46.000648,-3.670294,0.0],[-45.999464,-3.67017,0.0],[-45.997906,-3.669746,0.0],[-45.996872,-3.669272,0.0],[-45.995651,-3.668587,0.0],[-45.994828,-3.667927,0.0],[-45.994342,-3.667465,0.0],[-45.993794,-3.666823,0.0],[-45.993557,-3.666593,0.0],[-45.993171,-3.666394,0.0],[-45.992585,-3.666269,0.0],[-45.992049,-3.666182,0.0],[-45.991364,-3.666469,0.0],[-45.990866,-3.666817,0.0],[-45.990554,-3.667204,0.0],[-45.990267,-3.667677,0.0],[-45.99028,-3.668338,0.0],[-45.990218,-3.668749,0.0],[-45.990267,-3.669522,0.0],[-45.990392,-3.67012,0.0],[-45.990317,-3.670705,0.0],[-45.990105,-3.671117,0.0],[-45.989906,-3.67174,0.0],[-45.989906,-3.672413,0.0],[-45.989981,-3.672986,0.0],[-45.990031,-3.673235,0.0],[-45.990193,-3.673684,0.0],[-45.99034,-3.674148,0.0],[-45.990915,-3.676089,0.0],[-45.991887,-3.67878,0.0],[-45.992623,-3.679615,0.0],[-45.99342,-3.680188,0.0],[-45.99413,-3.680537,0.0],[-45.99438,-3.681347,0.0],[-45.994168,-3.681559,0.0],[-45.993632,-3.681497,0.0],[-45.993158,-3.681422,0.0],[-45.992423,-3.68141,0.0],[-45.992149,-3.681447,0.0],[-45.991987,-3.681958,0.0],[-45.991962,-3.682332,0.0],[-45.992012,-3.682793,0.0],[-45.992486,-3.683354,0.0],[-45.993757,-3.683827,0.0],[-45.994529,-3.683403,0.0],[-45.995676,-3.683678,0.0],[-45.996124,-3.684899,0.0],[-45.9959,-3.68602,0.0],[-45.995626,-3.686843,0.0],[-45.995925,-3.687765,0.0],[-45.996,-3.688737,0.0],[-45.995701,-3.68946,0.0],[-45.994953,-3.689709,0.0],[-45.994056,-3.690058,0.0],[-45.993931,-3.690656,0.0],[-45.994504,-3.691329,0.0],[-45.995277,-3.692077,0.0],[-45.99595,-3.692575,0.0],[-45.996473,-3.691952,0.0],[-45.996947,-3.691902,0.0],[-45.99752,-3.692251,0.0],[-45.997919,-3.693198,0.0],[-45.998293,-3.693547,0.0],[-45.999439,-3.693248,0.0],[-46.000137,-3.693248,0.0],[-46.000585,-3.693821,0.0],[-46.000861,-3.693893,0.0],[-46.001258,-3.693996,0.0],[-46.00223,-3.694045,0.0],[-46.002704,-3.694818,0.0],[-46.00233,-3.695366,0.0],[-46.002131,-3.69584,0.0],[-46.002355,-3.696264,0.0],[-46.003177,-3.696338,0.0],[-46.003775,-3.696612,0.0],[-46.004399,-3.696812,0.0],[-46.004598,-3.696988,0.0],[-46.004648,-3.697485,0.0],[-46.004822,-3.698532,0.0],[-46.004997,-3.699329,0.0],[-46.005125,-3.699969,0.0],[-46.005769,-3.700401,0.0],[-46.006592,-3.700401,0.0],[-46.006934,-3.700303,0.0],[-46.007638,-3.700102,0.0],[-46.008635,-3.700301,0.0],[-46.008944,-3.700675,0.0],[-46.009109,-3.700874,0.0],[-46.009134,-3.701672,0.0],[-46.009159,-3.702145,0.0],[-46.009408,-3.702544,0.0],[-46.009657,-3.70232,0.0],[-46.009882,-3.701423,0.0],[-46.01023,-3.701074,0.0],[-46.010452,-3.700954,0.0],[-46.010829,-3.70075,0.0],[-46.011576,-3.700824,0.0],[-46.011736,-3.701191,0.0],[-46.011825,-3.701398,0.0],[-46.011776,-3.702046,0.0],[-46.011452,-3.702669,0.0],[-46.011352,-3.703217,0.0],[-46.011751,-3.703865,0.0],[-46.012349,-3.704089,0.0],[-46.012822,-3.703616,0.0],[-46.013894,-3.703466,0.0],[-46.014467,-3.703765,0.0],[-46.014567,-3.704363,0.0],[-46.014268,-3.704762,0.0],[-46.013695,-3.705036,0.0],[-46.013445,-3.70536,0.0],[-46.013919,-3.705859,0.0],[-46.014268,-3.705585,0.0],[-46.014692,-3.705385,0.0],[-46.015788,-3.705385,0.0],[-46.016162,-3.705634,0.0],[-46.017358,-3.705659,0.0],[-46.017284,-3.705061,0.0],[-46.017657,-3.703965,0.0],[-46.01828,-3.703267,0.0],[-46.019751,-3.702569,0.0],[-46.020997,-3.702345,0.0],[-46.02167,-3.702071,0.0],[-46.022268,-3.701921,0.0],[-46.02314,-3.70212,0.0],[-46.023863,-3.701747,0.0],[-46.024386,-3.701373,0.0],[-46.025109,-3.701148,0.0],[-46.026281,-3.701547,0.0],[-46.027278,-3.701747,0.0],[-46.027423,-3.701823,0.0],[-46.028175,-3.70222,0.0],[-46.028922,-3.702843,0.0],[-46.029197,-3.70369,0.0],[-46.029346,-3.704139,0.0],[-46.030318,-3.70384,0.0],[-46.030991,-3.703641,0.0],[-46.031863,-3.703541,0.0],[-46.032387,-3.703217,0.0],[-46.032785,-3.702768,0.0],[-46.033483,-3.702345,0.0],[-46.03443,-3.702095,0.0],[-46.035552,-3.702145,0.0],[-46.036773,-3.702395,0.0],[-46.037268,-3.702588,0.0],[-46.037346,-3.702619,0.0],[-46.037358,-3.702538,0.0],[-46.037496,-3.701572,0.0],[-46.037919,-3.701123,0.0],[-46.038634,-3.700913,0.0],[-46.039564,-3.700999,0.0],[-46.040511,-3.70055,0.0],[-46.041608,-3.700376,0.0],[-46.042804,-3.700575,0.0],[-46.043096,-3.700769,0.0],[-46.043328,-3.700924,0.0],[-46.044001,-3.701123,0.0],[-46.044649,-3.701572,0.0],[-46.044973,-3.702046,0.0],[-46.045172,-3.702619,0.0],[-46.045546,-3.702993,0.0],[-46.045969,-3.703167,0.0],[-46.046069,-3.702768,0.0],[-46.045945,-3.702345,0.0],[-46.046119,-3.701647,0.0],[-46.046518,-3.701198,0.0],[-46.047415,-3.701024,0.0],[-46.047988,-3.700799,0.0],[-46.048362,-3.700475,0.0],[-46.049533,-3.700351,0.0],[-46.049882,-3.701074,0.0],[-46.049832,-3.701846,0.0],[-46.050107,-3.702519,0.0],[-46.05073,-3.702893,0.0],[-46.051328,-3.702793,0.0],[-46.051794,-3.702656,0.0],[-46.052175,-3.702544,0.0],[-46.052948,-3.701647,0.0],[-46.053745,-3.701273,0.0],[-46.054543,-3.701273,0.0],[-46.05539,-3.701547,0.0],[-46.055914,-3.701996,0.0],[-46.056387,-3.702145,0.0],[-46.056886,-3.702419,0.0],[-46.057758,-3.702843,0.0],[-46.058431,-3.703142,0.0],[-46.05873,-3.703092,0.0],[-46.059403,-3.703366,0.0],[-46.059802,-3.703441,0.0],[-46.060425,-3.704139,0.0],[-46.061347,-3.704089,0.0],[-46.061795,-3.704762,0.0],[-46.061745,-3.70536,0.0],[-46.061222,-3.705958,0.0],[-46.061247,-3.706407,0.0],[-46.061745,-3.706756,0.0],[-46.062319,-3.707529,0.0],[-46.062244,-3.708052,0.0],[-46.062169,-3.708949,0.0],[-46.062244,-3.709647,0.0],[-46.062767,-3.710544,0.0],[-46.063066,-3.711267,0.0],[-46.063266,-3.71189,0.0],[-46.063789,-3.712588,0.0],[-46.064188,-3.713261,0.0],[-46.064288,-3.71366,0.0],[-46.064711,-3.714208,0.0],[-46.065708,-3.714407,0.0],[-46.066281,-3.714756,0.0],[-46.066805,-3.715429,0.0],[-46.067278,-3.716077,0.0],[-46.067652,-3.716575,0.0],[-46.06835,-3.717024,0.0],[-46.068823,-3.716825,0.0],[-46.069447,-3.716625,0.0],[-46.070294,-3.7168,0.0],[-46.071067,-3.717149,0.0],[-46.07149,-3.716899,0.0],[-46.071515,-3.716575,0.0],[-46.071166,-3.716127,0.0],[-46.071241,-3.715329,0.0],[-46.071529,-3.715069,0.0],[-46.071764,-3.714856,0.0],[-46.072462,-3.714681,0.0],[-46.073434,-3.71508,0.0],[-46.074506,-3.715678,0.0],[-46.075403,-3.716052,0.0],[-46.076824,-3.715952,0.0],[-46.077372,-3.715653,0.0],[-46.077995,-3.715354,0.0],[-46.078419,-3.714931,0.0],[-46.078917,-3.714382,0.0],[-46.079615,-3.714233,0.0],[-46.080936,-3.714283,0.0],[-46.08283,-3.714756,0.0],[-46.083129,-3.71518,0.0],[-46.083054,-3.715927,0.0],[-46.083229,-3.71685,0.0],[-46.083652,-3.717149,0.0],[-46.084026,-3.717946,0.0],[-46.084325,-3.718544,0.0],[-46.084624,-3.719267,0.0],[-46.084749,-3.720613,0.0],[-46.08539,-3.720846,0.0],[-46.086315,-3.721075,0.0],[-46.087441,-3.720688,0.0],[-46.088413,-3.720663,0.0],[-46.090406,-3.720688,0.0],[-46.091678,-3.720463,0.0],[-46.092749,-3.720389,0.0],[-46.093671,-3.720139,0.0],[-46.094095,-3.719516,0.0],[-46.094967,-3.718694,0.0],[-46.095889,-3.718395,0.0],[-46.097484,-3.71827,0.0],[-46.098556,-3.717996,0.0],[-46.099404,-3.717672,0.0],[-46.100351,-3.717398,0.0],[-46.101123,-3.717199,0.0],[-46.101796,-3.717348,0.0],[-46.10222,-3.717921,0.0],[-46.102419,-3.718843,0.0],[-46.102868,-3.719118,0.0],[-46.103915,-3.719691,0.0],[-46.104413,-3.720513,0.0],[-46.104338,-3.721685,0.0],[-46.10379,-3.722432,0.0],[-46.102992,-3.72308,0.0],[-46.102668,-3.723529,0.0],[-46.102594,-3.724526,0.0],[-46.102519,-3.725722,0.0],[-46.102643,-3.72637,0.0],[-46.102992,-3.726644,0.0],[-46.103067,-3.727043,0.0],[-46.103134,-3.727406,0.0],[-46.103192,-3.727716,0.0],[-46.103516,-3.728314,0.0],[-46.104014,-3.728264,0.0],[-46.104687,-3.72799,0.0],[-46.105485,-3.728264,0.0],[-46.106955,-3.73113,0.0],[-46.107653,-3.731753,0.0],[-46.108401,-3.731978,0.0],[-46.109198,-3.732102,0.0],[-46.109422,-3.732626,0.0],[-46.110021,-3.732975,0.0],[-46.110394,-3.733523,0.0],[-46.110434,-3.733813,0.0],[-46.110519,-3.734445,0.0],[-46.11027,-3.734744,0.0],[-46.110619,-3.735766,0.0],[-46.111092,-3.736264,0.0],[-46.111616,-3.735666,0.0],[-46.111965,-3.735342,0.0],[-46.112134,-3.735348,0.0],[-46.112687,-3.735367,0.0],[-46.11346,-3.735492,0.0],[-46.114083,-3.736015,0.0],[-46.114905,-3.736239,0.0],[-46.115603,-3.736538,0.0],[-46.1166,-3.736937,0.0],[-46.117074,-3.737336,0.0],[-46.117796,-3.73756,0.0],[-46.118419,-3.73776,0.0],[-46.119192,-3.737959,0.0],[-46.119391,-3.737909,0.0],[-46.119765,-3.738482,0.0],[-46.119641,-3.73938,0.0],[-46.11974,-3.740252,0.0],[-46.119965,-3.741598,0.0],[-46.120513,-3.742296,0.0],[-46.121111,-3.742623,0.0],[-46.121213,-3.74303,0.0],[-46.121298,-3.74337,0.0],[-46.121616,-3.744286,0.0],[-46.121915,-3.745109,0.0],[-46.122401,-3.746398,0.0],[-46.122906,-3.747034,0.0],[-46.124083,-3.747034,0.0],[-46.12455,-3.747165,0.0],[-46.125354,-3.747819,0.0],[-46.125803,-3.747913,0.0],[-46.125862,-3.747908,0.0],[-46.126906,-3.747819,0.0],[-46.127597,-3.747987,0.0],[-46.128195,-3.748604,0.0],[-46.12799,-3.748866,0.0],[-46.127784,-3.749053,0.0],[-46.128083,-3.7498,0.0],[-46.12913,-3.749913,0.0],[-46.129822,-3.75038,0.0],[-46.130009,-3.750847,0.0],[-46.130158,-3.751726,0.0],[-46.130089,-3.752344,0.0],[-46.130083,-3.752399,0.0],[-46.130364,-3.753053,0.0],[-46.130943,-3.753427,0.0],[-46.131709,-3.754044,0.0],[-46.131728,-3.754642,0.0],[-46.131766,-3.755165,0.0],[-46.132457,-3.755352,0.0],[-46.133242,-3.755894,0.0],[-46.134009,-3.7561,0.0],[-46.134495,-3.755614,0.0],[-46.134495,-3.755408,0.0],[-46.135192,-3.755305,0.0],[-46.135741,-3.75548,0.0],[-46.136214,-3.756103,0.0],[-46.136538,-3.756776,0.0],[-46.136551,-3.757259,0.0],[-46.136513,-3.757782,0.0],[-46.136719,-3.758399,0.0],[-46.136999,-3.758978,0.0],[-46.137485,-3.759128,0.0],[-46.137897,-3.759259,0.0],[-46.138158,-3.759782,0.0],[-46.137971,-3.760717,0.0],[-46.137597,-3.76109,0.0],[-46.137354,-3.761595,0.0],[-46.137485,-3.762081,0.0],[-46.138083,-3.762679,0.0],[-46.138625,-3.763203,0.0],[-46.13885,-3.763595,0.0],[-46.139055,-3.76395,0.0],[-46.139485,-3.763894,0.0],[-46.140252,-3.763894,0.0],[-46.141149,-3.763988,0.0],[-46.141654,-3.764025,0.0],[-46.142196,-3.764044,0.0],[-46.142682,-3.764399,0.0],[-46.142756,-3.765016,0.0],[-46.142588,-3.765315,0.0],[-46.142327,-3.765614,0.0],[-46.142607,-3.765932,0.0],[-46.143149,-3.76595,0.0],[-46.143616,-3.766156,0.0],[-46.144065,-3.766773,0.0],[-46.14457,-3.767128,0.0],[-46.145037,-3.767446,0.0],[-46.145747,-3.76739,0.0],[-46.146065,-3.767128,0.0],[-46.146097,-3.767063,0.0],[-46.146233,-3.766791,0.0],[-46.146121,-3.7661,0.0],[-46.146252,-3.765483,0.0],[-46.146719,-3.765109,0.0],[-46.147224,-3.765558,0.0],[-46.147672,-3.765801,0.0],[-46.148345,-3.766231,0.0],[-46.148514,-3.766642,0.0],[-46.148794,-3.766698,0.0],[-46.149168,-3.767128,0.0],[-46.149785,-3.76767,0.0],[-46.149915,-3.767988,0.0],[-46.149467,-3.768362,0.0],[-46.149299,-3.768492,0.0],[-46.149729,-3.76881,0.0],[-46.15057,-3.768661,0.0],[-46.151093,-3.769034,0.0],[-46.151934,-3.769483,0.0],[-46.152607,-3.769745,0.0],[-46.153074,-3.77038,0.0],[-46.153355,-3.770885,0.0],[-46.153822,-3.771315,0.0],[-46.154177,-3.771633,0.0],[-46.154495,-3.77182,0.0],[-46.154366,-3.77213,0.0],[-46.154308,-3.772268,0.0],[-46.154402,-3.772754,0.0],[-46.154757,-3.773184,0.0],[-46.15571,-3.773408,0.0],[-46.156383,-3.773689,0.0],[-46.157093,-3.773801,0.0],[-46.157649,-3.773972,0.0],[-46.157897,-3.774586,0.0],[-46.157448,-3.775091,0.0],[-46.157112,-3.775577,0.0],[-46.156869,-3.776343,0.0],[-46.156738,-3.776848,0.0],[-46.156514,-3.777147,0.0],[-46.156439,-3.777782,0.0],[-46.157037,-3.777651,0.0],[-46.157766,-3.777446,0.0],[-46.158906,-3.777577,0.0],[-46.159953,-3.77825,0.0],[-46.160589,-3.778941,0.0],[-46.161168,-3.779352,0.0],[-46.161747,-3.779633,0.0],[-46.161878,-3.780493,0.0],[-46.162047,-3.781203,0.0],[-46.162346,-3.781801,0.0],[-46.163075,-3.782324,0.0],[-46.163841,-3.782773,0.0],[-46.164346,-3.783072,0.0],[-46.164869,-3.783434,0.0],[-46.165075,-3.783577,0.0],[-46.165467,-3.784194,0.0],[-46.165505,-3.784904,0.0],[-46.165953,-3.785614,0.0],[-46.166607,-3.786549,0.0],[-46.166776,-3.787334,0.0],[-46.167224,-3.787558,0.0],[-46.167149,-3.787988,0.0],[-46.166981,-3.788511,0.0],[-46.16629,-3.78911,0.0],[-46.166196,-3.789596,0.0],[-46.166495,-3.790418,0.0],[-46.166477,-3.791091,0.0],[-46.166177,-3.791614,0.0],[-46.165804,-3.791689,0.0],[-46.165495,-3.791453,0.0],[-46.164962,-3.791166,0.0],[-46.164383,-3.790792,0.0],[-46.163897,-3.790811,0.0],[-46.163374,-3.791315,0.0],[-46.163187,-3.791801,0.0],[-46.163187,-3.792904,0.0],[-46.163187,-3.793577,0.0],[-46.163205,-3.794343,0.0],[-46.163299,-3.794942,0.0],[-46.163897,-3.795708,0.0],[-46.164308,-3.796456,0.0],[-46.164458,-3.796867,0.0],[-46.164944,-3.797484,0.0],[-46.16571,-3.798381,0.0],[-46.166308,-3.799147,0.0],[-46.166477,-3.79982,0.0],[-46.166738,-3.800736,0.0],[-46.166711,-3.801128,0.0],[-46.166701,-3.801278,0.0],[-46.166869,-3.801562,0.0],[-46.167056,-3.801876,0.0],[-46.167374,-3.802418,0.0],[-46.167785,-3.80283,0.0],[-46.167897,-3.803801,0.0],[-46.168103,-3.804101,0.0],[-46.169093,-3.804175,0.0],[-46.169318,-3.804549,0.0],[-46.169617,-3.80483,0.0],[-46.169635,-3.805596,0.0],[-46.169206,-3.806157,0.0],[-46.169318,-3.806643,0.0],[-46.169374,-3.807241,0.0],[-46.169206,-3.807802,0.0],[-46.169162,-3.807853,0.0],[-46.168981,-3.808063,0.0],[-46.168776,-3.808418,0.0],[-46.168906,-3.808792,0.0],[-46.169224,-3.808587,0.0],[-46.169393,-3.808488,0.0],[-46.169449,-3.808456,0.0],[-46.169897,-3.808774,0.0],[-46.170121,-3.808998,0.0],[-46.169804,-3.809615,0.0],[-46.170492,-3.8097,0.0],[-46.17085,-3.810063,0.0],[-46.17085,-3.810587,0.0],[-46.170589,-3.811147,0.0],[-46.170514,-3.81182,0.0],[-46.17057,-3.812437,0.0],[-46.17085,-3.812605,0.0],[-46.171374,-3.812232,0.0],[-46.171692,-3.81182,0.0],[-46.172065,-3.811484,0.0],[-46.172477,-3.811447,0.0],[-46.172888,-3.81169,0.0],[-46.172869,-3.811989,0.0],[-46.172589,-3.812213,0.0],[-46.172589,-3.8124,0.0],[-46.173093,-3.812418,0.0],[-46.173636,-3.812736,0.0],[-46.173822,-3.813278,0.0],[-46.174159,-3.81397,0.0],[-46.174458,-3.814699,0.0],[-46.175168,-3.815073,0.0],[-46.175822,-3.814699,0.0],[-46.176252,-3.814288,0.0],[-46.177467,-3.814362,0.0],[-46.177789,-3.814514,0.0],[-46.178458,-3.81483,0.0],[-46.179542,-3.815671,0.0],[-46.179785,-3.817334,0.0],[-46.180009,-3.817858,0.0],[-46.180234,-3.818662,0.0],[-46.18029,-3.819185,0.0],[-46.179918,-3.820652,0.0],[-46.180066,-3.821503,0.0],[-46.180365,-3.822662,0.0],[-46.180701,-3.823222,0.0],[-46.18143,-3.824662,0.0],[-46.181206,-3.825671,0.0],[-46.180159,-3.826325,0.0],[-46.180009,-3.826737,0.0],[-46.180298,-3.826859,0.0],[-46.180495,-3.826942,0.0],[-46.180813,-3.827017,0.0],[-46.181318,-3.827615,0.0],[-46.181486,-3.828026,0.0],[-46.181131,-3.828531,0.0],[-46.1808,-3.828783,0.0],[-46.180738,-3.82883,0.0],[-46.180346,-3.82911,0.0],[-46.179991,-3.829596,0.0],[-46.180047,-3.8304,0.0],[-46.180327,-3.830438,0.0],[-46.180626,-3.829746,0.0],[-46.180944,-3.829409,0.0],[-46.180963,-3.829409,0.0],[-46.18171,-3.829391,0.0],[-46.182215,-3.830157,0.0],[-46.182439,-3.831036,0.0],[-46.182795,-3.831821,0.0],[-46.182851,-3.832381,0.0],[-46.182701,-3.832905,0.0],[-46.182066,-3.833353,0.0],[-46.182682,-3.833783,0.0],[-46.182907,-3.834625,0.0],[-46.182552,-3.835111,0.0],[-46.181748,-3.835447,0.0],[-46.181262,-3.83569,0.0],[-46.180888,-3.835914,0.0],[-46.180832,-3.836251,0.0],[-46.181056,-3.836625,0.0],[-46.181729,-3.836288,0.0],[-46.182122,-3.836213,0.0],[-46.182421,-3.836438,0.0],[-46.182776,-3.836494,0.0],[-46.182869,-3.837129,0.0],[-46.182888,-3.837877,0.0],[-46.182327,-3.838606,0.0],[-46.182327,-3.839055,0.0],[-46.182645,-3.839241,0.0],[-46.183299,-3.839727,0.0],[-46.183524,-3.84055,0.0],[-46.18358,-3.841447,0.0],[-46.183374,-3.842064,0.0],[-46.183243,-3.843055,0.0],[-46.183075,-3.844195,0.0],[-46.183262,-3.844924,0.0],[-46.183598,-3.845185,0.0],[-46.184589,-3.845354,0.0],[-46.185262,-3.845204,0.0],[-46.185897,-3.844868,0.0],[-46.186129,-3.844759,0.0],[-46.186776,-3.844457,0.0],[-46.187636,-3.844475,0.0],[-46.188103,-3.844961,0.0],[-46.188757,-3.845784,0.0],[-46.189337,-3.846326,0.0],[-46.189561,-3.8467,0.0],[-46.189711,-3.847242,0.0],[-46.189393,-3.847073,0.0],[-46.189038,-3.847372,0.0],[-46.189056,-3.848083,0.0],[-46.189636,-3.848139,0.0],[-46.190047,-3.848513,0.0],[-46.190197,-3.849298,0.0],[-46.189823,-3.849522,0.0],[-46.18943,-3.850288,0.0],[-46.189729,-3.851148,0.0],[-46.190253,-3.851522,0.0],[-46.190511,-3.851894,0.0],[-46.190589,-3.852008,0.0],[-46.191187,-3.852606,0.0],[-46.191412,-3.853242,0.0],[-46.191374,-3.853952,0.0],[-46.191374,-3.854345,0.0],[-46.191842,-3.85455,0.0],[-46.192365,-3.854195,0.0],[-46.192782,-3.854065,0.0],[-46.192963,-3.854008,0.0],[-46.193879,-3.85412,0.0],[-46.194683,-3.854905,0.0],[-46.195,-3.855466,0.0],[-46.195543,-3.856363,0.0],[-46.196178,-3.856775,0.0],[-46.196589,-3.857279,0.0],[-46.196832,-3.857933,0.0],[-46.196888,-3.858662,0.0],[-46.196782,-3.859528,0.0],[-46.195947,-3.860331,0.0],[-46.19582,-3.861102,0.0],[-46.195858,-3.862077,0.0],[-46.196125,-3.863384,0.0],[-46.196657,-3.864339,0.0],[-46.19727,-3.865081,0.0],[-46.197545,-3.865789,0.0],[-46.198257,-3.866502,0.0],[-46.198731,-3.867173,0.0],[-46.198533,-3.867805,0.0],[-46.198057,-3.867951,0.0],[-46.197795,-3.867651,0.0],[-46.19727,-3.867801,0.0],[-46.197395,-3.869563,0.0],[-46.198612,-3.870568,0.0],[-46.199057,-3.871338,0.0],[-46.199626,-3.871757,0.0],[-46.200701,-3.872182,0.0],[-46.200976,-3.872194,0.0],[-46.201057,-3.872331,0.0],[-46.201125,-3.872444,0.0],[-46.201425,-3.872682,0.0],[-46.201713,-3.872757,0.0],[-46.201957,-3.872706,0.0],[-46.2022,-3.872657,0.0],[-46.202625,-3.872819,0.0],[-46.203088,-3.873057,0.0],[-46.203275,-3.873256,0.0],[-46.203613,-3.873806,0.0],[-46.20375,-3.874131,0.0],[-46.203813,-3.874606,0.0],[-46.203619,-3.875394,0.0],[-46.20385,-3.875844,0.0],[-46.203763,-3.876418,0.0],[-46.20365,-3.876994,0.0],[-46.204075,-3.877106,0.0],[-46.204178,-3.878226,0.0],[-46.203825,-3.878468,0.0],[-46.203351,-3.87901,0.0],[-46.203763,-3.879318,0.0],[-46.204262,-3.879518,0.0],[-46.204625,-3.879755,0.0],[-46.204612,-3.88043,0.0],[-46.204162,-3.880805,0.0],[-46.203788,-3.881168,0.0],[-46.203651,-3.881325,0.0],[-46.203538,-3.881455,0.0],[-46.203575,-3.881905,0.0],[-46.203767,-3.882225,0.0],[-46.203838,-3.882342,0.0],[-46.204025,-3.882717,0.0],[-46.20388,-3.883098,0.0],[-46.203788,-3.883342,0.0],[-46.203638,-3.883892,0.0],[-46.2035,-3.88438,0.0],[-46.203838,-3.884904,0.0],[-46.204062,-3.885317,0.0],[-46.2042,-3.885567,0.0],[-46.204175,-3.886398,0.0],[-46.204137,-3.886873,0.0],[-46.2039,-3.886885,0.0],[-46.203488,-3.887785,0.0],[-46.203613,-3.888298,0.0],[-46.203725,-3.888498,0.0],[-46.203651,-3.888702,0.0],[-46.203563,-3.888948,0.0],[-46.20335,-3.889522,0.0],[-46.203475,-3.88996,0.0],[-46.203588,-3.890472,0.0],[-46.20355,-3.890972,0.0],[-46.203513,-3.89146,0.0],[-46.203563,-3.89191,0.0],[-46.2038,-3.892509,0.0],[-46.204187,-3.893072,0.0],[-46.204112,-3.893634,0.0],[-46.203925,-3.894209,0.0],[-46.204025,-3.894722,0.0],[-46.204225,-3.895334,0.0],[-46.204323,-3.895717,0.0],[-46.204375,-3.895921,0.0],[-46.20435,-3.895989,0.0],[-46.204225,-3.896334,0.0],[-46.204287,-3.896884,0.0],[-46.2044,-3.897646,0.0],[-46.204487,-3.897983,0.0],[-46.204562,-3.898088,0.0],[-46.204775,-3.898383,0.0],[-46.204887,-3.898946,0.0],[-46.2049,-3.899383,0.0],[-46.204715,-3.899598,0.0],[-46.204612,-3.899964,0.0],[-46.2046,-3.900302,0.0],[-46.204925,-3.900564,0.0],[-46.205037,-3.900927,0.0],[-46.205,-3.901564,0.0],[-46.204962,-3.902089,0.0],[-46.204937,-3.902376,0.0],[-46.205087,-3.902551,0.0],[-46.205512,-3.902539,0.0],[-46.205787,-3.902639,0.0],[-46.206062,-3.902951,0.0],[-46.206112,-3.903164,0.0],[-46.205937,-3.903514,0.0],[-46.20585,-3.903989,0.0],[-46.20595,-3.904264,0.0],[-46.2064,-3.904589,0.0],[-46.206837,-3.904989,0.0],[-46.206924,-3.905126,0.0],[-46.207074,-3.905363,0.0],[-46.207037,-3.905782,0.0],[-46.206821,-3.906307,0.0],[-46.205662,-3.907032,0.0],[-46.205062,-3.908657,0.0],[-46.204937,-3.910206,0.0],[-46.204725,-3.910575,0.0],[-46.204637,-3.911037,0.0],[-46.204837,-3.911475,0.0],[-46.205129,-3.911725,0.0],[-46.205187,-3.911775,0.0],[-46.205412,-3.912025,0.0],[-46.205287,-3.912475,0.0],[-46.205236,-3.912565,0.0],[-46.205137,-3.912737,0.0],[-46.204887,-3.91295,0.0],[-46.204737,-3.91325,0.0],[-46.204712,-3.9136,0.0],[-46.204737,-3.91365,0.0],[-46.20505,-3.913787,0.0],[-46.205225,-3.913662,0.0],[-46.205362,-3.913725,0.0],[-46.205412,-3.913962,0.0],[-46.2054,-3.914287,0.0],[-46.205182,-3.914557,0.0],[-46.20485,-3.914824,0.0],[-46.20505,-3.915062,0.0],[-46.20505,-3.915474,0.0],[-46.204837,-3.915849,0.0],[-46.204812,-3.915862,0.0],[-46.204701,-3.915919,0.0],[-46.2044,-3.916074,0.0],[-46.204475,-3.91648,0.0],[-46.204637,-3.916893,0.0],[-46.20465,-3.917218,0.0],[-46.204812,-3.917468,0.0],[-46.2048,-3.91778,0.0],[-46.204625,-3.91823,0.0],[-46.204375,-3.91848,0.0],[-46.204375,-3.91913,0.0],[-46.204937,-3.919642,0.0],[-46.20525,-3.92028,0.0],[-46.205475,-3.921204,0.0],[-46.205737,-3.921417,0.0],[-46.206012,-3.921767,0.0],[-46.2061,-3.922354,0.0],[-46.205887,-3.923029,0.0],[-46.205612,-3.923692,0.0],[-46.205575,-3.924123,0.0],[-46.205362,-3.924548,0.0],[-46.205262,-3.925085,0.0],[-46.205287,-3.92551,0.0],[-46.205487,-3.925935,0.0],[-46.2056,-3.92651,0.0],[-46.205475,-3.926997,0.0],[-46.205362,-3.927322,0.0],[-46.205259,-3.927621,0.0],[-46.205418,-3.927954,0.0],[-46.205659,-3.928135,0.0],[-46.205954,-3.928353,0.0],[-46.206412,-3.928722,0.0],[-46.206625,-3.929084,0.0],[-46.206824,-3.929197,0.0],[-46.207387,-3.929122,0.0],[-46.207799,-3.929434,0.0],[-46.207949,-3.929784,0.0],[-46.207937,-3.930047,0.0],[-46.20784,-3.930178,0.0],[-46.207724,-3.930334,0.0],[-46.207587,-3.930834,0.0],[-46.207774,-3.931147,0.0],[-46.208299,-3.931147,0.0],[-46.208749,-3.931197,0.0],[-46.209362,-3.931246,0.0],[-46.209674,-3.930984,0.0],[-46.210111,-3.930947,0.0],[-46.210486,-3.931184,0.0],[-46.210874,-3.931346,0.0],[-46.211349,-3.931484,0.0],[-46.211486,-3.931821,0.0],[-46.211495,-3.932334,0.0],[-46.211257,-3.932682,0.0],[-46.211616,-3.932874,0.0],[-46.212149,-3.932821,0.0],[-46.212202,-3.932487,0.0],[-46.212311,-3.931859,0.0],[-46.212848,-3.931609,0.0],[-46.213511,-3.932121,0.0],[-46.213671,-3.932625,0.0],[-46.214686,-3.933034,0.0],[-46.214836,-3.933234,0.0],[-46.214836,-3.933846,0.0],[-46.21491,-3.934116,0.0],[-46.215398,-3.934321,0.0],[-46.21621,-3.934521,0.0],[-46.216585,-3.934646,0.0],[-46.216948,-3.934583,0.0],[-46.217285,-3.934333,0.0],[-46.217623,-3.933921,0.0],[-46.217785,-3.933546,0.0],[-46.217829,-3.933202,0.0],[-46.218092,-3.933032,0.0],[-46.218084,-3.932856,0.0],[-46.218054,-3.932698,0.0],[-46.218139,-3.932531,0.0],[-46.218229,-3.932274,0.0],[-46.218473,-3.932146,0.0],[-46.218512,-3.931897,0.0],[-46.21871,-3.931665,0.0],[-46.218797,-3.931234,0.0],[-46.219335,-3.931109,0.0],[-46.219566,-3.931078,0.0],[-46.219796,-3.931035,0.0],[-46.220305,-3.930772,0.0],[-46.220716,-3.930603,0.0],[-46.221097,-3.930634,0.0],[-46.221235,-3.930647,0.0],[-46.221241,-3.930853,0.0],[-46.221498,-3.930872,0.0],[-46.221572,-3.930878,0.0],[-46.221991,-3.931034,0.0],[-46.222036,-3.931334,0.0],[-46.222191,-3.931365,0.0],[-46.222497,-3.93124,0.0],[-46.222772,-3.93119,0.0],[-46.22304,-3.930909,0.0],[-46.22334,-3.93074,0.0],[-46.223584,-3.93054,0.0],[-46.223772,-3.93044,0.0],[-46.223884,-3.930559,0.0],[-46.223984,-3.930759,0.0],[-46.224209,-3.93064,0.0],[-46.224321,-3.930353,0.0],[-46.224509,-3.930215,0.0],[-46.224709,-3.930147,0.0],[-46.224896,-3.930247,0.0],[-46.224896,-3.930534,0.0],[-46.225153,-3.930403,0.0],[-46.225271,-3.930109,0.0],[-46.225446,-3.930315,0.0],[-46.225471,-3.930572,0.0],[-46.225621,-3.930515,0.0],[-46.225727,-3.930128,0.0],[-46.225921,-3.929815,0.0],[-46.225996,-3.929303,0.0],[-46.226046,-3.929009,0.0],[-46.225952,-3.928672,0.0],[-46.225437,-3.928722,0.0],[-46.225414,-3.928291,0.0],[-46.225453,-3.927915,0.0],[-46.22569,-3.927694,0.0],[-46.226088,-3.927464,0.0],[-46.226571,-3.927691,0.0],[-46.226884,-3.927691,0.0],[-46.227415,-3.927853,0.0],[-46.227846,-3.927853,0.0],[-46.228152,-3.927666,0.0],[-46.228415,-3.927485,0.0],[-46.228683,-3.927428,0.0],[-46.229152,-3.927597,0.0],[-46.229414,-3.927616,0.0],[-46.229564,-3.927391,0.0],[-46.229631,-3.927345,0.0],[-46.229702,-3.927297,0.0],[-46.229939,-3.927347,0.0],[-46.230358,-3.927447,0.0],[-46.231252,-3.927022,0.0],[-46.23157,-3.926766,0.0],[-46.232008,-3.926622,0.0],[-46.23227,-3.926554,0.0],[-46.232614,-3.926903,0.0],[-46.232901,-3.926953,0.0],[-46.233101,-3.926953,0.0],[-46.233339,-3.927022,0.0],[-46.233864,-3.926722,0.0],[-46.234407,-3.926785,0.0],[-46.234738,-3.926829,0.0],[-46.235232,-3.926997,0.0],[-46.235513,-3.927116,0.0],[-46.236019,-3.927235,0.0],[-46.23662,-3.926845,0.0],[-46.236976,-3.927216,0.0],[-46.237819,-3.927328,0.0],[-46.238388,-3.92711,0.0],[-46.238863,-3.927253,0.0],[-46.2394,-3.92751,0.0],[-46.239713,-3.927435,0.0],[-46.239363,-3.927091,0.0],[-46.239713,-3.927066,0.0],[-46.239981,-3.927122,0.0],[-46.240212,-3.927135,0.0],[-46.240275,-3.92686,0.0],[-46.240419,-3.926654,0.0],[-46.240806,-3.926654,0.0],[-46.240883,-3.926575,0.0],[-46.242074,-3.926632,0.0],[-46.242802,-3.926809,0.0],[-46.243449,-3.926785,0.0],[-46.244443,-3.92603,0.0],[-46.244687,-3.925969,0.0],[-46.24494,-3.925909,0.0],[-46.245318,-3.925966,0.0],[-46.245604,-3.926184,0.0],[-46.245844,-3.926473,0.0],[-46.246237,-3.92679,0.0],[-46.246695,-3.926974,0.0],[-46.247017,-3.927201,0.0],[-46.247267,-3.927445,0.0],[-46.247409,-3.927661,0.0],[-46.247524,-3.927886,0.0],[-46.247566,-3.928182,0.0],[-46.2476,-3.928461,0.0],[-46.247669,-3.928784,0.0],[-46.24781,-3.929045,0.0],[-46.248122,-3.929241,0.0],[-46.248599,-3.929541,0.0],[-46.248486,-3.929965,0.0],[-46.249186,-3.930553,0.0],[-46.249598,-3.93039,0.0],[-46.249898,-3.929878,0.0],[-46.249936,-3.929603,0.0],[-46.25012,-3.928821,0.0],[-46.250136,-3.928753,0.0],[-46.250648,-3.928378,0.0],[-46.251623,-3.928278,0.0],[-46.251749,-3.928479,0.0],[-46.251898,-3.928716,0.0],[-46.252523,-3.929091,0.0],[-46.253335,-3.928791,0.0],[-46.253885,-3.928641,0.0],[-46.25441,-3.928878,0.0],[-46.254321,-3.929318,0.0],[-46.253898,-3.929591,0.0],[-46.253807,-3.929649,0.0],[-46.253473,-3.929865,0.0],[-46.253173,-3.930165,0.0],[-46.253198,-3.930428,0.0],[-46.254235,-3.93059,0.0],[-46.255047,-3.930465,0.0],[-46.255885,-3.93029,0.0],[-46.25641,-3.929653,0.0],[-46.256822,-3.928828,0.0],[-46.257428,-3.928397,0.0],[-46.257984,-3.928247,0.0],[-46.258383,-3.928018,0.0],[-46.259109,-3.927385,0.0],[-46.259397,-3.927222,0.0],[-46.260212,-3.927053,0.0],[-46.260718,-3.926985,0.0],[-46.260943,-3.926872,0.0],[-46.261412,-3.926766,0.0],[-46.261899,-3.926554,0.0],[-46.262281,-3.926522,0.0],[-46.263362,-3.926735,0.0],[-46.26358,-3.92681,0.0],[-46.264193,-3.926978,0.0],[-46.26432,-3.926571,0.0],[-46.264783,-3.926579,0.0],[-46.265246,-3.926466,0.0],[-46.265871,-3.926454,0.0],[-46.266308,-3.926141,0.0],[-46.266552,-3.925791,0.0],[-46.266952,-3.925485,0.0],[-46.267289,-3.92521,0.0],[-46.267583,-3.924773,0.0],[-46.267808,-3.924479,0.0],[-46.268101,-3.924323,0.0],[-46.268401,-3.924398,0.0],[-46.268808,-3.924591,0.0],[-46.269176,-3.924716,0.0],[-46.269332,-3.925035,0.0],[-46.269295,-3.92541,0.0],[-46.269289,-3.925647,0.0],[-46.269489,-3.926122,0.0],[-46.269751,-3.926572,0.0],[-46.270239,-3.926854,0.0],[-46.27082,-3.927247,0.0],[-46.271076,-3.927553,0.0],[-46.271345,-3.927822,0.0],[-46.271701,-3.92805,0.0],[-46.272513,-3.928431,0.0],[-46.273057,-3.928338,0.0],[-46.273725,-3.92805,0.0],[-46.274113,-3.927363,0.0],[-46.274225,-3.926625,0.0],[-46.274033,-3.926159,0.0],[-46.273975,-3.926019,0.0],[-46.273832,-3.925513,0.0],[-46.274157,-3.925157,0.0],[-46.274769,-3.925176,0.0],[-46.275144,-3.925326,0.0],[-46.274988,-3.925619,0.0],[-46.274932,-3.925869,0.0],[-46.275288,-3.926141,0.0],[-46.275669,-3.926322,0.0],[-46.276131,-3.926354,0.0],[-46.276369,-3.925935,0.0],[-46.276919,-3.925735,0.0],[-46.277475,-3.925366,0.0],[-46.278181,-3.924904,0.0],[-46.278711,-3.925135,0.0],[-46.279381,-3.925416,0.0],[-46.280049,-3.925641,0.0],[-46.280539,-3.925561,0.0],[-46.280937,-3.925394,0.0],[-46.281293,-3.925048,0.0],[-46.28158,-3.924884,0.0],[-46.282048,-3.924861,0.0],[-46.282535,-3.924812,0.0],[-46.282968,-3.924717,0.0],[-46.283491,-3.924641,0.0],[-46.284005,-3.924583,0.0],[-46.284436,-3.924713,0.0],[-46.284866,-3.924959,0.0],[-46.285313,-3.925295,0.0],[-46.285841,-3.925631,0.0],[-46.286854,-3.926106,0.0],[-46.287796,-3.926491,0.0],[-46.288961,-3.927058,0.0],[-46.28963,-3.927155,0.0],[-46.290198,-3.92698,0.0],[-46.290571,-3.927044,0.0],[-46.291235,-3.927497,0.0],[-46.291691,-3.927439,0.0],[-46.292179,-3.927272,0.0],[-46.292678,-3.927085,0.0],[-46.293176,-3.927007,0.0],[-46.293581,-3.927064,0.0],[-46.294055,-3.927346,0.0],[-46.294287,-3.927653,0.0],[-46.294566,-3.927916,0.0],[-46.294747,-3.928328,0.0],[-46.294722,-3.928703,0.0],[-46.294972,-3.929259,0.0],[-46.294928,-3.929597,0.0],[-46.294916,-3.93009,0.0],[-46.295034,-3.930484,0.0],[-46.295328,-3.930478,0.0],[-46.295628,-3.93064,0.0],[-46.296265,-3.930522,0.0],[-46.29684,-3.93034,0.0],[-46.297209,-3.929616,0.0],[-46.297121,-3.929122,0.0],[-46.297229,-3.928862,0.0],[-46.297904,-3.928825,0.0],[-46.297854,-3.928312,0.0],[-46.298379,-3.927819,0.0],[-46.298413,-3.927395,0.0],[-46.298758,-3.927121,0.0],[-46.299076,-3.926774,0.0],[-46.299276,-3.926543,0.0],[-46.299351,-3.926284,0.0],[-46.299466,-3.925863,0.0],[-46.299628,-3.925244,0.0],[-46.299822,-3.924882,0.0],[-46.300091,-3.924613,0.0],[-46.300409,-3.924513,0.0],[-46.300822,-3.924679,0.0],[-46.301203,-3.924682,0.0],[-46.301414,-3.924608,0.0],[-46.301516,-3.924216,0.0],[-46.301472,-3.92381,0.0],[-46.301622,-3.923485,0.0],[-46.301765,-3.922716,0.0],[-46.302215,-3.922141,0.0],[-46.302772,-3.922173,0.0],[-46.303353,-3.922329,0.0],[-46.303628,-3.922329,0.0],[-46.304059,-3.922141,0.0],[-46.304234,-3.921873,0.0],[-46.304321,-3.921429,0.0],[-46.304746,-3.921098,0.0],[-46.305134,-3.920779,0.0],[-46.305459,-3.920423,0.0],[-46.305854,-3.920625,0.0],[-46.30619,-3.920673,0.0],[-46.306652,-3.920517,0.0],[-46.306716,-3.920182,0.0],[-46.306571,-3.919898,0.0],[-46.306458,-3.919686,0.0],[-46.30654,-3.919361,0.0],[-46.306633,-3.919148,0.0],[-46.306715,-3.919079,0.0],[-46.306843,-3.918429,0.0],[-46.306683,-3.917973,0.0],[-46.306777,-3.917411,0.0],[-46.306896,-3.917024,0.0],[-46.307027,-3.916536,0.0],[-46.306965,-3.915942,0.0],[-46.307096,-3.915424,0.0],[-46.30744,-3.914905,0.0],[-46.307783,-3.914499,0.0],[-46.308586,-3.913946,0.0],[-46.308833,-3.913491,0.0],[-46.308898,-3.913267,0.0],[-46.308989,-3.912612,0.0],[-46.309008,-3.911868,0.0],[-46.309106,-3.911607,0.0],[-46.309433,-3.911093,0.0],[-46.309967,-3.910597,0.0],[-46.310276,-3.910278,0.0],[-46.310595,-3.910106,0.0],[-46.31092,-3.909744,0.0],[-46.310676,-3.909444,0.0],[-46.310264,-3.909244,0.0],[-46.309977,-3.909087,0.0],[-46.309845,-3.908844,0.0],[-46.309952,-3.908306,0.0],[-46.310258,-3.907869,0.0],[-46.310489,-3.907694,0.0],[-46.311045,-3.907563,0.0],[-46.311173,-3.907551,0.0],[-46.311389,-3.907531,0.0],[-46.31172,-3.907406,0.0],[-46.311833,-3.907038,0.0],[-46.31157,-3.906813,0.0],[-46.31112,-3.906675,0.0],[-46.310661,-3.906624,0.0],[-46.310445,-3.906413,0.0],[-46.31022,-3.90615,0.0],[-46.310089,-3.905775,0.0],[-46.310302,-3.9055,0.0],[-46.310658,-3.905482,0.0],[-46.310964,-3.9056,0.0],[-46.311233,-3.905782,0.0],[-46.31147,-3.906024,0.0],[-46.312026,-3.905763,0.0],[-46.312395,-3.905494,0.0],[-46.312601,-3.905244,0.0],[-46.312632,-3.904851,0.0],[-46.312757,-3.904663,0.0],[-46.313001,-3.904401,0.0],[-46.313107,-3.903926,0.0],[-46.313001,-3.903688,0.0],[-46.312839,-3.903588,0.0],[-46.312976,-3.903288,0.0],[-46.313282,-3.903257,0.0],[-46.313626,-3.903157,0.0],[-46.313757,-3.902695,0.0],[-46.314063,-3.902089,0.0],[-46.314432,-3.90162,0.0],[-46.314863,-3.90117,0.0],[-46.315507,-3.900932,0.0],[-46.316219,-3.901045,0.0],[-46.316807,-3.901139,0.0],[-46.317013,-3.901226,0.0],[-46.317188,-3.901864,0.0],[-46.317732,-3.902107,0.0],[-46.318256,-3.902082,0.0],[-46.318706,-3.902039,0.0],[-46.319281,-3.901701,0.0],[-46.319676,-3.901244,0.0],[-46.319937,-3.900576,0.0],[-46.3201,-3.900133,0.0],[-46.320669,-3.899551,0.0],[-46.320681,-3.899045,0.0],[-46.320594,-3.898558,0.0],[-46.320444,-3.897371,0.0],[-46.320525,-3.897071,0.0],[-46.32075,-3.896815,0.0],[-46.320931,-3.896608,0.0],[-46.321431,-3.896327,0.0],[-46.321881,-3.895765,0.0],[-46.322,-3.895196,0.0],[-46.3221,-3.894665,0.0],[-46.322318,-3.893965,0.0],[-46.322656,-3.893359,0.0],[-46.322813,-3.893183,0.0],[-46.322889,-3.89278,0.0],[-46.322954,-3.892521,0.0],[-46.323431,-3.89162,0.0],[-46.323596,-3.891236,0.0],[-46.323687,-3.890934,0.0],[-46.323643,-3.890728,0.0],[-46.323431,-3.890609,0.0],[-46.323196,-3.890364,0.0],[-46.323081,-3.889928,0.0],[-46.323679,-3.889139,0.0],[-46.323868,-3.888909,0.0],[-46.324087,-3.888535,0.0],[-46.324393,-3.88816,0.0],[-46.32463,-3.887922,0.0],[-46.324699,-3.887335,0.0],[-46.324412,-3.887141,0.0],[-46.324476,-3.886031,0.0],[-46.324157,-3.884994,0.0],[-46.324163,-3.88442,0.0],[-46.324212,-3.883919,0.0],[-46.324225,-3.883515,0.0],[-46.324202,-3.883076,0.0],[-46.324098,-3.882663,0.0],[-46.324129,-3.882197,0.0],[-46.324449,-3.881886,0.0],[-46.324818,-3.881473,0.0],[-46.325349,-3.881017,0.0],[-46.325449,-3.880323,0.0],[-46.325349,-3.879849,0.0],[-46.325287,-3.879562,0.0],[-46.325287,-3.879561,0.0],[-46.325318,-3.879155,0.0],[-46.325512,-3.87888,0.0],[-46.32565,-3.878736,0.0],[-46.325668,-3.878717,0.0],[-46.325768,-3.878467,0.0],[-46.325974,-3.878286,0.0],[-46.326093,-3.878111,0.0],[-46.326318,-3.877943,0.0],[-46.326168,-3.877855,0.0],[-46.32593,-3.877874,0.0],[-46.326061,-3.877699,0.0],[-46.326036,-3.877568,0.0],[-46.325805,-3.877486,0.0],[-46.32563,-3.87758,0.0],[-46.325493,-3.87748,0.0],[-46.325393,-3.87735,0.0],[-46.32533,-3.877268,0.0],[-46.325353,-3.877231,0.0],[-46.325437,-3.877099,0.0],[-46.325318,-3.876893,0.0],[-46.325225,-3.876849,0.0],[-46.325105,-3.876793,0.0],[-46.324943,-3.876643,0.0],[-46.324974,-3.876287,0.0],[-46.324918,-3.876074,0.0],[-46.324894,-3.87586,0.0],[-46.324805,-3.875599,0.0],[-46.324418,-3.875418,0.0],[-46.324487,-3.875243,0.0],[-46.324368,-3.875074,0.0],[-46.324407,-3.874959,0.0],[-46.324462,-3.874799,0.0],[-46.324365,-3.874809,0.0],[-46.324205,-3.874824,0.0],[-46.324062,-3.874724,0.0],[-46.324118,-3.874399,0.0],[-46.323968,-3.874124,0.0],[-46.324081,-3.873931,0.0],[-46.324099,-3.87386,0.0],[-46.324137,-3.873712,0.0],[-46.324099,-3.873618,0.0],[-46.324029,-3.873612,0.0],[-46.323899,-3.8736,0.0],[-46.323699,-3.873537,0.0],[-46.323612,-3.873368,0.0],[-46.323499,-3.873118,0.0],[-46.323699,-3.872837,0.0],[-46.323787,-3.87275,0.0],[-46.323812,-3.872725,0.0],[-46.323768,-3.872682,0.0],[-46.323606,-3.872525,0.0],[-46.323687,-3.872394,0.0],[-46.323743,-3.872212,0.0],[-46.323818,-3.8719,0.0],[-46.323931,-3.871525,0.0],[-46.323924,-3.870994,0.0],[-46.323643,-3.870794,0.0],[-46.323418,-3.870556,0.0],[-46.323443,-3.870038,0.0],[-46.323537,-3.869656,0.0],[-46.323874,-3.869488,0.0],[-46.324136,-3.869358,0.0],[-46.324249,-3.869082,0.0],[-46.323987,-3.869038,0.0],[-46.323868,-3.868932,0.0],[-46.323606,-3.868863,0.0],[-46.323337,-3.868888,0.0],[-46.323181,-3.86875,0.0],[-46.323331,-3.868625,0.0],[-46.323281,-3.868432,0.0],[-46.323437,-3.8684,0.0],[-46.323374,-3.8683,0.0],[-46.323256,-3.868194,0.0],[-46.323106,-3.867907,0.0],[-46.323137,-3.867651,0.0],[-46.323324,-3.867382,0.0],[-46.323231,-3.867238,0.0],[-46.323112,-3.867094,0.0],[-46.323137,-3.866807,0.0],[-46.323024,-3.866676,0.0],[-46.323118,-3.866532,0.0],[-46.323212,-3.866463,0.0],[-46.323043,-3.866257,0.0],[-46.323259,-3.865807,0.0],[-46.323487,-3.865601,0.0],[-46.323727,-3.865301,0.0],[-46.323852,-3.865013,0.0],[-46.324096,-3.864764,0.0],[-46.32449,-3.86457,0.0],[-46.324946,-3.864317,0.0],[-46.325102,-3.864073,0.0],[-46.325415,-3.863701,0.0],[-46.325736,-3.863579,0.0],[-46.325755,-3.863301,0.0],[-46.325708,-3.863064,0.0],[-46.32573,-3.862989,0.0],[-46.325823,-3.862984,0.0],[-46.325843,-3.862983,0.0],[-46.326033,-3.862886,0.0],[-46.326046,-3.862754,0.0],[-46.32608,-3.86263,0.0],[-46.326043,-3.862376,0.0],[-46.326024,-3.86223,0.0],[-46.326033,-3.862098,0.0],[-46.326265,-3.86168,0.0],[-46.326521,-3.861223,0.0],[-46.327071,-3.86058,0.0],[-46.327514,-3.860102,0.0],[-46.328133,-3.859836,0.0],[-46.32868,-3.859524,0.0],[-46.328905,-3.859168,0.0],[-46.329455,-3.85898,0.0],[-46.329873,-3.859105,0.0],[-46.330148,-3.859336,0.0],[-46.330704,-3.858993,0.0],[-46.330923,-3.858774,0.0],[-46.331067,-3.85853,0.0],[-46.331298,-3.858399,0.0],[-46.331804,-3.858087,0.0],[-46.33216,-3.857955,0.0],[-46.332526,-3.857817,0.0],[-46.33301,-3.857862,0.0],[-46.333372,-3.858068,0.0],[-46.334266,-3.858524,0.0],[-46.334929,-3.858836,0.0],[-46.335572,-3.859186,0.0],[-46.336192,-3.859192,0.0],[-46.336637,-3.859472,0.0],[-46.337044,-3.859241,0.0],[-46.337616,-3.859018,0.0],[-46.337966,-3.858705,0.0],[-46.338209,-3.85833,0.0],[-46.338584,-3.858224,0.0],[-46.339059,-3.858161,0.0],[-46.339403,-3.85823,0.0],[-46.339484,-3.858161,0.0],[-46.339843,-3.857996,0.0],[-46.340284,-3.858062,0.0],[-46.340354,-3.857845,0.0],[-46.340484,-3.85718,0.0],[-46.341134,-3.857355,0.0],[-46.341653,-3.857562,0.0],[-46.341896,-3.857149,0.0],[-46.342265,-3.85718,0.0],[-46.342281,-3.85717,0.0],[-46.342665,-3.857087,0.0],[-46.343121,-3.857074,0.0],[-46.343471,-3.857155,0.0],[-46.343589,-3.857242,0.0],[-46.343852,-3.857437,0.0],[-46.344233,-3.857487,0.0],[-46.344436,-3.857289,0.0],[-46.344477,-3.857249,0.0],[-46.344783,-3.857255,0.0],[-46.344958,-3.85753,0.0],[-46.345271,-3.857668,0.0],[-46.345946,-3.857612,0.0],[-46.346349,-3.857476,0.0],[-46.346558,-3.85748,0.0],[-46.346744,-3.857416,0.0],[-46.346864,-3.857437,0.0],[-46.347545,-3.857599,0.0],[-46.347995,-3.857587,0.0],[-46.348245,-3.857499,0.0],[-46.348958,-3.857312,0.0],[-46.349208,-3.857337,0.0],[-46.349707,-3.857243,0.0],[-46.350145,-3.857199,0.0],[-46.350335,-3.857089,0.0],[-46.350632,-3.856918,0.0],[-46.351073,-3.857012,0.0],[-46.351332,-3.856874,0.0],[-46.351817,-3.85678,0.0],[-46.352241,-3.856699,0.0],[-46.352666,-3.85673,0.0],[-46.353066,-3.856899,0.0],[-46.353522,-3.85708,0.0],[-46.354035,-3.857268,0.0],[-46.354541,-3.857343,0.0],[-46.355122,-3.857537,0.0],[-46.355766,-3.857855,0.0],[-46.356666,-3.858596,0.0],[-46.357309,-3.85888,0.0],[-46.357612,-3.858968,0.0],[-46.357859,-3.859014,0.0],[-46.358287,-3.85903,0.0],[-46.358703,-3.858983,0.0],[-46.358903,-3.858905,0.0],[-46.35904,-3.858946,0.0],[-46.359265,-3.85889,0.0],[-46.359546,-3.858796,0.0],[-46.359953,-3.858955,0.0],[-46.360346,-3.85898,0.0],[-46.36059,-3.858343,0.0],[-46.361052,-3.857962,0.0],[-46.361715,-3.857618,0.0],[-46.362173,-3.857279,0.0],[-46.362892,-3.856671,0.0],[-46.363251,-3.856337,0.0],[-46.363748,-3.856217,0.0],[-46.364004,-3.856697,0.0],[-46.364253,-3.856979,0.0],[-46.364552,-3.857236,0.0],[-46.365092,-3.857313,0.0],[-46.365408,-3.85739,0.0],[-46.365725,-3.857664,0.0],[-46.365965,-3.857758,0.0],[-46.366333,-3.857903,0.0],[-46.366944,-3.8575,0.0],[-46.701667,-3.754167,0.0],[-46.699808,-3.754041,0.0],[-46.698809,-3.753217,0.0],[-46.697159,-3.751879,0.0],[-46.695947,-3.751154,0.0],[-46.695236,-3.751091,0.0],[-46.694022,-3.750804,0.0],[-46.692697,-3.750754,0.0],[-46.692297,-3.750517,0.0],[-46.692522,-3.749592,0.0],[-46.692635,-3.748467,0.0],[-46.693122,-3.748042,0.0],[-46.694184,-3.747805,0.0],[-46.694572,-3.74738,0.0],[-46.694934,-3.746193,0.0],[-46.694597,-3.745643,0.0],[-46.693207,-3.745032,0.0],[-46.692172,-3.745405,0.0],[-46.691322,-3.745693,0.0],[-46.690647,-3.746268,0.0],[-46.689385,-3.746618,0.0],[-46.68801,-3.746368,0.0],[-46.686886,-3.74558,0.0],[-46.686023,-3.74478,0.0],[-46.685427,-3.743463,0.0],[-46.684823,-3.742681,0.0],[-46.684361,-3.742106,0.0],[-46.683461,-3.741368,0.0],[-46.682198,-3.740568,0.0],[-46.681327,-3.739868,0.0],[-46.67987,-3.739358,0.0],[-46.677245,-3.739747,0.0],[-46.675107,-3.740208,0.0],[-46.672945,-3.739795,0.0],[-46.671872,-3.739513,0.0],[-46.671426,-3.739224,0.0],[-46.670758,-3.739103,0.0],[-46.669895,-3.738507,0.0],[-46.669654,-3.738015,0.0],[-46.669628,-3.737961,0.0],[-46.669907,-3.737268,0.0],[-46.669956,-3.73677,0.0],[-46.669555,-3.736564,0.0],[-46.668352,-3.736709,0.0],[-46.667721,-3.73643,0.0],[-46.667334,-3.73643,0.0],[-46.66698,-3.73643,0.0],[-46.666275,-3.736491,0.0],[-46.665242,-3.736467,0.0],[-46.66472,-3.736612,0.0],[-46.664392,-3.736649,0.0],[-46.66342,-3.736552,0.0],[-46.66325,-3.736066,0.0],[-46.663116,-3.73513,0.0],[-46.662983,-3.734389,0.0],[-46.662412,-3.733769,0.0],[-46.662242,-3.732846,0.0],[-46.662266,-3.732057,0.0],[-46.662217,-3.731425,0.0],[-46.662007,-3.731063,0.0],[-46.661622,-3.730672,0.0],[-46.661488,-3.729979,0.0],[-46.661148,-3.72936,0.0],[-46.661136,-3.72874,0.0],[-46.661294,-3.728084,0.0],[-46.661552,-3.727603,0.0],[-46.661561,-3.727586,0.0],[-46.662084,-3.727258,0.0],[-46.662375,-3.726213,0.0],[-46.662667,-3.72535,0.0],[-46.662715,-3.72512,0.0],[-46.66263,-3.724925,0.0],[-46.662697,-3.724785,0.0],[-46.662551,-3.724591,0.0],[-46.662412,-3.724421,0.0],[-46.662314,-3.724227,0.0],[-46.662035,-3.724111,0.0],[-46.662065,-3.723777,0.0],[-46.661914,-3.723601,0.0],[-46.661756,-3.723546,0.0],[-46.661829,-3.723303,0.0],[-46.661968,-3.723109,0.0],[-46.66195,-3.722957,0.0],[-46.661847,-3.722732,0.0],[-46.66175,-3.72241,0.0],[-46.662029,-3.722088,0.0],[-46.662248,-3.721852,0.0],[-46.662278,-3.721505,0.0],[-46.662126,-3.721329,0.0],[-46.661628,-3.721311,0.0],[-46.661486,-3.721311,0.0],[-46.661118,-3.721311,0.0],[-46.660899,-3.720764,0.0],[-46.660857,-3.720448,0.0],[-46.660693,-3.720175,0.0],[-46.66099,-3.719865,0.0],[-46.66096,-3.719537,0.0],[-46.660923,-3.719167,0.0],[-46.661045,-3.718845,0.0],[-46.660857,-3.718669,0.0],[-46.660529,-3.718644,0.0],[-46.659952,-3.718845,0.0],[-46.659624,-3.718814,0.0],[-46.659466,-3.718705,0.0],[-46.659265,-3.718499,0.0],[-46.659229,-3.718347,0.0],[-46.659271,-3.717964,0.0],[-46.659192,-3.717751,0.0],[-46.658907,-3.717587,0.0],[-46.658463,-3.717654,0.0],[-46.658263,-3.717946,0.0],[-46.658239,-3.718256,0.0],[-46.658214,-3.718424,0.0],[-46.658184,-3.718626,0.0],[-46.65788,-3.718735,0.0],[-46.657333,-3.718614,0.0],[-46.656854,-3.718438,0.0],[-46.656556,-3.718292,0.0],[-46.656532,-3.717873,0.0],[-46.656392,-3.717387,0.0],[-46.656216,-3.717016,0.0],[-46.655997,-3.716646,0.0],[-46.656009,-3.716269,0.0],[-46.655785,-3.715868,0.0],[-46.65573,-3.715613,0.0],[-46.655353,-3.7152,0.0],[-46.655305,-3.714909,0.0],[-46.65511,-3.714751,0.0],[-46.654837,-3.714775,0.0],[-46.654594,-3.714799,0.0],[-46.654442,-3.715006,0.0],[-46.654412,-3.715176,0.0],[-46.654509,-3.715437,0.0],[-46.654667,-3.715759,0.0],[-46.654454,-3.716063,0.0],[-46.653993,-3.716354,0.0],[-46.653616,-3.7165,0.0],[-46.653379,-3.71653,0.0],[-46.652845,-3.716597,0.0],[-46.652383,-3.716846,0.0],[-46.651909,-3.717217,0.0],[-46.651283,-3.717551,0.0],[-46.651125,-3.71715,0.0],[-46.650822,-3.716482,0.0],[-46.650494,-3.715947,0.0],[-46.650433,-3.715474,0.0],[-46.650384,-3.714988,0.0],[-46.650409,-3.714477,0.0],[-46.650287,-3.713894,0.0],[-46.649728,-3.713287,0.0],[-46.650166,-3.712813,0.0],[-46.650469,-3.712363,0.0],[-46.650141,-3.712193,0.0],[-46.649449,-3.712303,0.0],[-46.648368,-3.712509,0.0],[-46.648173,-3.712485,0.0],[-46.647323,-3.71257,0.0],[-46.64646,-3.712594,0.0],[-46.645744,-3.712558,0.0],[-46.644857,-3.712631,0.0],[-46.643788,-3.712862,0.0],[-46.643848,-3.712303,0.0],[-46.644359,-3.711732,0.0],[-46.644784,-3.711051,0.0],[-46.644905,-3.710541,0.0],[-46.644845,-3.709849,0.0],[-46.64448,-3.70946,0.0],[-46.643848,-3.70918,0.0],[-46.643544,-3.708893,0.0],[-46.64318,-3.708549,0.0],[-46.643253,-3.70748,0.0],[-46.643083,-3.706496,0.0],[-46.642646,-3.705694,0.0],[-46.642196,-3.705524,0.0],[-46.64139,-3.705822,0.0],[-46.641078,-3.705937,0.0],[-46.640714,-3.706095,0.0],[-46.639815,-3.705864,0.0],[-46.639463,-3.705317,0.0],[-46.639424,-3.705228,0.0],[-46.639256,-3.704843,0.0],[-46.639183,-3.704588,0.0],[-46.638697,-3.704467,0.0],[-46.638066,-3.704515,0.0],[-46.637665,-3.704321,0.0],[-46.637543,-3.703762,0.0],[-46.636754,-3.703871,0.0],[-46.635927,-3.704042,0.0],[-46.635437,-3.704067,0.0],[-46.635004,-3.70409,0.0],[-46.634081,-3.704187,0.0],[-46.633716,-3.703714,0.0],[-46.633607,-3.70324,0.0],[-46.633425,-3.702948,0.0],[-46.63289,-3.70279,0.0],[-46.632337,-3.702921,0.0],[-46.632035,-3.70281,0.0],[-46.631849,-3.702648,0.0],[-46.63166,-3.702646,0.0],[-46.631056,-3.702341,0.0],[-46.63006,-3.702341,0.0],[-46.629416,-3.702365,0.0],[-46.62857,-3.702465,0.0],[-46.628492,-3.702474,0.0],[-46.628463,-3.702421,0.0],[-46.628237,-3.702013,0.0],[-46.62848,-3.701259,0.0],[-46.629246,-3.700822,0.0],[-46.629804,-3.699996,0.0],[-46.629622,-3.699619,0.0],[-46.628918,-3.699619,0.0],[-46.628104,-3.699887,0.0],[-46.627278,-3.699437,0.0],[-46.627204,-3.699401,0.0],[-46.626986,-3.699291,0.0],[-46.626318,-3.699206,0.0],[-46.625783,-3.698963,0.0],[-46.624872,-3.698562,0.0],[-46.624639,-3.698248,0.0],[-46.624603,-3.698199,0.0],[-46.62441,-3.697859,0.0],[-46.624253,-3.697603,0.0],[-46.623038,-3.696643,0.0],[-46.623147,-3.696108,0.0],[-46.622989,-3.69561,0.0],[-46.623171,-3.694918,0.0],[-46.623244,-3.694055,0.0],[-46.623159,-3.693181,0.0],[-46.623256,-3.692099,0.0],[-46.622868,-3.691577,0.0],[-46.622649,-3.691176,0.0],[-46.622746,-3.690617,0.0],[-46.622649,-3.69001,0.0],[-46.622248,-3.689329,0.0],[-46.621751,-3.689299,0.0],[-46.621384,-3.689159,0.0],[-46.62113,-3.689062,0.0],[-46.620717,-3.688115,0.0],[-46.620833,-3.687891,0.0],[-46.620898,-3.687766,0.0],[-46.620912,-3.686973,0.0],[-46.621337,-3.685879,0.0],[-46.622187,-3.685466,0.0],[-46.622491,-3.684847,0.0],[-46.622345,-3.684446,0.0],[-46.621604,-3.684227,0.0],[-46.620584,-3.68396,0.0],[-46.619357,-3.68379,0.0],[-46.619235,-3.683756,0.0],[-46.618822,-3.683644,0.0],[-46.618812,-3.683268,0.0],[-46.618798,-3.682769,0.0],[-46.619065,-3.681967,0.0],[-46.619223,-3.681226,0.0],[-46.61915,-3.680643,0.0],[-46.618895,-3.680473,0.0],[-46.618263,-3.680631,0.0],[-46.617534,-3.680485,0.0],[-46.617352,-3.680424,0.0],[-46.617324,-3.680429,0.0],[-46.617048,-3.680473,0.0],[-46.616672,-3.680667,0.0],[-46.616421,-3.680612,0.0],[-46.615906,-3.680497,0.0],[-46.615773,-3.679902,0.0],[-46.615806,-3.679835,0.0],[-46.615923,-3.679602,0.0],[-46.616028,-3.679392,0.0],[-46.616526,-3.678942,0.0],[-46.616259,-3.678189,0.0],[-46.615785,-3.678189,0.0],[-46.614994,-3.678305,0.0],[-46.614789,-3.678335,0.0],[-46.613975,-3.677934,0.0],[-46.61381,-3.677384,0.0],[-46.613755,-3.677198,0.0],[-46.613622,-3.676755,0.0],[-46.61372,-3.675929,0.0],[-46.613562,-3.675273,0.0],[-46.613221,-3.674715,0.0],[-46.613064,-3.673609,0.0],[-46.612675,-3.674071,0.0],[-46.612213,-3.674787,0.0],[-46.611351,-3.675115,0.0],[-46.611143,-3.675175,0.0],[-46.609953,-3.675516,0.0],[-46.609237,-3.675844,0.0],[-46.606916,-3.67616,0.0],[-46.605978,-3.675984,0.0],[-46.604847,-3.675593,0.0],[-46.604107,-3.675717,0.0],[-46.60367,-3.675425,0.0],[-46.603208,-3.67483,0.0],[-46.603166,-3.674787,0.0],[-46.602442,-3.674052,0.0],[-46.602029,-3.672874,0.0],[-46.602005,-3.672121,0.0],[-46.601872,-3.671683,0.0],[-46.601872,-3.670991,0.0],[-46.60209,-3.670226,0.0],[-46.60209,-3.66963,0.0],[-46.601993,-3.668853,0.0],[-46.601665,-3.668756,0.0],[-46.60096,-3.668112,0.0],[-46.600171,-3.667358,0.0],[-46.599624,-3.666727,0.0],[-46.599332,-3.666022,0.0],[-46.59881,-3.665645,0.0],[-46.598093,-3.665548,0.0],[-46.596976,-3.665609,0.0],[-46.596162,-3.665901,0.0],[-46.595263,-3.665888,0.0],[-46.594254,-3.665536,0.0],[-46.593732,-3.66471,0.0],[-46.59355,-3.664248,0.0],[-46.592711,-3.664066,0.0],[-46.592092,-3.663811,0.0],[-46.5918,-3.662936,0.0],[-46.591229,-3.662317,0.0],[-46.590537,-3.661879,0.0],[-46.589601,-3.6616,0.0],[-46.588786,-3.661516,0.0],[-46.588775,-3.661515,0.0],[-46.588739,-3.661481,0.0],[-46.588228,-3.661005,0.0],[-46.588153,-3.661022,0.0],[-46.587232,-3.661235,0.0],[-46.586649,-3.661442,0.0],[-46.585847,-3.661114,0.0],[-46.585422,-3.66047,0.0],[-46.585288,-3.659571,0.0],[-46.58517,-3.659299,0.0],[-46.584863,-3.658599,0.0],[-46.58462,-3.6577,0.0],[-46.583782,-3.656595,0.0],[-46.58294,-3.656118,0.0],[-46.582934,-3.656113,0.0],[-46.58269,-3.655892,0.0],[-46.582403,-3.655755,0.0],[-46.581717,-3.655671,0.0],[-46.581182,-3.655222,0.0],[-46.580749,-3.65493,0.0],[-46.58066,-3.65487,0.0],[-46.580125,-3.654457,0.0],[-46.579724,-3.654019,0.0],[-46.579166,-3.653776,0.0],[-46.578654,-3.653685,0.0],[-46.578412,-3.653643,0.0],[-46.577817,-3.653497,0.0],[-46.577343,-3.653485,0.0],[-46.577003,-3.653363,0.0],[-46.576663,-3.653242,0.0],[-46.576408,-3.653072,0.0],[-46.576165,-3.652853,0.0],[-46.576074,-3.652609,0.0],[-46.576359,-3.651942,0.0],[-46.576447,-3.651857,0.0],[-46.576991,-3.651334,0.0],[-46.577453,-3.650958,0.0],[-46.577343,-3.650569,0.0],[-46.576687,-3.650083,0.0],[-46.575995,-3.650071,0.0],[-46.575774,-3.650096,0.0],[-46.575254,-3.650156,0.0],[-46.574671,-3.650217,0.0],[-46.574257,-3.650265,0.0],[-46.573844,-3.650314,0.0],[-46.573443,-3.650642,0.0],[-46.573541,-3.651359,0.0],[-46.57348,-3.652294,0.0],[-46.571986,-3.652683,0.0],[-46.571087,-3.652416,0.0],[-46.570358,-3.6521,0.0],[-46.569398,-3.651796,0.0],[-46.568535,-3.651225,0.0],[-46.56856,-3.65046,0.0],[-46.568001,-3.649913,0.0],[-46.567989,-3.649148,0.0],[-46.567989,-3.649145,0.0],[-46.567964,-3.648491,0.0],[-46.567132,-3.647874,0.0],[-46.566883,-3.64769,0.0],[-46.565936,-3.646778,0.0],[-46.564714,-3.646094,0.0],[-46.564598,-3.645941,0.0],[-46.564429,-3.645321,0.0],[-46.564434,-3.64524,0.0],[-46.564466,-3.644701,0.0],[-46.564599,-3.644069,0.0],[-46.565,-3.643073,0.0],[-46.565296,-3.642249,0.0],[-46.565838,-3.641567,0.0],[-46.565984,-3.641093,0.0],[-46.566008,-3.64006,0.0],[-46.565826,-3.639453,0.0],[-46.565644,-3.639222,0.0],[-46.565243,-3.639198,0.0],[-46.564715,-3.639281,0.0],[-46.564356,-3.639052,0.0],[-46.56404,-3.638602,0.0],[-46.563797,-3.638578,0.0],[-46.563734,-3.638545,0.0],[-46.563518,-3.638432,0.0],[-46.563166,-3.6387,0.0],[-46.563093,-3.639477,0.0],[-46.563166,-3.640534,0.0],[-46.563032,-3.641178,0.0],[-46.562947,-3.641615,0.0],[-46.562716,-3.641773,0.0],[-46.561841,-3.641324,0.0],[-46.560942,-3.641008,0.0],[-46.559776,-3.640826,0.0],[-46.558792,-3.640388,0.0],[-46.558498,-3.639706,0.0],[-46.558379,-3.639429,0.0],[-46.558051,-3.638669,0.0],[-46.557826,-3.638487,0.0],[-46.557523,-3.638523,0.0],[-46.556909,-3.638366,0.0],[-46.556417,-3.638076,0.0],[-46.556113,-3.637898,0.0],[-46.555396,-3.637497,0.0],[-46.554868,-3.637284,0.0],[-46.554637,-3.636962,0.0],[-46.55456,-3.636608,0.0],[-46.554528,-3.636458,0.0],[-46.55457,-3.636033,0.0],[-46.554643,-3.635371,0.0],[-46.554637,-3.635128,0.0],[-46.554674,-3.634823,0.0],[-46.554771,-3.634502,0.0],[-46.554719,-3.633974,0.0],[-46.554616,-3.633634,0.0],[-46.554549,-3.633358,0.0],[-46.554075,-3.633221,0.0],[-46.553711,-3.632899,0.0],[-46.553103,-3.632619,0.0],[-46.552703,-3.632212,0.0],[-46.552204,-3.632054,0.0],[-46.550233,-3.631478,0.0],[-46.549149,-3.631228,0.0],[-46.548177,-3.631003,0.0],[-46.547132,-3.630493,0.0],[-46.546159,-3.630067,0.0],[-46.544721,-3.62986,0.0],[-46.543797,-3.630387,0.0],[-46.542835,-3.630936,0.0],[-46.542927,-3.631935,0.0],[-46.543111,-3.633919,0.0],[-46.542716,-3.634018,0.0],[-46.542334,-3.634113,0.0],[-46.540985,-3.633798,0.0],[-46.540876,-3.632826,0.0],[-46.540694,-3.632194,0.0],[-46.540514,-3.631596,0.0],[-46.540256,-3.63093,0.0],[-46.540293,-3.630432,0.0],[-46.540839,-3.629861,0.0],[-46.541325,-3.629412,0.0],[-46.542091,-3.628853,0.0],[-46.542467,-3.628452,0.0],[-46.542419,-3.62799,0.0],[-46.54227,-3.627755,0.0],[-46.542188,-3.627626,0.0],[-46.540815,-3.62697,0.0],[-46.53964,-3.626306,0.0],[-46.538641,-3.626066,0.0],[-46.538502,-3.626046,0.0],[-46.538247,-3.62601,0.0],[-46.536783,-3.625883,0.0],[-46.534883,-3.626531,0.0],[-46.532938,-3.626481,0.0],[-46.53207,-3.625972,0.0],[-46.531388,-3.625625,0.0],[-46.530704,-3.625391,0.0],[-46.529964,-3.625846,0.0],[-46.529259,-3.62628,0.0],[-46.528869,-3.626555,0.0],[-46.528398,-3.626931,0.0],[-46.528135,-3.627141,0.0],[-46.527682,-3.627496,0.0],[-46.527731,-3.628133,0.0],[-46.528034,-3.628521,0.0],[-46.528244,-3.628573,0.0],[-46.528692,-3.628684,0.0],[-46.530043,-3.629824,0.0],[-46.530195,-3.630446,0.0],[-46.530226,-3.630569,0.0],[-46.530323,-3.631072,0.0],[-46.530412,-3.631536,0.0],[-46.530297,-3.632413,0.0],[-46.529953,-3.632644,0.0],[-46.526523,-3.632687,0.0],[-46.525544,-3.632491,0.0],[-46.524599,-3.632438,0.0],[-46.524103,-3.632454,0.0],[-46.522532,-3.632415,0.0],[-46.522446,-3.632413,0.0],[-46.522487,-3.631966,0.0],[-46.522506,-3.631775,0.0],[-46.522623,-3.630585,0.0],[-46.522631,-3.629735,0.0],[-46.522531,-3.628982,0.0],[-46.522432,-3.628576,0.0],[-46.521984,-3.627892,0.0],[-46.521934,-3.627816,0.0],[-46.521934,-3.627816,0.0],[-46.521424,-3.627352,0.0],[-46.520971,-3.626992,0.0],[-46.520586,-3.626792,0.0],[-46.518315,-3.626209,0.0],[-46.516906,-3.6266,0.0],[-46.516393,-3.62665,0.0],[-46.516336,-3.626655,0.0],[-46.51614,-3.626675,0.0],[-46.516061,-3.626688,0.0],[-46.515933,-3.626709,0.0],[-46.515417,-3.626549,0.0],[-46.514718,-3.626334,0.0],[-46.513608,-3.626142,0.0],[-46.513164,-3.626066,0.0],[-46.513099,-3.626055,0.0],[-46.513083,-3.625185,0.0],[-46.513083,-3.625166,0.0],[-46.513097,-3.62491,0.0],[-46.513096,-3.624577,0.0],[-46.511581,-3.623596,0.0],[-46.50948,-3.623846,0.0],[-46.508487,-3.624298,0.0],[-46.508467,-3.624307,0.0],[-46.508252,-3.624406,0.0],[-46.506989,-3.624983,0.0],[-46.506989,-3.624983,0.0],[-46.506824,-3.62476,0.0],[-46.50651,-3.624335,0.0],[-46.506489,-3.624307,0.0],[-46.505104,-3.622464,0.0],[-46.504991,-3.621226,0.0],[-46.505146,-3.620156,0.0],[-46.504836,-3.619635,0.0],[-46.503993,-3.619596,0.0],[-46.503935,-3.619594,0.0],[-46.503148,-3.620114,0.0],[-46.501811,-3.621085,0.0],[-46.501496,-3.620786,0.0],[-46.501262,-3.620564,0.0],[-46.500907,-3.62011,0.0],[-46.500715,-3.619865,0.0],[-46.500692,-3.619835,0.0],[-46.500604,-3.619365,0.0],[-46.500603,-3.619357,0.0],[-46.500397,-3.619111,0.0],[-46.500323,-3.61915,0.0],[-46.499847,-3.619401,0.0],[-46.499416,-3.619667,0.0],[-46.499148,-3.619832,0.0],[-46.49911,-3.61985,0.0],[-46.498261,-3.620255,0.0],[-46.497755,-3.619664,0.0],[-46.497693,-3.619522,0.0],[-46.497631,-3.619379,0.0],[-46.497319,-3.618664,0.0],[-46.497037,-3.61782,0.0],[-46.496795,-3.617501,0.0],[-46.495264,-3.617482,0.0],[-46.494546,-3.617032,0.0],[-46.493793,-3.616976,0.0],[-46.492274,-3.617679,0.0],[-46.490444,-3.617623,0.0],[-46.489276,-3.617637,0.0],[-46.488798,-3.61743,0.0],[-46.487989,-3.61708,0.0],[-46.486996,-3.615645,0.0],[-46.486308,-3.614966,0.0],[-46.486233,-3.613669,0.0],[-46.487035,-3.612712,0.0],[-46.487,-3.612254,0.0],[-46.486993,-3.612163,0.0],[-46.487335,-3.611553,0.0],[-46.487869,-3.611279,0.0],[-46.488331,-3.610853,0.0],[-46.488568,-3.610469,0.0],[-46.488509,-3.609966,0.0],[-46.488359,-3.60966,0.0],[-46.488297,-3.609534,0.0],[-46.488169,-3.609408,0.0],[-46.48794,-3.609182,0.0],[-46.487448,-3.608828,0.0],[-46.486838,-3.608536,0.0],[-46.485905,-3.608116,0.0],[-46.485175,-3.607665,0.0],[-46.485037,-3.60758,0.0],[-46.484123,-3.607034,0.0],[-46.483634,-3.606682,0.0],[-46.483354,-3.606481,0.0],[-46.482532,-3.606197,0.0],[-46.481407,-3.605718,0.0],[-46.481083,-3.604902,0.0],[-46.48045,-3.604522,0.0],[-46.479985,-3.604536,0.0],[-46.479408,-3.604932,0.0],[-46.479226,-3.605057,0.0],[-46.478381,-3.605972,0.0],[-46.478326,-3.606073,0.0],[-46.4778,-3.607042,0.0],[-46.477762,-3.607111,0.0],[-46.477594,-3.607821,0.0],[-46.477355,-3.608798,0.0],[-46.477354,-3.6088,0.0],[-46.477354,-3.608801,0.0],[-46.477195,-3.609026,0.0],[-46.477023,-3.609269,0.0],[-46.477016,-3.609278,0.0],[-46.476959,-3.609294,0.0],[-46.47629,-3.609471,0.0],[-46.475954,-3.609678,0.0],[-46.475874,-3.609728,0.0],[-46.475369,-3.609831,0.0],[-46.474872,-3.609755,0.0],[-46.474811,-3.609746,0.0],[-46.474174,-3.609571,0.0],[-46.473518,-3.609458,0.0],[-46.472663,-3.609415,0.0],[-46.471611,-3.609307,0.0],[-46.470802,-3.609184,0.0],[-46.47073,-3.609175,0.0],[-46.470353,-3.609028,0.0],[-46.470047,-3.608918,0.0],[-46.469617,-3.608762,0.0],[-46.46925,-3.608528,0.0],[-46.46899,-3.608362,0.0],[-46.468517,-3.607838,0.0],[-46.46818,-3.607289,0.0],[-46.468172,-3.607163,0.0],[-46.468131,-3.606643,0.0],[-46.468199,-3.606087,0.0],[-46.468346,-3.605712,0.0],[-46.468405,-3.605139,0.0],[-46.468292,-3.604591,0.0],[-46.468091,-3.603944,0.0],[-46.467773,-3.603179,0.0],[-46.467564,-3.602352,0.0],[-46.467562,-3.601527,0.0],[-46.46764,-3.600766,0.0],[-46.468608,-3.600061,0.0],[-46.468975,-3.599617,0.0],[-46.469734,-3.598696,0.0],[-46.470102,-3.598285,0.0],[-46.470691,-3.597627,0.0],[-46.472042,-3.596712,0.0],[-46.472394,-3.596196,0.0],[-46.472749,-3.595778,0.0],[-46.472042,-3.595333,0.0],[-46.471183,-3.595024,0.0],[-46.470001,-3.594798,0.0],[-46.469157,-3.594573,0.0],[-46.468334,-3.594475,0.0],[-46.467854,-3.593984,0.0],[-46.466997,-3.59318,0.0],[-46.466561,-3.592209,0.0],[-46.466406,-3.591731,0.0],[-46.46597,-3.591126,0.0],[-46.465111,-3.590901,0.0],[-46.463113,-3.592125,0.0],[-46.462743,-3.592051,0.0],[-46.461832,-3.59187,0.0],[-46.461368,-3.592312,0.0],[-46.46122,-3.592453,0.0],[-46.461136,-3.592533,0.0],[-46.461141,-3.592651,0.0],[-46.461178,-3.593588,0.0],[-46.461074,-3.593943,0.0],[-46.460945,-3.594386,0.0],[-46.460629,-3.594508,0.0],[-46.460583,-3.594525,0.0],[-46.460531,-3.594545,0.0],[-46.460189,-3.59436,0.0],[-46.459998,-3.594257,0.0],[-46.459683,-3.594149,0.0],[-46.458499,-3.593742,0.0],[-46.45797,-3.593898,0.0],[-46.457939,-3.593903,0.0],[-46.457704,-3.593944,0.0],[-46.457562,-3.593968,0.0],[-46.45683,-3.593944,0.0],[-46.456114,-3.59347,0.0],[-46.45562,-3.593279,0.0],[-46.455276,-3.592918,0.0],[-46.454867,-3.593056,0.0],[-46.454733,-3.593102,0.0],[-46.453914,-3.592575,0.0],[-46.453168,-3.591393,0.0],[-46.452295,-3.590056,0.0],[-46.452031,-3.589462,0.0],[-46.451715,-3.588593,0.0],[-46.451743,-3.587931,0.0],[-46.451743,-3.587527,0.0],[-46.451743,-3.587453,0.0],[-46.451743,-3.587354,0.0],[-46.451698,-3.586766,0.0],[-46.45118,-3.585933,0.0],[-46.450717,-3.58584,0.0],[-46.450499,-3.585796,0.0],[-46.450357,-3.585594,0.0],[-46.450233,-3.585417,0.0],[-46.450099,-3.58533,0.0],[-46.449908,-3.585206,0.0],[-46.449883,-3.58519,0.0],[-46.449776,-3.585126,0.0],[-46.449789,-3.585067,0.0],[-46.449943,-3.584383,0.0],[-46.449984,-3.584202,0.0],[-46.449988,-3.584181,0.0],[-46.450164,-3.583257,0.0],[-46.450223,-3.582949,0.0],[-46.450394,-3.582632,0.0],[-46.450762,-3.58268,0.0],[-46.450997,-3.582711,0.0],[-46.450972,-3.58255,0.0],[-46.450885,-3.581994,0.0],[-46.450913,-3.581149,0.0],[-46.451197,-3.580504,0.0],[-46.451406,-3.580264,0.0],[-46.450842,-3.579647,0.0],[-46.45111,-3.579347,0.0],[-46.450998,-3.578959,0.0],[-46.450772,-3.57818,0.0],[-46.450675,-3.578154,0.0],[-46.449745,-3.577912,0.0],[-46.448507,-3.577363,0.0],[-46.447296,-3.576716,0.0],[-46.446544,-3.576167,0.0],[-46.445854,-3.575618,0.0],[-46.445446,-3.575267,0.0],[-46.445341,-3.574932,0.0],[-46.445057,-3.574859,0.0],[-46.444515,-3.574719,0.0],[-46.44367,-3.574605,0.0],[-46.443141,-3.574412,0.0],[-46.442368,-3.574181,0.0],[-46.441613,-3.57405,0.0],[-46.441262,-3.574074,0.0],[-46.440864,-3.574348,0.0],[-46.440258,-3.574675,0.0],[-46.43968,-3.574948,0.0],[-46.439111,-3.575168,0.0],[-46.438588,-3.575244,0.0],[-46.438552,-3.575244,0.0],[-46.438181,-3.575717,0.0],[-46.437773,-3.575895,0.0],[-46.437309,-3.576097,0.0],[-46.436422,-3.576744,0.0],[-46.435842,-3.577124,0.0],[-46.435811,-3.578656,0.0],[-46.436171,-3.578767,0.0],[-46.436609,-3.578979,0.0],[-46.437089,-3.579212,0.0],[-46.437364,-3.579303,0.0],[-46.437529,-3.579359,0.0],[-46.437545,-3.57945,0.0],[-46.437618,-3.579853,0.0],[-46.437666,-3.580123,0.0],[-46.437319,-3.58067,0.0],[-46.436433,-3.581529,0.0],[-46.435448,-3.581894,0.0],[-46.435152,-3.58264,0.0],[-46.43472,-3.582881,0.0],[-46.434423,-3.583046,0.0],[-46.433928,-3.583316,0.0],[-46.433815,-3.583991,0.0],[-46.434097,-3.584962,0.0],[-46.434674,-3.586046,0.0],[-46.435786,-3.586595,0.0],[-46.436841,-3.586552,0.0],[-46.437502,-3.58644,0.0],[-46.438145,-3.586474,0.0],[-46.43844,-3.58662,0.0],[-46.438389,-3.587003,0.0],[-46.43818,-3.587612,0.0],[-46.438079,-3.588593,0.0],[-46.437502,-3.589845,0.0],[-46.436968,-3.590507,0.0],[-46.436261,-3.590946,0.0],[-46.435659,-3.591112,0.0],[-46.434726,-3.591298,0.0],[-46.434674,-3.591309,0.0],[-46.433801,-3.591562,0.0],[-46.433436,-3.590675,0.0],[-46.433098,-3.589775,0.0],[-46.43276,-3.588916,0.0],[-46.432512,-3.588461,0.0],[-46.432338,-3.588142,0.0],[-46.431902,-3.587664,0.0],[-46.431268,-3.587523,0.0],[-46.430997,-3.587671,0.0],[-46.429776,-3.587712,0.0],[-46.429032,-3.587695,0.0],[-46.428918,-3.587692,0.0],[-46.42844,-3.587059,0.0],[-46.428415,-3.586964,0.0],[-46.428215,-3.586186,0.0],[-46.428001,-3.585629,0.0],[-46.427933,-3.585455,0.0],[-46.428004,-3.584695,0.0],[-46.427912,-3.58403,0.0],[-46.42785,-3.583586,0.0],[-46.427849,-3.583577,0.0],[-46.427874,-3.583482,0.0],[-46.427884,-3.583442,0.0],[-46.427995,-3.58301,0.0],[-46.428045,-3.582817,0.0],[-46.428048,-3.582744,0.0],[-46.428052,-3.582655,0.0],[-46.428081,-3.582012,0.0],[-46.428089,-3.581119,0.0],[-46.42798,-3.580269,0.0],[-46.42798,-3.580261,0.0],[-46.427976,-3.57939,0.0],[-46.427553,-3.578756,0.0],[-46.427234,-3.578056,0.0],[-46.426987,-3.577436,0.0],[-46.426062,-3.57718,0.0],[-46.425555,-3.576871,0.0],[-46.425119,-3.576857,0.0],[-46.424634,-3.576726,0.0],[-46.423867,-3.576829,0.0],[-46.423433,-3.577002,0.0],[-46.422811,-3.577251,0.0],[-46.422474,-3.578039,0.0],[-46.422389,-3.57863,0.0],[-46.422329,-3.578841,0.0],[-46.422265,-3.579064,0.0],[-46.422178,-3.579753,0.0],[-46.422427,-3.580346,0.0],[-46.422361,-3.580994,0.0],[-46.422066,-3.581561,0.0],[-46.421995,-3.581697,0.0],[-46.420992,-3.582021,0.0],[-46.420542,-3.582106,0.0],[-46.419897,-3.582451,0.0],[-46.419571,-3.582668,0.0],[-46.419543,-3.58333,0.0],[-46.419585,-3.583893,0.0],[-46.420007,-3.584371,0.0],[-46.420279,-3.584633,0.0],[-46.420415,-3.584765,0.0],[-46.420419,-3.584768,0.0],[-46.420725,-3.58499,0.0],[-46.42086,-3.585179,0.0],[-46.420869,-3.585192,0.0],[-46.420908,-3.585256,0.0],[-46.421247,-3.585803,0.0],[-46.421438,-3.58665,0.0],[-46.42145,-3.587766,0.0],[-46.421365,-3.58811,0.0],[-46.421147,-3.58899,0.0],[-46.421145,-3.588999,0.0],[-46.420992,-3.589442,0.0],[-46.420992,-3.589444,0.0],[-46.421002,-3.590354,0.0],[-46.421004,-3.590515,0.0],[-46.420857,-3.59107,0.0],[-46.420857,-3.59107,0.0],[-46.420779,-3.591271,0.0],[-46.420627,-3.59166,0.0],[-46.420539,-3.59178,0.0],[-46.420018,-3.592491,0.0],[-46.419469,-3.593011,0.0],[-46.418597,-3.592941,0.0],[-46.417781,-3.592716,0.0],[-46.417401,-3.592308,0.0],[-46.417063,-3.592223,0.0],[-46.416472,-3.591703,0.0],[-46.416098,-3.591161,0.0],[-46.415656,-3.590225,0.0],[-46.415529,-3.589578,0.0],[-46.415079,-3.589254,0.0],[-46.414459,-3.589175,0.0],[-46.413679,-3.58955,0.0],[-46.412834,-3.589944,0.0],[-46.412201,-3.589733,0.0],[-46.410611,-3.590127,0.0],[-46.4095,-3.590472,0.0],[-46.408585,-3.590788,0.0],[-46.407698,-3.591112,0.0],[-46.406783,-3.591055,0.0],[-46.406097,-3.59111,0.0],[-46.40608,-3.591112,0.0],[-46.40606,-3.59112,0.0],[-46.40551,-3.591358,0.0],[-46.404716,-3.591702,0.0],[-46.404518,-3.591787,0.0],[-46.404352,-3.591773,0.0],[-46.403392,-3.591689,0.0],[-46.403058,-3.591634,0.0],[-46.402783,-3.59159,0.0],[-46.402182,-3.59152,0.0],[-46.401633,-3.590844,0.0],[-46.401715,-3.589447,0.0],[-46.40171,-3.588918,0.0],[-46.40211,-3.588524,0.0],[-46.402323,-3.587863,0.0],[-46.402843,-3.587073,0.0],[-46.403533,-3.586369,0.0],[-46.404398,-3.585667,0.0],[-46.40488,-3.5853,0.0],[-46.405738,-3.584062,0.0],[-46.40602,-3.583625,0.0],[-46.406528,-3.581615,0.0],[-46.40657,-3.580907,0.0],[-46.406343,-3.580152,0.0],[-46.406149,-3.57955,0.0],[-46.405598,-3.578264,0.0],[-46.40533,-3.577617,0.0],[-46.405063,-3.576702,0.0],[-46.405176,-3.575984,0.0],[-46.404922,-3.574859,0.0],[-46.404753,-3.574,0.0],[-46.404621,-3.572956,0.0],[-46.404599,-3.572776,0.0],[-46.4045,-3.57196,0.0],[-46.404444,-3.571509,0.0],[-46.404331,-3.571101,0.0],[-46.404285,-3.571064,0.0],[-46.403484,-3.570424,0.0],[-46.402926,-3.570154,0.0],[-46.402534,-3.569964,0.0],[-46.401338,-3.570216,0.0],[-46.400377,-3.570989,0.0],[-46.399769,-3.571859,0.0],[-46.399328,-3.572156,0.0],[-46.398966,-3.572322,0.0],[-46.398362,-3.57232,0.0],[-46.398211,-3.572269,0.0],[-46.398164,-3.572254,0.0],[-46.398033,-3.572172,0.0],[-46.397606,-3.57191,0.0],[-46.397546,-3.571861,0.0],[-46.397216,-3.571593,0.0],[-46.397081,-3.571484,0.0],[-46.396546,-3.571135,0.0],[-46.39572,-3.571125,0.0],[-46.394942,-3.571807,0.0],[-46.394903,-3.571927,0.0],[-46.394804,-3.572236,0.0],[-46.394788,-3.572285,0.0],[-46.394846,-3.572739,0.0],[-46.3949,-3.573156,0.0],[-46.3949,-3.573157,0.0],[-46.394901,-3.573161,0.0],[-46.394935,-3.573278,0.0],[-46.39506,-3.573705,0.0],[-46.39513,-3.573943,0.0],[-46.395403,-3.574563,0.0],[-46.395944,-3.57572,0.0],[-46.396083,-3.575968,0.0],[-46.396419,-3.576574,0.0],[-46.396425,-3.576584,0.0],[-46.396439,-3.576577,0.0],[-46.396438,-3.576614,0.0],[-46.396437,-3.576702,0.0],[-46.396531,-3.576953,0.0],[-46.396533,-3.576955,0.0],[-46.396964,-3.577394,0.0],[-46.397152,-3.577657,0.0],[-46.39735,-3.578122,0.0],[-46.397344,-3.578354,0.0],[-46.396876,-3.578604,0.0],[-46.396211,-3.57896,0.0],[-46.395201,-3.5791,0.0],[-46.394813,-3.579093,0.0],[-46.394749,-3.579099,0.0],[-46.39429,-3.57939,0.0],[-46.393194,-3.579829,0.0],[-46.392441,-3.580679,0.0],[-46.391477,-3.581301,0.0],[-46.391476,-3.581301,0.0],[-46.390785,-3.581376,0.0],[-46.390293,-3.581483,0.0],[-46.389904,-3.58128,0.0],[-46.389734,-3.58119,0.0],[-46.389021,-3.581089,0.0],[-46.388204,-3.58135,0.0],[-46.388029,-3.58145,0.0],[-46.387743,-3.581614,0.0],[-46.387707,-3.581635,0.0],[-46.387361,-3.582309,0.0],[-46.386958,-3.582826,0.0],[-46.386441,-3.583087,0.0],[-46.386386,-3.583153,0.0],[-46.38628,-3.583282,0.0],[-46.385772,-3.58348,0.0],[-46.385543,-3.58341,0.0],[-46.385479,-3.583134,0.0],[-46.385461,-3.582945,0.0],[-46.385434,-3.582654,0.0],[-46.385173,-3.582574,0.0],[-46.384976,-3.582316,0.0],[-46.384726,-3.581859,0.0],[-46.384702,-3.581814,0.0],[-46.384431,-3.581273,0.0],[-46.384193,-3.580597,0.0],[-46.383839,-3.580556,0.0],[-46.383793,-3.58055,0.0],[-46.383696,-3.58073,0.0],[-46.383577,-3.581089,0.0],[-46.383449,-3.581498,0.0],[-46.38334,-3.581985,0.0],[-46.383235,-3.582543,0.0],[-46.38298,-3.582839,0.0],[-46.382705,-3.582975,0.0],[-46.382526,-3.582972,0.0],[-46.382232,-3.582845,0.0],[-46.382209,-3.582835,0.0],[-46.382114,-3.582791,0.0],[-46.381814,-3.58254,0.0],[-46.381576,-3.582204,0.0],[-46.381573,-3.5822,0.0],[-46.381254,-3.581664,0.0],[-46.381167,-3.58152,0.0],[-46.380792,-3.580932,0.0],[-46.380713,-3.580613,0.0],[-46.380678,-3.580184,0.0],[-46.38064,-3.579711,0.0],[-46.38064,-3.57955,0.0],[-46.380639,-3.579291,0.0],[-46.380639,-3.578856,0.0],[-46.380662,-3.578138,0.0],[-46.380768,-3.577537,0.0],[-46.3808,-3.57666,0.0],[-46.380648,-3.576113,0.0],[-46.38064,-3.576084,0.0],[-46.38016,-3.575712,0.0],[-46.379527,-3.575487,0.0],[-46.379277,-3.575398,0.0],[-46.37895,-3.57539,0.0],[-46.378617,-3.575277,0.0],[-46.378265,-3.575241,0.0],[-46.378242,-3.574944,0.0],[-46.378146,-3.57464,0.0],[-46.378096,-3.574334,0.0],[-46.378096,-3.574333,0.0],[-46.378043,-3.574227,0.0],[-46.377919,-3.57398,0.0],[-46.377919,-3.573973,0.0],[-46.377914,-3.573735,0.0],[-46.377593,-3.573426,0.0],[-46.377528,-3.57343,0.0],[-46.377212,-3.57345,0.0],[-46.377069,-3.57348,0.0],[-46.376956,-3.573325,0.0],[-46.376994,-3.573225,0.0],[-46.377028,-3.573134,0.0],[-46.377047,-3.573065,0.0],[-46.377075,-3.572962,0.0],[-46.376915,-3.572861,0.0],[-46.37676,-3.572851,0.0],[-46.37664,-3.572844,0.0],[-46.376623,-3.572843,0.0],[-46.376553,-3.572749,0.0],[-46.376397,-3.572581,0.0],[-46.376007,-3.572294,0.0],[-46.375879,-3.5722,0.0],[-46.375467,-3.572297,0.0],[-46.375442,-3.572295,0.0],[-46.375076,-3.57226,0.0],[-46.374647,-3.572468,0.0],[-46.374153,-3.57289,0.0],[-46.373808,-3.573402,0.0],[-46.373284,-3.573866,0.0],[-46.373163,-3.573903,0.0],[-46.372808,-3.574009,0.0],[-46.372396,-3.573926,0.0],[-46.371723,-3.573817,0.0],[-46.371,-3.573654,0.0],[-46.370206,-3.57347,0.0],[-46.369271,-3.572953,0.0],[-46.369161,-3.572918,0.0],[-46.368397,-3.572676,0.0],[-46.367968,-3.572197,0.0],[-46.367912,-3.572134,0.0],[-46.367349,-3.571708,0.0],[-46.367089,-3.57161,0.0],[-46.36701,-3.57158,0.0],[-46.366314,-3.571316,0.0],[-46.365427,-3.571323,0.0],[-46.365341,-3.571324,0.0],[-46.365247,-3.571235,0.0],[-46.364938,-3.57094,0.0],[-46.364869,-3.570875,0.0],[-46.364859,-3.57079,0.0],[-46.364811,-3.570381,0.0],[-46.364787,-3.570181,0.0],[-46.365145,-3.569497,0.0],[-46.365379,-3.569017,0.0],[-46.365454,-3.568864,0.0],[-46.365576,-3.568663,0.0],[-46.365664,-3.568519,0.0],[-46.365942,-3.568454,0.0],[-46.366288,-3.568372,0.0],[-46.366756,-3.568261,0.0],[-46.367867,-3.568109,0.0],[-46.368674,-3.567698,0.0],[-46.368848,-3.567218,0.0],[-46.368766,-3.566766,0.0],[-46.368741,-3.56663,0.0],[-46.368644,-3.566092,0.0],[-46.368575,-3.565924,0.0],[-46.368345,-3.565368,0.0],[-46.368051,-3.565206,0.0],[-46.367587,-3.563887,0.0],[-46.367678,-3.563392,0.0],[-46.367404,-3.562952,0.0],[-46.367083,-3.562452,0.0],[-46.366451,-3.562502,0.0],[-46.366428,-3.562504,0.0],[-46.366345,-3.561928,0.0],[-46.366297,-3.56119,0.0],[-46.366535,-3.560119,0.0],[-46.367392,-3.559143,0.0],[-46.368345,-3.558428,0.0],[-46.368844,-3.557643,0.0],[-46.369327,-3.556798,0.0],[-46.369416,-3.556643,0.0],[-46.369333,-3.556386,0.0],[-46.369069,-3.55556,0.0],[-46.369035,-3.555453,0.0],[-46.368297,-3.554453,0.0],[-46.367273,-3.554262,0.0],[-46.367119,-3.554359,0.0],[-46.366966,-3.554453,0.0],[-46.366583,-3.554691,0.0],[-46.366083,-3.555405,0.0],[-46.365636,-3.556299,0.0],[-46.365583,-3.556405,0.0],[-46.36537,-3.556666,0.0],[-46.365145,-3.55694,0.0],[-46.36494,-3.557191,0.0],[-46.364767,-3.557333,0.0],[-46.364012,-3.557952,0.0],[-46.362798,-3.558119,0.0],[-46.361847,-3.557775,0.0],[-46.361679,-3.557714,0.0],[-46.36037,-3.557048,0.0],[-46.359378,-3.557005,0.0],[-46.359275,-3.557,0.0],[-46.358925,-3.557146,0.0],[-46.358315,-3.557401,0.0],[-46.358199,-3.55745,0.0],[-46.358092,-3.557495,0.0],[-46.357965,-3.557548,0.0],[-46.357931,-3.557578,0.0],[-46.357309,-3.558119,0.0],[-46.357227,-3.55819,0.0],[-46.357204,-3.558329,0.0],[-46.357011,-3.55947,0.0],[-46.356942,-3.559881,0.0],[-46.35718,-3.560385,0.0],[-46.357435,-3.560925,0.0],[-46.357561,-3.56119,0.0],[-46.357841,-3.561391,0.0],[-46.358244,-3.56168,0.0],[-46.358482,-3.561851,0.0],[-46.358489,-3.561856,0.0],[-46.359346,-3.562356,0.0],[-46.359831,-3.562674,0.0],[-46.360036,-3.562809,0.0],[-46.360284,-3.563039,0.0],[-46.360573,-3.563308,0.0],[-46.360465,-3.563703,0.0],[-46.360436,-3.56381,0.0],[-46.359971,-3.564632,0.0],[-46.359635,-3.565238,0.0],[-46.359385,-3.565892,0.0],[-46.35888,-3.566478,0.0],[-46.358179,-3.566771,0.0],[-46.358006,-3.566886,0.0],[-46.357867,-3.566979,0.0],[-46.357536,-3.5672,0.0],[-46.356709,-3.567301,0.0],[-46.356185,-3.567027,0.0],[-46.35616,-3.567006,0.0],[-46.355781,-3.566689,0.0],[-46.355792,-3.566226,0.0],[-46.355846,-3.565868,0.0],[-46.355903,-3.565481,0.0],[-46.355832,-3.564648,0.0],[-46.355533,-3.564568,0.0],[-46.354618,-3.564326,0.0],[-46.353936,-3.564355,0.0],[-46.353074,-3.564088,0.0],[-46.352223,-3.563606,0.0],[-46.35144,-3.563326,0.0],[-46.351166,-3.563172,0.0],[-46.351047,-3.562815,0.0],[-46.35119,-3.562452,0.0],[-46.351354,-3.561823,0.0],[-46.351596,-3.561389,0.0],[-46.351682,-3.561289,0.0],[-46.351981,-3.560943,0.0],[-46.352129,-3.560773,0.0],[-46.352714,-3.560159,0.0],[-46.353226,-3.559561,0.0],[-46.353541,-3.559319,0.0],[-46.353666,-3.558732,0.0],[-46.353985,-3.55835,0.0],[-46.354327,-3.557959,0.0],[-46.354624,-3.557469,0.0],[-46.354617,-3.556814,0.0],[-46.354408,-3.556223,0.0],[-46.354081,-3.555545,0.0],[-46.353695,-3.555324,0.0],[-46.353669,-3.555308,0.0],[-46.353194,-3.555167,0.0],[-46.352576,-3.554876,0.0],[-46.352353,-3.554772,0.0],[-46.351934,-3.554578,0.0],[-46.351553,-3.554447,0.0],[-46.35138,-3.554402,0.0],[-46.351005,-3.554304,0.0],[-46.350624,-3.554138,0.0],[-46.350243,-3.553911,0.0],[-46.349743,-3.55378,0.0],[-46.349053,-3.553328,0.0],[-46.348434,-3.553102,0.0],[-46.34822,-3.552733,0.0],[-46.348244,-3.552447,0.0],[-46.348113,-3.552305,0.0],[-46.347887,-3.55234,0.0],[-46.347684,-3.552495,0.0],[-46.347327,-3.55265,0.0],[-46.346922,-3.552626,0.0],[-46.346244,-3.552566,0.0],[-46.345935,-3.55265,0.0],[-46.345423,-3.552828,0.0],[-46.344851,-3.552876,0.0],[-46.344266,-3.552959,0.0],[-46.344225,-3.552959,0.0],[-46.34403,-3.552959,0.0],[-46.343673,-3.552912,0.0],[-46.343352,-3.552757,0.0],[-46.342733,-3.552626,0.0],[-46.342269,-3.552864,0.0],[-46.341911,-3.552745,0.0],[-46.341804,-3.552543,0.0],[-46.341648,-3.552365,0.0],[-46.341608,-3.552321,0.0],[-46.341531,-3.552233,0.0],[-46.341404,-3.55236,0.0],[-46.341316,-3.552447,0.0],[-46.341031,-3.552626,0.0],[-46.34081,-3.552472,0.0],[-46.340638,-3.552352,0.0],[-46.340449,-3.552541,0.0],[-46.340435,-3.552554,0.0],[-46.340221,-3.552852,0.0],[-46.339888,-3.552923,0.0],[-46.339769,-3.553066,0.0],[-46.339626,-3.553321,0.0],[-46.339602,-3.553364,0.0],[-46.339576,-3.553367,0.0],[-46.339102,-3.553423,0.0],[-46.338957,-3.553483,0.0],[-46.338955,-3.553483,0.0],[-46.338781,-3.553554,0.0],[-46.338608,-3.553745,0.0],[-46.338425,-3.553954,0.0],[-46.338382,-3.554004,0.0],[-46.338327,-3.554066,0.0],[-46.338112,-3.554229,0.0],[-46.337996,-3.554089,0.0],[-46.337989,-3.55408,0.0],[-46.337977,-3.554049,0.0],[-46.337876,-3.553782,0.0],[-46.337822,-3.55364,0.0],[-46.337775,-3.553427,0.0],[-46.337769,-3.5534,0.0],[-46.337724,-3.553378,0.0],[-46.337595,-3.553312,0.0],[-46.337394,-3.553211,0.0],[-46.336966,-3.552948,0.0],[-46.336942,-3.552933,0.0],[-46.336856,-3.552174,0.0],[-46.336846,-3.552086,0.0],[-46.336412,-3.551748,0.0],[-46.33577,-3.551883,0.0],[-46.33563,-3.551895,0.0],[-46.335329,-3.551922,0.0],[-46.335264,-3.551928,0.0],[-46.334953,-3.551908,0.0],[-46.334798,-3.551576,0.0],[-46.334727,-3.551483,0.0],[-46.334558,-3.551261,0.0],[-46.334407,-3.550991,0.0],[-46.33405,-3.549974,0.0],[-46.334089,-3.549298,0.0],[-46.334018,-3.549121,0.0],[-46.333773,-3.548509,0.0],[-46.333771,-3.548467,0.0],[-46.333738,-3.548421,0.0],[-46.333651,-3.548301,0.0],[-46.333451,-3.547945,0.0],[-46.333426,-3.547902,0.0],[-46.333447,-3.547692,0.0],[-46.333465,-3.547499,0.0],[-46.333468,-3.547473,0.0],[-46.333315,-3.547362,0.0],[-46.333149,-3.547241,0.0],[-46.333139,-3.547234,0.0],[-46.333189,-3.547047,0.0],[-46.333234,-3.546877,0.0],[-46.333309,-3.546784,0.0],[-46.333472,-3.546579,0.0],[-46.333475,-3.54657,0.0],[-46.333564,-3.546244,0.0],[-46.333579,-3.546186,0.0],[-46.333384,-3.545926,0.0],[-46.333318,-3.545838,0.0],[-46.333275,-3.545781,0.0],[-46.333258,-3.545758,0.0],[-46.333242,-3.545715,0.0],[-46.333172,-3.545529,0.0],[-46.33308,-3.545282,0.0],[-46.332711,-3.544889,0.0],[-46.332413,-3.54458,0.0],[-46.332195,-3.544562,0.0],[-46.331973,-3.544544,0.0],[-46.331953,-3.544542,0.0],[-46.331473,-3.544484,0.0],[-46.331435,-3.544486,0.0],[-46.330961,-3.544508,0.0],[-46.33052,-3.544711,0.0],[-46.329878,-3.545008,0.0],[-46.329354,-3.545532,0.0],[-46.329187,-3.545853,0.0],[-46.328985,-3.546389,0.0],[-46.32858,-3.546984,0.0],[-46.328116,-3.547293,0.0],[-46.327759,-3.547746,0.0],[-46.32768,-3.548108,0.0],[-46.327271,-3.548603,0.0],[-46.327272,-3.548604,0.0],[-46.327188,-3.54871,0.0],[-46.326955,-3.548887,0.0],[-46.32689,-3.548936,0.0],[-46.326738,-3.549018,0.0],[-46.326557,-3.549115,0.0],[-46.32639,-3.549579,0.0],[-46.326105,-3.549781,0.0],[-46.326033,-3.550126,0.0],[-46.325605,-3.550281,0.0],[-46.324975,-3.550433,0.0],[-46.324962,-3.550436,0.0],[-46.324955,-3.550435,0.0],[-46.32445,-3.550352,0.0],[-46.32412,-3.550174,0.0],[-46.323879,-3.550043,0.0],[-46.323557,-3.549722,0.0],[-46.323491,-3.549533,0.0],[-46.323307,-3.549007,0.0],[-46.32321,-3.548763,0.0],[-46.323085,-3.54845,0.0],[-46.323086,-3.548436,0.0],[-46.323099,-3.548091,0.0],[-46.323105,-3.547959,0.0],[-46.32313,-3.54788,0.0],[-46.323243,-3.547531,0.0],[-46.323318,-3.5473,0.0],[-46.323514,-3.54683,0.0],[-46.323671,-3.546455,0.0],[-46.323724,-3.546329,0.0],[-46.324308,-3.545693,0.0],[-46.324394,-3.545608,0.0],[-46.324821,-3.545187,0.0],[-46.325192,-3.544821,0.0],[-46.325819,-3.544165,0.0],[-46.326466,-3.543674,0.0],[-46.327274,-3.54323,0.0],[-46.327985,-3.542961,0.0],[-46.328348,-3.542509,0.0],[-46.328789,-3.541848,0.0],[-46.329264,-3.541313,0.0],[-46.329469,-3.541103,0.0],[-46.329667,-3.540631,0.0],[-46.329646,-3.54036,0.0],[-46.329645,-3.540352,0.0],[-46.329447,-3.540071,0.0],[-46.329437,-3.540071,0.0],[-46.328899,-3.54003,0.0],[-46.328835,-3.539841,0.0],[-46.328783,-3.539688,0.0],[-46.328574,-3.539384,0.0],[-46.328417,-3.539283,0.0],[-46.328277,-3.539194,0.0],[-46.328161,-3.539253,0.0],[-46.328099,-3.539285,0.0],[-46.328068,-3.539301,0.0],[-46.327819,-3.539295,0.0],[-46.327787,-3.53921,0.0],[-46.327711,-3.539009,0.0],[-46.32774,-3.538659,0.0],[-46.327742,-3.538633,0.0],[-46.32738,-3.538426,0.0],[-46.327117,-3.538593,0.0],[-46.326847,-3.538715,0.0],[-46.326798,-3.538864,0.0],[-46.326817,-3.538983,0.0],[-46.326837,-3.539098,0.0],[-46.326807,-3.539171,0.0],[-46.326771,-3.539259,0.0]]]}},{"type":"Feature","properties":{"nome":"Geralda Toco Preto","etnia":"Timbira","fase":"Regularizada","superficie_ha":18506.2081},"geometry":{"type":"Polygon","coordinates":[[[-45.674082,-5.10653,0.0],[-45.674628,-5.10821,0.0],[-45.696528,-5.091477,0.0],[-45.722351,-5.071739,0.0],[-45.732671,-5.063848,0.0],[-45.739474,-5.058646,0.0],[-45.759859,-5.040034,0.0],[-45.775442,-5.025817,0.0],[-45.77719,-5.020253,0.0],[-45.778949,-5.012326,0.0],[-45.780752,-5.00448,0.0],[-45.678277,-4.925411,0.0],[-45.639341,-5.003623,0.0],[-45.631382,-5.01961,0.0],[-45.636678,-5.022264,0.0],[-45.629566,-5.036714,0.0],[-45.639368,-5.050799,0.0],[-45.647018,-5.061787,0.0],[-45.652894,-5.07959,0.0],[-45.665946,-5.096187,0.0],[-45.674082,-5.10653,0.0]]]}},{"type":"Feature","properties":{"nome":"Governador","etnia":"Tenetehara,GaviIo PukobiA","fase":"Regularizada","superficie_ha":41643.7567},"geometry":{"type":"Polygon","coordinates":[[[-46.58435,-5.479468,0.0],[-46.584707,-5.479971,0.0],[-46.585061,-5.479744,0.0],[-46.585774,-5.480079,0.0],[-46.58606,-5.480657,0.0],[-46.586211,-5.481536,0.0],[-46.586729,-5.481926,0.0],[-46.586915,-5.483501,0.0],[-46.586731,-5.483737,0.0],[-46.586825,-5.483897,0.0],[-46.586667,-5.484167,0.0],[-46.586726,-5.484421,0.0],[-46.587098,-5.48439,0.0],[-46.587364,-5.4848,0.0],[-46.587174,-5.485057,0.0],[-46.58724,-5.485249,0.0],[-46.587887,-5.485466,0.0],[-46.588294,-5.485366,0.0],[-46.588337,-5.485639,0.0],[-46.588702,-5.485873,0.0],[-46.58943,-5.486975,0.0],[-46.589325,-5.487417,0.0],[-46.589651,-5.487711,0.0],[-46.589966,-5.488183,0.0],[-46.589455,-5.488419,0.0],[-46.589377,-5.489487,0.0],[-46.589011,-5.489681,0.0],[-46.588837,-5.490006,0.0],[-46.588899,-5.490709,0.0],[-46.589209,-5.491093,0.0],[-46.589057,-5.491969,0.0],[-46.589252,-5.492415,0.0],[-46.588966,-5.493051,0.0],[-46.589161,-5.493766,0.0],[-46.588831,-5.494278,0.0],[-46.588573,-5.494314,0.0],[-46.588546,-5.494625,0.0],[-46.588845,-5.49475,0.0],[-46.588736,-5.495371,0.0],[-46.588228,-5.495861,0.0],[-46.588069,-5.496177,0.0],[-46.5872,-5.49717,0.0],[-46.58677,-5.497351,0.0],[-46.587111,-5.498212,0.0],[-46.586507,-5.499114,0.0],[-46.586154,-5.499857,0.0],[-46.585846,-5.500134,0.0],[-46.585535,-5.500525,0.0],[-46.585547,-5.501064,0.0],[-46.584868,-5.501745,0.0],[-46.584578,-5.502219,0.0],[-46.584565,-5.50228,0.0],[-46.584553,-5.502384,0.0],[-46.584769,-5.502873,0.0],[-46.584675,-5.503446,0.0],[-46.585227,-5.503523,0.0],[-46.585505,-5.503613,0.0],[-46.585303,-5.504627,0.0],[-46.584921,-5.504783,0.0],[-46.585076,-5.505406,0.0],[-46.584707,-5.505927,0.0],[-46.583829,-5.505795,0.0],[-46.58334,-5.505849,0.0],[-46.582846,-5.506036,0.0],[-46.582217,-5.506663,0.0],[-46.581843,-5.506588,0.0],[-46.581297,-5.50713,0.0],[-46.580279,-5.507193,0.0],[-46.579955,-5.506928,0.0],[-46.579743,-5.507118,0.0],[-46.579003,-5.507529,0.0],[-46.578568,-5.507802,0.0],[-46.578168,-5.508264,0.0],[-46.577837,-5.508377,0.0],[-46.577161,-5.508975,0.0],[-46.576701,-5.508936,0.0],[-46.576109,-5.509477,0.0],[-46.57582,-5.509544,0.0],[-46.575564,-5.509759,0.0],[-46.575021,-5.509639,0.0],[-46.574554,-5.509784,0.0],[-46.574103,-5.510065,0.0],[-46.573585,-5.510119,0.0],[-46.572788,-5.510243,0.0],[-46.572706,-5.510301,0.0],[-46.57232,-5.510217,0.0],[-46.57205,-5.510354,0.0],[-46.57137,-5.510723,0.0],[-46.570893,-5.511244,0.0],[-46.570181,-5.511281,0.0],[-46.569802,-5.511663,0.0],[-46.56924,-5.51172,0.0],[-46.568672,-5.513593,0.0],[-46.569065,-5.514763,0.0],[-46.568938,-5.51518,0.0],[-46.57047,-5.516946,0.0],[-46.570308,-5.517408,0.0],[-46.570375,-5.518372,0.0],[-46.56929,-5.518703,0.0],[-46.568814,-5.519036,0.0],[-46.568577,-5.519498,0.0],[-46.568106,-5.519603,0.0],[-46.56782,-5.519979,0.0],[-46.56813,-5.520454,0.0],[-46.56796,-5.521136,0.0],[-46.566307,-5.521477,0.0],[-46.565652,-5.522066,0.0],[-46.564183,-5.522999,0.0],[-46.562629,-5.522235,0.0],[-46.562552,-5.52217,0.0],[-46.562488,-5.522218,0.0],[-46.562397,-5.522247,0.0],[-46.562339,-5.522221,0.0],[-46.561466,-5.522359,0.0],[-46.560102,-5.522221,0.0],[-46.559468,-5.520817,0.0],[-46.559188,-5.521254,0.0],[-46.559125,-5.521657,0.0],[-46.558154,-5.522747,0.0],[-46.558115,-5.523165,0.0],[-46.557622,-5.523985,0.0],[-46.557236,-5.524316,0.0],[-46.556731,-5.524372,0.0],[-46.556536,-5.524821,0.0],[-46.556338,-5.524973,0.0],[-46.556412,-5.525396,0.0],[-46.556739,-5.527252,0.0],[-46.556418,-5.527648,0.0],[-46.556404,-5.528507,0.0],[-46.555884,-5.528946,0.0],[-46.554379,-5.529513,0.0],[-46.553898,-5.52991,0.0],[-46.553096,-5.530802,0.0],[-46.55281,-5.531985,0.0],[-46.552824,-5.532286,0.0],[-46.552048,-5.533286,0.0],[-46.551501,-5.53376,0.0],[-46.551455,-5.534252,0.0],[-46.551799,-5.534646,0.0],[-46.551311,-5.535606,0.0],[-46.550816,-5.537008,0.0],[-46.551171,-5.539898,0.0],[-46.55099,-5.540091,0.0],[-46.549419,-5.540254,0.0],[-46.549158,-5.540211,0.0],[-46.550648,-5.549127,0.0],[-46.552161,-5.55819,0.0],[-46.553633,-5.567015,0.0],[-46.555439,-5.577799,0.0],[-46.556613,-5.584876,0.0],[-46.558125,-5.593889,0.0],[-46.566504,-5.597227,0.0],[-46.574887,-5.600567,0.0],[-46.583272,-5.603907,0.0],[-46.591829,-5.607344,0.0],[-46.60001,-5.610588,0.0],[-46.608402,-5.613946,0.0],[-46.616778,-5.61729,0.0],[-46.625151,-5.620637,0.0],[-46.633529,-5.623976,0.0],[-46.641901,-5.627316,0.0],[-46.643378,-5.625969,0.0],[-46.650801,-5.6192,0.0],[-46.656676,-5.613841,0.0],[-46.658246,-5.612409,0.0],[-46.664011,-5.60715,0.0],[-46.669509,-5.60215,0.0],[-46.675431,-5.596729,0.0],[-46.682606,-5.590206,0.0],[-46.684574,-5.588418,0.0],[-46.692194,-5.581499,0.0],[-46.695842,-5.578175,0.0],[-46.697135,-5.576988,0.0],[-46.70291,-5.571763,0.0],[-46.705219,-5.569646,0.0],[-46.707673,-5.567471,0.0],[-46.710841,-5.564572,0.0],[-46.71597,-5.55982,0.0],[-46.719749,-5.556489,0.0],[-46.720472,-5.555858,0.0],[-46.724533,-5.552085,0.0],[-46.726802,-5.550008,0.0],[-46.729766,-5.547307,0.0],[-46.732901,-5.54444,0.0],[-46.739159,-5.538727,0.0],[-46.739167,-5.538576,0.0],[-46.739327,-5.535584,0.0],[-46.73952,-5.531949,0.0],[-46.739883,-5.525153,0.0],[-46.740262,-5.518031,0.0],[-46.740588,-5.511881,0.0],[-46.741137,-5.501617,0.0],[-46.741753,-5.490028,0.0],[-46.741956,-5.486209,0.0],[-46.742062,-5.484397,0.0],[-46.742328,-5.479176,0.0],[-46.74274,-5.471053,0.0],[-46.743313,-5.460862,0.0],[-46.74394,-5.449835,0.0],[-46.744006,-5.448645,0.0],[-46.744519,-5.439216,0.0],[-46.745046,-5.429026,0.0],[-46.745391,-5.421974,0.0],[-46.745684,-5.415969,0.0],[-46.746129,-5.406909,0.0],[-46.7466,-5.397259,0.0],[-46.747102,-5.386904,0.0],[-46.747193,-5.385027,0.0],[-46.74763,-5.37601,0.0],[-46.747768,-5.373164,0.0],[-46.748192,-5.3656,0.0],[-46.748325,-5.363235,0.0],[-46.74132,-5.35885,0.0],[-46.737972,-5.356742,0.0],[-46.736339,-5.355726,0.0],[-46.727622,-5.360229,0.0],[-46.724486,-5.36185,0.0],[-46.721097,-5.363603,0.0],[-46.719637,-5.364355,0.0],[-46.712269,-5.368166,0.0],[-46.711569,-5.368528,0.0],[-46.708931,-5.369897,0.0],[-46.707597,-5.370584,0.0],[-46.704808,-5.372028,0.0],[-46.695898,-5.376635,0.0],[-46.693821,-5.377661,0.0],[-46.686166,-5.381677,0.0],[-46.678132,-5.385755,0.0],[-46.670029,-5.389826,0.0],[-46.662063,-5.394012,0.0],[-46.653881,-5.398267,0.0],[-46.645861,-5.402413,0.0],[-46.637817,-5.406565,0.0],[-46.632038,-5.409547,0.0],[-46.631912,-5.409613,0.0],[-46.629798,-5.410704,0.0],[-46.621782,-5.414842,0.0],[-46.613763,-5.41898,0.0],[-46.607221,-5.42512,0.0],[-46.600632,-5.431305,0.0],[-46.597995,-5.433781,0.0],[-46.596029,-5.435628,0.0],[-46.594097,-5.437278,0.0],[-46.593984,-5.437374,0.0],[-46.586338,-5.443902,0.0],[-46.579458,-5.449765,0.0],[-46.579798,-5.450351,0.0],[-46.579993,-5.450836,0.0],[-46.579976,-5.451145,0.0],[-46.5794,-5.452039,0.0],[-46.579089,-5.45221,0.0],[-46.579,-5.452363,0.0],[-46.578973,-5.452445,0.0],[-46.579335,-5.453556,0.0],[-46.5798,-5.453785,0.0],[-46.579985,-5.454182,0.0],[-46.579941,-5.45444,0.0],[-46.580247,-5.454875,0.0],[-46.580688,-5.455512,0.0],[-46.580768,-5.455844,0.0],[-46.580939,-5.456047,0.0],[-46.581556,-5.456486,0.0],[-46.581815,-5.45723,0.0],[-46.582192,-5.457501,0.0],[-46.582005,-5.458539,0.0],[-46.582584,-5.458999,0.0],[-46.582671,-5.459493,0.0],[-46.582056,-5.460339,0.0],[-46.581428,-5.460628,0.0],[-46.580936,-5.461447,0.0],[-46.580447,-5.462322,0.0],[-46.580557,-5.462801,0.0],[-46.581125,-5.463469,0.0],[-46.581169,-5.464309,0.0],[-46.580278,-5.464877,0.0],[-46.580179,-5.465177,0.0],[-46.580505,-5.465892,0.0],[-46.580499,-5.466507,0.0],[-46.580613,-5.467096,0.0],[-46.580489,-5.467176,0.0],[-46.580598,-5.467359,0.0],[-46.580822,-5.467569,0.0],[-46.581061,-5.468274,0.0],[-46.581457,-5.468842,0.0],[-46.581405,-5.469527,0.0],[-46.581569,-5.469654,0.0],[-46.581368,-5.471158,0.0],[-46.581519,-5.471623,0.0],[-46.582277,-5.473187,0.0],[-46.582257,-5.4736,0.0],[-46.582287,-5.474452,0.0],[-46.582499,-5.475177,0.0],[-46.582658,-5.475479,0.0],[-46.582418,-5.47594,0.0],[-46.581993,-5.476371,0.0],[-46.581819,-5.477093,0.0],[-46.58187,-5.477657,0.0],[-46.582089,-5.477973,0.0],[-46.582408,-5.478664,0.0],[-46.582967,-5.478905,0.0],[-46.583216,-5.479118,0.0],[-46.583837,-5.47942,0.0],[-46.58435,-5.479468,0.0]]]}},{"type":"Feature","properties":{"nome":"Kanela","etnia":"Kanela","fase":"Regularizada","superficie_ha":125212.1625},"geometry":{"type":"Polygon","coordinates":[[[-45.031074,-5.878632,0.0],[-45.013861,-5.886408,0.0],[-45.014136,-5.887797,0.0],[-44.995242,-5.896689,0.0],[-44.995242,-5.91613,0.0],[-44.95608,-5.934743,0.0],[-44.949686,-5.950022,0.0],[-44.948296,-5.97946,0.0],[-44.937193,-6.006131,0.0],[-44.943295,-6.035825,0.0],[-44.943301,-6.035852,0.0],[-44.947513,-6.053341,0.0],[-44.948874,-6.053342,0.0],[-44.950452,-6.053342,0.0],[-44.951815,-6.053701,0.0],[-44.953034,-6.053988,0.0],[-44.954397,-6.054563,0.0],[-44.955258,-6.055353,0.0],[-44.955975,-6.056502,0.0],[-44.956836,-6.057435,0.0],[-44.957768,-6.058153,0.0],[-44.958772,-6.059015,0.0],[-44.959705,-6.059805,0.0],[-44.96078,-6.060379,0.0],[-44.962143,-6.060164,0.0],[-44.963435,-6.05959,0.0],[-44.964726,-6.058585,0.0],[-44.966017,-6.058513,0.0],[-44.967236,-6.058944,0.0],[-44.968599,-6.059375,0.0],[-44.970105,-6.059518,0.0],[-44.971468,-6.059518,0.0],[-44.9725,-6.059479,0.0],[-44.973265,-6.059671,0.0],[-44.974173,-6.060054,0.0],[-44.975321,-6.060389,0.0],[-44.976469,-6.060532,0.0],[-44.978047,-6.060772,0.0],[-44.979242,-6.060963,0.0],[-44.980055,-6.061107,0.0],[-44.980725,-6.061729,0.0],[-44.981633,-6.062591,0.0],[-44.982398,-6.063309,0.0],[-44.983163,-6.063979,0.0],[-44.983594,-6.064937,0.0],[-44.983976,-6.065846,0.0],[-44.984311,-6.066612,0.0],[-44.984455,-6.067235,0.0],[-44.984455,-6.067905,0.0],[-44.984598,-6.068766,0.0],[-44.98498,-6.069341,0.0],[-44.985793,-6.069724,0.0],[-44.986654,-6.070155,0.0],[-44.987419,-6.070921,0.0],[-44.988424,-6.071639,0.0],[-44.989141,-6.072213,0.0],[-44.989751,-6.072608,0.0],[-44.990504,-6.073398,0.0],[-44.991185,-6.074008,0.0],[-44.992082,-6.074511,0.0],[-44.992943,-6.07469,0.0],[-44.993839,-6.07469,0.0],[-44.994593,-6.074942,0.0],[-44.99531,-6.075014,0.0],[-44.996171,-6.075157,0.0],[-44.997139,-6.07548,0.0],[-44.997928,-6.075875,0.0],[-44.998394,-6.076378,0.0],[-44.998861,-6.076737,0.0],[-44.999327,-6.077635,0.0],[-44.999721,-6.078209,0.0],[-45.000152,-6.078496,0.0],[-45.000726,-6.078891,0.0],[-45.001048,-6.079322,0.0],[-45.001694,-6.07986,0.0],[-45.002411,-6.079896,0.0],[-45.002842,-6.079717,0.0],[-45.003272,-6.079394,0.0],[-45.003667,-6.078855,0.0],[-45.004169,-6.07846,0.0],[-45.004886,-6.077994,0.0],[-45.005566,-6.078011,0.0],[-45.006714,-6.07837,0.0],[-45.008005,-6.078657,0.0],[-45.009152,-6.079303,0.0],[-45.010372,-6.079806,0.0],[-45.011807,-6.079734,0.0],[-45.013385,-6.080093,0.0],[-45.014461,-6.081026,0.0],[-45.015178,-6.082247,0.0],[-45.016111,-6.082821,0.0],[-45.017545,-6.082821,0.0],[-45.018837,-6.083468,0.0],[-45.019984,-6.084257,0.0],[-45.020702,-6.085765,0.0],[-45.021634,-6.087417,0.0],[-45.022639,-6.088566,0.0],[-45.024145,-6.088781,0.0],[-45.025436,-6.088422,0.0],[-45.026799,-6.087488,0.0],[-45.027732,-6.086411,0.0],[-45.029382,-6.085406,0.0],[-45.030673,-6.084401,0.0],[-45.032538,-6.083323,0.0],[-45.03469,-6.083036,0.0],[-45.036483,-6.083467,0.0],[-45.038348,-6.084041,0.0],[-45.040544,-6.085054,0.0],[-45.041596,-6.08582,0.0],[-45.042744,-6.087017,0.0],[-45.043509,-6.088501,0.0],[-45.044992,-6.089649,0.0],[-45.046857,-6.090511,0.0],[-45.048388,-6.090702,0.0],[-45.049822,-6.090511,0.0],[-45.051209,-6.09051,0.0],[-45.053026,-6.09051,0.0],[-45.054413,-6.090414,0.0],[-45.056135,-6.090079,0.0],[-45.057617,-6.089983,0.0],[-45.058861,-6.090079,0.0],[-45.05953,-6.090462,0.0],[-45.060391,-6.09094,0.0],[-45.061156,-6.091371,0.0],[-45.061969,-6.092041,0.0],[-45.062783,-6.093046,0.0],[-45.063248,-6.093743,0.0],[-45.063726,-6.095059,0.0],[-45.063727,-6.097094,0.0],[-45.063129,-6.099487,0.0],[-45.063129,-6.101641,0.0],[-45.063967,-6.103556,0.0],[-45.065043,-6.105471,0.0],[-45.066717,-6.107505,0.0],[-45.06875,-6.108821,0.0],[-45.071858,-6.109778,0.0],[-45.073891,-6.110616,0.0],[-45.076522,-6.112171,0.0],[-45.079272,-6.114325,0.0],[-45.081305,-6.11588,0.0],[-45.083457,-6.118273,0.0],[-45.08537,-6.120068,0.0],[-45.087164,-6.121624,0.0],[-45.08848,-6.123299,0.0],[-45.089676,-6.125094,0.0],[-45.091948,-6.127008,0.0],[-45.093572,-6.128604,0.0],[-45.096262,-6.129261,0.0],[-45.098116,-6.130278,0.0],[-45.099671,-6.131834,0.0],[-45.100627,-6.133449,0.0],[-45.101465,-6.134706,0.0],[-45.101943,-6.135783,0.0],[-45.102362,-6.136919,0.0],[-45.102541,-6.138415,0.0],[-45.102302,-6.139373,0.0],[-45.101346,-6.139732,0.0],[-45.10033,-6.140091,0.0],[-45.099015,-6.14051,0.0],[-45.097341,-6.14069,0.0],[-45.096025,-6.14069,0.0],[-45.094531,-6.14087,0.0],[-45.093156,-6.14087,0.0],[-45.092199,-6.14111,0.0],[-45.091183,-6.141948,0.0],[-45.090286,-6.142666,0.0],[-45.089031,-6.143444,0.0],[-45.087955,-6.144282,0.0],[-45.087238,-6.145419,0.0],[-45.0874,-6.146911,0.0],[-45.087544,-6.147868,0.0],[-45.087544,-6.14873,0.0],[-45.087735,-6.149448,0.0],[-45.088118,-6.150214,0.0],[-45.088596,-6.150836,0.0],[-45.088979,-6.151554,0.0],[-45.089123,-6.15232,0.0],[-45.089362,-6.153181,0.0],[-45.089697,-6.153803,0.0],[-45.090271,-6.154569,0.0],[-45.09118,-6.154665,0.0],[-45.092328,-6.154665,0.0],[-45.092949,-6.154856,0.0],[-45.093763,-6.155191,0.0],[-45.094193,-6.155909,0.0],[-45.094959,-6.156962,0.0],[-45.095341,-6.157584,0.0],[-45.095772,-6.158254,0.0],[-45.095963,-6.158877,0.0],[-45.096155,-6.15969,0.0],[-45.096327,-6.160621,0.0],[-45.096542,-6.161232,0.0],[-45.096937,-6.161734,0.0],[-45.097224,-6.162129,0.0],[-45.097547,-6.162632,0.0],[-45.097691,-6.163278,0.0],[-45.097798,-6.163924,0.0],[-45.097978,-6.16457,0.0],[-45.098193,-6.165073,0.0],[-45.098911,-6.165755,0.0],[-45.099521,-6.166257,0.0],[-45.100202,-6.166724,0.0],[-45.100561,-6.167298,0.0],[-45.101028,-6.16816,0.0],[-45.101745,-6.168986,0.0],[-45.102355,-6.169811,0.0],[-45.102965,-6.170565,0.0],[-45.103862,-6.171606,0.0],[-45.104616,-6.172647,0.0],[-45.105405,-6.173868,0.0],[-45.106159,-6.174861,0.0],[-45.106781,-6.175579,0.0],[-45.107504,-6.176416,0.0],[-45.108341,-6.177553,0.0],[-45.109657,-6.17845,0.0],[-45.110494,-6.179408,0.0],[-45.111331,-6.180365,0.0],[-45.111989,-6.181143,0.0],[-45.112767,-6.182399,0.0],[-45.113006,-6.183536,0.0],[-45.112708,-6.185092,0.0],[-45.113126,-6.186109,0.0],[-45.113844,-6.187844,0.0],[-45.114741,-6.1891,0.0],[-45.115818,-6.189938,0.0],[-45.116834,-6.190656,0.0],[-45.117851,-6.191613,0.0],[-45.118329,-6.19251,0.0],[-45.118449,-6.193587,0.0],[-45.11833,-6.194485,0.0],[-45.117892,-6.195841,0.0],[-45.117743,-6.197636,0.0],[-45.117893,-6.199431,0.0],[-45.119388,-6.201675,0.0],[-45.120883,-6.20332,0.0],[-45.122528,-6.204816,0.0],[-45.123873,-6.206311,0.0],[-45.125219,-6.208705,0.0],[-45.125817,-6.21035,0.0],[-45.126416,-6.212295,0.0],[-45.127463,-6.214389,0.0],[-45.129406,-6.216632,0.0],[-45.130902,-6.218576,0.0],[-45.131126,-6.219103,0.0],[-45.131276,-6.219552,0.0],[-45.131471,-6.219932,0.0],[-45.132547,-6.220829,0.0],[-45.133743,-6.222205,0.0],[-45.13476,-6.223462,0.0],[-45.135837,-6.224778,0.0],[-45.137392,-6.225615,0.0],[-45.139126,-6.226333,0.0],[-45.140621,-6.226811,0.0],[-45.142355,-6.227229,0.0],[-45.14379,-6.227229,0.0],[-45.145046,-6.227049,0.0],[-45.146002,-6.22681,0.0],[-45.14672,-6.226091,0.0],[-45.147556,-6.225074,0.0],[-45.148632,-6.224296,0.0],[-45.150247,-6.223158,0.0],[-45.150904,-6.22244,0.0],[-45.151801,-6.221662,0.0],[-45.153295,-6.221123,0.0],[-45.15497,-6.221003,0.0],[-45.157421,-6.220942,0.0],[-45.158796,-6.220343,0.0],[-45.159812,-6.219685,0.0],[-45.161008,-6.218488,0.0],[-45.161785,-6.21747,0.0],[-45.1631,-6.216333,0.0],[-45.164236,-6.215674,0.0],[-45.165551,-6.215674,0.0],[-45.167226,-6.215793,0.0],[-45.168421,-6.215553,0.0],[-45.170215,-6.215014,0.0],[-45.172009,-6.214715,0.0],[-45.173982,-6.213996,0.0],[-45.176356,-6.213595,0.0],[-45.177361,-6.21393,0.0],[-45.178222,-6.213978,0.0],[-45.17913,-6.213834,0.0],[-45.179943,-6.213642,0.0],[-45.181187,-6.213259,0.0],[-45.182239,-6.213258,0.0],[-45.183292,-6.213545,0.0],[-45.184296,-6.213593,0.0],[-45.185205,-6.213401,0.0],[-45.18621,-6.213353,0.0],[-45.187023,-6.2134,0.0],[-45.188219,-6.213639,0.0],[-45.189367,-6.213591,0.0],[-45.190467,-6.213495,0.0],[-45.191376,-6.213159,0.0],[-45.192093,-6.212776,0.0],[-45.19305,-6.212632,0.0],[-45.194245,-6.212632,0.0],[-45.195441,-6.21244,0.0],[-45.196398,-6.212152,0.0],[-45.197163,-6.211817,0.0],[-45.19788,-6.211529,0.0],[-45.198454,-6.211146,0.0],[-45.199028,-6.210859,0.0],[-45.199746,-6.210523,0.0],[-45.20075,-6.210236,0.0],[-45.201372,-6.209948,0.0],[-45.202089,-6.209948,0.0],[-45.202663,-6.210426,0.0],[-45.203238,-6.211144,0.0],[-45.203955,-6.211575,0.0],[-45.204768,-6.211575,0.0],[-45.205773,-6.211574,0.0],[-45.206634,-6.211526,0.0],[-45.207639,-6.211765,0.0],[-45.208356,-6.212291,0.0],[-45.208826,-6.213223,0.0],[-45.209496,-6.213749,0.0],[-45.210453,-6.214084,0.0],[-45.211505,-6.214754,0.0],[-45.212319,-6.214945,0.0],[-45.213323,-6.215184,0.0],[-45.21428,-6.21504,0.0],[-45.215284,-6.214944,0.0],[-45.216098,-6.215278,0.0],[-45.21672,-6.215757,0.0],[-45.21739,-6.21614,0.0],[-45.217964,-6.216187,0.0],[-45.218825,-6.216283,0.0],[-45.219734,-6.216713,0.0],[-45.220643,-6.217383,0.0],[-45.221408,-6.218005,0.0],[-45.22227,-6.218675,0.0],[-45.222478,-6.218806,0.0],[-45.222743,-6.218631,0.0],[-45.240249,-6.216969,0.0],[-45.245801,-6.218911,0.0],[-45.253858,-6.207796,0.0],[-45.257519,-6.199005,0.0],[-45.260804,-6.191128,0.0],[-45.261384,-6.189895,0.0],[-45.262015,-6.188895,0.0],[-45.262166,-6.188531,0.0],[-45.262335,-6.187577,0.0],[-45.262319,-6.186915,0.0],[-45.261989,-6.185586,0.0],[-45.261942,-6.184584,0.0],[-45.262097,-6.183952,0.0],[-45.262661,-6.182647,0.0],[-45.262528,-6.181956,0.0],[-45.262346,-6.181497,0.0],[-45.262366,-6.179137,0.0],[-45.262632,-6.17781,0.0],[-45.263081,-6.176378,0.0],[-45.263454,-6.174569,0.0],[-45.263445,-6.174014,0.0],[-45.262916,-6.172146,0.0],[-45.262897,-6.171609,0.0],[-45.263073,-6.170834,0.0],[-45.263268,-6.170489,0.0],[-45.263708,-6.17012,0.0],[-45.263868,-6.169774,0.0],[-45.263975,-6.169267,0.0],[-45.263912,-6.168711,0.0],[-45.263708,-6.167921,0.0],[-45.263533,-6.167579,0.0],[-45.263479,-6.16705,0.0],[-45.263896,-6.166395,0.0],[-45.264116,-6.166211,0.0],[-45.26511,-6.165682,0.0],[-45.266328,-6.165246,0.0],[-45.266895,-6.164835,0.0],[-45.267175,-6.164267,0.0],[-45.267265,-6.163741,0.0],[-45.267247,-6.162668,0.0],[-45.267121,-6.162085,0.0],[-45.266551,-6.161038,0.0],[-45.266414,-6.15999,0.0],[-45.266532,-6.159464,0.0],[-45.26697,-6.15864,0.0],[-45.267131,-6.158151,0.0],[-45.26716,-6.157526,0.0],[-45.267026,-6.156898,0.0],[-45.266478,-6.156138,0.0],[-45.265009,-6.15589,0.0],[-45.263949,-6.155525,0.0],[-45.263465,-6.155267,0.0],[-45.262311,-6.154041,0.0],[-45.261729,-6.153692,0.0],[-45.260869,-6.152712,0.0],[-45.260467,-6.152384,0.0],[-45.260162,-6.152254,0.0],[-45.259846,-6.152267,0.0],[-45.259138,-6.15247,0.0],[-45.258748,-6.152517,0.0],[-45.258082,-6.152372,0.0],[-45.257391,-6.152066,0.0],[-45.256409,-6.151362,0.0],[-45.253635,-6.14859,0.0],[-45.252668,-6.148092,0.0],[-45.252281,-6.14796,0.0],[-45.251216,-6.14788,0.0],[-45.250533,-6.147664,0.0],[-45.249659,-6.147524,0.0],[-45.248723,-6.147286,0.0],[-45.248272,-6.147225,0.0],[-45.247158,-6.146885,0.0],[-45.246478,-6.146454,0.0],[-45.246175,-6.14619,0.0],[-45.245883,-6.1458,0.0],[-45.245385,-6.144782,0.0],[-45.245494,-6.144203,0.0],[-45.246322,-6.143304,0.0],[-45.246334,-6.143099,0.0],[-45.246275,-6.142839,0.0],[-45.246109,-6.142541,0.0],[-45.245795,-6.142357,0.0],[-45.244969,-6.142084,0.0],[-45.244782,-6.141912,0.0],[-45.244644,-6.141489,0.0],[-45.24467,-6.140989,0.0],[-45.245201,-6.140068,0.0],[-45.245388,-6.139633,0.0],[-45.24541,-6.139418,0.0],[-45.245112,-6.138859,0.0],[-45.244489,-6.138268,0.0],[-45.24438,-6.137757,0.0],[-45.244547,-6.137474,0.0],[-45.244749,-6.137289,0.0],[-45.245415,-6.136898,0.0],[-45.246193,-6.136302,0.0],[-45.246533,-6.135959,0.0],[-45.246931,-6.135384,0.0],[-45.246865,-6.135035,0.0],[-45.246768,-6.13489,0.0],[-45.246364,-6.134731,0.0],[-45.245659,-6.134711,0.0],[-45.245209,-6.134597,0.0],[-45.244782,-6.134196,0.0],[-45.244531,-6.133531,0.0],[-45.244398,-6.13284,0.0],[-45.244014,-6.131448,0.0],[-45.243682,-6.130737,0.0],[-45.243611,-6.130154,0.0],[-45.243715,-6.12987,0.0],[-45.243961,-6.129731,0.0],[-45.245359,-6.129342,0.0],[-45.245734,-6.12908,0.0],[-45.245925,-6.128457,0.0],[-45.245942,-6.127421,0.0],[-45.246011,-6.127073,0.0],[-45.246551,-6.126045,0.0],[-45.246666,-6.125144,0.0],[-45.246034,-6.123435,0.0],[-45.245512,-6.123292,0.0],[-45.244989,-6.123266,0.0],[-45.243979,-6.123688,0.0],[-45.243346,-6.123704,0.0],[-45.242986,-6.123645,0.0],[-45.242312,-6.123402,0.0],[-45.241658,-6.123034,0.0],[-45.241072,-6.122425,0.0],[-45.240986,-6.122156,0.0],[-45.240989,-6.121458,0.0],[-45.241274,-6.12005,0.0],[-45.241218,-6.119585,0.0],[-45.240742,-6.118844,0.0],[-45.240287,-6.118524,0.0],[-45.239246,-6.118096,0.0],[-45.238933,-6.117903,0.0],[-45.238027,-6.116949,0.0],[-45.236951,-6.11644,0.0],[-45.236275,-6.115795,0.0],[-45.234858,-6.115656,0.0],[-45.234247,-6.115476,0.0],[-45.233579,-6.114911,0.0],[-45.233102,-6.114233,0.0],[-45.232972,-6.113873,0.0],[-45.233052,-6.112864,0.0],[-45.233273,-6.112618,0.0],[-45.233882,-6.112413,0.0],[-45.234753,-6.111631,0.0],[-45.235178,-6.111012,0.0],[-45.235389,-6.110327,0.0],[-45.23552,-6.109462,0.0],[-45.235674,-6.108884,0.0],[-45.237275,-6.10545,0.0],[-45.237467,-6.104773,0.0],[-45.237965,-6.104156,0.0],[-45.238373,-6.103519,0.0],[-45.239534,-6.10216,0.0],[-45.240678,-6.101294,0.0],[-45.241853,-6.100669,0.0],[-45.242542,-6.10001,0.0],[-45.242623,-6.100038,0.0],[-45.243126,-6.099635,0.0],[-45.244844,-6.097928,0.0],[-45.246316,-6.096315,0.0],[-45.246826,-6.096011,0.0],[-45.247881,-6.095053,0.0],[-45.248002,-6.094832,0.0],[-45.248125,-6.093922,0.0],[-45.24741,-6.092909,0.0],[-45.246475,-6.09208,0.0],[-45.246113,-6.091538,0.0],[-45.245965,-6.091223,0.0],[-45.245571,-6.089885,0.0],[-45.245362,-6.088844,0.0],[-45.245375,-6.088058,0.0],[-45.245484,-6.087496,0.0],[-45.245512,-6.086871,0.0],[-45.245879,-6.085983,0.0],[-45.246714,-6.084628,0.0],[-45.24691,-6.083702,0.0],[-45.246826,-6.082189,0.0],[-45.246431,-6.080949,0.0],[-45.24591,-6.08019,0.0],[-45.245465,-6.079235,0.0],[-45.24505,-6.078621,0.0],[-45.244814,-6.078116,0.0],[-45.244785,-6.077714,0.0],[-45.24485,-6.077581,0.0],[-45.245015,-6.077431,0.0],[-45.246862,-6.077219,0.0],[-45.247229,-6.076895,0.0],[-45.247273,-6.076395,0.0],[-45.24714,-6.075695,0.0],[-45.247191,-6.075338,0.0],[-45.247428,-6.074645,0.0],[-45.247723,-6.074247,0.0],[-45.247782,-6.073435,0.0],[-45.247728,-6.073389,0.0],[-45.247687,-6.073156,0.0],[-45.247439,-6.072875,0.0],[-45.24612,-6.071736,0.0],[-45.24562,-6.071371,0.0],[-45.244515,-6.068787,0.0],[-45.244372,-6.068106,0.0],[-45.244317,-6.066504,0.0],[-45.244386,-6.066157,0.0],[-45.244399,-6.06478,0.0],[-45.244458,-6.063396,0.0],[-45.244128,-6.060878,0.0],[-45.243612,-6.058724,0.0],[-45.243416,-6.057452,0.0],[-45.242898,-6.05595,0.0],[-45.242517,-6.054952,0.0],[-45.242093,-6.054337,0.0],[-45.241764,-6.054037,0.0],[-45.240853,-6.053379,0.0],[-45.240325,-6.05253,0.0],[-45.240396,-6.05204,0.0],[-45.240996,-6.051262,0.0],[-45.241561,-6.050976,0.0],[-45.242702,-6.050753,0.0],[-45.244018,-6.050408,0.0],[-45.244619,-6.050131,0.0],[-45.245641,-6.049495,0.0],[-45.246095,-6.049323,0.0],[-45.246565,-6.048759,0.0],[-45.246917,-6.048219,0.0],[-45.247168,-6.047257,0.0],[-45.247274,-6.046276,0.0],[-45.247112,-6.044592,0.0],[-45.246901,-6.043659,0.0],[-45.246638,-6.043181,0.0],[-45.246027,-6.042948,0.0],[-45.245382,-6.042607,0.0],[-45.245142,-6.041816,0.0],[-45.245797,-6.040423,0.0],[-45.245639,-6.040108,0.0],[-45.245593,-6.039633,0.0],[-45.245766,-6.039556,0.0],[-45.246371,-6.039547,0.0],[-45.247015,-6.039933,0.0],[-45.247298,-6.039803,0.0],[-45.247588,-6.039156,0.0],[-45.247508,-6.038519,0.0],[-45.247064,-6.037466,0.0],[-45.246952,-6.036571,0.0],[-45.247161,-6.035957,0.0],[-45.248571,-6.035345,0.0],[-45.248964,-6.03511,0.0],[-45.24975,-6.033987,0.0],[-45.250161,-6.03368,0.0],[-45.250899,-6.033326,0.0],[-45.251778,-6.033161,0.0],[-45.252743,-6.033221,0.0],[-45.25313,-6.033343,0.0],[-45.254371,-6.034775,0.0],[-45.25532,-6.034737,0.0],[-45.255942,-6.034836,0.0],[-45.256779,-6.035636,0.0],[-45.257166,-6.035669,0.0],[-45.257604,-6.035435,0.0],[-45.258308,-6.034927,0.0],[-45.25853,-6.034609,0.0],[-45.25881,-6.034023,0.0],[-45.258869,-6.033729,0.0],[-45.258838,-6.033443,0.0],[-45.258559,-6.032812,0.0],[-45.258545,-6.032526,0.0],[-45.258768,-6.032145,0.0],[-45.259477,-6.03187,0.0],[-45.259771,-6.031598,0.0],[-45.259876,-6.031215,0.0],[-45.259942,-6.030474,0.0],[-45.260093,-6.03011,0.0],[-45.260698,-6.029565,0.0],[-45.261133,-6.029447,0.0],[-45.26187,-6.029682,0.0],[-45.262366,-6.029744,0.0],[-45.262776,-6.029571,0.0],[-45.263917,-6.028847,0.0],[-45.264586,-6.028769,0.0],[-45.265207,-6.028904,0.0],[-45.265888,-6.029263,0.0],[-45.266331,-6.029252,0.0],[-45.266766,-6.029143,0.0],[-45.267902,-6.028213,0.0],[-45.268426,-6.028177,0.0],[-45.268642,-6.028234,0.0],[-45.268828,-6.028451,0.0],[-45.268859,-6.028783,0.0],[-45.268439,-6.030171,0.0],[-45.268555,-6.030825,0.0],[-45.269046,-6.031191,0.0],[-45.269661,-6.031138,0.0],[-45.270263,-6.030772,0.0],[-45.27105,-6.030159,0.0],[-45.271931,-6.029314,0.0],[-45.272211,-6.028782,0.0],[-45.272368,-6.027998,0.0],[-45.272236,-6.027218,0.0],[-45.271873,-6.026765,0.0],[-45.271365,-6.025783,0.0],[-45.271306,-6.025469,0.0],[-45.27152,-6.025088,0.0],[-45.272175,-6.024812,0.0],[-45.2735,-6.024466,0.0],[-45.274487,-6.023767,0.0],[-45.274919,-6.023309,0.0],[-45.275072,-6.022784,0.0],[-45.275095,-6.02248,0.0],[-45.274992,-6.022148,0.0],[-45.27458,-6.021345,0.0],[-45.273306,-6.019671,0.0],[-45.272242,-6.018421,0.0],[-45.271619,-6.017812,0.0],[-45.270745,-6.017118,0.0],[-45.270258,-6.01653,0.0],[-45.270163,-6.016215,0.0],[-45.270195,-6.015921,0.0],[-45.271241,-6.013818,0.0],[-45.2713,-6.013497,0.0],[-45.271242,-6.012602,0.0],[-45.271819,-6.012146,0.0],[-45.271976,-6.011934,0.0],[-45.273601,-6.010842,0.0],[-45.274434,-6.010149,0.0],[-45.275374,-6.009601,0.0],[-45.275825,-6.009081,0.0],[-45.276135,-6.008352,0.0],[-45.27624,-6.007406,0.0],[-45.276573,-6.005802,0.0],[-45.27657,-6.004881,0.0],[-45.276435,-6.004271,0.0],[-45.276278,-6.003938,0.0],[-45.275975,-6.003629,0.0],[-45.275696,-6.003562,0.0],[-45.27483,-6.003531,0.0],[-45.273868,-6.003202,0.0],[-45.273636,-6.00302,0.0],[-45.273331,-6.002354,0.0],[-45.272838,-6.000397,0.0],[-45.272853,-6.000022,0.0],[-45.273045,-5.999372,0.0],[-45.272704,-5.998052,0.0],[-45.271913,-5.99669,0.0],[-45.190246,-5.894463,0.0],[-45.188855,-5.894468,0.0],[-45.180798,-5.880299,0.0],[-45.178022,-5.881686,0.0],[-45.105526,-5.864187,0.0],[-45.031074,-5.878632,0.0]]]}},{"type":"Feature","properties":{"nome":"Krikati","etnia":"Krikati","fase":"Regularizada","superficie_ha":144775.7868},"geometry":{"type":"Polygon","coordinates":[[[-46.934494,-5.659515,0.0],[-46.934066,-5.659768,0.0],[-46.933648,-5.660066,0.0],[-46.933153,-5.660314,0.0],[-46.932485,-5.660264,0.0],[-46.932318,-5.660324,0.0],[-46.93184,-5.660595,0.0],[-46.931634,-5.66078,0.0],[-46.931326,-5.661029,0.0],[-46.931167,-5.661299,0.0],[-46.931251,-5.661584,0.0],[-46.931384,-5.661973,0.0],[-46.931423,-5.66281,0.0],[-46.931345,-5.663543,0.0],[-46.931183,-5.663919,0.0],[-46.930483,-5.664094,0.0],[-46.930128,-5.664029,0.0],[-46.929954,-5.66425,0.0],[-46.929701,-5.664502,0.0],[-46.928976,-5.66517,0.0],[-46.928436,-5.665745,0.0],[-46.92837,-5.665901,0.0],[-46.928011,-5.666118,0.0],[-46.927491,-5.666118,0.0],[-46.927099,-5.666113,0.0],[-46.92674,-5.666027,0.0],[-46.925985,-5.66581,0.0],[-46.92555,-5.6658,0.0],[-46.92494,-5.666092,0.0],[-46.924283,-5.666547,0.0],[-46.923489,-5.666571,0.0],[-46.922377,-5.666388,0.0],[-46.921247,-5.665781,0.0],[-46.920033,-5.664903,0.0],[-46.919052,-5.664698,0.0],[-46.918401,-5.664634,0.0],[-46.917604,-5.664632,0.0],[-46.916493,-5.664791,0.0],[-46.915512,-5.66509,0.0],[-46.914429,-5.66552,0.0],[-46.913364,-5.666678,0.0],[-46.913158,-5.667519,0.0],[-46.91314,-5.66806,0.0],[-46.912299,-5.669181,0.0],[-46.911608,-5.669891,0.0],[-46.910842,-5.6709,0.0],[-46.91002,-5.672525,0.0],[-46.909273,-5.673141,0.0],[-46.907517,-5.67331,0.0],[-46.906284,-5.673758,0.0],[-46.905126,-5.674636,0.0],[-46.903239,-5.675719,0.0],[-46.901707,-5.675775,0.0],[-46.900605,-5.676093,0.0],[-46.899634,-5.677064,0.0],[-46.897859,-5.678017,0.0],[-46.896607,-5.677774,0.0],[-46.893787,-5.676915,0.0],[-46.892348,-5.677008,0.0],[-46.890293,-5.677345,0.0],[-46.888178,-5.676795,0.0],[-46.885623,-5.675065,0.0],[-46.882597,-5.673907,0.0],[-46.88114,-5.673253,0.0],[-46.879197,-5.672805,0.0],[-46.876071,-5.673848,0.0],[-46.874126,-5.675415,0.0],[-46.874087,-5.675446,0.0],[-46.87144,-5.677185,0.0],[-46.869915,-5.678507,0.0],[-46.86966,-5.679113,0.0],[-46.867603,-5.680492,0.0],[-46.866144,-5.681058,0.0],[-46.862958,-5.680782,0.0],[-46.861551,-5.68088,0.0],[-46.857098,-5.681006,0.0],[-46.85637,-5.68052,0.0],[-46.855694,-5.679825,0.0],[-46.854371,-5.681323,0.0],[-46.853792,-5.683079,0.0],[-46.853549,-5.684051,0.0],[-46.853455,-5.685134,0.0],[-46.853287,-5.686703,0.0],[-46.853586,-5.689468,0.0],[-46.854296,-5.691822,0.0],[-46.854973,-5.694222,0.0],[-46.855291,-5.695885,0.0],[-46.855384,-5.696894,0.0],[-46.85516,-5.697996,0.0],[-46.854693,-5.699546,0.0],[-46.85374,-5.701564,0.0],[-46.852451,-5.703721,0.0],[-46.849537,-5.706523,0.0],[-46.848939,-5.708541,0.0],[-46.848304,-5.711306,0.0],[-46.847968,-5.713996,0.0],[-46.84689,-5.716805,0.0],[-46.84413,-5.718137,0.0],[-46.842785,-5.719584,0.0],[-46.837727,-5.718395,0.0],[-46.835014,-5.717762,0.0],[-46.825574,-5.715518,0.0],[-46.816683,-5.713476,0.0],[-46.809682,-5.719063,0.0],[-46.803066,-5.724293,0.0],[-46.804068,-5.726174,0.0],[-46.804051,-5.72668,0.0],[-46.803896,-5.73019,0.0],[-46.803794,-5.732545,0.0],[-46.80252,-5.732653,0.0],[-46.801613,-5.733141,0.0],[-46.801038,-5.733851,0.0],[-46.800628,-5.734568,0.0],[-46.800045,-5.735577,0.0],[-46.799525,-5.7359,0.0],[-46.799147,-5.736491,0.0],[-46.798926,-5.737689,0.0],[-46.79869,-5.739328,0.0],[-46.798311,-5.741708,0.0],[-46.797508,-5.743363,0.0],[-46.797508,-5.746389,0.0],[-46.797334,-5.74776,0.0],[-46.796956,-5.748564,0.0],[-46.796073,-5.7491,0.0],[-46.794715,-5.749468,0.0],[-46.793851,-5.749526,0.0],[-46.792968,-5.750296,0.0],[-46.792511,-5.752379,0.0],[-46.791297,-5.755862,0.0],[-46.789973,-5.758005,0.0],[-46.788411,-5.758538,0.0],[-46.787458,-5.759917,0.0],[-46.783747,-5.766861,0.0],[-46.779095,-5.77516,0.0],[-46.774536,-5.783327,0.0],[-46.770311,-5.790836,0.0],[-46.766129,-5.798298,0.0],[-46.762463,-5.805031,0.0],[-46.761516,-5.806581,0.0],[-46.761339,-5.806872,0.0],[-46.761367,-5.806952,0.0],[-46.761784,-5.80811,0.0],[-46.761756,-5.808719,0.0],[-46.761498,-5.809255,0.0],[-46.761461,-5.809486,0.0],[-46.761775,-5.810594,0.0],[-46.762052,-5.811591,0.0],[-46.762061,-5.812755,0.0],[-46.762532,-5.813836,0.0],[-46.762883,-5.814505,0.0],[-46.762985,-5.815489,0.0],[-46.762883,-5.816352,0.0],[-46.762985,-5.817539,0.0],[-46.763954,-5.818809,0.0],[-46.764601,-5.81903,0.0],[-46.765875,-5.819695,0.0],[-46.766836,-5.820213,0.0],[-46.767372,-5.821044,0.0],[-46.767686,-5.821986,0.0],[-46.768701,-5.822743,0.0],[-46.768978,-5.823851,0.0],[-46.769882,-5.824214,0.0],[-46.770696,-5.824904,0.0],[-46.771527,-5.825006,0.0],[-46.772837,-5.825238,0.0],[-46.773408,-5.825312,0.0],[-46.773614,-5.825393,0.0],[-46.774308,-5.825665,0.0],[-46.774721,-5.82727,0.0],[-46.774885,-5.828569,0.0],[-46.774901,-5.830262,0.0],[-46.774573,-5.830755,0.0],[-46.773981,-5.831149,0.0],[-46.773521,-5.831429,0.0],[-46.773126,-5.831856,0.0],[-46.772781,-5.832563,0.0],[-46.77237,-5.833089,0.0],[-46.771893,-5.833483,0.0],[-46.771203,-5.833943,0.0],[-46.770315,-5.834387,0.0],[-46.769806,-5.834897,0.0],[-46.769116,-5.835571,0.0],[-46.76854,-5.835949,0.0],[-46.768129,-5.836409,0.0],[-46.767932,-5.837001,0.0],[-46.767981,-5.837954,0.0],[-46.768212,-5.840025,0.0],[-46.768343,-5.84277,0.0],[-46.768705,-5.843937,0.0],[-46.76928,-5.844956,0.0],[-46.769362,-5.845942,0.0],[-46.769362,-5.847109,0.0],[-46.769296,-5.848013,0.0],[-46.769066,-5.849016,0.0],[-46.768639,-5.850117,0.0],[-46.768129,-5.851301,0.0],[-46.767998,-5.852057,0.0],[-46.767784,-5.853701,0.0],[-46.76762,-5.855722,0.0],[-46.767687,-5.855839,0.0],[-46.76828,-5.856053,0.0],[-46.768872,-5.856365,0.0],[-46.769078,-5.856503,0.0],[-46.769773,-5.857214,0.0],[-46.76935,-5.857965,0.0],[-46.768232,-5.860003,0.0],[-46.767177,-5.861922,0.0],[-46.767137,-5.86258,0.0],[-46.766835,-5.866183,0.0],[-46.766623,-5.867608,0.0],[-46.766051,-5.86844,0.0],[-46.765497,-5.869492,0.0],[-46.764702,-5.870952,0.0],[-46.764278,-5.872392,0.0],[-46.764352,-5.873297,0.0],[-46.764721,-5.874092,0.0],[-46.765552,-5.875458,0.0],[-46.765663,-5.87629,0.0],[-46.765608,-5.877527,0.0],[-46.765367,-5.878857,0.0],[-46.765238,-5.879947,0.0],[-46.766422,-5.88342,0.0],[-46.766319,-5.884014,0.0],[-46.764167,-5.88377,0.0],[-46.762227,-5.883419,0.0],[-46.761119,-5.883364,0.0],[-46.760048,-5.883419,0.0],[-46.759032,-5.8839,0.0],[-46.758293,-5.884565,0.0],[-46.757536,-5.885747,0.0],[-46.756945,-5.887003,0.0],[-46.756631,-5.888277,0.0],[-46.756594,-5.88957,0.0],[-46.756325,-5.892363,0.0],[-46.754624,-5.895935,0.0],[-46.754286,-5.896619,0.0],[-46.754176,-5.896869,0.0],[-46.754184,-5.897202,0.0],[-46.75421,-5.897565,0.0],[-46.754228,-5.897802,0.0],[-46.754573,-5.899313,0.0],[-46.755338,-5.902283,0.0],[-46.755454,-5.902707,0.0],[-46.756114,-5.902887,0.0],[-46.757259,-5.906397,0.0],[-46.757296,-5.907376,0.0],[-46.757019,-5.908244,0.0],[-46.756742,-5.908669,0.0],[-46.755892,-5.909334,0.0],[-46.755036,-5.909883,0.0],[-46.754337,-5.909942,0.0],[-46.753805,-5.909863,0.0],[-46.753401,-5.909952,0.0],[-46.752908,-5.910051,0.0],[-46.752438,-5.910128,0.0],[-46.752169,-5.910346,0.0],[-46.751865,-5.91059,0.0],[-46.751559,-5.910809,0.0],[-46.751163,-5.911439,0.0],[-46.751027,-5.911913,0.0],[-46.750721,-5.912198,0.0],[-46.749981,-5.912505,0.0],[-46.749355,-5.913396,0.0],[-46.748863,-5.913593,0.0],[-46.748248,-5.913428,0.0],[-46.74796,-5.913246,0.0],[-46.747639,-5.913181,0.0],[-46.747542,-5.913222,0.0],[-46.747543,-5.913671,0.0],[-46.747785,-5.915192,0.0],[-46.747399,-5.916498,0.0],[-46.747371,-5.917522,0.0],[-46.747853,-5.919895,0.0],[-46.749132,-5.921738,0.0],[-46.749238,-5.922359,0.0],[-46.749222,-5.922861,0.0],[-46.748827,-5.923621,0.0],[-46.747893,-5.924542,0.0],[-46.745517,-5.925582,0.0],[-46.743149,-5.928056,0.0],[-46.74279,-5.928296,0.0],[-46.741303,-5.928465,0.0],[-46.742009,-5.929837,0.0],[-46.742276,-5.930472,0.0],[-46.742255,-5.931456,0.0],[-46.741903,-5.933331,0.0],[-46.741677,-5.935388,0.0],[-46.740293,-5.937958,0.0],[-46.739278,-5.939447,0.0],[-46.738555,-5.940972,0.0],[-46.736132,-5.944624,0.0],[-46.73484,-5.94501,0.0],[-46.732789,-5.946071,0.0],[-46.732232,-5.947148,0.0],[-46.73194,-5.948348,0.0],[-46.732296,-5.950286,0.0],[-46.733095,-5.951784,0.0],[-46.73447,-5.953902,0.0],[-46.736001,-5.955981,0.0],[-46.737139,-5.957327,0.0],[-46.736767,-5.95865,0.0],[-46.736239,-5.960462,0.0],[-46.737048,-5.963805,0.0],[-46.73642,-5.966886,0.0],[-46.73376,-5.978251,0.0],[-46.733229,-5.983459,0.0],[-46.730267,-5.995586,0.0],[-46.727597,-6.006776,0.0],[-46.72419,-6.02086,0.0],[-46.72192,-6.028074,0.0],[-46.722102,-6.030581,0.0],[-46.726809,-6.041105,0.0],[-46.730206,-6.048255,0.0],[-46.731462,-6.051061,0.0],[-46.731826,-6.051138,0.0],[-46.732413,-6.051262,0.0],[-46.732449,-6.051067,0.0],[-46.732829,-6.050204,0.0],[-46.733447,-6.049197,0.0],[-46.73397,-6.048382,0.0],[-46.734398,-6.047567,0.0],[-46.734586,-6.046753,0.0],[-46.734967,-6.046082,0.0],[-46.735491,-6.045602,0.0],[-46.736254,-6.044978,0.0],[-46.736635,-6.044591,0.0],[-46.736991,-6.043836,0.0],[-46.737777,-6.042973,0.0],[-46.738276,-6.042146,0.0],[-46.738488,-6.041212,0.0],[-46.7387,-6.040242,0.0],[-46.738841,-6.03956,0.0],[-46.73927,-6.039092,0.0],[-46.739878,-6.038731,0.0],[-46.740593,-6.038011,0.0],[-46.741164,-6.037363,0.0],[-46.741808,-6.036787,0.0],[-46.742738,-6.036138,0.0],[-46.742986,-6.035384,0.0],[-46.742804,-6.034308,0.0],[-46.742515,-6.033627,0.0],[-46.742082,-6.032803,0.0],[-46.741327,-6.032195,0.0],[-46.740824,-6.031802,0.0],[-46.740178,-6.031445,0.0],[-46.739496,-6.031268,0.0],[-46.738743,-6.031235,0.0],[-46.73799,-6.031093,0.0],[-46.737629,-6.030485,0.0],[-46.737065,-6.029416,0.0],[-46.737158,-6.028554,0.0],[-46.737298,-6.027406,0.0],[-46.737294,-6.026353,0.0],[-46.73729,-6.025061,0.0],[-46.737239,-6.023913,0.0],[-46.73733,-6.022621,0.0],[-46.737614,-6.021711,0.0],[-46.737993,-6.020513,0.0],[-46.738132,-6.019317,0.0],[-46.737985,-6.018073,0.0],[-46.737599,-6.016878,0.0],[-46.737117,-6.015635,0.0],[-46.737113,-6.014439,0.0],[-46.7373,-6.013147,0.0],[-46.737153,-6.011855,0.0],[-46.737053,-6.010564,0.0],[-46.736859,-6.009607,0.0],[-46.736808,-6.008603,0.0],[-46.737258,-6.007276,0.0],[-46.737828,-6.006174,0.0],[-46.738111,-6.005024,0.0],[-46.738393,-6.003588,0.0],[-46.73882,-6.002773,0.0],[-46.739823,-6.002483,0.0],[-46.740922,-6.002384,0.0],[-46.742451,-6.002092,0.0],[-46.743453,-6.001658,0.0],[-46.745034,-6.000768,0.0],[-46.746226,-5.999927,0.0],[-46.746939,-5.998908,0.0],[-46.747056,-5.99807,0.0],[-46.746814,-5.996995,0.0],[-46.746273,-5.995979,0.0],[-46.746091,-5.995023,0.0],[-46.746088,-5.994066,0.0],[-46.746563,-5.993227,0.0],[-46.747457,-5.992746,0.0],[-46.748832,-5.992801,0.0],[-46.749608,-5.992859,0.0],[-46.750445,-5.993035,0.0],[-46.751104,-5.993392,0.0],[-46.751999,-5.99327,0.0],[-46.752833,-5.99231,0.0],[-46.753486,-5.990992,0.0],[-46.7542,-5.990153,0.0],[-46.754616,-5.989374,0.0],[-46.754613,-5.988656,0.0],[-46.754611,-5.987878,0.0],[-46.754967,-5.98716,0.0],[-46.755324,-5.98668,0.0],[-46.755739,-5.985901,0.0],[-46.756394,-5.985121,0.0],[-46.757347,-5.984042,0.0],[-46.758,-5.982844,0.0],[-46.757995,-5.981289,0.0],[-46.757335,-5.980573,0.0],[-46.756735,-5.979737,0.0],[-46.755956,-5.978783,0.0],[-46.755893,-5.977766,0.0],[-46.756129,-5.976809,0.0],[-46.756963,-5.976268,0.0],[-46.757679,-5.976026,0.0],[-46.758516,-5.976024,0.0],[-46.758937,-5.975621,0.0],[-46.759532,-5.974842,0.0],[-46.760186,-5.973823,0.0],[-46.761201,-5.973521,0.0],[-46.762575,-5.973576,0.0],[-46.763711,-5.973812,0.0],[-46.765086,-5.974106,0.0],[-46.766162,-5.974522,0.0],[-46.766823,-5.975656,0.0],[-46.767664,-5.977268,0.0],[-46.768683,-5.978102,0.0],[-46.770058,-5.978516,0.0],[-46.771614,-5.979229,0.0],[-46.773287,-5.979403,0.0],[-46.775079,-5.979457,0.0],[-46.777795,-5.979272,0.0],[-46.778797,-5.978766,0.0],[-46.779296,-5.977832,0.0],[-46.779578,-5.976539,0.0],[-46.779789,-5.975174,0.0],[-46.780142,-5.973594,0.0],[-46.780782,-5.972013,0.0],[-46.781351,-5.970648,0.0],[-46.781849,-5.969498,0.0],[-46.782203,-5.967989,0.0],[-46.782915,-5.966336,0.0],[-46.783986,-5.965256,0.0],[-46.784555,-5.963891,0.0],[-46.785482,-5.962309,0.0],[-46.786123,-5.960943,0.0],[-46.786407,-5.960153,0.0],[-46.78669,-5.959004,0.0],[-46.786256,-5.957785,0.0],[-46.786036,-5.956207,0.0],[-46.7856,-5.955355,0.0],[-46.785021,-5.953539,0.0],[-46.785016,-5.952008,0.0],[-46.785009,-5.950094,0.0],[-46.785479,-5.947508,0.0],[-46.78576,-5.945689,0.0],[-46.785659,-5.943967,0.0],[-46.784795,-5.942822,0.0],[-46.784409,-5.941866,0.0],[-46.785169,-5.940237,0.0],[-46.786024,-5.938798,0.0],[-46.786347,-5.936979,0.0],[-46.785891,-5.934588,0.0],[-46.785885,-5.932495,0.0],[-46.786876,-5.930593,0.0],[-46.787369,-5.929649,0.0],[-46.788697,-5.927782,0.0],[-46.78953,-5.926682,0.0],[-46.790036,-5.926087,0.0],[-46.790342,-5.925602,0.0],[-46.79069,-5.924719,0.0],[-46.790631,-5.923945,0.0],[-46.789946,-5.922815,0.0],[-46.788965,-5.921923,0.0],[-46.787775,-5.921774,0.0],[-46.786675,-5.922369,0.0],[-46.785634,-5.922815,0.0],[-46.784652,-5.922993,0.0],[-46.783403,-5.922458,0.0],[-46.781648,-5.922131,0.0],[-46.78031,-5.92109,0.0],[-46.779477,-5.91987,0.0],[-46.778287,-5.919394,0.0],[-46.777454,-5.9188,0.0],[-46.776146,-5.917937,0.0],[-46.77567,-5.916063,0.0],[-46.776452,-5.913454,0.0],[-46.777229,-5.912631,0.0],[-46.779845,-5.909866,0.0],[-46.781094,-5.908247,0.0],[-46.782401,-5.906209,0.0],[-46.783529,-5.903754,0.0],[-46.783821,-5.901839,0.0],[-46.783935,-5.900224,0.0],[-46.784045,-5.898676,0.0],[-46.79169,-5.898133,0.0],[-46.793315,-5.897398,0.0],[-46.79444,-5.896476,0.0],[-46.795656,-5.895652,0.0],[-46.79666,-5.895469,0.0],[-46.79772,-5.894732,0.0],[-46.799284,-5.894303,0.0],[-46.799728,-5.893958,0.0],[-46.801493,-5.893432,0.0],[-46.802397,-5.892216,0.0],[-46.802436,-5.892103,0.0],[-46.803471,-5.891674,0.0],[-46.804503,-5.891764,0.0],[-46.807193,-5.89151,0.0],[-46.810325,-5.891744,0.0],[-46.813958,-5.89222,0.0],[-46.817495,-5.892362,0.0],[-46.821188,-5.89235,0.0],[-46.823756,-5.892586,0.0],[-46.823998,-5.892577,0.0],[-46.824045,-5.892601,0.0],[-46.826316,-5.892593,0.0],[-46.829343,-5.892583,0.0],[-46.830397,-5.892502,0.0],[-46.830926,-5.893322,0.0],[-46.831742,-5.893989,0.0],[-46.833684,-5.89446,0.0],[-46.836508,-5.896523,0.0],[-46.83736,-5.898374,0.0],[-46.839055,-5.900257,0.0],[-46.842257,-5.903167,0.0],[-46.846868,-5.905431,0.0],[-46.850002,-5.90646,0.0],[-46.854131,-5.906138,0.0],[-46.858256,-5.904543,0.0],[-46.859226,-5.904024,0.0],[-46.859758,-5.90394,0.0],[-46.867527,-5.905742,0.0],[-46.868342,-5.906408,0.0],[-46.873336,-5.911228,0.0],[-46.874904,-5.911648,0.0],[-46.874987,-5.91161,0.0],[-46.875165,-5.91177,0.0],[-46.876313,-5.912168,0.0],[-46.877748,-5.912565,0.0],[-46.878896,-5.913135,0.0],[-46.880159,-5.913418,0.0],[-46.881422,-5.913988,0.0],[-46.882802,-5.915017,0.0],[-46.883835,-5.915243,0.0],[-46.884866,-5.914895,0.0],[-46.885895,-5.914202,0.0],[-46.886811,-5.913625,0.0],[-46.888244,-5.913506,0.0],[-46.889504,-5.913214,0.0],[-46.891051,-5.912692,0.0],[-46.892885,-5.912514,0.0],[-46.894376,-5.912509,0.0],[-46.896212,-5.912962,0.0],[-46.897532,-5.913187,0.0],[-46.898564,-5.913126,0.0],[-46.900053,-5.912604,0.0],[-46.901025,-5.911854,0.0],[-46.901394,-5.910877,0.0],[-46.902079,-5.909841,0.0],[-46.902648,-5.908806,0.0],[-46.903045,-5.907541,0.0],[-46.904302,-5.906159,0.0],[-46.904929,-5.905009,0.0],[-46.905155,-5.904147,0.0],[-46.904694,-5.903287,0.0],[-46.904005,-5.903002,0.0],[-46.903315,-5.902488,0.0],[-46.902967,-5.901456,0.0],[-46.903308,-5.900594,0.0],[-46.903306,-5.89979,0.0],[-46.903131,-5.898929,0.0],[-46.902323,-5.897324,0.0],[-46.901516,-5.896121,0.0],[-46.901225,-5.894859,0.0],[-46.901394,-5.893998,0.0],[-46.902079,-5.893134,0.0],[-46.903108,-5.892384,0.0],[-46.90414,-5.892208,0.0],[-46.90517,-5.891746,0.0],[-46.905799,-5.891227,0.0],[-46.906715,-5.890592,0.0],[-46.907746,-5.890359,0.0],[-46.908893,-5.890527,0.0],[-46.910097,-5.890523,0.0],[-46.910955,-5.889774,0.0],[-46.911582,-5.888968,0.0],[-46.911695,-5.888221,0.0],[-46.911406,-5.887533,0.0],[-46.910715,-5.886674,0.0],[-46.910484,-5.886273,0.0],[-46.910366,-5.885297,0.0],[-46.910477,-5.884321,0.0],[-46.911023,-5.883381,0.0],[-46.911972,-5.881272,0.0],[-46.912252,-5.879453,0.0],[-46.912246,-5.877731,0.0],[-46.912623,-5.876007,0.0],[-46.912905,-5.874667,0.0],[-46.91357,-5.873516,0.0],[-46.915187,-5.871501,0.0],[-46.916041,-5.869776,0.0],[-46.915844,-5.867959,0.0],[-46.915839,-5.866332,0.0],[-46.915448,-5.86375,0.0],[-46.914867,-5.861646,0.0],[-46.914767,-5.860211,0.0],[-46.914282,-5.858299,0.0],[-46.913894,-5.856578,0.0],[-46.912935,-5.855433,0.0],[-46.911022,-5.85477,0.0],[-46.908919,-5.854777,0.0],[-46.907484,-5.854112,0.0],[-46.906621,-5.85335,0.0],[-46.906331,-5.852202,0.0],[-46.906325,-5.850576,0.0],[-46.906036,-5.849811,0.0],[-46.904125,-5.849722,0.0],[-46.902592,-5.848675,0.0],[-46.902397,-5.847431,0.0],[-46.90392,-5.845799,0.0],[-46.904584,-5.844362,0.0],[-46.904263,-5.843021,0.0],[-46.903538,-5.84044,0.0],[-46.902668,-5.837429,0.0],[-46.901797,-5.834274,0.0],[-46.900638,-5.83069,0.0],[-46.901349,-5.828821,0.0],[-46.902633,-5.827238,0.0],[-46.904891,-5.824906,0.0],[-46.905364,-5.823589,0.0],[-46.90512,-5.821915,0.0],[-46.904039,-5.820244,0.0],[-46.903077,-5.818334,0.0],[-46.902833,-5.816899,0.0],[-46.902946,-5.814985,0.0],[-46.903658,-5.813428,0.0],[-46.905446,-5.812465,0.0],[-46.907114,-5.811143,0.0],[-46.908664,-5.81042,0.0],[-46.910583,-5.80848,0.0],[-46.911716,-5.807938,0.0],[-46.912309,-5.80686,0.0],[-46.912724,-5.805722,0.0],[-46.912661,-5.804765,0.0],[-46.912418,-5.80357,0.0],[-46.912175,-5.802315,0.0],[-46.91253,-5.801536,0.0],[-46.913724,-5.801293,0.0],[-46.915097,-5.801109,0.0],[-46.916349,-5.800566,0.0],[-46.917361,-5.799726,0.0],[-46.917836,-5.798887,0.0],[-46.91843,-5.798048,0.0],[-46.919383,-5.797267,0.0],[-46.920039,-5.797085,0.0],[-46.921234,-5.797201,0.0],[-46.922369,-5.797197,0.0],[-46.922904,-5.796478,0.0],[-46.923145,-5.79549,0.0],[-46.922712,-5.794558,0.0],[-46.922208,-5.793699,0.0],[-46.922133,-5.79291,0.0],[-46.922345,-5.791976,0.0],[-46.922629,-5.791114,0.0],[-46.922626,-5.790325,0.0],[-46.922193,-5.789537,0.0],[-46.921473,-5.788247,0.0],[-46.920967,-5.787101,0.0],[-46.921178,-5.786023,0.0],[-46.921818,-5.784586,0.0],[-46.922315,-5.783221,0.0],[-46.923169,-5.781424,0.0],[-46.924525,-5.77984,0.0],[-46.925884,-5.778903,0.0],[-46.927745,-5.778394,0.0],[-46.928677,-5.778534,0.0],[-46.930111,-5.77896,0.0],[-46.931689,-5.779457,0.0],[-46.933339,-5.779954,0.0],[-46.935061,-5.78045,0.0],[-46.937639,-5.780011,0.0],[-46.938926,-5.779361,0.0],[-46.940284,-5.778208,0.0],[-46.941499,-5.777271,0.0],[-46.943247,-5.775853,0.0],[-46.944391,-5.775218,0.0],[-46.94588,-5.774868,0.0],[-46.947025,-5.774348,0.0],[-46.94794,-5.773713,0.0],[-46.94914,-5.772676,0.0],[-46.950226,-5.771868,0.0],[-46.951428,-5.771175,0.0],[-46.952342,-5.770483,0.0],[-46.95366,-5.770134,0.0],[-46.955149,-5.769842,0.0],[-46.956524,-5.769665,0.0],[-46.958012,-5.769086,0.0],[-46.958928,-5.768508,0.0],[-46.959956,-5.767644,0.0],[-46.9611,-5.766836,0.0],[-46.961957,-5.766029,0.0],[-46.962699,-5.765108,0.0],[-46.962696,-5.764304,0.0],[-46.962579,-5.763501,0.0],[-46.962003,-5.762642,0.0],[-46.961828,-5.761666,0.0],[-46.961595,-5.760634,0.0],[-46.961017,-5.759258,0.0],[-46.959933,-5.758161,0.0],[-46.958376,-5.756731,0.0],[-46.957775,-5.755537,0.0],[-46.958365,-5.753502,0.0],[-46.959074,-5.751227,0.0],[-46.960499,-5.748949,0.0],[-46.961227,-5.747615,0.0],[-46.96194,-5.746512,0.0],[-46.962796,-5.745553,0.0],[-46.963652,-5.744497,0.0],[-46.964701,-5.744015,0.0],[-46.965799,-5.743581,0.0],[-46.966847,-5.742859,0.0],[-46.967609,-5.742139,0.0],[-46.968323,-5.741515,0.0],[-46.969277,-5.741129,0.0],[-46.970423,-5.741125,0.0],[-46.971474,-5.741121,0.0],[-46.972094,-5.740832,0.0],[-46.97295,-5.739777,0.0],[-46.97352,-5.738866,0.0],[-46.974522,-5.738527,0.0],[-46.975905,-5.7379,0.0],[-46.977525,-5.736747,0.0],[-46.978724,-5.734995,0.0],[-46.97941,-5.734303,0.0],[-46.980382,-5.733783,0.0],[-46.981414,-5.73378,0.0],[-46.982675,-5.73389,0.0],[-46.983878,-5.733656,0.0],[-46.985022,-5.732906,0.0],[-46.986108,-5.732213,0.0],[-46.987255,-5.732209,0.0],[-46.988288,-5.732665,0.0],[-46.989721,-5.732545,0.0],[-46.99098,-5.732082,0.0],[-46.991952,-5.731332,0.0],[-46.99304,-5.730984,0.0],[-46.994416,-5.731266,0.0],[-46.995677,-5.731376,0.0],[-46.99671,-5.731602,0.0],[-46.99757,-5.731829,0.0],[-46.998372,-5.731539,0.0],[-46.999573,-5.730731,0.0],[-47.000313,-5.729351,0.0],[-47.000308,-5.727973,0.0],[-46.999962,-5.727228,0.0],[-46.999902,-5.726482,0.0],[-46.999435,-5.725196,0.0],[-46.998137,-5.722976,0.0],[-46.997915,-5.720896,0.0],[-46.997979,-5.718528,0.0],[-46.998833,-5.717018,0.0],[-46.999831,-5.715651,0.0],[-47.000831,-5.714714,0.0],[-47.001099,-5.713946,0.0],[-47.001032,-5.713903,0.0],[-46.997805,-5.711742,0.0],[-46.99661,-5.71088,0.0],[-46.989959,-5.708634,0.0],[-46.981548,-5.699973,0.0],[-46.975007,-5.69499,0.0],[-46.967325,-5.689205,0.0],[-46.964557,-5.68705,0.0],[-46.963554,-5.686351,0.0],[-46.963236,-5.684441,0.0],[-46.962794,-5.68386,0.0],[-46.962766,-5.683825,0.0],[-46.961202,-5.682008,0.0],[-46.960946,-5.681789,0.0],[-46.959085,-5.680176,0.0],[-46.958033,-5.679124,0.0],[-46.957302,-5.677604,0.0],[-46.956484,-5.676552,0.0],[-46.955578,-5.675807,0.0],[-46.954687,-5.675442,0.0],[-46.953503,-5.674916,0.0],[-46.951983,-5.672815,0.0],[-46.950724,-5.671699,0.0],[-46.948849,-5.670551,0.0],[-46.947651,-5.669987,0.0],[-46.943232,-5.670591,0.0],[-46.940135,-5.670971,0.0],[-46.936979,-5.670971,0.0],[-46.935901,-5.67094,0.0],[-46.9345,-5.670824,0.0],[-46.934024,-5.670603,0.0],[-46.934143,-5.67029,0.0],[-46.934479,-5.669071,0.0],[-46.934439,-5.668854,0.0],[-46.934429,-5.668494,0.0],[-46.934272,-5.667521,0.0],[-46.934508,-5.666961,0.0],[-46.934505,-5.666587,0.0],[-46.934483,-5.666387,0.0],[-46.934389,-5.66553,0.0],[-46.934392,-5.665051,0.0],[-46.9344,-5.663426,0.0],[-46.934488,-5.662789,0.0],[-46.934515,-5.662731,0.0],[-46.934592,-5.662567,0.0],[-46.934683,-5.662275,0.0],[-46.934601,-5.661914,0.0],[-46.934601,-5.661914,0.0],[-46.934587,-5.661719,0.0],[-46.934587,-5.661574,0.0],[-46.934588,-5.661243,0.0],[-46.934606,-5.661106,0.0],[-46.934692,-5.660937,0.0],[-46.934824,-5.660776,0.0],[-46.935028,-5.660614,0.0],[-46.935035,-5.660609,0.0],[-46.935288,-5.660477,0.0],[-46.935759,-5.660062,0.0],[-46.936314,-5.659548,0.0],[-46.936527,-5.659671,0.0],[-46.936551,-5.659322,0.0],[-46.936465,-5.65885,0.0],[-46.936344,-5.658496,0.0],[-46.936216,-5.658416,0.0],[-46.936127,-5.658508,0.0],[-46.935712,-5.658748,0.0],[-46.935316,-5.658969,0.0],[-46.934494,-5.659515,0.0]]]}},{"type":"Feature","properties":{"nome":"Lagoa Comprida","etnia":"Tenetehara","fase":"Regularizada","superficie_ha":13198.2651},"geometry":{"type":"Polygon","coordinates":[[[-45.703355,-5.270496,0.0],[-45.701077,-5.271246,0.0],[-45.70041,-5.271218,0.0],[-45.699744,-5.271857,0.0],[-45.697827,-5.272746,0.0],[-45.696299,-5.273635,0.0],[-45.687605,-5.275135,0.0],[-45.688133,-5.282829,0.0],[-45.687744,-5.283385,0.0],[-45.678077,-5.295385,0.0],[-45.685133,-5.301051,0.0],[-45.676632,-5.311635,0.0],[-45.68366,-5.317302,0.0],[-45.669799,-5.334579,0.0],[-45.684216,-5.346191,0.0],[-45.682049,-5.348524,0.0],[-45.685337,-5.351617,0.0],[-45.686453,-5.352622,0.0],[-45.687918,-5.353941,0.0],[-45.689243,-5.355135,0.0],[-45.690679,-5.356428,0.0],[-45.692158,-5.357952,0.0],[-45.69337,-5.3592,0.0],[-45.696645,-5.3623,0.0],[-45.700183,-5.365648,0.0],[-45.701377,-5.366677,0.0],[-45.703058,-5.368126,0.0],[-45.7047,-5.369542,0.0],[-45.705737,-5.370436,0.0],[-45.706786,-5.371312,0.0],[-45.70844,-5.372695,0.0],[-45.710172,-5.374141,0.0],[-45.71164,-5.375368,0.0],[-45.713436,-5.376868,0.0],[-45.714364,-5.377687,0.0],[-45.716137,-5.379252,0.0],[-45.717798,-5.38072,0.0],[-45.719413,-5.382145,0.0],[-45.720827,-5.383394,0.0],[-45.722668,-5.384994,0.0],[-45.724029,-5.386176,0.0],[-45.725323,-5.3873,0.0],[-45.726723,-5.388516,0.0],[-45.72814,-5.389747,0.0],[-45.729532,-5.390947,0.0],[-45.730903,-5.392127,0.0],[-45.732121,-5.393176,0.0],[-45.733369,-5.394252,0.0],[-45.734595,-5.395308,0.0],[-45.735879,-5.396413,0.0],[-45.737644,-5.397934,0.0],[-45.740042,-5.399841,0.0],[-45.804049,-5.318247,0.0],[-45.809776,-5.310774,0.0],[-45.809796,-5.310748,0.0],[-45.808572,-5.309506,0.0],[-45.777217,-5.282385,0.0],[-45.745884,-5.284729,0.0],[-45.74455,-5.284829,0.0],[-45.742689,-5.282968,0.0],[-45.741966,-5.280218,0.0],[-45.738827,-5.271496,0.0],[-45.734716,-5.270579,0.0],[-45.734522,-5.264079,0.0],[-45.734188,-5.263246,0.0],[-45.719883,-5.26469,0.0],[-45.717633,-5.265523,0.0],[-45.707577,-5.268551,0.0],[-45.703355,-5.270496,0.0]]]}},{"type":"Feature","properties":{"nome":"Morro Branco","etnia":"Tenetehara","fase":"Regularizada","superficie_ha":48.9804},"geometry":{"type":"Polygon","coordinates":[[[-46.125606,-5.820096,0.0],[-46.127307,-5.826198,0.0],[-46.133382,-5.824494,0.0],[-46.131663,-5.818392,0.0],[-46.125606,-5.820096,0.0]]]}},{"type":"Feature","properties":{"nome":"Porquinhos","etnia":"Kanela","fase":"Regularizada","superficie_ha":79520.2544},"geometry":{"type":"Polygon","coordinates":[[[-45.477963,-6.05544,0.0],[-45.474792,-6.057726,0.0],[-45.472434,-6.057689,0.0],[-45.473957,-6.060826,0.0],[-45.477078,-6.061652,0.0],[-45.477054,-6.063208,0.0],[-45.478539,-6.06867,0.0],[-45.479251,-6.073351,0.0],[-45.478392,-6.078007,0.0],[-45.478355,-6.080341,0.0],[-45.479079,-6.084235,0.0],[-45.481424,-6.085049,0.0],[-45.484472,-6.090545,0.0],[-45.485982,-6.094451,0.0],[-45.48592,-6.098341,0.0],[-45.485871,-6.101453,0.0],[-45.485821,-6.104566,0.0],[-45.484974,-6.108435,0.0],[-45.482563,-6.112288,0.0],[-45.481728,-6.115388,0.0],[-45.48169,-6.117722,0.0],[-45.484813,-6.118549,0.0],[-45.483952,-6.123196,0.0],[-45.482327,-6.127062,0.0],[-45.484651,-6.128655,0.0],[-45.488568,-6.129495,0.0],[-45.490905,-6.13031,0.0],[-45.491678,-6.1311,0.0],[-45.492414,-6.134216,0.0],[-45.490768,-6.13886,0.0],[-45.48992,-6.142738,0.0],[-45.488302,-6.145575,0.0],[-45.513581,-6.184745,0.0],[-45.719695,-6.226129,0.0],[-45.742629,-6.20535,0.0],[-45.811363,-6.143076,0.0],[-45.784905,-6.074607,0.0],[-45.784062,-6.072427,0.0],[-45.783023,-6.069737,0.0],[-45.782829,-6.069234,0.0],[-45.764135,-6.020857,0.0],[-45.770247,-6.013357,0.0],[-45.645249,-5.965017,0.0],[-45.50319,-5.996202,0.0],[-45.474413,-6.002519,0.0],[-45.478672,-6.010349,0.0],[-45.478586,-6.015795,0.0],[-45.475379,-6.020406,0.0],[-45.474533,-6.024284,0.0],[-45.475233,-6.029734,0.0],[-45.477508,-6.034439,0.0],[-45.478244,-6.037563,0.0],[-45.478957,-6.042234,0.0],[-45.478859,-6.048459,0.0],[-45.478797,-6.052349,0.0],[-45.477963,-6.05544,0.0]]]}},{"type":"Feature","properties":{"nome":"Rio Pindar","etnia":"Tenetehara","fase":"Regularizada","superficie_ha":15002.9142},"geometry":{"type":"Polygon","coordinates":[[[-45.417605,-3.557807,0.0],[-45.416311,-3.559717,0.0],[-45.415823,-3.559586,0.0],[-45.41556,-3.559155,0.0],[-45.415485,-3.558593,0.0],[-45.415166,-3.558013,0.0],[-45.414884,-3.558481,0.0],[-45.414865,-3.558818,0.0],[-45.414115,-3.559268,0.0],[-45.41404,-3.559642,0.0],[-45.414303,-3.559979,0.0],[-45.414884,-3.560335,0.0],[-45.415185,-3.560878,0.0],[-45.415109,-3.561834,0.0],[-45.41464,-3.562489,0.0],[-45.413458,-3.563014,0.0],[-45.412384,-3.564435,0.0],[-45.41229,-3.565203,0.0],[-45.411915,-3.565652,0.0],[-45.410751,-3.565165,0.0],[-45.410695,-3.564716,0.0],[-45.411427,-3.56421,0.0],[-45.41152,-3.563704,0.0],[-45.410995,-3.562618,0.0],[-45.410864,-3.562019,0.0],[-45.410376,-3.561138,0.0],[-45.40985,-3.560576,0.0],[-45.4094,-3.562468,0.0],[-45.408856,-3.56288,0.0],[-45.408124,-3.562993,0.0],[-45.407561,-3.562599,0.0],[-45.40711,-3.560857,0.0],[-45.406697,-3.560296,0.0],[-45.406547,-3.55934,0.0],[-45.406284,-3.558685,0.0],[-45.405065,-3.557992,0.0],[-45.404577,-3.558441,0.0],[-45.404389,-3.558872,0.0],[-45.404502,-3.55934,0.0],[-45.405609,-3.560427,0.0],[-45.405834,-3.561007,0.0],[-45.405553,-3.561401,0.0],[-45.404183,-3.561326,0.0],[-45.403676,-3.561438,0.0],[-45.403282,-3.561794,0.0],[-45.403094,-3.562431,0.0],[-45.40332,-3.562806,0.0],[-45.404352,-3.562412,0.0],[-45.405665,-3.562449,0.0],[-45.406829,-3.563835,0.0],[-45.407392,-3.564098,0.0],[-45.407636,-3.564847,0.0],[-45.408105,-3.565315,0.0],[-45.40833,-3.566158,0.0],[-45.406829,-3.566533,0.0],[-45.407354,-3.567113,0.0],[-45.408593,-3.567844,0.0],[-45.408612,-3.568462,0.0],[-45.407842,-3.568387,0.0],[-45.407204,-3.567862,0.0],[-45.405947,-3.568312,0.0],[-45.405215,-3.568031,0.0],[-45.404708,-3.568368,0.0],[-45.405346,-3.568855,0.0],[-45.40544,-3.569613,0.0],[-45.405835,-3.569838,0.0],[-45.406341,-3.569575,0.0],[-45.406792,-3.56965,0.0],[-45.407054,-3.570325,0.0],[-45.407373,-3.570587,0.0],[-45.407918,-3.570624,0.0],[-45.408218,-3.570924,0.0],[-45.408706,-3.57098,0.0],[-45.408274,-3.571692,0.0],[-45.408349,-3.572048,0.0],[-45.408349,-3.57261,0.0],[-45.407786,-3.573022,0.0],[-45.407542,-3.573415,0.0],[-45.407617,-3.574033,0.0],[-45.407298,-3.574501,0.0],[-45.406569,-3.575291,0.0],[-45.403949,-3.578132,0.0],[-45.401892,-3.58041,0.0],[-45.400554,-3.582329,0.0],[-45.399717,-3.583641,0.0],[-45.399414,-3.583905,0.0],[-45.399237,-3.584231,0.0],[-45.399222,-3.58477,0.0],[-45.399422,-3.585485,0.0],[-45.399776,-3.58617,0.0],[-45.400405,-3.586966,0.0],[-45.40143,-3.587722,0.0],[-45.401825,-3.588374,0.0],[-45.401963,-3.589026,0.0],[-45.401842,-3.589645,0.0],[-45.401523,-3.589874,0.0],[-45.401098,-3.590125,0.0],[-45.400644,-3.590465,0.0],[-45.400447,-3.59079,0.0],[-45.400477,-3.591302,0.0],[-45.400726,-3.592024,0.0],[-45.40111,-3.592712,0.0],[-45.40166,-3.593163,0.0],[-45.401997,-3.593578,0.0],[-45.402047,-3.594041,0.0],[-45.402093,-3.594433,0.0],[-45.402323,-3.594991,0.0],[-45.402222,-3.59528,0.0],[-45.401794,-3.595384,0.0],[-45.401396,-3.59562,0.0],[-45.400577,-3.595689,0.0],[-45.399635,-3.595752,0.0],[-45.399239,-3.595781,0.0],[-45.398955,-3.595873,0.0],[-45.398894,-3.59606,0.0],[-45.39937,-3.5965,0.0],[-45.400496,-3.597008,0.0],[-45.402096,-3.597324,0.0],[-45.40329,-3.597691,0.0],[-45.404143,-3.597844,0.0],[-45.405107,-3.597798,0.0],[-45.40613,-3.598273,0.0],[-45.40677,-3.598896,0.0],[-45.407309,-3.599547,0.0],[-45.407838,-3.599858,0.0],[-45.408317,-3.600372,0.0],[-45.408431,-3.601162,0.0],[-45.408156,-3.602091,0.0],[-45.407628,-3.602656,0.0],[-45.406861,-3.602923,0.0],[-45.405991,-3.602721,0.0],[-45.404971,-3.602494,0.0],[-45.404288,-3.602243,0.0],[-45.403843,-3.602194,0.0],[-45.402819,-3.60269,0.0],[-45.401515,-3.6033,0.0],[-45.399992,-3.603877,0.0],[-45.39827,-3.604392,0.0],[-45.396821,-3.604624,0.0],[-45.39585,-3.604647,0.0],[-45.395433,-3.604722,0.0],[-45.395241,-3.605085,0.0],[-45.395467,-3.605551,0.0],[-45.396366,-3.606334,0.0],[-45.397566,-3.606817,0.0],[-45.398204,-3.607913,0.0],[-45.398505,-3.609055,0.0],[-45.398918,-3.610267,0.0],[-45.399806,-3.610518,0.0],[-45.401093,-3.610003,0.0],[-45.402288,-3.609552,0.0],[-45.402898,-3.608516,0.0],[-45.403516,-3.607482,0.0],[-45.404994,-3.60687,0.0],[-45.406856,-3.606773,0.0],[-45.407471,-3.606628,0.0],[-45.408006,-3.606886,0.0],[-45.409026,-3.607871,0.0],[-45.409653,-3.609002,0.0],[-45.409508,-3.609277,0.0],[-45.40887,-3.608761,0.0],[-45.408159,-3.608127,0.0],[-45.407867,-3.608403,0.0],[-45.408006,-3.60952,0.0],[-45.409287,-3.610297,0.0],[-45.410512,-3.61073,0.0],[-45.41244,-3.611773,0.0],[-45.414035,-3.612182,0.0],[-45.415637,-3.612554,0.0],[-45.416885,-3.613251,0.0],[-45.417481,-3.613943,0.0],[-45.418257,-3.615234,0.0],[-45.419428,-3.616632,0.0],[-45.420093,-3.617587,0.0],[-45.419993,-3.618863,0.0],[-45.419458,-3.621019,0.0],[-45.419172,-3.622177,0.0],[-45.419485,-3.623181,0.0],[-45.420397,-3.624082,0.0],[-45.421785,-3.624225,0.0],[-45.423041,-3.624342,0.0],[-45.423741,-3.624311,0.0],[-45.424166,-3.624475,0.0],[-45.424151,-3.62467,0.0],[-45.423335,-3.624715,0.0],[-45.422281,-3.62466,0.0],[-45.421611,-3.624724,0.0],[-45.422531,-3.625392,0.0],[-45.423853,-3.626106,0.0],[-45.424388,-3.6263,0.0],[-45.425628,-3.625848,0.0],[-45.426837,-3.624941,0.0],[-45.427594,-3.624777,0.0],[-45.428722,-3.624291,0.0],[-45.429242,-3.623018,0.0],[-45.429467,-3.620931,0.0],[-45.429154,-3.62013,0.0],[-45.429795,-3.619592,0.0],[-45.431215,-3.6187,0.0],[-45.432514,-3.617777,0.0],[-45.43417,-3.617729,0.0],[-45.435875,-3.618554,0.0],[-45.43773,-3.620205,0.0],[-45.438675,-3.620606,0.0],[-45.439718,-3.620624,0.0],[-45.441053,-3.62111,0.0],[-45.442376,-3.622181,0.0],[-45.443988,-3.623633,0.0],[-45.444348,-3.623902,0.0],[-45.44502,-3.623874,0.0],[-45.445892,-3.624495,0.0],[-45.446548,-3.625418,0.0],[-45.447391,-3.627671,0.0],[-45.44801,-3.62856,0.0],[-45.448918,-3.628982,0.0],[-45.450279,-3.629225,0.0],[-45.452371,-3.629111,0.0],[-45.453506,-3.629175,0.0],[-45.454929,-3.629512,0.0],[-45.455883,-3.629641,0.0],[-45.456276,-3.630016,0.0],[-45.457203,-3.631198,0.0],[-45.457434,-3.63227,0.0],[-45.457953,-3.632594,0.0],[-45.458745,-3.632704,0.0],[-45.459484,-3.632581,0.0],[-45.460025,-3.632186,0.0],[-45.460573,-3.632224,0.0],[-45.460908,-3.632853,0.0],[-45.461452,-3.633076,0.0],[-45.461852,-3.633341,0.0],[-45.461917,-3.633856,0.0],[-45.462663,-3.635054,0.0],[-45.46359,-3.636291,0.0],[-45.464043,-3.637468,0.0],[-45.464141,-3.638149,0.0],[-45.463785,-3.639349,0.0],[-45.462859,-3.641033,0.0],[-45.462001,-3.642343,0.0],[-45.461626,-3.643252,0.0],[-45.461767,-3.644378,0.0],[-45.461964,-3.64514,0.0],[-45.461565,-3.645711,0.0],[-45.461371,-3.646326,0.0],[-45.461593,-3.646485,0.0],[-45.462048,-3.646421,0.0],[-45.463234,-3.645825,0.0],[-45.463945,-3.64574,0.0],[-45.464529,-3.645917,0.0],[-45.464708,-3.645725,0.0],[-45.465794,-3.645856,0.0],[-45.466199,-3.646357,0.0],[-45.46694,-3.647357,0.0],[-45.466991,-3.648349,0.0],[-45.467608,-3.649503,0.0],[-45.467217,-3.650624,0.0],[-45.466548,-3.651647,0.0],[-45.465588,-3.652234,0.0],[-45.464317,-3.653084,0.0],[-45.463013,-3.654093,0.0],[-45.462198,-3.65476,0.0],[-45.461904,-3.655622,0.0],[-45.462382,-3.65668,0.0],[-45.46395,-3.657524,0.0],[-45.465288,-3.657879,0.0],[-45.466393,-3.658317,0.0],[-45.467287,-3.658705,0.0],[-45.468051,-3.659309,0.0],[-45.470331,-3.661602,0.0],[-45.472132,-3.662545,0.0],[-45.473473,-3.663111,0.0],[-45.474325,-3.663686,0.0],[-45.475345,-3.664845,0.0],[-45.476575,-3.665756,0.0],[-45.47742,-3.666628,0.0],[-45.477907,-3.667534,0.0],[-45.478329,-3.668231,0.0],[-45.478959,-3.668526,0.0],[-45.479855,-3.668183,0.0],[-45.480703,-3.668034,0.0],[-45.481217,-3.66833,0.0],[-45.481307,-3.669298,0.0],[-45.48096,-3.670208,0.0],[-45.480749,-3.670597,0.0],[-45.480306,-3.670922,0.0],[-45.479618,-3.670986,0.0],[-45.478937,-3.670744,0.0],[-45.478146,-3.670727,0.0],[-45.477498,-3.671067,0.0],[-45.476444,-3.671843,0.0],[-45.475944,-3.672212,0.0],[-45.475797,-3.672472,0.0],[-45.475407,-3.673185,0.0],[-45.475196,-3.673477,0.0],[-45.474757,-3.673624,0.0],[-45.473879,-3.673853,0.0],[-45.473238,-3.674136,0.0],[-45.472926,-3.67443,0.0],[-45.472847,-3.674867,0.0],[-45.473006,-3.675633,0.0],[-45.473312,-3.676912,0.0],[-45.47355,-3.677667,0.0],[-45.473992,-3.678284,0.0],[-45.474821,-3.679029,0.0],[-45.475449,-3.679627,0.0],[-45.475806,-3.680236,0.0],[-45.4767,-3.680874,0.0],[-45.477084,-3.68091,0.0],[-45.47742,-3.681264,0.0],[-45.478735,-3.682005,0.0],[-45.480308,-3.682247,0.0],[-45.48202,-3.682962,0.0],[-45.483141,-3.683984,0.0],[-45.484036,-3.685007,0.0],[-45.485593,-3.685651,0.0],[-45.486615,-3.685861,0.0],[-45.488308,-3.685961,0.0],[-45.490952,-3.686697,0.0],[-45.49139,-3.686681,0.0],[-45.491855,-3.686815,0.0],[-45.492406,-3.686702,0.0],[-45.493133,-3.687112,0.0],[-45.493816,-3.687737,0.0],[-45.494465,-3.688505,0.0],[-45.494763,-3.689454,0.0],[-45.495206,-3.690504,0.0],[-45.495434,-3.691525,0.0],[-45.495361,-3.69269,0.0],[-45.495164,-3.693305,0.0],[-45.495185,-3.693676,0.0],[-45.495614,-3.694497,0.0],[-45.496321,-3.695535,0.0],[-45.497249,-3.696567,0.0],[-45.498085,-3.69735,0.0],[-45.498426,-3.697722,0.0],[-45.498902,-3.697808,0.0],[-45.499613,-3.697367,0.0],[-45.499796,-3.696641,0.0],[-45.49983,-3.695291,0.0],[-45.500143,-3.694212,0.0],[-45.500565,-3.693079,0.0],[-45.501295,-3.692107,0.0],[-45.501214,-3.691557,0.0],[-45.501133,-3.690909,0.0],[-45.501831,-3.690422,0.0],[-45.502512,-3.690212,0.0],[-45.503148,-3.69042,0.0],[-45.503489,-3.690323,0.0],[-45.503404,-3.689938,0.0],[-45.502512,-3.689436,0.0],[-45.501911,-3.688646,0.0],[-45.501376,-3.687514,0.0],[-45.5017,-3.686329,0.0],[-45.50209,-3.685192,0.0],[-45.503126,-3.684529,0.0],[-45.5041,-3.683994,0.0],[-45.504508,-3.683508,0.0],[-45.50438,-3.683104,0.0],[-45.503884,-3.682205,0.0],[-45.503909,-3.681308,0.0],[-45.504457,-3.6796,0.0],[-45.505009,-3.678808,0.0],[-45.505009,-3.678189,0.0],[-45.504425,-3.677641,0.0],[-45.503815,-3.676984,0.0],[-45.503281,-3.676721,0.0],[-45.502763,-3.676247,0.0],[-45.502631,-3.675721,0.0],[-45.502916,-3.675166,0.0],[-45.503851,-3.67471,0.0],[-45.504769,-3.674562,0.0],[-45.505915,-3.674596,0.0],[-45.507603,-3.674304,0.0],[-45.508256,-3.674075,0.0],[-45.50944,-3.674123,0.0],[-45.509969,-3.674077,0.0],[-45.510131,-3.673802,0.0],[-45.5097,-3.673219,0.0],[-45.508964,-3.672621,0.0],[-45.508061,-3.672122,0.0],[-45.507295,-3.671271,0.0],[-45.507049,-3.670347,0.0],[-45.507201,-3.669705,0.0],[-45.507721,-3.66924,0.0],[-45.508512,-3.66895,0.0],[-45.509441,-3.669088,0.0],[-45.510178,-3.669727,0.0],[-45.511832,-3.671087,0.0],[-45.512546,-3.671396,0.0],[-45.513353,-3.67167,0.0],[-45.514552,-3.671555,0.0],[-45.516822,-3.670842,0.0],[-45.519072,-3.669996,0.0],[-45.519907,-3.669246,0.0],[-45.520216,-3.668341,0.0],[-45.520305,-3.667292,0.0],[-45.520129,-3.666309,0.0],[-45.520196,-3.664608,0.0],[-45.52068,-3.662898,0.0],[-45.521119,-3.661254,0.0],[-45.521407,-3.660476,0.0],[-45.522024,-3.65981,0.0],[-45.523096,-3.65943,0.0],[-45.524625,-3.659001,0.0],[-45.526153,-3.658884,0.0],[-45.527735,-3.658336,0.0],[-45.529379,-3.658181,0.0],[-45.530431,-3.658466,0.0],[-45.531759,-3.658498,0.0],[-45.5335,-3.658641,0.0],[-45.534759,-3.658673,0.0],[-45.535418,-3.658853,0.0],[-45.536624,-3.65966,0.0],[-45.537444,-3.66045,0.0],[-45.537882,-3.660871,0.0],[-45.53869,-3.661196,0.0],[-45.539398,-3.661502,0.0],[-45.54015,-3.662068,0.0],[-45.541299,-3.66223,0.0],[-45.542129,-3.661986,0.0],[-45.542791,-3.661355,0.0],[-45.543686,-3.6596,0.0],[-45.54467,-3.658343,0.0],[-45.545264,-3.657928,0.0],[-45.545985,-3.657809,0.0],[-45.546902,-3.658419,0.0],[-45.547536,-3.659246,0.0],[-45.548319,-3.659701,0.0],[-45.549102,-3.659721,0.0],[-45.550137,-3.659054,0.0],[-45.551161,-3.658335,0.0],[-45.552356,-3.657925,0.0],[-45.552953,-3.657993,0.0],[-45.553843,-3.657986,0.0],[-45.554397,-3.657769,0.0],[-45.555105,-3.658127,0.0],[-45.555916,-3.658323,0.0],[-45.556334,-3.659022,0.0],[-45.556162,-3.65965,0.0],[-45.556308,-3.660218,0.0],[-45.556966,-3.661013,0.0],[-45.557624,-3.661547,0.0],[-45.557995,-3.661838,0.0],[-45.558386,-3.661822,0.0],[-45.559892,-3.661419,0.0],[-45.560812,-3.661403,0.0],[-45.561944,-3.661886,0.0],[-45.562704,-3.662421,0.0],[-45.563302,-3.663438,0.0],[-45.564128,-3.664279,0.0],[-45.565284,-3.664944,0.0],[-45.566672,-3.66569,0.0],[-45.567201,-3.666237,0.0],[-45.567987,-3.667625,0.0],[-45.568505,-3.668449,0.0],[-45.569132,-3.668856,0.0],[-45.570031,-3.668995,0.0],[-45.570906,-3.668944,0.0],[-45.571955,-3.669055,0.0],[-45.573359,-3.669783,0.0],[-45.574153,-3.670285,0.0],[-45.574703,-3.670511,0.0],[-45.575573,-3.670412,0.0],[-45.576668,-3.669845,0.0],[-45.57707,-3.669829,0.0],[-45.577623,-3.669976,0.0],[-45.577953,-3.670479,0.0],[-45.578222,-3.671383,0.0],[-45.578791,-3.673104,0.0],[-45.579485,-3.674102,0.0],[-45.580042,-3.674514,0.0],[-45.581214,-3.674776,0.0],[-45.582202,-3.674413,0.0],[-45.582944,-3.674233,0.0],[-45.583751,-3.6742,0.0],[-45.584449,-3.674718,0.0],[-45.585459,-3.675256,0.0],[-45.585954,-3.67622,0.0],[-45.585802,-3.677023,0.0],[-45.585556,-3.677717,0.0],[-45.585806,-3.678334,0.0],[-45.586255,-3.679014,0.0],[-45.586753,-3.679658,0.0],[-45.587028,-3.679803,0.0],[-45.58745,-3.679674,0.0],[-45.588093,-3.678594,0.0],[-45.589417,-3.678109,0.0],[-45.590032,-3.677947,0.0],[-45.591197,-3.678463,0.0],[-45.592024,-3.679124,0.0],[-45.592524,-3.679577,0.0],[-45.59283,-3.679722,0.0],[-45.593119,-3.679625,0.0],[-45.593231,-3.679254,0.0],[-45.593395,-3.678544,0.0],[-45.593785,-3.677897,0.0],[-45.594514,-3.677477,0.0],[-45.595743,-3.677219,0.0],[-45.596601,-3.67717,0.0],[-45.597361,-3.67759,0.0],[-45.597746,-3.678458,0.0],[-45.597761,-3.678978,0.0],[-45.59828,-3.679883,0.0],[-45.599737,-3.680413,0.0],[-45.600729,-3.680508,0.0],[-45.602694,-3.680751,0.0],[-45.604954,-3.68098,0.0],[-45.606177,-3.680986,0.0],[-45.607586,-3.681221,0.0],[-45.608604,-3.680896,0.0],[-45.609555,-3.680117,0.0],[-45.610849,-3.679567,0.0],[-45.611948,-3.67926,0.0],[-45.613361,-3.679139,0.0],[-45.614832,-3.679071,0.0],[-45.615773,-3.678673,0.0],[-45.616765,-3.677871,0.0],[-45.618253,-3.676826,0.0],[-45.618578,-3.676374,0.0],[-45.618571,-3.675936,0.0],[-45.617982,-3.675064,0.0],[-45.617185,-3.67424,0.0],[-45.616084,-3.67337,0.0],[-45.61541,-3.672384,0.0],[-45.615388,-3.671458,0.0],[-45.615741,-3.670522,0.0],[-45.616205,-3.669718,0.0],[-45.61645,-3.669022,0.0],[-45.617013,-3.668766,0.0],[-45.61782,-3.668604,0.0],[-45.619164,-3.668701,0.0],[-45.620761,-3.66873,0.0],[-45.621457,-3.668454,0.0],[-45.622055,-3.667739,0.0],[-45.622172,-3.666825,0.0],[-45.621932,-3.665782,0.0],[-45.621693,-3.664581,0.0],[-45.621683,-3.663264,0.0],[-45.621444,-3.662706,0.0],[-45.620917,-3.662517,0.0],[-45.620007,-3.662625,0.0],[-45.618764,-3.662219,0.0],[-45.617909,-3.661555,0.0],[-45.617385,-3.660892,0.0],[-45.616911,-3.659818,0.0],[-45.616753,-3.65862,0.0],[-45.616823,-3.657388,0.0],[-45.616758,-3.656634,0.0],[-45.616957,-3.656135,0.0],[-45.617107,-3.655533,0.0],[-45.617534,-3.654961,0.0],[-45.61831,-3.654845,0.0],[-45.619414,-3.654775,0.0],[-45.62018,-3.654374,0.0],[-45.62075,-3.654022,0.0],[-45.620998,-3.653517,0.0],[-45.620989,-3.653067,0.0],[-45.620644,-3.652644,0.0],[-45.620045,-3.652439,0.0],[-45.619399,-3.652328,0.0],[-45.618687,-3.651925,0.0],[-45.618028,-3.651198,0.0],[-45.617801,-3.650322,0.0],[-45.617807,-3.649591,0.0],[-45.617985,-3.648789,0.0],[-45.61834,-3.648134,0.0],[-45.619083,-3.647629,0.0],[-45.619963,-3.647245,0.0],[-45.621024,-3.646636,0.0],[-45.621555,-3.645984,0.0],[-45.62185,-3.645415,0.0],[-45.621976,-3.644383,0.0],[-45.621901,-3.64331,0.0],[-45.621836,-3.64168,0.0],[-45.621789,-3.640644,0.0],[-45.621824,-3.63989,0.0],[-45.622167,-3.639084,0.0],[-45.622728,-3.638364,0.0],[-45.623499,-3.637627,0.0],[-45.624133,-3.636825,0.0],[-45.624776,-3.636048,0.0],[-45.625458,-3.635286,0.0],[-45.625918,-3.634846,0.0],[-45.626264,-3.634173,0.0],[-45.626407,-3.633017,0.0],[-45.626651,-3.631874,0.0],[-45.626978,-3.631252,0.0],[-45.627381,-3.630756,0.0],[-45.627962,-3.630662,0.0],[-45.628944,-3.630773,0.0],[-45.631042,-3.631246,0.0],[-45.631871,-3.631259,0.0],[-45.63296,-3.630956,0.0],[-45.63414,-3.630673,0.0],[-45.63543,-3.630145,0.0],[-45.63653,-3.629521,0.0],[-45.637199,-3.62875,0.0],[-45.637589,-3.628048,0.0],[-45.637956,-3.626872,0.0],[-45.638291,-3.62614,0.0],[-45.63852,-3.625804,0.0],[-45.638971,-3.625602,0.0],[-45.63964,-3.625577,0.0],[-45.640738,-3.62576,0.0],[-45.64178,-3.625849,0.0],[-45.642614,-3.62596,0.0],[-45.642908,-3.625773,0.0],[-45.643122,-3.625071,0.0],[-45.643114,-3.624053,0.0],[-45.64292,-3.623499,0.0],[-45.642758,-3.622673,0.0],[-45.642804,-3.62205,0.0],[-45.642821,-3.622027,0.0],[-45.64277,-3.622021,0.0],[-45.639405,-3.621562,0.0],[-45.635465,-3.621085,0.0],[-45.626353,-3.620354,0.0],[-45.614911,-3.619507,0.0],[-45.605524,-3.618814,0.0],[-45.59661,-3.61816,0.0],[-45.584859,-3.617281,0.0],[-45.568019,-3.616024,0.0],[-45.55335,-3.614923,0.0],[-45.543557,-3.614119,0.0],[-45.540074,-3.613833,0.0],[-45.536054,-3.613502,0.0],[-45.532153,-3.613181,0.0],[-45.525856,-3.612658,0.0],[-45.524942,-3.612181,0.0],[-45.523765,-3.610745,0.0],[-45.523413,-3.610314,0.0],[-45.522217,-3.608854,0.0],[-45.519268,-3.605254,0.0],[-45.513178,-3.597835,0.0],[-45.5052,-3.587867,0.0],[-45.505069,-3.587706,0.0],[-45.505,-3.587622,0.0],[-45.504473,-3.587827,0.0],[-45.503761,-3.588612,0.0],[-45.503007,-3.590238,0.0],[-45.502178,-3.592088,0.0],[-45.502328,-3.593464,0.0],[-45.502687,-3.595269,0.0],[-45.502297,-3.59563,0.0],[-45.501538,-3.593417,0.0],[-45.501491,-3.594452,0.0],[-45.501485,-3.596425,0.0],[-45.501539,-3.597319,0.0],[-45.501816,-3.598682,0.0],[-45.501237,-3.599477,0.0],[-45.499537,-3.59999,0.0],[-45.497365,-3.599895,0.0],[-45.495874,-3.599843,0.0],[-45.495106,-3.600849,0.0],[-45.495463,-3.601684,0.0],[-45.495821,-3.603027,0.0],[-45.495436,-3.603918,0.0],[-45.494253,-3.604038,0.0],[-45.493552,-3.605002,0.0],[-45.49206,-3.605194,0.0],[-45.491029,-3.604595,0.0],[-45.490172,-3.604857,0.0],[-45.490287,-3.605518,0.0],[-45.491135,-3.60621,0.0],[-45.491709,-3.607526,0.0],[-45.491249,-3.608562,0.0],[-45.490749,-3.607948,0.0],[-45.48919,-3.606547,0.0],[-45.488434,-3.605692,0.0],[-45.487937,-3.605918,0.0],[-45.487408,-3.606739,0.0],[-45.486527,-3.607247,0.0],[-45.485573,-3.607132,0.0],[-45.484658,-3.606322,0.0],[-45.484456,-3.605924,0.0],[-45.484217,-3.605484,0.0],[-45.484444,-3.604941,0.0],[-45.484381,-3.604288,0.0],[-45.483744,-3.603912,0.0],[-45.483566,-3.603572,0.0],[-45.483272,-3.603411,0.0],[-45.483011,-3.603769,0.0],[-45.4832,-3.604259,0.0],[-45.483433,-3.605079,0.0],[-45.483476,-3.605595,0.0],[-45.483166,-3.605945,0.0],[-45.483367,-3.606401,0.0],[-45.483079,-3.606842,0.0],[-45.482205,-3.60696,0.0],[-45.481789,-3.607593,0.0],[-45.480677,-3.607646,0.0],[-45.480319,-3.607199,0.0],[-45.480637,-3.606603,0.0],[-45.481355,-3.606236,0.0],[-45.480737,-3.605982,0.0],[-45.480713,-3.605509,0.0],[-45.480572,-3.604835,0.0],[-45.480391,-3.604439,0.0],[-45.480124,-3.605062,0.0],[-45.479961,-3.606025,0.0],[-45.47919,-3.606135,0.0],[-45.478735,-3.606014,0.0],[-45.477727,-3.6055,0.0],[-45.477313,-3.605514,0.0],[-45.476943,-3.605803,0.0],[-45.476378,-3.606339,0.0],[-45.475748,-3.60643,0.0],[-45.475268,-3.606058,0.0],[-45.475135,-3.605852,0.0],[-45.475293,-3.605728,0.0],[-45.475741,-3.60552,0.0],[-45.476031,-3.605057,0.0],[-45.476197,-3.604679,0.0],[-45.475891,-3.604366,0.0],[-45.476157,-3.603654,0.0],[-45.476364,-3.603119,0.0],[-45.475946,-3.603305,0.0],[-45.475568,-3.603925,0.0],[-45.475121,-3.604637,0.0],[-45.474653,-3.604803,0.0],[-45.474124,-3.604728,0.0],[-45.473891,-3.604498,0.0],[-45.473697,-3.604122,0.0],[-45.473132,-3.603998,0.0],[-45.47289,-3.603803,0.0],[-45.47245,-3.603373,0.0],[-45.471863,-3.603284,0.0],[-45.471272,-3.603356,0.0],[-45.470728,-3.603061,0.0],[-45.470398,-3.60297,0.0],[-45.469933,-3.603078,0.0],[-45.469694,-3.603037,0.0],[-45.469489,-3.602798,0.0],[-45.469555,-3.602419,0.0],[-45.469877,-3.602089,0.0],[-45.470307,-3.601999,0.0],[-45.470786,-3.60209,0.0],[-45.471042,-3.601926,0.0],[-45.471066,-3.601588,0.0],[-45.471256,-3.601441,0.0],[-45.471486,-3.601482,0.0],[-45.471848,-3.601763,0.0],[-45.471815,-3.602116,0.0],[-45.471847,-3.602272,0.0],[-45.472027,-3.602256,0.0],[-45.472224,-3.601977,0.0],[-45.47251,-3.601954,0.0],[-45.472666,-3.601757,0.0],[-45.472504,-3.60151,0.0],[-45.472193,-3.601293,0.0],[-45.472158,-3.601116,0.0],[-45.47198,-3.601005,0.0],[-45.471641,-3.60108,0.0],[-45.471468,-3.600976,0.0],[-45.471145,-3.600926,0.0],[-45.47075,-3.600758,0.0],[-45.47067,-3.600592,0.0],[-45.470661,-3.600337,0.0],[-45.470701,-3.600206,0.0],[-45.470662,-3.600048,0.0],[-45.470487,-3.599894,0.0],[-45.470518,-3.599727,0.0],[-45.47062,-3.599543,0.0],[-45.470789,-3.599513,0.0],[-45.47121,-3.599426,0.0],[-45.471415,-3.599417,0.0],[-45.471763,-3.599259,0.0],[-45.471991,-3.599206,0.0],[-45.472098,-3.599311,0.0],[-45.472393,-3.599408,0.0],[-45.472897,-3.599505,0.0],[-45.473217,-3.599711,0.0],[-45.473646,-3.599846,0.0],[-45.473908,-3.59982,0.0],[-45.474144,-3.599855,0.0],[-45.474328,-3.599794,0.0],[-45.474389,-3.599589,0.0],[-45.474265,-3.599358,0.0],[-45.473879,-3.599121,0.0],[-45.473536,-3.599032,0.0],[-45.473042,-3.598788,0.0],[-45.472876,-3.598657,0.0],[-45.47278,-3.598627,0.0],[-45.47264,-3.598443,0.0],[-45.472566,-3.598294,0.0],[-45.472443,-3.59823,0.0],[-45.472267,-3.598269,0.0],[-45.472074,-3.598291,0.0],[-45.471931,-3.598199,0.0],[-45.471886,-3.597989,0.0],[-45.471913,-3.597738,0.0],[-45.471887,-3.597523,0.0],[-45.471737,-3.597311,0.0],[-45.47153,-3.59725,0.0],[-45.471237,-3.597322,0.0],[-45.471011,-3.597349,0.0],[-45.470892,-3.597239,0.0],[-45.470858,-3.597012,0.0],[-45.470949,-3.596706,0.0],[-45.471138,-3.596425,0.0],[-45.471363,-3.596271,0.0],[-45.471561,-3.595808,0.0],[-45.471591,-3.59533,0.0],[-45.471755,-3.594607,0.0],[-45.471861,-3.594494,0.0],[-45.471935,-3.594572,0.0],[-45.472005,-3.59473,0.0],[-45.472098,-3.594941,0.0],[-45.472402,-3.59513,0.0],[-45.472677,-3.595186,0.0],[-45.472774,-3.594983,0.0],[-45.472608,-3.594768,0.0],[-45.472585,-3.594503,0.0],[-45.472629,-3.594309,0.0],[-45.472897,-3.594191,0.0],[-45.473159,-3.594218,0.0],[-45.473237,-3.594402,0.0],[-45.473456,-3.594434,0.0],[-45.473565,-3.594674,0.0],[-45.474089,-3.594834,0.0],[-45.474533,-3.595118,0.0],[-45.475195,-3.595386,0.0],[-45.475739,-3.595658,0.0],[-45.475676,-3.595398,0.0],[-45.474667,-3.594613,0.0],[-45.47459,-3.59428,0.0],[-45.474587,-3.593945,0.0],[-45.475002,-3.593827,0.0],[-45.475743,-3.593818,0.0],[-45.476531,-3.593792,0.0],[-45.4756,-3.593359,0.0],[-45.475215,-3.593005,0.0],[-45.474825,-3.592888,0.0],[-45.474304,-3.593043,0.0],[-45.474112,-3.593185,0.0],[-45.473807,-3.593323,0.0],[-45.473303,-3.593395,0.0],[-45.473055,-3.593369,0.0],[-45.472643,-3.593361,0.0],[-45.47238,-3.5935,0.0],[-45.472204,-3.593329,0.0],[-45.472204,-3.592989,0.0],[-45.472118,-3.592705,0.0],[-45.472298,-3.592534,0.0],[-45.472535,-3.592319,0.0],[-45.472622,-3.592176,0.0],[-45.472592,-3.591771,0.0],[-45.472887,-3.591586,0.0],[-45.473178,-3.591472,0.0],[-45.473481,-3.591314,0.0],[-45.473913,-3.591136,0.0],[-45.474289,-3.590938,0.0],[-45.474445,-3.590691,0.0],[-45.47461,-3.590463,0.0],[-45.47487,-3.590455,0.0],[-45.475082,-3.590369,0.0],[-45.475275,-3.590002,0.0],[-45.475496,-3.589652,0.0],[-45.47581,-3.589384,0.0],[-45.475965,-3.589448,0.0],[-45.476277,-3.589622,0.0],[-45.476689,-3.589614,0.0],[-45.477095,-3.589534,0.0],[-45.477463,-3.589699,0.0],[-45.477752,-3.589744,0.0],[-45.477721,-3.589535,0.0],[-45.477524,-3.589167,0.0],[-45.477197,-3.588893,0.0],[-45.476685,-3.588656,0.0],[-45.476261,-3.588372,0.0],[-45.475901,-3.588094,0.0],[-45.475684,-3.587979,0.0],[-45.475585,-3.58822,0.0],[-45.475306,-3.58843,0.0],[-45.475221,-3.588745,0.0],[-45.474977,-3.589115,0.0],[-45.474736,-3.589624,0.0],[-45.474505,-3.58985,0.0],[-45.474102,-3.589976,0.0],[-45.473704,-3.590165,0.0],[-45.47349,-3.590156,0.0],[-45.473207,-3.589913,0.0],[-45.472972,-3.589492,0.0],[-45.472824,-3.58911,0.0],[-45.472737,-3.588808,0.0],[-45.472459,-3.588572,0.0],[-45.472292,-3.588592,0.0],[-45.472192,-3.588941,0.0],[-45.472154,-3.589286,0.0],[-45.472335,-3.589661,0.0],[-45.472502,-3.590049,0.0],[-45.472512,-3.590287,0.0],[-45.472233,-3.590653,0.0],[-45.472013,-3.590717,0.0],[-45.471707,-3.590683,0.0],[-45.471631,-3.590823,0.0],[-45.471671,-3.591118,0.0],[-45.471586,-3.591283,0.0],[-45.471168,-3.591804,0.0],[-45.470754,-3.592162,0.0],[-45.470677,-3.592522,0.0],[-45.470743,-3.592862,0.0],[-45.470486,-3.593211,0.0],[-45.470228,-3.593289,0.0],[-45.469943,-3.593811,0.0],[-45.469747,-3.594197,0.0],[-45.469525,-3.594385,0.0],[-45.469281,-3.594292,0.0],[-45.469136,-3.594096,0.0],[-45.469208,-3.593792,0.0],[-45.469211,-3.593562,0.0],[-45.469345,-3.593396,0.0],[-45.469396,-3.593197,0.0],[-45.469559,-3.593003,0.0],[-45.469694,-3.59246,0.0],[-45.469814,-3.59223,0.0],[-45.46982,-3.591849,0.0],[-45.469669,-3.591588,0.0],[-45.469427,-3.59137,0.0],[-45.469263,-3.591586,0.0],[-45.469215,-3.59195,0.0],[-45.469137,-3.592464,0.0],[-45.468912,-3.592805,0.0],[-45.468534,-3.592728,0.0],[-45.468442,-3.592594,0.0],[-45.468218,-3.592425,0.0],[-45.467876,-3.592307,0.0],[-45.467825,-3.592393,0.0],[-45.467847,-3.592611,0.0],[-45.467981,-3.592909,0.0],[-45.468037,-3.593204,0.0],[-45.468104,-3.59353,0.0],[-45.468012,-3.59387,0.0],[-45.467796,-3.594078,0.0],[-45.467508,-3.59413,0.0],[-45.467286,-3.594312,0.0],[-45.467256,-3.594631,0.0],[-45.467212,-3.595052,0.0],[-45.467136,-3.595174,0.0],[-45.466898,-3.595186,0.0],[-45.466567,-3.595291,0.0],[-45.466373,-3.595615,0.0],[-45.466119,-3.596061,0.0],[-45.465821,-3.596221,0.0],[-45.465517,-3.596566,0.0],[-45.465299,-3.596596,0.0],[-45.465175,-3.596406,0.0],[-45.465177,-3.596187,0.0],[-45.465327,-3.596099,0.0],[-45.465587,-3.596104,0.0],[-45.465671,-3.595765,0.0],[-45.465457,-3.595633,0.0],[-45.465305,-3.595466,0.0],[-45.465178,-3.595223,0.0],[-45.465273,-3.595061,0.0],[-45.465381,-3.595007,0.0],[-45.465554,-3.594816,0.0],[-45.465756,-3.594674,0.0],[-45.46586,-3.594253,0.0],[-45.466099,-3.59421,0.0],[-45.466385,-3.594181,0.0],[-45.466457,-3.593922,0.0],[-45.466608,-3.593675,0.0],[-45.466632,-3.593492,0.0],[-45.466504,-3.593426,0.0],[-45.466086,-3.593465,0.0],[-45.465722,-3.593548,0.0],[-45.465509,-3.593877,0.0],[-45.465362,-3.593945,0.0],[-45.465255,-3.593819,0.0],[-45.465264,-3.593616,0.0],[-45.465323,-3.593378,0.0],[-45.465197,-3.593229,0.0],[-45.464971,-3.592916,0.0],[-45.464956,-3.592799,0.0],[-45.464824,-3.592561,0.0],[-45.464525,-3.592274,0.0],[-45.463818,-3.591795,0.0],[-45.463459,-3.591567,0.0],[-45.463153,-3.591574,0.0],[-45.462898,-3.591678,0.0],[-45.462674,-3.591843,0.0],[-45.462446,-3.59213,0.0],[-45.462175,-3.592265,0.0],[-45.461981,-3.592457,0.0],[-45.461587,-3.592848,0.0],[-45.461406,-3.593048,0.0],[-45.461195,-3.593462,0.0],[-45.461023,-3.59368,0.0],[-45.460901,-3.593646,0.0],[-45.460749,-3.593412,0.0],[-45.460664,-3.59307,0.0],[-45.460665,-3.592634,0.0],[-45.460739,-3.592271,0.0],[-45.460689,-3.592014,0.0],[-45.460742,-3.591586,0.0],[-45.460862,-3.591421,0.0],[-45.461078,-3.59139,0.0],[-45.461246,-3.591292,0.0],[-45.461465,-3.591033,0.0],[-45.461899,-3.590991,0.0],[-45.462328,-3.591012,0.0],[-45.462625,-3.591052,0.0],[-45.462814,-3.590989,0.0],[-45.462808,-3.590778,0.0],[-45.462882,-3.590537,0.0],[-45.463097,-3.5904,0.0],[-45.463491,-3.59036,0.0],[-45.463866,-3.590516,0.0],[-45.464446,-3.590623,0.0],[-45.46513,-3.590758,0.0],[-45.465472,-3.590718,0.0],[-45.465574,-3.590572,0.0],[-45.465495,-3.590241,0.0],[-45.465451,-3.589959,0.0],[-45.46522,-3.589851,0.0],[-45.46468,-3.58988,0.0],[-45.464275,-3.589742,0.0],[-45.464139,-3.589555,0.0],[-45.464158,-3.588994,0.0],[-45.464261,-3.588485,0.0],[-45.464595,-3.588002,0.0],[-45.465081,-3.587786,0.0],[-45.465379,-3.587666,0.0],[-45.46529,-3.587436,0.0],[-45.464902,-3.587374,0.0],[-45.46446,-3.587568,0.0],[-45.464204,-3.587676,0.0],[-45.464032,-3.587781,0.0],[-45.463834,-3.58787,0.0],[-45.463702,-3.588336,0.0],[-45.463519,-3.588824,0.0],[-45.463186,-3.589372,0.0],[-45.462631,-3.589704,0.0],[-45.4622,-3.590027,0.0],[-45.461762,-3.590292,0.0],[-45.461584,-3.590135,0.0],[-45.461711,-3.589958,0.0],[-45.462009,-3.589636,0.0],[-45.462002,-3.589335,0.0],[-45.461787,-3.589296,0.0],[-45.461531,-3.589635,0.0],[-45.461327,-3.589713,0.0],[-45.461166,-3.589489,0.0],[-45.460985,-3.589035,0.0],[-45.460731,-3.588997,0.0],[-45.460508,-3.589151,0.0],[-45.460501,-3.589792,0.0],[-45.460452,-3.590105,0.0],[-45.460255,-3.590183,0.0],[-45.459806,-3.589998,0.0],[-45.459698,-3.590271,0.0],[-45.459785,-3.590672,0.0],[-45.459472,-3.591053,0.0],[-45.459345,-3.59155,0.0],[-45.457768,-3.592577,0.0],[-45.457941,-3.591235,0.0],[-45.45797,-3.590789,0.0],[-45.457866,-3.590459,0.0],[-45.457804,-3.590438,0.0],[-45.457412,-3.590521,0.0],[-45.45735,-3.590872,0.0],[-45.457185,-3.591119,0.0],[-45.456751,-3.591119,0.0],[-45.456296,-3.591222,0.0],[-45.455635,-3.591552,0.0],[-45.455304,-3.591779,0.0],[-45.455097,-3.592068,0.0],[-45.455387,-3.592604,0.0],[-45.456213,-3.593058,0.0],[-45.456214,-3.5938,0.0],[-45.455821,-3.594275,0.0],[-45.454643,-3.594564,0.0],[-45.454994,-3.593966,0.0],[-45.455077,-3.593594,0.0],[-45.45485,-3.593223,0.0],[-45.454457,-3.593244,0.0],[-45.454333,-3.593636,0.0],[-45.453899,-3.593945,0.0],[-45.453506,-3.593904,0.0],[-45.4533,-3.593471,0.0],[-45.453238,-3.59279,0.0],[-45.452969,-3.592274,0.0],[-45.453072,-3.591841,0.0],[-45.453568,-3.591408,0.0],[-45.454539,-3.591346,0.0],[-45.454684,-3.590934,0.0],[-45.454684,-3.590521,0.0],[-45.454953,-3.590232,0.0],[-45.455717,-3.590129,0.0],[-45.456337,-3.589923,0.0],[-45.456606,-3.58949,0.0],[-45.456296,-3.588933,0.0],[-45.456172,-3.588521,0.0],[-45.456378,-3.587881,0.0],[-45.456729,-3.586706,0.0],[-45.456089,-3.586871,0.0],[-45.455655,-3.586912,0.0],[-45.455428,-3.586334,0.0],[-45.455613,-3.585345,0.0],[-45.45582,-3.584313,0.0],[-45.456646,-3.583323,0.0],[-45.456378,-3.582952,0.0],[-45.456357,-3.582498,0.0],[-45.457122,-3.581756,0.0],[-45.457907,-3.581508,0.0],[-45.458032,-3.581302,0.0],[-45.458363,-3.58112,0.0],[-45.458396,-3.580938,0.0],[-45.457915,-3.580946,0.0],[-45.45775,-3.580855,0.0],[-45.457667,-3.580632,0.0],[-45.457783,-3.580292,0.0],[-45.457509,-3.580027,0.0],[-45.457368,-3.580085,0.0],[-45.457385,-3.580383,0.0],[-45.457152,-3.580665,0.0],[-45.456647,-3.580855,0.0],[-45.456174,-3.581153,0.0],[-45.455477,-3.581128,0.0],[-45.454798,-3.580776,0.0],[-45.454475,-3.58023,0.0],[-45.45435,-3.580163,0.0],[-45.453911,-3.580238,0.0],[-45.453969,-3.580528,0.0],[-45.453928,-3.58061,0.0],[-45.453563,-3.580461,0.0],[-45.453397,-3.580511,0.0],[-45.45338,-3.580644,0.0],[-45.453828,-3.580817,0.0],[-45.453919,-3.58095,0.0],[-45.45411,-3.580975,0.0],[-45.454334,-3.580809,0.0],[-45.454384,-3.58095,0.0],[-45.454135,-3.581165,0.0],[-45.453994,-3.58148,0.0],[-45.454425,-3.581662,0.0],[-45.454799,-3.5821,0.0],[-45.454682,-3.582854,0.0],[-45.453335,-3.584641,0.0],[-45.452722,-3.585162,0.0],[-45.452431,-3.585113,0.0],[-45.451901,-3.584318,0.0],[-45.451743,-3.584268,0.0],[-45.451668,-3.584624,0.0],[-45.45137,-3.584484,0.0],[-45.45127,-3.584749,0.0],[-45.451726,-3.585245,0.0],[-45.451859,-3.586156,0.0],[-45.452208,-3.587569,0.0],[-45.452241,-3.588885,0.0],[-45.452482,-3.589424,0.0],[-45.452448,-3.589672,0.0],[-45.452216,-3.589738,0.0],[-45.451694,-3.589432,0.0],[-45.451287,-3.590028,0.0],[-45.449689,-3.590031,0.0],[-45.449142,-3.590453,0.0],[-45.448678,-3.590503,0.0],[-45.448462,-3.59037,0.0],[-45.448362,-3.590081,0.0],[-45.448379,-3.589203,0.0],[-45.447624,-3.589319,0.0],[-45.447334,-3.589236,0.0],[-45.446533,-3.588446,0.0],[-45.44713,-3.587949,0.0],[-45.448042,-3.588189,0.0],[-45.448324,-3.587626,0.0],[-45.448183,-3.587394,0.0],[-45.447719,-3.58746,0.0],[-45.44742,-3.587013,0.0],[-45.446018,-3.58674,0.0],[-45.445786,-3.586442,0.0],[-45.445885,-3.585714,0.0],[-45.445645,-3.585416,0.0],[-45.444965,-3.585722,0.0],[-45.444757,-3.586492,0.0],[-45.445114,-3.587105,0.0],[-45.4446,-3.587618,0.0],[-45.444346,-3.586997,0.0],[-45.443592,-3.585689,0.0],[-45.442662,-3.583376,0.0],[-45.442579,-3.582722,0.0],[-45.441899,-3.582531,0.0],[-45.441741,-3.583492,0.0],[-45.441376,-3.583848,0.0],[-45.440505,-3.583699,0.0],[-45.43965,-3.583806,0.0],[-45.438895,-3.582813,0.0],[-45.43926,-3.582407,0.0],[-45.438846,-3.582192,0.0],[-45.438149,-3.581696,0.0],[-45.437294,-3.582076,0.0],[-45.437154,-3.581737,0.0],[-45.437012,-3.580545,0.0],[-45.437311,-3.580247,0.0],[-45.437933,-3.580189,0.0],[-45.43955,-3.580504,0.0],[-45.439559,-3.580337,0.0],[-45.439229,-3.580058,0.0],[-45.439286,-3.579565,0.0],[-45.439964,-3.578995,0.0],[-45.440585,-3.579014,0.0],[-45.440623,-3.578862,0.0],[-45.440294,-3.578135,0.0],[-45.440192,-3.578179,0.0],[-45.440205,-3.577831,0.0],[-45.43978,-3.577534,0.0],[-45.439368,-3.577673,0.0],[-45.439184,-3.578647,0.0],[-45.438773,-3.578939,0.0],[-45.43824,-3.578787,0.0],[-45.438221,-3.578198,0.0],[-45.437942,-3.57804,0.0],[-45.437834,-3.57823,0.0],[-45.43741,-3.57847,0.0],[-45.43708,-3.578217,0.0],[-45.43696,-3.578325,0.0],[-45.436922,-3.578768,0.0],[-45.436659,-3.579015,0.0],[-45.436133,-3.579015,0.0],[-45.435379,-3.579198,0.0],[-45.434506,-3.579293,0.0],[-45.434285,-3.579127,0.0],[-45.434361,-3.578928,0.0],[-45.434609,-3.578694,0.0],[-45.434898,-3.57791,0.0],[-45.435219,-3.577262,0.0],[-45.435331,-3.576793,0.0],[-45.435223,-3.576712,0.0],[-45.435074,-3.576761,0.0],[-45.435034,-3.576946,0.0],[-45.43474,-3.577279,0.0],[-45.43382,-3.577441,0.0],[-45.432742,-3.577239,0.0],[-45.43258,-3.577005,0.0],[-45.432575,-3.576753,0.0],[-45.43207,-3.575354,0.0],[-45.432056,-3.575021,0.0],[-45.432133,-3.574845,0.0],[-45.434128,-3.575417,0.0],[-45.434511,-3.575241,0.0],[-45.434466,-3.575039,0.0],[-45.433581,-3.574494,0.0],[-45.432972,-3.57374,0.0],[-45.432927,-3.573069,0.0],[-45.433216,-3.572853,0.0],[-45.434064,-3.572443,0.0],[-45.434163,-3.571934,0.0],[-45.43392,-3.571049,0.0],[-45.433974,-3.570688,0.0],[-45.434159,-3.570477,0.0],[-45.43567,-3.570265,0.0],[-45.436189,-3.571521,0.0],[-45.436897,-3.572287,0.0],[-45.437413,-3.572392,0.0],[-45.43753,-3.571942,0.0],[-45.437012,-3.57137,0.0],[-45.436673,-3.570447,0.0],[-45.436808,-3.569785,0.0],[-45.437307,-3.569237,0.0],[-45.43705,-3.569169,0.0],[-45.436197,-3.569367,0.0],[-45.436053,-3.569543,0.0],[-45.435647,-3.569543,0.0],[-45.435737,-3.568885,0.0],[-45.435674,-3.568701,0.0],[-45.434945,-3.568223,0.0],[-45.43481,-3.567651,0.0],[-45.435063,-3.567543,0.0],[-45.4355,-3.567984,0.0],[-45.435794,-3.568092,0.0],[-45.436471,-3.567593,0.0],[-45.436926,-3.566989,0.0],[-45.437337,-3.566993,0.0],[-45.438764,-3.567809,0.0],[-45.439508,-3.568061,0.0],[-45.439792,-3.56834,0.0],[-45.440077,-3.568966,0.0],[-45.440388,-3.569957,0.0],[-45.440836,-3.569323,0.0],[-45.440672,-3.56902,0.0],[-45.441009,-3.568709,0.0],[-45.441985,-3.568775,0.0],[-45.442158,-3.569102,0.0],[-45.442461,-3.570183,0.0],[-45.442625,-3.570101,0.0],[-45.442896,-3.57029,0.0],[-45.443011,-3.570601,0.0],[-45.443479,-3.570896,0.0],[-45.444186,-3.570658,0.0],[-45.443628,-3.570437,0.0],[-45.44344,-3.570167,0.0],[-45.443415,-3.56943,0.0],[-45.442898,-3.568644,0.0],[-45.44289,-3.568128,0.0],[-45.443275,-3.567366,0.0],[-45.443086,-3.567293,0.0],[-45.442438,-3.567613,0.0],[-45.441921,-3.567596,0.0],[-45.441396,-3.567113,0.0],[-45.441576,-3.566081,0.0],[-45.441272,-3.564409,0.0],[-45.440876,-3.564507,0.0],[-45.440747,-3.565001,0.0],[-45.440233,-3.565505,0.0],[-45.438927,-3.565712,0.0],[-45.438561,-3.565584,0.0],[-45.438264,-3.565268,0.0],[-45.438135,-3.564794,0.0],[-45.438205,-3.564073,0.0],[-45.438501,-3.563362,0.0],[-45.437838,-3.563224,0.0],[-45.437611,-3.562849,0.0],[-45.438125,-3.561446,0.0],[-45.437621,-3.561664,0.0],[-45.436512,-3.561604,0.0],[-45.436038,-3.562009,0.0],[-45.436503,-3.562888,0.0],[-45.436532,-3.564458,0.0],[-45.436058,-3.564814,0.0],[-45.435592,-3.564705,0.0],[-45.435038,-3.564172,0.0],[-45.434692,-3.56435,0.0],[-45.433558,-3.56546,0.0],[-45.434166,-3.56546,0.0],[-45.434607,-3.565748,0.0],[-45.434486,-3.566112,0.0],[-45.433999,-3.566461,0.0],[-45.432615,-3.567175,0.0],[-45.431124,-3.567236,0.0],[-45.429816,-3.567464,0.0],[-45.429512,-3.566902,0.0],[-45.429147,-3.567008,0.0],[-45.429056,-3.567418,0.0],[-45.42939,-3.569307,0.0],[-45.429771,-3.569975,0.0],[-45.429543,-3.57037,0.0],[-45.42971,-3.571113,0.0],[-45.429345,-3.571554,0.0],[-45.429406,-3.572024,0.0],[-45.429147,-3.572419,0.0],[-45.428737,-3.572373,0.0],[-45.428387,-3.572115,0.0],[-45.428113,-3.572237,0.0],[-45.428813,-3.574165,0.0],[-45.428828,-3.574848,0.0],[-45.428174,-3.575546,0.0],[-45.427898,-3.575486,0.0],[-45.427518,-3.575015,0.0],[-45.427016,-3.573952,0.0],[-45.42662,-3.573937,0.0],[-45.425373,-3.574453,0.0],[-45.424278,-3.57374,0.0],[-45.423213,-3.573831,0.0],[-45.422637,-3.57292,0.0],[-45.42323,-3.572768,0.0],[-45.424006,-3.571903,0.0],[-45.422926,-3.571038,0.0],[-45.423093,-3.570507,0.0],[-45.423032,-3.569641,0.0],[-45.422424,-3.569292,0.0],[-45.42215,-3.568776,0.0],[-45.422728,-3.567926,0.0],[-45.423549,-3.566074,0.0],[-45.423108,-3.566074,0.0],[-45.421511,-3.567865,0.0],[-45.421024,-3.567713,0.0],[-45.420902,-3.567121,0.0],[-45.42107,-3.566544,0.0],[-45.420871,-3.566151,0.0],[-45.420421,-3.566338,0.0],[-45.420045,-3.566881,0.0],[-45.419802,-3.567799,0.0],[-45.420646,-3.569316,0.0],[-45.420909,-3.570402,0.0],[-45.420759,-3.571545,0.0],[-45.419727,-3.572725,0.0],[-45.419389,-3.572725,0.0],[-45.419408,-3.573849,0.0],[-45.419032,-3.57398,0.0],[-45.417925,-3.573755,0.0],[-45.417212,-3.573118,0.0],[-45.417475,-3.571376,0.0],[-45.417325,-3.571002,0.0],[-45.41618,-3.572219,0.0],[-45.414622,-3.573512,0.0],[-45.414172,-3.573231,0.0],[-45.41389,-3.572557,0.0],[-45.414134,-3.571808,0.0],[-45.415241,-3.570665,0.0],[-45.41526,-3.569766,0.0],[-45.416349,-3.568361,0.0],[-45.417043,-3.568118,0.0],[-45.417005,-3.567762,0.0],[-45.41648,-3.567706,0.0],[-45.416273,-3.566994,0.0],[-45.416161,-3.565683,0.0],[-45.416386,-3.565327,0.0],[-45.416912,-3.565439,0.0],[-45.417306,-3.565252,0.0],[-45.417437,-3.564765,0.0],[-45.417981,-3.565196,0.0],[-45.418582,-3.565477,0.0],[-45.419989,-3.56572,0.0],[-45.420327,-3.565495,0.0],[-45.420083,-3.564503,0.0],[-45.419801,-3.56439,0.0],[-45.419651,-3.564053,0.0],[-45.420195,-3.562461,0.0],[-45.420833,-3.56218,0.0],[-45.421321,-3.562461,0.0],[-45.421603,-3.563753,0.0],[-45.422034,-3.563828,0.0],[-45.422672,-3.562424,0.0],[-45.422391,-3.561824,0.0],[-45.422447,-3.561262,0.0],[-45.423704,-3.5607,0.0],[-45.424474,-3.559914,0.0],[-45.424061,-3.559782,0.0],[-45.422578,-3.559951,0.0],[-45.422447,-3.559502,0.0],[-45.422541,-3.559146,0.0],[-45.422128,-3.559183,0.0],[-45.421415,-3.560195,0.0],[-45.420946,-3.560775,0.0],[-45.420308,-3.560139,0.0],[-45.42012,-3.559464,0.0],[-45.420026,-3.558518,0.0],[-45.419501,-3.557413,0.0],[-45.419557,-3.556701,0.0],[-45.418825,-3.555166,0.0],[-45.418393,-3.555409,0.0],[-45.418487,-3.55614,0.0],[-45.418112,-3.556439,0.0],[-45.417174,-3.556701,0.0],[-45.417474,-3.557151,0.0],[-45.417605,-3.557807,0.0]]]}},{"type":"Feature","properties":{"nome":"Rodeador","etnia":"Tenetehara","fase":"Regularizada","superficie_ha":2319.4531},"geometry":{"type":"Polygon","coordinates":[[[-45.222801,-5.725785,0.0],[-45.228014,-5.73264,0.0],[-45.228741,-5.732311,0.0],[-45.229123,-5.732156,0.0],[-45.229186,-5.73213,0.0],[-45.230379,-5.731504,0.0],[-45.238147,-5.727214,0.0],[-45.245904,-5.722987,0.0],[-45.253987,-5.718755,0.0],[-45.261934,-5.714485,0.0],[-45.256066,-5.707906,0.0],[-45.250536,-5.701699,0.0],[-45.245673,-5.696191,0.0],[-45.245602,-5.696109,0.0],[-45.245016,-5.695484,0.0],[-45.238678,-5.688353,0.0],[-45.232412,-5.68125,0.0],[-45.226439,-5.67451,0.0],[-45.220315,-5.677645,0.0],[-45.212944,-5.681476,0.0],[-45.204053,-5.686107,0.0],[-45.196017,-5.690285,0.0],[-45.200901,-5.696741,0.0],[-45.205998,-5.703522,0.0],[-45.211156,-5.710367,0.0],[-45.217032,-5.718126,0.0],[-45.222801,-5.725785,0.0]]]}},{"type":"Feature","properties":{"nome":"Urucu/JuruO","etnia":"Tenetehara","fase":"Regularizada","superficie_ha":12697.0441},"geometry":{"type":"Polygon","coordinates":[[[-45.930041,-5.303361,0.0],[-45.909443,-5.327016,0.0],[-45.893564,-5.345071,0.0],[-45.866861,-5.373786,0.0],[-45.859331,-5.378669,0.0],[-45.842084,-5.401504,0.0],[-45.842116,-5.401708,0.0],[-45.8432,-5.408585,0.0],[-45.840773,-5.411861,0.0],[-45.840863,-5.411926,0.0],[-45.850127,-5.418603,0.0],[-45.852091,-5.420018,0.0],[-45.859014,-5.424862,0.0],[-45.864589,-5.428762,0.0],[-45.883349,-5.441977,0.0],[-45.883524,-5.442124,0.0],[-45.88379,-5.442347,0.0],[-45.885851,-5.443766,0.0],[-45.885853,-5.443764,0.0],[-45.888334,-5.441458,0.0],[-45.903521,-5.427344,0.0],[-45.903608,-5.427283,0.0],[-45.916139,-5.418434,0.0],[-45.921302,-5.415754,0.0],[-45.922768,-5.414994,0.0],[-45.970805,-5.382897,0.0],[-45.984159,-5.373855,0.0],[-45.99741,-5.364883,0.0],[-45.999382,-5.363708,0.0],[-46.001205,-5.362622,0.0],[-46.001157,-5.362525,0.0],[-46.000645,-5.3615,0.0],[-46.000659,-5.361225,0.0],[-46.000769,-5.360992,0.0],[-46.000782,-5.360964,0.0],[-46.000906,-5.360765,0.0],[-46.001091,-5.360641,0.0],[-46.001261,-5.360553,0.0],[-46.001277,-5.360545,0.0],[-46.001332,-5.360374,0.0],[-46.001297,-5.36012,0.0],[-46.000988,-5.359989,0.0],[-46.000563,-5.360017,0.0],[-46.000171,-5.359824,0.0],[-45.999821,-5.359694,0.0],[-45.999821,-5.359694,0.0],[-45.999478,-5.359666,0.0],[-45.999358,-5.359693,0.0],[-45.998942,-5.359783,0.0],[-45.998599,-5.360051,0.0],[-45.998269,-5.360477,0.0],[-45.997734,-5.360724,0.0],[-45.997287,-5.360614,0.0],[-45.997123,-5.360223,0.0],[-45.997102,-5.359824,0.0],[-45.997095,-5.359467,0.0],[-45.997149,-5.359314,0.0],[-45.997219,-5.359117,0.0],[-45.997418,-5.358767,0.0],[-45.997926,-5.358485,0.0],[-45.998111,-5.35829,0.0],[-45.998166,-5.358231,0.0],[-45.997953,-5.357922,0.0],[-45.997397,-5.357675,0.0],[-45.996965,-5.357641,0.0],[-45.99656,-5.357586,0.0],[-45.996203,-5.357545,0.0],[-45.995894,-5.3576,0.0],[-45.99577,-5.357785,0.0],[-45.995653,-5.35808,0.0],[-45.995708,-5.3583,0.0],[-45.996045,-5.358575,0.0],[-45.996182,-5.358817,0.0],[-45.996216,-5.358877,0.0],[-45.996347,-5.359083,0.0],[-45.996393,-5.359163,0.0],[-45.996518,-5.359378,0.0],[-45.996587,-5.359714,0.0],[-45.996601,-5.359934,0.0],[-45.996381,-5.360106,0.0],[-45.99612,-5.360236,0.0],[-45.995729,-5.360264,0.0],[-45.995337,-5.360161,0.0],[-45.994967,-5.359893,0.0],[-45.99485,-5.359474,0.0],[-45.994747,-5.359021,0.0],[-45.994767,-5.358623,0.0],[-45.994778,-5.358452,0.0],[-45.994795,-5.358176,0.0],[-45.994829,-5.357902,0.0],[-45.994616,-5.357318,0.0],[-45.994417,-5.356954,0.0],[-45.994101,-5.356741,0.0],[-45.993676,-5.356824,0.0],[-45.993401,-5.356959,0.0],[-45.993161,-5.357078,0.0],[-45.992756,-5.357105,0.0],[-45.992419,-5.356995,0.0],[-45.992193,-5.35681,0.0],[-45.992179,-5.35648,0.0],[-45.992174,-5.356278,0.0],[-45.992172,-5.356185,0.0],[-45.992302,-5.356,0.0],[-45.992591,-5.355732,0.0],[-45.992587,-5.355584,0.0],[-45.992584,-5.355485,0.0],[-45.992474,-5.35532,0.0],[-45.992268,-5.355217,0.0],[-45.992055,-5.355327,0.0],[-45.991934,-5.355476,0.0],[-45.991877,-5.355547,0.0],[-45.991911,-5.355911,0.0],[-45.991945,-5.356213,0.0],[-45.991927,-5.356249,0.0],[-45.991643,-5.356817,0.0],[-45.991362,-5.357181,0.0],[-45.990888,-5.357606,0.0],[-45.990421,-5.357531,0.0],[-45.990181,-5.357249,0.0],[-45.990098,-5.356899,0.0],[-45.990112,-5.356563,0.0],[-45.990297,-5.356075,0.0],[-45.990296,-5.356058,0.0],[-45.990277,-5.355732,0.0],[-45.990009,-5.355492,0.0],[-45.989732,-5.355421,0.0],[-45.989467,-5.355354,0.0],[-45.989048,-5.355361,0.0],[-45.988622,-5.355677,0.0],[-45.988496,-5.355846,0.0],[-45.988478,-5.355869,0.0],[-45.988533,-5.356192,0.0],[-45.988644,-5.356294,0.0],[-45.988924,-5.356549,0.0],[-45.989398,-5.356817,0.0],[-45.989611,-5.357092,0.0],[-45.989597,-5.357394,0.0],[-45.989439,-5.357744,0.0],[-45.989123,-5.357895,0.0],[-45.98865,-5.357758,0.0],[-45.988258,-5.357339,0.0],[-45.987805,-5.35692,0.0],[-45.987448,-5.356329,0.0],[-45.987249,-5.355945,0.0],[-45.986926,-5.354901,0.0],[-45.986906,-5.354057,0.0],[-45.986958,-5.353606,0.0],[-45.986981,-5.353411,0.0],[-45.98694,-5.351894,0.0],[-45.986946,-5.351489,0.0],[-45.986954,-5.351022,0.0],[-45.986851,-5.350301,0.0],[-45.986878,-5.349587,0.0],[-45.987057,-5.349147,0.0],[-45.987387,-5.348702,0.0],[-45.987475,-5.348584,0.0],[-45.987626,-5.348179,0.0],[-45.987647,-5.347698,0.0],[-45.987626,-5.347101,0.0],[-45.987647,-5.345803,0.0],[-45.987551,-5.34489,0.0],[-45.987537,-5.344183,0.0],[-45.98751,-5.342219,0.0],[-45.987491,-5.341674,0.0],[-45.987475,-5.341237,0.0],[-45.987352,-5.340551,0.0],[-45.987256,-5.339418,0.0],[-45.98742,-5.338532,0.0],[-45.987578,-5.337728,0.0],[-45.987572,-5.337399,0.0],[-45.987201,-5.336527,0.0],[-45.98718,-5.335689,0.0],[-45.987214,-5.334927,0.0],[-45.987407,-5.334398,0.0],[-45.987269,-5.333986,0.0],[-45.986831,-5.333368,0.0],[-45.986768,-5.333279,0.0],[-45.986707,-5.333206,0.0],[-45.986095,-5.332469,0.0],[-45.9858,-5.331932,0.0],[-45.985759,-5.331858,0.0],[-45.985495,-5.331527,0.0],[-45.985491,-5.331521,0.0],[-45.984852,-5.330986,0.0],[-45.984344,-5.330835,0.0],[-45.983857,-5.330835,0.0],[-45.983314,-5.331082,0.0],[-45.982852,-5.331488,0.0],[-45.982751,-5.331576,0.0],[-45.982456,-5.332105,0.0],[-45.98244,-5.332114,0.0],[-45.981914,-5.332407,0.0],[-45.981172,-5.332853,0.0],[-45.980719,-5.332853,0.0],[-45.980442,-5.332838,0.0],[-45.980348,-5.332833,0.0],[-45.979847,-5.332716,0.0],[-45.979634,-5.332551,0.0],[-45.979483,-5.332359,0.0],[-45.978886,-5.332352,0.0],[-45.978247,-5.332496,0.0],[-45.978077,-5.332509,0.0],[-45.977512,-5.332551,0.0],[-45.976984,-5.332627,0.0],[-45.976249,-5.332881,0.0],[-45.976242,-5.332887,0.0],[-45.975713,-5.333389,0.0],[-45.975343,-5.333876,0.0],[-45.974938,-5.334309,0.0],[-45.974567,-5.334549,0.0],[-45.974086,-5.334639,0.0],[-45.974017,-5.334658,0.0],[-45.973695,-5.334748,0.0],[-45.973242,-5.335099,0.0],[-45.97296,-5.335236,0.0],[-45.97274,-5.335586,0.0],[-45.972688,-5.335738,0.0],[-45.972555,-5.336122,0.0],[-45.972418,-5.336472,0.0],[-45.972396,-5.336485,0.0],[-45.972054,-5.336692,0.0],[-45.971607,-5.336747,0.0],[-45.971257,-5.336664,0.0],[-45.970934,-5.336321,0.0],[-45.970687,-5.336026,0.0],[-45.970522,-5.335751,0.0],[-45.970399,-5.335765,0.0],[-45.970138,-5.336115,0.0],[-45.969904,-5.336407,0.0],[-45.969341,-5.336328,0.0],[-45.969132,-5.336084,0.0],[-45.968947,-5.335782,0.0],[-45.968483,-5.335452,0.0],[-45.967858,-5.335212,0.0],[-45.967244,-5.334937,0.0],[-45.967199,-5.334917,0.0],[-45.966616,-5.335075,0.0],[-45.966154,-5.335125,0.0],[-45.966107,-5.33513,0.0],[-45.965551,-5.33493,0.0],[-45.965105,-5.33456,0.0],[-45.965141,-5.334443,0.0],[-45.965263,-5.334045,0.0],[-45.965194,-5.333695,0.0],[-45.964823,-5.33342,0.0],[-45.964514,-5.33307,0.0],[-45.964478,-5.332982,0.0],[-45.964377,-5.33274,0.0],[-45.96402,-5.332548,0.0],[-45.963969,-5.332556,0.0],[-45.963676,-5.332599,0.0],[-45.962963,-5.332706,0.0],[-45.962338,-5.332822,0.0],[-45.961692,-5.332623,0.0],[-45.9615,-5.332136,0.0],[-45.961418,-5.331923,0.0],[-45.961816,-5.331573,0.0],[-45.962133,-5.331019,0.0],[-45.962283,-5.330756,0.0],[-45.96231,-5.330227,0.0],[-45.962372,-5.329671,0.0],[-45.962482,-5.329156,0.0],[-45.962777,-5.328909,0.0],[-45.963018,-5.328648,0.0],[-45.963306,-5.328538,0.0],[-45.963354,-5.32825,0.0],[-45.963182,-5.328064,0.0],[-45.962901,-5.328002,0.0],[-45.962365,-5.328263,0.0],[-45.961891,-5.328613,0.0],[-45.961335,-5.328778,0.0],[-45.960978,-5.328655,0.0],[-45.960937,-5.328366,0.0],[-45.96045,-5.32827,0.0],[-45.959955,-5.328675,0.0],[-45.959941,-5.328718,0.0],[-45.959811,-5.329122,0.0],[-45.959701,-5.329877,0.0],[-45.959571,-5.330248,0.0],[-45.959049,-5.330385,0.0],[-45.958568,-5.330206,0.0],[-45.957807,-5.329307,0.0],[-45.957579,-5.329039,0.0],[-45.957449,-5.328593,0.0],[-45.957648,-5.328167,0.0],[-45.95759,-5.327918,0.0],[-45.957524,-5.327638,0.0],[-45.957312,-5.327529,0.0],[-45.956982,-5.327748,0.0],[-45.95679,-5.328085,0.0],[-45.956563,-5.328387,0.0],[-45.956495,-5.328881,0.0],[-45.956574,-5.329355,0.0],[-45.956604,-5.329534,0.0],[-45.956707,-5.329944,0.0],[-45.956707,-5.329945,0.0],[-45.95681,-5.330502,0.0],[-45.956673,-5.331051,0.0],[-45.956343,-5.331353,0.0],[-45.955959,-5.331504,0.0],[-45.955506,-5.331449,0.0],[-45.955032,-5.330982,0.0],[-45.954627,-5.330392,0.0],[-45.954517,-5.329836,0.0],[-45.954558,-5.329321,0.0],[-45.954741,-5.329043,0.0],[-45.954888,-5.328819,0.0],[-45.955251,-5.328363,0.0],[-45.955286,-5.328318,0.0],[-45.955301,-5.328231,0.0],[-45.95542,-5.327515,0.0],[-45.95543,-5.327453,0.0],[-45.955371,-5.327362,0.0],[-45.95535,-5.327331,0.0],[-45.955114,-5.326972,0.0],[-45.954943,-5.326808,0.0],[-45.954524,-5.326835,0.0],[-45.954287,-5.326977,0.0],[-45.954181,-5.327041,0.0],[-45.953885,-5.327535,0.0],[-45.95368,-5.327879,0.0],[-45.953569,-5.328064,0.0],[-45.952903,-5.32827,0.0],[-45.952485,-5.328002,0.0],[-45.952299,-5.327597,0.0],[-45.952141,-5.327192,0.0],[-45.951908,-5.326835,0.0],[-45.951345,-5.326801,0.0],[-45.951029,-5.326773,0.0],[-45.95061,-5.32667,0.0],[-45.950171,-5.326155,0.0],[-45.950171,-5.325709,0.0],[-45.949889,-5.325242,0.0],[-45.949539,-5.325242,0.0],[-45.949065,-5.325469,0.0],[-45.948296,-5.325826,0.0],[-45.94752,-5.325894,0.0],[-45.946923,-5.325867,0.0],[-45.946538,-5.326032,0.0],[-45.94625,-5.326464,0.0],[-45.946099,-5.32656,0.0],[-45.945522,-5.326423,0.0],[-45.944904,-5.326025,0.0],[-45.944176,-5.325201,0.0],[-45.94397,-5.324816,0.0],[-45.94384,-5.324418,0.0],[-45.943346,-5.323951,0.0],[-45.942954,-5.323704,0.0],[-45.942288,-5.323347,0.0],[-45.942027,-5.323079,0.0],[-45.941828,-5.322688,0.0],[-45.941746,-5.322159,0.0],[-45.941814,-5.321823,0.0],[-45.941922,-5.321441,0.0],[-45.941952,-5.321335,0.0],[-45.941876,-5.320992,0.0],[-45.941662,-5.320876,0.0],[-45.941547,-5.320813,0.0],[-45.941169,-5.320786,0.0],[-45.940702,-5.320793,0.0],[-45.940221,-5.320566,0.0],[-45.93996,-5.320285,0.0],[-45.939933,-5.319945,0.0],[-45.939933,-5.319941,0.0],[-45.94029,-5.319667,0.0],[-45.940702,-5.319227,0.0],[-45.940747,-5.319121,0.0],[-45.940922,-5.318705,0.0],[-45.940853,-5.318218,0.0],[-45.940256,-5.317895,0.0],[-45.940205,-5.31789,0.0],[-45.939816,-5.317854,0.0],[-45.938985,-5.31771,0.0],[-45.93867,-5.317051,0.0],[-45.938786,-5.316652,0.0],[-45.939102,-5.31633,0.0],[-45.93915,-5.315966,0.0],[-45.938917,-5.315794,0.0],[-45.938676,-5.315506,0.0],[-45.938299,-5.31519,0.0],[-45.937949,-5.315107,0.0],[-45.936871,-5.315664,0.0],[-45.936486,-5.315821,0.0],[-45.936033,-5.315746,0.0],[-45.935429,-5.315691,0.0],[-45.934529,-5.315773,0.0],[-45.934486,-5.315756,0.0],[-45.934035,-5.315574,0.0],[-45.933829,-5.31532,0.0],[-45.933595,-5.314819,0.0],[-45.933348,-5.31427,0.0],[-45.933245,-5.313679,0.0],[-45.933143,-5.313232,0.0],[-45.933032,-5.312745,0.0],[-45.932758,-5.312072,0.0],[-45.932421,-5.311489,0.0],[-45.932304,-5.311125,0.0],[-45.931817,-5.309766,0.0],[-45.931728,-5.309518,0.0],[-45.931783,-5.30879,0.0],[-45.931796,-5.308255,0.0],[-45.931769,-5.307568,0.0],[-45.931796,-5.307115,0.0],[-45.931989,-5.306634,0.0],[-45.932098,-5.306167,0.0],[-45.932057,-5.30489,0.0],[-45.931975,-5.30441,0.0],[-45.931604,-5.30397,0.0],[-45.931004,-5.303701,0.0],[-45.930931,-5.303668,0.0],[-45.930142,-5.303252,0.0],[-45.930041,-5.303361,0.0]]]}},{"type":"Feature","properties":{"nome":"Kreny/","etnia":"Timbira,KrenyE","fase":"Regularizada","superficie_ha":8035.675},"geometry":{"type":"Polygon","coordinates":[[[-44.800804,-5.95869,0.0],[-44.800908,-5.959521,0.0],[-44.804179,-5.960205,0.0],[-44.808932,-5.95888,0.0],[-44.810744,-5.96054,0.0],[-44.811136,-5.959851,0.0],[-44.813244,-5.951994,0.0],[-44.815307,-5.949537,0.0],[-44.793578,-5.940475,0.0],[-44.793643,-5.940558,0.0],[-44.793786,-5.941491,0.0],[-44.793714,-5.942101,0.0],[-44.793535,-5.94264,0.0],[-44.792979,-5.943313,0.0],[-44.79229,-5.944347,0.0],[-44.79206,-5.94538,0.0],[-44.792691,-5.946185,0.0],[-44.793551,-5.946932,0.0],[-44.79424,-5.947334,0.0],[-44.794813,-5.948311,0.0],[-44.795099,-5.94969,0.0],[-44.79573,-5.950379,0.0],[-44.796706,-5.950495,0.0],[-44.797738,-5.95061,0.0],[-44.798599,-5.950668,0.0],[-44.799689,-5.951243,0.0],[-44.800721,-5.951702,0.0],[-44.801811,-5.952507,0.0],[-44.802614,-5.953254,0.0],[-44.803646,-5.954231,0.0],[-44.803761,-5.955667,0.0],[-44.803187,-5.956414,0.0],[-44.801809,-5.956873,0.0],[-44.801006,-5.957907,0.0],[-44.800804,-5.95869,0.0]]]}}]}